ISO-10303-21;
HEADER;
FILE_DESCRIPTION(('Open CASCADE Model'),'2;1');
FILE_NAME('Open CASCADE Shape Model','2026-08-04T23:25:45',('Author'),(
    'Open CASCADE'),'Open CASCADE STEP processor 8.0','Open CASCADE 8.0'
  ,'Unknown');
FILE_SCHEMA(('AUTOMOTIVE_DESIGN { 1 0 10303 214 1 1 1 1 }'));
ENDSEC;
DATA;
#1 = APPLICATION_PROTOCOL_DEFINITION('international standard',
  'automotive_design',2000,#2);
#2 = APPLICATION_CONTEXT(
  'core data for automotive mechanical design processes');
#3 = SHAPE_DEFINITION_REPRESENTATION(#4,#10);
#4 = PRODUCT_DEFINITION_SHAPE('','',#5);
#5 = PRODUCT_DEFINITION('design','',#6,#9);
#6 = PRODUCT_DEFINITION_FORMATION('','',#7);
#7 = PRODUCT('Open CASCADE STEP translator 8.0 3',
  'Open CASCADE STEP translator 8.0 3','',(#8));
#8 = PRODUCT_CONTEXT('',#2,'mechanical');
#9 = PRODUCT_DEFINITION_CONTEXT('part definition',#2,'design');
#10 = ADVANCED_BREP_SHAPE_REPRESENTATION('',(#11,#15),#1501);
#11 = AXIS2_PLACEMENT_3D('',#12,#13,#14);
#12 = CARTESIAN_POINT('',(0.,0.,0.));
#13 = DIRECTION('',(0.,0.,1.));
#14 = DIRECTION('',(1.,0.,-0.));
#15 = MANIFOLD_SOLID_BREP('',#16);
#16 = CLOSED_SHELL('',(#17,#735,#770,#800,#1134,#1468));
#17 = ADVANCED_FACE('',(#18,#105,#420),#32,.T.);
#18 = FACE_BOUND('',#19,.T.);
#19 = EDGE_LOOP('',(#20,#50,#77,#78));
#20 = ORIENTED_EDGE('',*,*,#21,.T.);
#21 = EDGE_CURVE('',#22,#24,#26,.T.);
#22 = VERTEX_POINT('',#23);
#23 = CARTESIAN_POINT('',(50.,-1.224646799147E-14,0.));
#24 = VERTEX_POINT('',#25);
#25 = CARTESIAN_POINT('',(50.,-1.224646799147E-14,300.));
#26 = SEAM_CURVE('',#27,(#31,#43),.PCURVE_S1.);
#27 = LINE('',#28,#29);
#28 = CARTESIAN_POINT('',(50.,-1.224646799147E-14,0.));
#29 = VECTOR('',#30,1.);
#30 = DIRECTION('',(0.,0.,1.));
#31 = PCURVE('',#32,#37);
#32 = CYLINDRICAL_SURFACE('',#33,50.);
#33 = AXIS2_PLACEMENT_3D('',#34,#35,#36);
#34 = CARTESIAN_POINT('',(0.,0.,0.));
#35 = DIRECTION('',(0.,0.,1.));
#36 = DIRECTION('',(1.,0.,0.));
#37 = DEFINITIONAL_REPRESENTATION('',(#38),#42);
#38 = LINE('',#39,#40);
#39 = CARTESIAN_POINT('',(6.28318530718,-0.));
#40 = VECTOR('',#41,1.);
#41 = DIRECTION('',(0.,1.));
#42 = ( GEOMETRIC_REPRESENTATION_CONTEXT(2) 
PARAMETRIC_REPRESENTATION_CONTEXT() REPRESENTATION_CONTEXT('2D SPACE',''
  ) );
#43 = PCURVE('',#32,#44);
#44 = DEFINITIONAL_REPRESENTATION('',(#45),#49);
#45 = LINE('',#46,#47);
#46 = CARTESIAN_POINT('',(0.,-0.));
#47 = VECTOR('',#48,1.);
#48 = DIRECTION('',(0.,1.));
#49 = ( GEOMETRIC_REPRESENTATION_CONTEXT(2) 
PARAMETRIC_REPRESENTATION_CONTEXT() REPRESENTATION_CONTEXT('2D SPACE',''
  ) );
#50 = ORIENTED_EDGE('',*,*,#51,.F.);
#51 = EDGE_CURVE('',#24,#24,#52,.T.);
#52 = SURFACE_CURVE('',#53,(#58,#65),.PCURVE_S1.);
#53 = CIRCLE('',#54,50.);
#54 = AXIS2_PLACEMENT_3D('',#55,#56,#57);
#55 = CARTESIAN_POINT('',(0.,0.,300.));
#56 = DIRECTION('',(0.,0.,1.));
#57 = DIRECTION('',(1.,0.,-0.));
#58 = PCURVE('',#32,#59);
#59 = DEFINITIONAL_REPRESENTATION('',(#60),#64);
#60 = LINE('',#61,#62);
#61 = CARTESIAN_POINT('',(0.,300.));
#62 = VECTOR('',#63,1.);
#63 = DIRECTION('',(1.,0.));
#64 = ( GEOMETRIC_REPRESENTATION_CONTEXT(2) 
PARAMETRIC_REPRESENTATION_CONTEXT() REPRESENTATION_CONTEXT('2D SPACE',''
  ) );
#65 = PCURVE('',#66,#71);
#66 = PLANE('',#67);
#67 = AXIS2_PLACEMENT_3D('',#68,#69,#70);
#68 = CARTESIAN_POINT('',(0.,0.,300.));
#69 = DIRECTION('',(0.,0.,1.));
#70 = DIRECTION('',(1.,0.,0.));
#71 = DEFINITIONAL_REPRESENTATION('',(#72),#76);
#72 = CIRCLE('',#73,50.);
#73 = AXIS2_PLACEMENT_2D('',#74,#75);
#74 = CARTESIAN_POINT('',(0.,0.));
#75 = DIRECTION('',(1.,0.));
#76 = ( GEOMETRIC_REPRESENTATION_CONTEXT(2) 
PARAMETRIC_REPRESENTATION_CONTEXT() REPRESENTATION_CONTEXT('2D SPACE',''
  ) );
#77 = ORIENTED_EDGE('',*,*,#21,.F.);
#78 = ORIENTED_EDGE('',*,*,#79,.T.);
#79 = EDGE_CURVE('',#22,#22,#80,.T.);
#80 = SURFACE_CURVE('',#81,(#86,#93),.PCURVE_S1.);
#81 = CIRCLE('',#82,50.);
#82 = AXIS2_PLACEMENT_3D('',#83,#84,#85);
#83 = CARTESIAN_POINT('',(0.,0.,0.));
#84 = DIRECTION('',(0.,0.,1.));
#85 = DIRECTION('',(1.,0.,-0.));
#86 = PCURVE('',#32,#87);
#87 = DEFINITIONAL_REPRESENTATION('',(#88),#92);
#88 = LINE('',#89,#90);
#89 = CARTESIAN_POINT('',(0.,0.));
#90 = VECTOR('',#91,1.);
#91 = DIRECTION('',(1.,0.));
#92 = ( GEOMETRIC_REPRESENTATION_CONTEXT(2) 
PARAMETRIC_REPRESENTATION_CONTEXT() REPRESENTATION_CONTEXT('2D SPACE',''
  ) );
#93 = PCURVE('',#94,#99);
#94 = PLANE('',#95);
#95 = AXIS2_PLACEMENT_3D('',#96,#97,#98);
#96 = CARTESIAN_POINT('',(0.,0.,0.));
#97 = DIRECTION('',(0.,0.,1.));
#98 = DIRECTION('',(1.,0.,0.));
#99 = DEFINITIONAL_REPRESENTATION('',(#100),#104);
#100 = CIRCLE('',#101,50.);
#101 = AXIS2_PLACEMENT_2D('',#102,#103);
#102 = CARTESIAN_POINT('',(0.,0.));
#103 = DIRECTION('',(1.,0.));
#104 = ( GEOMETRIC_REPRESENTATION_CONTEXT(2) 
PARAMETRIC_REPRESENTATION_CONTEXT() REPRESENTATION_CONTEXT('2D SPACE',''
  ) );
#105 = FACE_BOUND('',#106,.T.);
#106 = EDGE_LOOP('',(#107));
#107 = ORIENTED_EDGE('',*,*,#108,.T.);
#108 = EDGE_CURVE('',#109,#109,#111,.T.);
#109 = VERTEX_POINT('',#110);
#110 = CARTESIAN_POINT('',(-1.959434878636E-15,50.,142.));
#111 = SURFACE_CURVE('',#112,(#211,#313),.PCURVE_S1.);
#112 = B_SPLINE_CURVE_WITH_KNOTS('',7,(#113,#114,#115,#116,#117,#118,
    #119,#120,#121,#122,#123,#124,#125,#126,#127,#128,#129,#130,#131,
    #132,#133,#134,#135,#136,#137,#138,#139,#140,#141,#142,#143,#144,
    #145,#146,#147,#148,#149,#150,#151,#152,#153,#154,#155,#156,#157,
    #158,#159,#160,#161,#162,#163,#164,#165,#166,#167,#168,#169,#170,
    #171,#172,#173,#174,#175,#176,#177,#178,#179,#180,#181,#182,#183,
    #184,#185,#186,#187,#188,#189,#190,#191,#192,#193,#194,#195,#196,
    #197,#198,#199,#200,#201,#202,#203,#204,#205,#206,#207,#208,#209,
    #210),.UNSPECIFIED.,.T.,.F.,(8,6,6,6,6,6,6,6,6,6,6,6,6,6,6,6,8),(0.,
    4.610312961585E-02,7.646610761039E-02,0.11632769769,0.14989236037,
    0.249363627658,0.347047261198,0.422637955578,0.501715804836,
    0.577852218611,0.680774369416,0.749906175578,0.823008168559,
    0.883816582236,0.923628754346,0.953954090702,1.),.UNSPECIFIED.);
#113 = CARTESIAN_POINT('',(8.881784197001E-16,50.,142.));
#114 = CARTESIAN_POINT('',(0.402871861912,50.,142.));
#115 = CARTESIAN_POINT('',(0.805024678355,49.996212918691,
    142.02366967891));
#116 = CARTESIAN_POINT('',(1.203614377526,49.988662806913,
    142.07085645921));
#117 = CARTESIAN_POINT('',(1.595833581316,49.977533167309,142.1408483816
    ));
#118 = CARTESIAN_POINT('',(1.978982621283,49.963159920986,
    142.23238501167));
#119 = CARTESIAN_POINT('',(2.350539130129,49.946003666943,
    142.34366499305));
#120 = CARTESIAN_POINT('',(2.943794704492,49.91382302065,142.55710083926
    ));
#121 = CARTESIAN_POINT('',(3.173631724161,49.900055140983,
    142.64950306719));
#122 = CARTESIAN_POINT('',(3.397491719955,49.885423509255,
    142.74907713848));
#123 = CARTESIAN_POINT('',(3.615158352472,49.87005635111,142.85533854512
    ));
#124 = CARTESIAN_POINT('',(3.826444452795,49.854081958521,
    142.96779780992));
#125 = CARTESIAN_POINT('',(4.031191984652,49.837626444489,
    143.08596023289));
#126 = CARTESIAN_POINT('',(4.489318456487,49.798736241689,
    143.37128409904));
#127 = CARTESIAN_POINT('',(4.73794096722,49.776035664253,143.54225227083
    ));
#128 = CARTESIAN_POINT('',(4.975172596749,49.752956673715,
    143.72131601173));
#129 = CARTESIAN_POINT('',(5.201089730595,49.729724510269,
    143.90764023692));
#130 = CARTESIAN_POINT('',(5.415803567013,49.706542710079,
    144.10046212826));
#131 = CARTESIAN_POINT('',(5.619451602202,49.683593069328,
    144.29908434442));
#132 = CARTESIAN_POINT('',(5.97447992244,49.642041544812,144.67446041785
    ));
#133 = CARTESIAN_POINT('',(6.129067893792,49.623321773087,
    144.84974678923));
#134 = CARTESIAN_POINT('',(6.276075585345,49.604968099067,
    145.02838716007));
#135 = CARTESIAN_POINT('',(6.41562326141,49.587062539648,145.21007118949
    ));
#136 = CARTESIAN_POINT('',(6.547828889804,49.569677954188,
    145.39451830983));
#137 = CARTESIAN_POINT('',(6.672808136834,49.552878676036,
    145.58147765577));
#138 = CARTESIAN_POINT('',(7.139979312161,49.488837147856,
    146.33158484163));
#139 = CARTESIAN_POINT('',(7.426932269185,49.446572769722,
    146.91275762882));
#140 = CARTESIAN_POINT('',(7.654203971679,49.411432443335,147.5082266493
    ));
#141 = CARTESIAN_POINT('',(7.82397436446,49.384364019791,148.11351770684
    ));
#142 = CARTESIAN_POINT('',(7.937791450755,49.365933750859,
    148.72512284135));
#143 = CARTESIAN_POINT('',(7.996447968618,49.356426450307,
    149.34004099708));
#144 = CARTESIAN_POINT('',(8.003242210588,49.355325201527,
    150.55977673676));
#145 = CARTESIAN_POINT('',(7.953343866127,49.363412892104,
    151.16399676994));
#146 = CARTESIAN_POINT('',(7.850294630928,49.380130220466,
    151.76538816382));
#147 = CARTESIAN_POINT('',(7.693418501203,49.405232881894,
    152.36111749232));
#148 = CARTESIAN_POINT('',(7.481340701205,49.438217843013,
    152.94791816716));
#149 = CARTESIAN_POINT('',(7.212090041915,49.478237710824,
    153.52167921565));
#150 = CARTESIAN_POINT('',(6.628716863159,49.55931932549,154.50660624187
    ));
#151 = CARTESIAN_POINT('',(6.338343648587,49.598122717461,
    154.92548735995));
#152 = CARTESIAN_POINT('',(6.010860875518,49.639742283486,
    155.33102522939));
#153 = CARTESIAN_POINT('',(5.644938998091,49.683376409478,
    155.72001728907));
#154 = CARTESIAN_POINT('',(5.239264008059,49.727970563975,
    156.08849988281));
#155 = CARTESIAN_POINT('',(4.792722498888,49.772178935373,
    156.43156994502));
#156 = CARTESIAN_POINT('',(3.794079766286,49.858475672468,
    157.06907968351));
#157 = CARTESIAN_POINT('',(3.231860978814,49.900908115986,
    157.36450294605));
#158 = CARTESIAN_POINT('',(2.623527439841,49.938958324904,
    157.61565024365));
#159 = CARTESIAN_POINT('',(1.976954181802,49.969802190061,
    157.81150595681));
#160 = CARTESIAN_POINT('',(1.301895315675,49.991016166467,
    157.94383998538));
#161 = CARTESIAN_POINT('',(0.609355519536,50.001165559829,
    158.00728520443));
#162 = CARTESIAN_POINT('',(-0.761617185666,49.998721897116,
    157.99201138894));
#163 = CARTESIAN_POINT('',(-1.425898824241,49.986985225966,
    157.91864539676));
#164 = CARTESIAN_POINT('',(-2.071950532099,49.965191902748,
    157.78215713712));
#165 = CARTESIAN_POINT('',(-2.690333920914,49.934740235828,
    157.58773807855));
#166 = CARTESIAN_POINT('',(-3.272729929599,49.897810472653,
    157.3428920099));
#167 = CARTESIAN_POINT('',(-3.812420504104,49.856890775509,
    157.05737139326));
#168 = CARTESIAN_POINT('',(-4.97007270829,49.756853390116,
    156.31835379481));
#169 = CARTESIAN_POINT('',(-5.558043476065,49.695596908469,
    155.83518253962));
#170 = CARTESIAN_POINT('',(-6.070518559955,49.634744767741,
    155.30901839323));
#171 = CARTESIAN_POINT('',(-6.510859076476,49.577419035821,
    154.75106658757));
#172 = CARTESIAN_POINT('',(-6.882700942236,49.525711602201,
    154.16955909099));
#173 = CARTESIAN_POINT('',(-7.189271779912,49.481057917284,
    153.57052204281));
#174 = CARTESIAN_POINT('',(-7.596627496759,49.419820377949,
    152.54699296714));
#175 = CARTESIAN_POINT('',(-7.731924036875,49.398834913937,
    152.12977747352));
#176 = CARTESIAN_POINT('',(-7.8394900819,49.381773916129,151.70808510845
    ));
#177 = CARTESIAN_POINT('',(-7.919825461632,49.368846042651,
    151.28318046234));
#178 = CARTESIAN_POINT('',(-7.973271491023,49.36018309933,150.8561787466
    ));
#179 = CARTESIAN_POINT('',(-8.,49.355850717012,150.42811286261));
#180 = CARTESIAN_POINT('',(-8.,49.355850717012,149.54730094271));
#181 = CARTESIAN_POINT('',(-7.970113302632,49.360695008262,
    149.09466453865));
#182 = CARTESIAN_POINT('',(-7.910355475183,49.370381004626,
    148.64328783315));
#183 = CARTESIAN_POINT('',(-7.820510867727,49.384826813985,
    148.19438761782));
#184 = CARTESIAN_POINT('',(-7.700151188665,49.403867913038,
    147.74928947746));
#185 = CARTESIAN_POINT('',(-7.54865085158,49.427242198177,
    147.30951766414));
#186 = CARTESIAN_POINT('',(-7.212598460438,49.477290011681,
    146.51700973551));
#187 = CARTESIAN_POINT('',(-7.037892752795,49.502747152772,
    146.16208297518));
#188 = CARTESIAN_POINT('',(-6.840580414861,49.530717721278,
    145.81306130769));
#189 = CARTESIAN_POINT('',(-6.620050853484,49.560927830899,
    145.47108686768));
#190 = CARTESIAN_POINT('',(-6.375621189472,49.59302923503,
    145.13754550599));
#191 = CARTESIAN_POINT('',(-6.106573009081,49.626581738326,
    144.81412416118));
#192 = CARTESIAN_POINT('',(-5.61945160553,49.683593068939,
    144.29908434794));
#193 = CARTESIAN_POINT('',(-5.41580356296,49.706542710471,
    144.10046212512));
#194 = CARTESIAN_POINT('',(-5.201089727876,49.729724510583,
    143.90764023412));
#195 = CARTESIAN_POINT('',(-4.975172600361,49.752956673403,
    143.72131601404));
#196 = CARTESIAN_POINT('',(-4.737940971091,49.77603566386,
    143.54225227408));
#197 = CARTESIAN_POINT('',(-4.489318451939,49.798736242075,
    143.37128409621));
#198 = CARTESIAN_POINT('',(-4.031191984652,49.837626444489,
    143.08596023289));
#199 = CARTESIAN_POINT('',(-3.826444452795,49.854081958521,
    142.96779780992));
#200 = CARTESIAN_POINT('',(-3.615158352471,49.87005635111,
    142.85533854512));
#201 = CARTESIAN_POINT('',(-3.397491719955,49.885423509255,
    142.74907713848));
#202 = CARTESIAN_POINT('',(-3.173631724161,49.900055140983,
    142.64950306719));
#203 = CARTESIAN_POINT('',(-2.943794704492,49.91382302065,
    142.55710083926));
#204 = CARTESIAN_POINT('',(-2.350539637178,49.946003639439,
    142.34366517548));
#205 = CARTESIAN_POINT('',(-1.978982995267,49.963159909195,
    142.23238508233));
#206 = CARTESIAN_POINT('',(-1.595833362803,49.977533185941,
    142.14084826014));
#207 = CARTESIAN_POINT('',(-1.20361340108,49.988662842634,
    142.07085623507));
#208 = CARTESIAN_POINT('',(-0.805023161713,49.996212944548,
    142.02366951763));
#209 = CARTESIAN_POINT('',(-0.402870486748,50.,142.));
#210 = CARTESIAN_POINT('',(8.881784197001E-16,50.,142.));
#211 = PCURVE('',#32,#212);
#212 = DEFINITIONAL_REPRESENTATION('',(#213),#312);
#213 = B_SPLINE_CURVE_WITH_KNOTS('',7,(#214,#215,#216,#217,#218,#219,
    #220,#221,#222,#223,#224,#225,#226,#227,#228,#229,#230,#231,#232,
    #233,#234,#235,#236,#237,#238,#239,#240,#241,#242,#243,#244,#245,
    #246,#247,#248,#249,#250,#251,#252,#253,#254,#255,#256,#257,#258,
    #259,#260,#261,#262,#263,#264,#265,#266,#267,#268,#269,#270,#271,
    #272,#273,#274,#275,#276,#277,#278,#279,#280,#281,#282,#283,#284,
    #285,#286,#287,#288,#289,#290,#291,#292,#293,#294,#295,#296,#297,
    #298,#299,#300,#301,#302,#303,#304,#305,#306,#307,#308,#309,#310,
    #311),.UNSPECIFIED.,.T.,.F.,(8,6,6,6,6,6,6,6,6,6,6,6,6,6,6,6,8),(0.,
    4.610312961585E-02,7.646610761039E-02,0.11632769769,0.14989236037,
    0.249363627658,0.347047261198,0.422637955578,0.501715804836,
    0.577852218611,0.680774369416,0.749906175578,0.823008168559,
    0.883816582236,0.923628754346,0.953954090702,1.),.UNSPECIFIED.);
#214 = CARTESIAN_POINT('',(1.570796326795,142.));
#215 = CARTESIAN_POINT('',(1.562738889557,142.));
#216 = CARTESIAN_POINT('',(1.554695832739,142.02366967891));
#217 = CARTESIAN_POINT('',(1.546723186131,142.07085645921));
#218 = CARTESIAN_POINT('',(1.538876249761,142.1408483816));
#219 = CARTESIAN_POINT('',(1.531208348669,142.23238501167));
#220 = CARTESIAN_POINT('',(1.523769541513,142.34366499305));
#221 = CARTESIAN_POINT('',(1.511886986728,142.55710083926));
#222 = CARTESIAN_POINT('',(1.507282079803,142.64950306719));
#223 = CARTESIAN_POINT('',(1.502795430088,142.74907713848));
#224 = CARTESIAN_POINT('',(1.498431363376,142.85533854512));
#225 = CARTESIAN_POINT('',(1.494193659029,142.96779780992));
#226 = CARTESIAN_POINT('',(1.490085545637,143.08596023289));
#227 = CARTESIAN_POINT('',(1.4808900617,143.37128409904));
#228 = CARTESIAN_POINT('',(1.475897028646,143.54225227083));
#229 = CARTESIAN_POINT('',(1.471130124845,143.72131601173));
#230 = CARTESIAN_POINT('',(1.466588066859,143.90764023692));
#231 = CARTESIAN_POINT('',(1.462268911661,144.10046212826));
#232 = CARTESIAN_POINT('',(1.45817020783,144.29908434442));
#233 = CARTESIAN_POINT('',(1.451021176081,144.67446041785));
#234 = CARTESIAN_POINT('',(1.447906855331,144.84974678923));
#235 = CARTESIAN_POINT('',(1.44494390684,145.02838716007));
#236 = CARTESIAN_POINT('',(1.442130098892,145.21007118949));
#237 = CARTESIAN_POINT('',(1.439463242135,145.39451830983));
#238 = CARTESIAN_POINT('',(1.436941186028,145.58147765577));
#239 = CARTESIAN_POINT('',(1.427510380667,146.33158484163));
#240 = CARTESIAN_POINT('',(1.421709693033,146.91275762882));
#241 = CARTESIAN_POINT('',(1.41711036186,147.5082266493));
#242 = CARTESIAN_POINT('',(1.413672069274,148.11351770684));
#243 = CARTESIAN_POINT('',(1.411366084124,148.72512284135));
#244 = CARTESIAN_POINT('',(1.410177641602,149.34004099708));
#245 = CARTESIAN_POINT('',(1.410039983369,150.55977673676));
#246 = CARTESIAN_POINT('',(1.41105097591,151.16399676994));
#247 = CARTESIAN_POINT('',(1.413138898375,151.76538816382));
#248 = CARTESIAN_POINT('',(1.416316335951,152.36111749232));
#249 = CARTESIAN_POINT('',(1.420608794823,152.94791816716));
#250 = CARTESIAN_POINT('',(1.426052725415,153.52167921565));
#251 = CARTESIAN_POINT('',(1.437832343302,154.50660624187));
#252 = CARTESIAN_POINT('',(1.443691350918,154.92548735995));
#253 = CARTESIAN_POINT('',(1.450293459855,155.33102522939));
#254 = CARTESIAN_POINT('',(1.457663299627,155.72001728907));
#255 = CARTESIAN_POINT('',(1.465824997057,156.08849988281));
#256 = CARTESIAN_POINT('',(1.474798788434,156.43156994502));
#257 = CARTESIAN_POINT('',(1.494846076871,157.06907968351));
#258 = CARTESIAN_POINT('',(1.506121764212,157.36450294605));
#259 = CARTESIAN_POINT('',(1.518310547643,157.61565024365));
#260 = CARTESIAN_POINT('',(1.531253939552,157.81150595681));
#261 = CARTESIAN_POINT('',(1.544758781048,157.94383998538));
#262 = CARTESIAN_POINT('',(1.558609195157,158.00728520443));
#263 = CARTESIAN_POINT('',(1.586028692818,157.99201138894));
#264 = CARTESIAN_POINT('',(1.599314724285,157.91864539676));
#265 = CARTESIAN_POINT('',(1.612240481254,157.78215713712));
#266 = CARTESIAN_POINT('',(1.624620722964,157.58773807855));
#267 = CARTESIAN_POINT('',(1.636290566683,157.3428920099));
#268 = CARTESIAN_POINT('',(1.647114758501,157.05737139326));
#269 = CARTESIAN_POINT('',(1.670354088133,156.31835379481));
#270 = CARTESIAN_POINT('',(1.682175316026,155.83518253962));
#271 = CARTESIAN_POINT('',(1.692495440828,155.30901839323));
#272 = CARTESIAN_POINT('',(1.701375886703,154.75106658757));
#273 = CARTESIAN_POINT('',(1.708884015459,154.16955909099));
#274 = CARTESIAN_POINT('',(1.715080067572,153.57052204281));
#275 = CARTESIAN_POINT('',(1.723318725625,152.54699296714));
#276 = CARTESIAN_POINT('',(1.726056983233,152.12977747352));
#277 = CARTESIAN_POINT('',(1.728235183905,151.70808510845));
#278 = CARTESIAN_POINT('',(1.729862561956,151.28318046234));
#279 = CARTESIAN_POINT('',(1.730945432686,150.8561787466));
#280 = CARTESIAN_POINT('',(1.731486979747,150.42811286261));
#281 = CARTESIAN_POINT('',(1.731486979747,149.54730094271));
#282 = CARTESIAN_POINT('',(1.730881444481,149.09466453865));
#283 = CARTESIAN_POINT('',(1.729670690537,148.64328783315));
#284 = CARTESIAN_POINT('',(1.727850720424,148.19438761782));
#285 = CARTESIAN_POINT('',(1.725413607141,147.74928947746));
#286 = CARTESIAN_POINT('',(1.722347791199,147.30951766414));
#287 = CARTESIAN_POINT('',(1.71555261664,146.51700973551));
#288 = CARTESIAN_POINT('',(1.71202162336,146.16208297518));
#289 = CARTESIAN_POINT('',(1.708035967833,145.81306130769));
#290 = CARTESIAN_POINT('',(1.703584282239,145.47108686768));
#291 = CARTESIAN_POINT('',(1.698653864835,145.13754550599));
#292 = CARTESIAN_POINT('',(1.693231371428,144.81412416118));
#293 = CARTESIAN_POINT('',(1.683422445827,144.29908434794));
#294 = CARTESIAN_POINT('',(1.679323741847,144.10046212512));
#295 = CARTESIAN_POINT('',(1.675004586677,143.90764023412));
#296 = CARTESIAN_POINT('',(1.670462528817,143.72131601404));
#297 = CARTESIAN_POINT('',(1.665695625022,143.54225227408));
#298 = CARTESIAN_POINT('',(1.660702591799,143.37128409621));
#299 = CARTESIAN_POINT('',(1.651507107953,143.08596023289));
#300 = CARTESIAN_POINT('',(1.64739899456,142.96779780992));
#301 = CARTESIAN_POINT('',(1.643161290213,142.85533854512));
#302 = CARTESIAN_POINT('',(1.638797223501,142.74907713848));
#303 = CARTESIAN_POINT('',(1.634310573787,142.64950306719));
#304 = CARTESIAN_POINT('',(1.629705666861,142.55710083926));
#305 = CARTESIAN_POINT('',(1.617823122233,142.34366517548));
#306 = CARTESIAN_POINT('',(1.610384312402,142.23238508233));
#307 = CARTESIAN_POINT('',(1.602716399448,142.14084826014));
#308 = CARTESIAN_POINT('',(1.59486944792,142.07085623507));
#309 = CARTESIAN_POINT('',(1.586896790518,142.02366951763));
#310 = CARTESIAN_POINT('',(1.57885373653,142.));
#311 = CARTESIAN_POINT('',(1.570796326795,142.));
#312 = ( GEOMETRIC_REPRESENTATION_CONTEXT(2) 
PARAMETRIC_REPRESENTATION_CONTEXT() REPRESENTATION_CONTEXT('2D SPACE',''
  ) );
#313 = PCURVE('',#314,#319);
#314 = CYLINDRICAL_SURFACE('',#315,8.);
#315 = AXIS2_PLACEMENT_3D('',#316,#317,#318);
#316 = CARTESIAN_POINT('',(0.,70.,150.));
#317 = DIRECTION('',(0.,-1.,0.));
#318 = DIRECTION('',(0.,-0.,-1.));
#319 = DEFINITIONAL_REPRESENTATION('',(#320),#419);
#320 = B_SPLINE_CURVE_WITH_KNOTS('',7,(#321,#322,#323,#324,#325,#326,
    #327,#328,#329,#330,#331,#332,#333,#334,#335,#336,#337,#338,#339,
    #340,#341,#342,#343,#344,#345,#346,#347,#348,#349,#350,#351,#352,
    #353,#354,#355,#356,#357,#358,#359,#360,#361,#362,#363,#364,#365,
    #366,#367,#368,#369,#370,#371,#372,#373,#374,#375,#376,#377,#378,
    #379,#380,#381,#382,#383,#384,#385,#386,#387,#388,#389,#390,#391,
    #392,#393,#394,#395,#396,#397,#398,#399,#400,#401,#402,#403,#404,
    #405,#406,#407,#408,#409,#410,#411,#412,#413,#414,#415,#416,#417,
    #418),.UNSPECIFIED.,.F.,.F.,(8,6,6,6,6,6,6,6,6,6,6,6,6,6,6,6,8),(0.,
    4.610312961585E-02,7.646610761039E-02,0.11632769769,0.14989236037,
    0.249363627658,0.347047261198,0.422637955578,0.501715804836,
    0.577852218611,0.680774369416,0.749906175578,0.823008168559,
    0.883816582236,0.923628754346,0.953954090702,1.),.UNSPECIFIED.);
#321 = CARTESIAN_POINT('',(0.,20.));
#322 = CARTESIAN_POINT('',(5.035898273899E-02,20.));
#323 = CARTESIAN_POINT('',(0.100628081446,20.003787081309));
#324 = CARTESIAN_POINT('',(0.150660404689,20.011337193087));
#325 = CARTESIAN_POINT('',(0.200310208411,20.022466832691));
#326 = CARTESIAN_POINT('',(0.249424724828,20.036840079014));
#327 = CARTESIAN_POINT('',(0.297835949121,20.053996333057));
#328 = CARTESIAN_POINT('',(0.376646148033,20.08617697935));
#329 = CARTESIAN_POINT('',(0.407589572969,20.099944859017));
#330 = CARTESIAN_POINT('',(0.438183500585,20.114576490745));
#331 = CARTESIAN_POINT('',(0.468427031728,20.12994364889));
#332 = CARTESIAN_POINT('',(0.498317518345,20.145918041479));
#333 = CARTESIAN_POINT('',(0.527850555608,20.162373555511));
#334 = CARTESIAN_POINT('',(0.595314616966,20.201263758311));
#335 = CARTESIAN_POINT('',(0.63299255619,20.223964335747));
#336 = CARTESIAN_POINT('',(0.6700884496,20.247043326285));
#337 = CARTESIAN_POINT('',(0.706633867619,20.270275489731));
#338 = CARTESIAN_POINT('',(0.742657888468,20.293457289921));
#339 = CARTESIAN_POINT('',(0.778187693428,20.316406930672));
#340 = CARTESIAN_POINT('',(0.842771977589,20.357958455188));
#341 = CARTESIAN_POINT('',(0.871968673017,20.376678226913));
#342 = CARTESIAN_POINT('',(0.900860876284,20.395031900933));
#343 = CARTESIAN_POINT('',(0.929468634281,20.412937460352));
#344 = CARTESIAN_POINT('',(0.957811096811,20.430322045812));
#345 = CARTESIAN_POINT('',(0.985907200508,20.447121323964));
#346 = CARTESIAN_POINT('',(1.096368569415,20.511162852144));
#347 = CARTESIAN_POINT('',(1.17699642288,20.553427230278));
#348 = CARTESIAN_POINT('',(1.256115665281,20.588567556665));
#349 = CARTESIAN_POINT('',(1.3341244592,20.615635980209));
#350 = CARTESIAN_POINT('',(1.411395452957,20.634066249141));
#351 = CARTESIAN_POINT('',(1.488300229234,20.643573549693));
#352 = CARTESIAN_POINT('',(1.640769562031,20.644674798473));
#353 = CARTESIAN_POINT('',(1.716261459848,20.636587107896));
#354 = CARTESIAN_POINT('',(1.792065558298,20.619869779534));
#355 = CARTESIAN_POINT('',(1.86853090081,20.594767118106));
#356 = CARTESIAN_POINT('',(1.946007378033,20.561782156987));
#357 = CARTESIAN_POINT('',(2.02486765757,20.521762289176));
#358 = CARTESIAN_POINT('',(2.167958838764,20.44068067451));
#359 = CARTESIAN_POINT('',(2.231507108614,20.401877282539));
#360 = CARTESIAN_POINT('',(2.296380932536,20.360257716514));
#361 = CARTESIAN_POINT('',(2.362784027402,20.316623590522));
#362 = CARTESIAN_POINT('',(2.430929512247,20.272029436025));
#363 = CARTESIAN_POINT('',(2.501052972218,20.227821064627));
#364 = CARTESIAN_POINT('',(2.649150594901,20.141524327532));
#365 = CARTESIAN_POINT('',(2.728257128909,20.099091884014));
#366 = CARTESIAN_POINT('',(2.809953115522,20.061041675096));
#367 = CARTESIAN_POINT('',(2.893663943996,20.030197809939));
#368 = CARTESIAN_POINT('',(2.978944321357,20.008983833533));
#369 = CARTESIAN_POINT('',(3.06541802587,19.998834440171));
#370 = CARTESIAN_POINT('',(3.236800248906,20.001278102884));
#371 = CARTESIAN_POINT('',(3.319932430739,20.013014774034));
#372 = CARTESIAN_POINT('',(3.401844528308,20.034808097252));
#373 = CARTESIAN_POINT('',(3.48222203527,20.065259764172));
#374 = CARTESIAN_POINT('',(3.56068776569,20.102189527347));
#375 = CARTESIAN_POINT('',(3.636754623594,20.143109224491));
#376 = CARTESIAN_POINT('',(3.808433176632,20.243146609884));
#377 = CARTESIAN_POINT('',(3.902881025065,20.304403091531));
#378 = CARTESIAN_POINT('',(3.993834993723,20.365255232259));
#379 = CARTESIAN_POINT('',(4.081863014722,20.422580964179));
#380 = CARTESIAN_POINT('',(4.167500268028,20.474288397799));
#381 = CARTESIAN_POINT('',(4.251242732698,20.518942082716));
#382 = CARTESIAN_POINT('',(4.388944314978,20.580179622051));
#383 = CARTESIAN_POINT('',(4.443653452484,20.601165086063));
#384 = CARTESIAN_POINT('',(4.497877290164,20.618226083871));
#385 = CARTESIAN_POINT('',(4.551741175782,20.631153957349));
#386 = CARTESIAN_POINT('',(4.605366610452,20.63981690067));
#387 = CARTESIAN_POINT('',(4.658874872557,20.644149282988));
#388 = CARTESIAN_POINT('',(4.768976362545,20.644149282988));
#389 = CARTESIAN_POINT('',(4.825555953257,20.639304991738));
#390 = CARTESIAN_POINT('',(4.882273865498,20.629618995374));
#391 = CARTESIAN_POINT('',(4.939274082859,20.615173186015));
#392 = CARTESIAN_POINT('',(4.996700817694,20.596132086962));
#393 = CARTESIAN_POINT('',(5.054703352094,20.572757801823));
#394 = CARTESIAN_POINT('',(5.162305050104,20.522709988319));
#395 = CARTESIAN_POINT('',(5.211675633384,20.497252847228));
#396 = CARTESIAN_POINT('',(5.261660980235,20.469282278722));
#397 = CARTESIAN_POINT('',(5.312366946623,20.439072169101));
#398 = CARTESIAN_POINT('',(5.363902671658,20.40697076497));
#399 = CARTESIAN_POINT('',(5.416383873469,20.373418261674));
#400 = CARTESIAN_POINT('',(5.504997613147,20.316406931061));
#401 = CARTESIAN_POINT('',(5.540527419357,20.293457289529));
#402 = CARTESIAN_POINT('',(5.576551440049,20.270275489417));
#403 = CARTESIAN_POINT('',(5.613096857044,20.247043326597));
#404 = CARTESIAN_POINT('',(5.650192750354,20.22396433614));
#405 = CARTESIAN_POINT('',(5.687870690884,20.201263757925));
#406 = CARTESIAN_POINT('',(5.755334751571,20.162373555511));
#407 = CARTESIAN_POINT('',(5.784867788835,20.145918041479));
#408 = CARTESIAN_POINT('',(5.814758275452,20.12994364889));
#409 = CARTESIAN_POINT('',(5.845001806595,20.114576490745));
#410 = CARTESIAN_POINT('',(5.875595734211,20.099944859017));
#411 = CARTESIAN_POINT('',(5.906539159147,20.08617697935));
#412 = CARTESIAN_POINT('',(5.9853492907,20.053996360561));
#413 = CARTESIAN_POINT('',(6.033760535367,20.036840090805));
#414 = CARTESIAN_POINT('',(6.082875128875,20.022466814059));
#415 = CARTESIAN_POINT('',(6.132525026683,20.011337157366));
#416 = CARTESIAN_POINT('',(6.182557415311,20.003787055452));
#417 = CARTESIAN_POINT('',(6.232826496336,20.));
#418 = CARTESIAN_POINT('',(6.28318530718,20.));
#419 = ( GEOMETRIC_REPRESENTATION_CONTEXT(2) 
PARAMETRIC_REPRESENTATION_CONTEXT() REPRESENTATION_CONTEXT('2D SPACE',''
  ) );
#420 = FACE_BOUND('',#421,.T.);
#421 = EDGE_LOOP('',(#422));
#422 = ORIENTED_EDGE('',*,*,#423,.F.);
#423 = EDGE_CURVE('',#424,#424,#426,.T.);
#424 = VERTEX_POINT('',#425);
#425 = CARTESIAN_POINT('',(-1.959434878636E-15,-50.,142.));
#426 = SURFACE_CURVE('',#427,(#526,#628),.PCURVE_S1.);
#427 = B_SPLINE_CURVE_WITH_KNOTS('',7,(#428,#429,#430,#431,#432,#433,
    #434,#435,#436,#437,#438,#439,#440,#441,#442,#443,#444,#445,#446,
    #447,#448,#449,#450,#451,#452,#453,#454,#455,#456,#457,#458,#459,
    #460,#461,#462,#463,#464,#465,#466,#467,#468,#469,#470,#471,#472,
    #473,#474,#475,#476,#477,#478,#479,#480,#481,#482,#483,#484,#485,
    #486,#487,#488,#489,#490,#491,#492,#493,#494,#495,#496,#497,#498,
    #499,#500,#501,#502,#503,#504,#505,#506,#507,#508,#509,#510,#511,
    #512,#513,#514,#515,#516,#517,#518,#519,#520,#521,#522,#523,#524,
    #525),.UNSPECIFIED.,.T.,.F.,(8,6,6,6,6,6,6,6,6,6,6,6,6,6,6,6,8),(0.,
    4.61031302728E-02,7.646610871014E-02,0.116327698675,0.149892361838,
    0.249363631983,0.347047269457,0.422637965979,0.501715815939,
    0.577852229158,0.680774378531,0.749906183732,0.823008175695,
    0.883816583729,0.923628755328,0.953954091294,1.),.UNSPECIFIED.);
#428 = CARTESIAN_POINT('',(-5.329070518201E-15,-50.,142.));
#429 = CARTESIAN_POINT('',(0.402871862038,-50.,142.));
#430 = CARTESIAN_POINT('',(0.80502467837,-49.99621291868,142.02366967892
    ));
#431 = CARTESIAN_POINT('',(1.203614377426,-49.98866280691,142.0708564592
    ));
#432 = CARTESIAN_POINT('',(1.595833581217,-49.97753316731,
    142.14084838157));
#433 = CARTESIAN_POINT('',(1.978982621296,-49.96315992098,
    142.23238501166));
#434 = CARTESIAN_POINT('',(2.350539130248,-49.94600366693,142.3436649931
    ));
#435 = CARTESIAN_POINT('',(2.943794704492,-49.91382302065,
    142.55710083926));
#436 = CARTESIAN_POINT('',(3.173631724161,-49.90005514098,
    142.64950306719));
#437 = CARTESIAN_POINT('',(3.397491719955,-49.88542350925,
    142.74907713848));
#438 = CARTESIAN_POINT('',(3.615158352471,-49.87005635111,
    142.85533854512));
#439 = CARTESIAN_POINT('',(3.826444452795,-49.85408195852,
    142.96779780992));
#440 = CARTESIAN_POINT('',(4.031191984652,-49.83762644448,
    143.08596023289));
#441 = CARTESIAN_POINT('',(4.489318451943,-49.79873624207,
    143.37128409621));
#442 = CARTESIAN_POINT('',(4.737940971092,-49.77603566386,
    143.54225227408));
#443 = CARTESIAN_POINT('',(4.975172600357,-49.7529566734,143.72131601403
    ));
#444 = CARTESIAN_POINT('',(5.201089727873,-49.72972451058,
    143.90764023412));
#445 = CARTESIAN_POINT('',(5.41580356296,-49.70654271047,144.10046212512
    ));
#446 = CARTESIAN_POINT('',(5.619451605533,-49.68359306893,
    144.29908434794));
#447 = CARTESIAN_POINT('',(5.97447992244,-49.64204154481,144.67446041785
    ));
#448 = CARTESIAN_POINT('',(6.129067893792,-49.62332177308,
    144.84974678923));
#449 = CARTESIAN_POINT('',(6.276075585345,-49.60496809906,
    145.02838716007));
#450 = CARTESIAN_POINT('',(6.41562326141,-49.58706253964,145.21007118949
    ));
#451 = CARTESIAN_POINT('',(6.547828889804,-49.56967795418,
    145.39451830983));
#452 = CARTESIAN_POINT('',(6.672808136834,-49.55287867603,
    145.58147765577));
#453 = CARTESIAN_POINT('',(7.139979317162,-49.48883714717,
    146.33158484966));
#454 = CARTESIAN_POINT('',(7.426932261036,-49.44657277085,
    146.91275760933));
#455 = CARTESIAN_POINT('',(7.654203973443,-49.41143244307,
    147.50822666148));
#456 = CARTESIAN_POINT('',(7.823974369856,-49.38436401903,
    148.11351771854));
#457 = CARTESIAN_POINT('',(7.937791447011,-49.36593375139,
    148.72512282127));
#458 = CARTESIAN_POINT('',(7.996447968667,-49.35642645029,
    149.34004100578));
#459 = CARTESIAN_POINT('',(8.003242210579,-49.35532520152,
    150.55977673521));
#460 = CARTESIAN_POINT('',(7.953343865516,-49.36341289219,
    151.16399677352));
#461 = CARTESIAN_POINT('',(7.850294631842,-49.38013022033,
    151.76538816173));
#462 = CARTESIAN_POINT('',(7.693418501485,-49.40523288185,
    152.36111749015));
#463 = CARTESIAN_POINT('',(7.481340699828,-49.4382178432,152.94791817064
    ));
#464 = CARTESIAN_POINT('',(7.212090042768,-49.4782377107,153.52167921421
    ));
#465 = CARTESIAN_POINT('',(6.62871686554,-49.55931932515,154.50660623785
    ));
#466 = CARTESIAN_POINT('',(6.338343641314,-49.5981227183,154.92548736867
    ));
#467 = CARTESIAN_POINT('',(6.010860881338,-49.63974228292,
    155.33102522479));
#468 = CARTESIAN_POINT('',(5.644939002249,-49.68337640897,155.7200172837
    ));
#469 = CARTESIAN_POINT('',(5.239263998771,-49.72797056488,
    156.08849989061));
#470 = CARTESIAN_POINT('',(4.792722503529,-49.77217893497,
    156.43156994206));
#471 = CARTESIAN_POINT('',(3.794079771363,-49.85847567202,
    157.06907968027));
#472 = CARTESIAN_POINT('',(3.231860967355,-49.90090811719,
    157.36450295489));
#473 = CARTESIAN_POINT('',(2.623527444545,-49.93895832351,
    157.61565023351));
#474 = CARTESIAN_POINT('',(1.976954193962,-49.9698021908,157.81150596236
    ));
#475 = CARTESIAN_POINT('',(1.30189529909,-49.9910161663,157.94383998411)
  );
#476 = CARTESIAN_POINT('',(0.609355526428,-50.00116555984,
    158.00728520451));
#477 = CARTESIAN_POINT('',(-0.761617181415,-49.99872189712,
    157.99201138899));
#478 = CARTESIAN_POINT('',(-1.425898836186,-49.98698522601,
    157.91864539724));
#479 = CARTESIAN_POINT('',(-2.071950522737,-49.96519190227,
    157.78215713355));
#480 = CARTESIAN_POINT('',(-2.690333917168,-49.93474023683,
    157.58773808593));
#481 = CARTESIAN_POINT('',(-3.272729938039,-49.89781047177,
    157.34289200355));
#482 = CARTESIAN_POINT('',(-3.812420500853,-49.85689077579,
    157.05737139534));
#483 = CARTESIAN_POINT('',(-4.970072708291,-49.75685339011,
    156.31835379481));
#484 = CARTESIAN_POINT('',(-5.558043476062,-49.69559690846,
    155.83518253962));
#485 = CARTESIAN_POINT('',(-6.070518559961,-49.63474476774,
    155.30901839322));
#486 = CARTESIAN_POINT('',(-6.510859076471,-49.57741903582,
    154.75106658757));
#487 = CARTESIAN_POINT('',(-6.882700942238,-49.5257116022,
    154.16955909099));
#488 = CARTESIAN_POINT('',(-7.189271779911,-49.48105791728,
    153.57052204281));
#489 = CARTESIAN_POINT('',(-7.596627496759,-49.41982037794,
    152.54699296714));
#490 = CARTESIAN_POINT('',(-7.731924036875,-49.39883491393,
    152.12977747351));
#491 = CARTESIAN_POINT('',(-7.8394900819,-49.38177391612,151.70808510845
    ));
#492 = CARTESIAN_POINT('',(-7.919825461632,-49.36884604265,
    151.28318046234));
#493 = CARTESIAN_POINT('',(-7.973271491023,-49.36018309933,
    150.8561787466));
#494 = CARTESIAN_POINT('',(-8.,-49.35585071701,150.42811286261));
#495 = CARTESIAN_POINT('',(-8.,-49.35585071701,149.54730094271));
#496 = CARTESIAN_POINT('',(-7.970113302632,-49.36069500826,
    149.09466453865));
#497 = CARTESIAN_POINT('',(-7.910355475183,-49.37038100462,
    148.64328783315));
#498 = CARTESIAN_POINT('',(-7.820510867727,-49.38482681398,
    148.19438761782));
#499 = CARTESIAN_POINT('',(-7.700151188666,-49.40386791303,
    147.74928947746));
#500 = CARTESIAN_POINT('',(-7.54865085158,-49.42724219817,
    147.30951766414));
#501 = CARTESIAN_POINT('',(-7.212598472477,-49.47729000988,
    146.5170097639));
#502 = CARTESIAN_POINT('',(-7.037892734,-49.50274715516,146.16208294855)
  );
#503 = CARTESIAN_POINT('',(-6.840580404741,-49.53071772277,
    145.81306128496));
#504 = CARTESIAN_POINT('',(-6.620050871999,-49.5609278287,
    145.47108688789));
#505 = CARTESIAN_POINT('',(-6.375621206542,-49.59302923278,
    145.13754553317));
#506 = CARTESIAN_POINT('',(-6.106572985543,-49.62658174108,
    144.81412413629));
#507 = CARTESIAN_POINT('',(-5.61945160553,-49.68359306893,
    144.29908434794));
#508 = CARTESIAN_POINT('',(-5.41580356296,-49.70654271047,
    144.10046212512));
#509 = CARTESIAN_POINT('',(-5.201089727876,-49.72972451058,
    143.90764023412));
#510 = CARTESIAN_POINT('',(-4.975172600361,-49.7529566734,
    143.72131601404));
#511 = CARTESIAN_POINT('',(-4.737940971091,-49.77603566386,
    143.54225227408));
#512 = CARTESIAN_POINT('',(-4.489318451939,-49.79873624207,
    143.37128409621));
#513 = CARTESIAN_POINT('',(-4.031191984652,-49.83762644448,
    143.08596023289));
#514 = CARTESIAN_POINT('',(-3.826444452795,-49.85408195852,
    142.96779780992));
#515 = CARTESIAN_POINT('',(-3.615158352471,-49.87005635111,
    142.85533854512));
#516 = CARTESIAN_POINT('',(-3.397491719955,-49.88542350925,
    142.74907713848));
#517 = CARTESIAN_POINT('',(-3.173631724161,-49.90005514098,
    142.64950306719));
#518 = CARTESIAN_POINT('',(-2.943794704492,-49.91382302065,
    142.55710083926));
#519 = CARTESIAN_POINT('',(-2.350539637178,-49.94600363943,
    142.34366517548));
#520 = CARTESIAN_POINT('',(-1.978982995267,-49.96315990919,
    142.23238508233));
#521 = CARTESIAN_POINT('',(-1.595833362803,-49.97753318594,
    142.14084826014));
#522 = CARTESIAN_POINT('',(-1.20361340108,-49.98866284263,
    142.07085623507));
#523 = CARTESIAN_POINT('',(-0.805023161713,-49.99621294454,
    142.02366951763));
#524 = CARTESIAN_POINT('',(-0.402870486748,-50.,142.));
#525 = CARTESIAN_POINT('',(-5.329070518201E-15,-50.,142.));
#526 = PCURVE('',#32,#527);
#527 = DEFINITIONAL_REPRESENTATION('',(#528),#627);
#528 = B_SPLINE_CURVE_WITH_KNOTS('',7,(#529,#530,#531,#532,#533,#534,
    #535,#536,#537,#538,#539,#540,#541,#542,#543,#544,#545,#546,#547,
    #548,#549,#550,#551,#552,#553,#554,#555,#556,#557,#558,#559,#560,
    #561,#562,#563,#564,#565,#566,#567,#568,#569,#570,#571,#572,#573,
    #574,#575,#576,#577,#578,#579,#580,#581,#582,#583,#584,#585,#586,
    #587,#588,#589,#590,#591,#592,#593,#594,#595,#596,#597,#598,#599,
    #600,#601,#602,#603,#604,#605,#606,#607,#608,#609,#610,#611,#612,
    #613,#614,#615,#616,#617,#618,#619,#620,#621,#622,#623,#624,#625,
    #626),.UNSPECIFIED.,.T.,.F.,(8,6,6,6,6,6,6,6,6,6,6,6,6,6,6,6,8),(0.,
    4.61031302728E-02,7.646610871014E-02,0.116327698675,0.149892361838,
    0.249363631983,0.347047269457,0.422637965979,0.501715815939,
    0.577852229158,0.680774378531,0.749906183732,0.823008175695,
    0.883816583729,0.923628755328,0.953954091294,1.),.UNSPECIFIED.);
#529 = CARTESIAN_POINT('',(4.712388980385,142.));
#530 = CARTESIAN_POINT('',(4.720446417625,142.));
#531 = CARTESIAN_POINT('',(4.728489474441,142.02366967892));
#532 = CARTESIAN_POINT('',(4.736462121046,142.0708564592));
#533 = CARTESIAN_POINT('',(4.744309057417,142.14084838157));
#534 = CARTESIAN_POINT('',(4.75197695851,142.23238501166));
#535 = CARTESIAN_POINT('',(4.759415765669,142.3436649931));
#536 = CARTESIAN_POINT('',(4.771298320451,142.55710083926));
#537 = CARTESIAN_POINT('',(4.775903227377,142.64950306719));
#538 = CARTESIAN_POINT('',(4.780389877091,142.74907713848));
#539 = CARTESIAN_POINT('',(4.784753943803,142.85533854512));
#540 = CARTESIAN_POINT('',(4.78899164815,142.96779780992));
#541 = CARTESIAN_POINT('',(4.793099761543,143.08596023289));
#542 = CARTESIAN_POINT('',(4.802295245388,143.37128409621));
#543 = CARTESIAN_POINT('',(4.807288278612,143.54225227408));
#544 = CARTESIAN_POINT('',(4.812055182407,143.72131601403));
#545 = CARTESIAN_POINT('',(4.816597240266,143.90764023412));
#546 = CARTESIAN_POINT('',(4.820916395437,144.10046212512));
#547 = CARTESIAN_POINT('',(4.825015099417,144.29908434794));
#548 = CARTESIAN_POINT('',(4.832164131099,144.67446041785));
#549 = CARTESIAN_POINT('',(4.835278451849,144.84974678923));
#550 = CARTESIAN_POINT('',(4.83824140034,145.02838716007));
#551 = CARTESIAN_POINT('',(4.841055208288,145.21007118949));
#552 = CARTESIAN_POINT('',(4.843722065044,145.39451830983));
#553 = CARTESIAN_POINT('',(4.846244121152,145.58147765577));
#554 = CARTESIAN_POINT('',(4.855674926614,146.33158484966));
#555 = CARTESIAN_POINT('',(4.861475613982,146.91275760933));
#556 = CARTESIAN_POINT('',(4.866074945355,147.50822666148));
#557 = CARTESIAN_POINT('',(4.869513238015,148.11351771854));
#558 = CARTESIAN_POINT('',(4.87181922298,148.72512282127));
#559 = CARTESIAN_POINT('',(4.873007665579,149.34004100578));
#560 = CARTESIAN_POINT('',(4.873145323811,150.55977673521));
#561 = CARTESIAN_POINT('',(4.872134331257,151.16399677352));
#562 = CARTESIAN_POINT('',(4.870046408823,151.76538816173));
#563 = CARTESIAN_POINT('',(4.866868971235,152.36111749015));
#564 = CARTESIAN_POINT('',(4.862576512329,152.94791817064));
#565 = CARTESIAN_POINT('',(4.857132581782,153.52167921421));
#566 = CARTESIAN_POINT('',(4.845352963925,154.50660623785));
#567 = CARTESIAN_POINT('',(4.839493956116,154.92548736867));
#568 = CARTESIAN_POINT('',(4.832891847441,155.33102522479));
#569 = CARTESIAN_POINT('',(4.825522007636,155.7200172837));
#570 = CARTESIAN_POINT('',(4.817360309936,156.08849989061));
#571 = CARTESIAN_POINT('',(4.808386518839,156.43156994206));
#572 = CARTESIAN_POINT('',(4.78833923041,157.06907968027));
#573 = CARTESIAN_POINT('',(4.777063542738,157.36450295489));
#574 = CARTESIAN_POINT('',(4.764874759632,157.61565023351));
#575 = CARTESIAN_POINT('',(4.75193136787,157.81150596236));
#576 = CARTESIAN_POINT('',(4.7384265258,157.94383998411));
#577 = CARTESIAN_POINT('',(4.72457611216,158.00728520451));
#578 = CARTESIAN_POINT('',(4.697156614447,157.99201138899));
#579 = CARTESIAN_POINT('',(4.683870582656,157.91864539724));
#580 = CARTESIAN_POINT('',(4.670944826113,157.78215713355));
#581 = CARTESIAN_POINT('',(4.658564584292,157.58773808593));
#582 = CARTESIAN_POINT('',(4.646894740328,157.34289200355));
#583 = CARTESIAN_POINT('',(4.636070548744,157.05737139534));
#584 = CARTESIAN_POINT('',(4.612831219047,156.31835379481));
#585 = CARTESIAN_POINT('',(4.601009991154,155.83518253962));
#586 = CARTESIAN_POINT('',(4.590689866351,155.30901839322));
#587 = CARTESIAN_POINT('',(4.581809420477,154.75106658757));
#588 = CARTESIAN_POINT('',(4.57430129172,154.16955909099));
#589 = CARTESIAN_POINT('',(4.568105239608,153.57052204281));
#590 = CARTESIAN_POINT('',(4.559866581555,152.54699296714));
#591 = CARTESIAN_POINT('',(4.557128323947,152.12977747351));
#592 = CARTESIAN_POINT('',(4.554950123275,151.70808510845));
#593 = CARTESIAN_POINT('',(4.553322745223,151.28318046234));
#594 = CARTESIAN_POINT('',(4.552239874493,150.8561787466));
#595 = CARTESIAN_POINT('',(4.551698327433,150.42811286261));
#596 = CARTESIAN_POINT('',(4.551698327433,149.54730094271));
#597 = CARTESIAN_POINT('',(4.552303862699,149.09466453865));
#598 = CARTESIAN_POINT('',(4.553514616643,148.64328783315));
#599 = CARTESIAN_POINT('',(4.555334586756,148.19438761782));
#600 = CARTESIAN_POINT('',(4.557771700038,147.74928947746));
#601 = CARTESIAN_POINT('',(4.560837515981,147.30951766414));
#602 = CARTESIAN_POINT('',(4.567632690297,146.5170097639));
#603 = CARTESIAN_POINT('',(4.571163684198,146.16208294855));
#604 = CARTESIAN_POINT('',(4.575149339552,145.81306128496));
#605 = CARTESIAN_POINT('',(4.579601024567,145.47108688789));
#606 = CARTESIAN_POINT('',(4.584531442,145.13754553317));
#607 = CARTESIAN_POINT('',(4.589953936226,144.81412413629));
#608 = CARTESIAN_POINT('',(4.599762861353,144.29908434794));
#609 = CARTESIAN_POINT('',(4.603861565332,144.10046212512));
#610 = CARTESIAN_POINT('',(4.608180720503,143.90764023412));
#611 = CARTESIAN_POINT('',(4.612722778362,143.72131601404));
#612 = CARTESIAN_POINT('',(4.617489682158,143.54225227408));
#613 = CARTESIAN_POINT('',(4.622482715381,143.37128409621));
#614 = CARTESIAN_POINT('',(4.631678199226,143.08596023289));
#615 = CARTESIAN_POINT('',(4.635786312619,142.96779780992));
#616 = CARTESIAN_POINT('',(4.640024016966,142.85533854512));
#617 = CARTESIAN_POINT('',(4.644388083678,142.74907713848));
#618 = CARTESIAN_POINT('',(4.648874733393,142.64950306719));
#619 = CARTESIAN_POINT('',(4.653479640318,142.55710083926));
#620 = CARTESIAN_POINT('',(4.665362184947,142.34366517548));
#621 = CARTESIAN_POINT('',(4.672800994778,142.23238508233));
#622 = CARTESIAN_POINT('',(4.680468907732,142.14084826014));
#623 = CARTESIAN_POINT('',(4.688315859259,142.07085623507));
#624 = CARTESIAN_POINT('',(4.696288516662,142.02366951763));
#625 = CARTESIAN_POINT('',(4.70433157065,142.));
#626 = CARTESIAN_POINT('',(4.712388980385,142.));
#627 = ( GEOMETRIC_REPRESENTATION_CONTEXT(2) 
PARAMETRIC_REPRESENTATION_CONTEXT() REPRESENTATION_CONTEXT('2D SPACE',''
  ) );
#628 = PCURVE('',#629,#634);
#629 = CYLINDRICAL_SURFACE('',#630,8.);
#630 = AXIS2_PLACEMENT_3D('',#631,#632,#633);
#631 = CARTESIAN_POINT('',(0.,70.,150.));
#632 = DIRECTION('',(0.,-1.,0.));
#633 = DIRECTION('',(0.,-0.,-1.));
#634 = DEFINITIONAL_REPRESENTATION('',(#635),#734);
#635 = B_SPLINE_CURVE_WITH_KNOTS('',7,(#636,#637,#638,#639,#640,#641,
    #642,#643,#644,#645,#646,#647,#648,#649,#650,#651,#652,#653,#654,
    #655,#656,#657,#658,#659,#660,#661,#662,#663,#664,#665,#666,#667,
    #668,#669,#670,#671,#672,#673,#674,#675,#676,#677,#678,#679,#680,
    #681,#682,#683,#684,#685,#686,#687,#688,#689,#690,#691,#692,#693,
    #694,#695,#696,#697,#698,#699,#700,#701,#702,#703,#704,#705,#706,
    #707,#708,#709,#710,#711,#712,#713,#714,#715,#716,#717,#718,#719,
    #720,#721,#722,#723,#724,#725,#726,#727,#728,#729,#730,#731,#732,
    #733),.UNSPECIFIED.,.F.,.F.,(8,6,6,6,6,6,6,6,6,6,6,6,6,6,6,6,8),(0.,
    4.61031302728E-02,7.646610871014E-02,0.116327698675,0.149892361838,
    0.249363631983,0.347047269457,0.422637965979,0.501715815939,
    0.577852229158,0.680774378531,0.749906183732,0.823008175695,
    0.883816583729,0.923628755328,0.953954091294,1.),.UNSPECIFIED.);
#636 = CARTESIAN_POINT('',(0.,120.));
#637 = CARTESIAN_POINT('',(5.035898275479E-02,120.));
#638 = CARTESIAN_POINT('',(0.100628081448,119.99621291868));
#639 = CARTESIAN_POINT('',(0.150660404677,119.98866280691));
#640 = CARTESIAN_POINT('',(0.200310208398,119.97753316731));
#641 = CARTESIAN_POINT('',(0.249424724829,119.96315992098));
#642 = CARTESIAN_POINT('',(0.297835949137,119.94600366693));
#643 = CARTESIAN_POINT('',(0.376646148033,119.91382302065));
#644 = CARTESIAN_POINT('',(0.407589572969,119.90005514098));
#645 = CARTESIAN_POINT('',(0.438183500585,119.88542350925));
#646 = CARTESIAN_POINT('',(0.468427031728,119.87005635111));
#647 = CARTESIAN_POINT('',(0.498317518345,119.85408195852));
#648 = CARTESIAN_POINT('',(0.527850555608,119.83762644448));
#649 = CARTESIAN_POINT('',(0.595314616296,119.79873624207));
#650 = CARTESIAN_POINT('',(0.632992556826,119.77603566386));
#651 = CARTESIAN_POINT('',(0.670088450135,119.7529566734));
#652 = CARTESIAN_POINT('',(0.70663386713,119.72972451058));
#653 = CARTESIAN_POINT('',(0.742657887823,119.70654271047));
#654 = CARTESIAN_POINT('',(0.778187694034,119.68359306893));
#655 = CARTESIAN_POINT('',(0.842771977589,119.64204154481));
#656 = CARTESIAN_POINT('',(0.871968673017,119.62332177308));
#657 = CARTESIAN_POINT('',(0.900860876284,119.60496809906));
#658 = CARTESIAN_POINT('',(0.929468634281,119.58706253964));
#659 = CARTESIAN_POINT('',(0.957811096811,119.56967795418));
#660 = CARTESIAN_POINT('',(0.985907200508,119.55287867603));
#661 = CARTESIAN_POINT('',(1.096368570598,119.48883714717));
#662 = CARTESIAN_POINT('',(1.17699642017,119.44657277085));
#663 = CARTESIAN_POINT('',(1.25611566685,119.41143244307));
#664 = CARTESIAN_POINT('',(1.33412446084,119.38436401903));
#665 = CARTESIAN_POINT('',(1.411395450333,119.36593375139));
#666 = CARTESIAN_POINT('',(1.488300230322,119.35642645029));
#667 = CARTESIAN_POINT('',(1.640769561837,119.35532520152));
#668 = CARTESIAN_POINT('',(1.716261460315,119.36341289219));
#669 = CARTESIAN_POINT('',(1.792065558008,119.38013022033));
#670 = CARTESIAN_POINT('',(1.868530900531,119.40523288185));
#671 = CARTESIAN_POINT('',(1.946007378513,119.4382178432));
#672 = CARTESIAN_POINT('',(2.024867657361,119.4782377107));
#673 = CARTESIAN_POINT('',(2.16795883818,119.55931932515));
#674 = CARTESIAN_POINT('',(2.231507110064,119.5981227183));
#675 = CARTESIAN_POINT('',(2.296380931597,119.63974228292));
#676 = CARTESIAN_POINT('',(2.36278402654,119.68337640897));
#677 = CARTESIAN_POINT('',(2.43092951379,119.72797056488));
#678 = CARTESIAN_POINT('',(2.50105297153,119.77217893497));
#679 = CARTESIAN_POINT('',(2.649150594149,119.85847567202));
#680 = CARTESIAN_POINT('',(2.728257130649,119.90090811719));
#681 = CARTESIAN_POINT('',(2.809953114584,119.93895832351));
#682 = CARTESIAN_POINT('',(2.893663942676,119.9698021908));
#683 = CARTESIAN_POINT('',(2.978944323381,119.9910161663));
#684 = CARTESIAN_POINT('',(3.065418025009,120.00116555984));
#685 = CARTESIAN_POINT('',(3.236800248374,119.99872189712));
#686 = CARTESIAN_POINT('',(3.319932432197,119.98698522601));
#687 = CARTESIAN_POINT('',(3.401844527284,119.96519190227));
#688 = CARTESIAN_POINT('',(3.482222034541,119.93474023683));
#689 = CARTESIAN_POINT('',(3.560687766966,119.89781047177));
#690 = CARTESIAN_POINT('',(3.636754623112,119.85689077579));
#691 = CARTESIAN_POINT('',(3.808433176632,119.75685339011));
#692 = CARTESIAN_POINT('',(3.902881025064,119.69559690846));
#693 = CARTESIAN_POINT('',(3.993834993724,119.63474476774));
#694 = CARTESIAN_POINT('',(4.08186301472,119.57741903582));
#695 = CARTESIAN_POINT('',(4.167500268028,119.5257116022));
#696 = CARTESIAN_POINT('',(4.251242732697,119.48105791728));
#697 = CARTESIAN_POINT('',(4.388944314978,119.41982037794));
#698 = CARTESIAN_POINT('',(4.443653452484,119.39883491393));
#699 = CARTESIAN_POINT('',(4.497877290164,119.38177391612));
#700 = CARTESIAN_POINT('',(4.551741175782,119.36884604265));
#701 = CARTESIAN_POINT('',(4.605366610452,119.36018309933));
#702 = CARTESIAN_POINT('',(4.658874872557,119.35585071701));
#703 = CARTESIAN_POINT('',(4.768976362545,119.35585071701));
#704 = CARTESIAN_POINT('',(4.825555953257,119.36069500826));
#705 = CARTESIAN_POINT('',(4.882273865498,119.37038100462));
#706 = CARTESIAN_POINT('',(4.939274082859,119.38482681398));
#707 = CARTESIAN_POINT('',(4.996700817694,119.40386791303));
#708 = CARTESIAN_POINT('',(5.054703352094,119.42724219817));
#709 = CARTESIAN_POINT('',(5.162305046249,119.47729000988));
#710 = CARTESIAN_POINT('',(5.211675637508,119.50274715516));
#711 = CARTESIAN_POINT('',(5.261660983347,119.53071772277));
#712 = CARTESIAN_POINT('',(5.312366943197,119.5609278287));
#713 = CARTESIAN_POINT('',(5.363902667597,119.59302923278));
#714 = CARTESIAN_POINT('',(5.416383877751,119.62658174108));
#715 = CARTESIAN_POINT('',(5.504997613147,119.68359306893));
#716 = CARTESIAN_POINT('',(5.540527419357,119.70654271047));
#717 = CARTESIAN_POINT('',(5.576551440049,119.72972451058));
#718 = CARTESIAN_POINT('',(5.613096857044,119.7529566734));
#719 = CARTESIAN_POINT('',(5.650192750354,119.77603566386));
#720 = CARTESIAN_POINT('',(5.687870690884,119.79873624207));
#721 = CARTESIAN_POINT('',(5.755334751571,119.83762644448));
#722 = CARTESIAN_POINT('',(5.784867788835,119.85408195852));
#723 = CARTESIAN_POINT('',(5.814758275452,119.87005635111));
#724 = CARTESIAN_POINT('',(5.845001806595,119.88542350925));
#725 = CARTESIAN_POINT('',(5.875595734211,119.90005514098));
#726 = CARTESIAN_POINT('',(5.906539159147,119.91382302065));
#727 = CARTESIAN_POINT('',(5.9853492907,119.94600363943));
#728 = CARTESIAN_POINT('',(6.033760535367,119.96315990919));
#729 = CARTESIAN_POINT('',(6.082875128875,119.97753318594));
#730 = CARTESIAN_POINT('',(6.132525026683,119.98866284263));
#731 = CARTESIAN_POINT('',(6.182557415311,119.99621294454));
#732 = CARTESIAN_POINT('',(6.232826496336,120.));
#733 = CARTESIAN_POINT('',(6.28318530718,120.));
#734 = ( GEOMETRIC_REPRESENTATION_CONTEXT(2) 
PARAMETRIC_REPRESENTATION_CONTEXT() REPRESENTATION_CONTEXT('2D SPACE',''
  ) );
#735 = ADVANCED_FACE('',(#736,#739),#94,.F.);
#736 = FACE_BOUND('',#737,.F.);
#737 = EDGE_LOOP('',(#738));
#738 = ORIENTED_EDGE('',*,*,#79,.T.);
#739 = FACE_BOUND('',#740,.F.);
#740 = EDGE_LOOP('',(#741));
#741 = ORIENTED_EDGE('',*,*,#742,.F.);
#742 = EDGE_CURVE('',#743,#743,#745,.T.);
#743 = VERTEX_POINT('',#744);
#744 = CARTESIAN_POINT('',(42.,-1.028703311284E-14,0.));
#745 = SURFACE_CURVE('',#746,(#751,#758),.PCURVE_S1.);
#746 = CIRCLE('',#747,42.);
#747 = AXIS2_PLACEMENT_3D('',#748,#749,#750);
#748 = CARTESIAN_POINT('',(0.,0.,0.));
#749 = DIRECTION('',(0.,0.,1.));
#750 = DIRECTION('',(1.,0.,-0.));
#751 = PCURVE('',#94,#752);
#752 = DEFINITIONAL_REPRESENTATION('',(#753),#757);
#753 = CIRCLE('',#754,42.);
#754 = AXIS2_PLACEMENT_2D('',#755,#756);
#755 = CARTESIAN_POINT('',(0.,0.));
#756 = DIRECTION('',(1.,0.));
#757 = ( GEOMETRIC_REPRESENTATION_CONTEXT(2) 
PARAMETRIC_REPRESENTATION_CONTEXT() REPRESENTATION_CONTEXT('2D SPACE',''
  ) );
#758 = PCURVE('',#759,#764);
#759 = CYLINDRICAL_SURFACE('',#760,42.);
#760 = AXIS2_PLACEMENT_3D('',#761,#762,#763);
#761 = CARTESIAN_POINT('',(0.,0.,0.));
#762 = DIRECTION('',(0.,0.,1.));
#763 = DIRECTION('',(1.,0.,0.));
#764 = DEFINITIONAL_REPRESENTATION('',(#765),#769);
#765 = LINE('',#766,#767);
#766 = CARTESIAN_POINT('',(0.,0.));
#767 = VECTOR('',#768,1.);
#768 = DIRECTION('',(1.,0.));
#769 = ( GEOMETRIC_REPRESENTATION_CONTEXT(2) 
PARAMETRIC_REPRESENTATION_CONTEXT() REPRESENTATION_CONTEXT('2D SPACE',''
  ) );
#770 = ADVANCED_FACE('',(#771,#774),#66,.T.);
#771 = FACE_BOUND('',#772,.T.);
#772 = EDGE_LOOP('',(#773));
#773 = ORIENTED_EDGE('',*,*,#51,.T.);
#774 = FACE_BOUND('',#775,.T.);
#775 = EDGE_LOOP('',(#776));
#776 = ORIENTED_EDGE('',*,*,#777,.F.);
#777 = EDGE_CURVE('',#778,#778,#780,.T.);
#778 = VERTEX_POINT('',#779);
#779 = CARTESIAN_POINT('',(42.,-1.028703311284E-14,300.));
#780 = SURFACE_CURVE('',#781,(#786,#793),.PCURVE_S1.);
#781 = CIRCLE('',#782,42.);
#782 = AXIS2_PLACEMENT_3D('',#783,#784,#785);
#783 = CARTESIAN_POINT('',(0.,0.,300.));
#784 = DIRECTION('',(0.,0.,1.));
#785 = DIRECTION('',(1.,0.,-0.));
#786 = PCURVE('',#66,#787);
#787 = DEFINITIONAL_REPRESENTATION('',(#788),#792);
#788 = CIRCLE('',#789,42.);
#789 = AXIS2_PLACEMENT_2D('',#790,#791);
#790 = CARTESIAN_POINT('',(0.,0.));
#791 = DIRECTION('',(1.,0.));
#792 = ( GEOMETRIC_REPRESENTATION_CONTEXT(2) 
PARAMETRIC_REPRESENTATION_CONTEXT() REPRESENTATION_CONTEXT('2D SPACE',''
  ) );
#793 = PCURVE('',#759,#794);
#794 = DEFINITIONAL_REPRESENTATION('',(#795),#799);
#795 = LINE('',#796,#797);
#796 = CARTESIAN_POINT('',(0.,300.));
#797 = VECTOR('',#798,1.);
#798 = DIRECTION('',(1.,0.));
#799 = ( GEOMETRIC_REPRESENTATION_CONTEXT(2) 
PARAMETRIC_REPRESENTATION_CONTEXT() REPRESENTATION_CONTEXT('2D SPACE',''
  ) );
#800 = ADVANCED_FACE('',(#801),#314,.F.);
#801 = FACE_BOUND('',#802,.F.);
#802 = EDGE_LOOP('',(#803,#1111,#1132,#1133));
#803 = ORIENTED_EDGE('',*,*,#804,.F.);
#804 = EDGE_CURVE('',#805,#805,#807,.T.);
#805 = VERTEX_POINT('',#806);
#806 = CARTESIAN_POINT('',(-1.959434878636E-15,42.,142.));
#807 = SURFACE_CURVE('',#808,(#907,#1009),.PCURVE_S1.);
#808 = B_SPLINE_CURVE_WITH_KNOTS('',7,(#809,#810,#811,#812,#813,#814,
    #815,#816,#817,#818,#819,#820,#821,#822,#823,#824,#825,#826,#827,
    #828,#829,#830,#831,#832,#833,#834,#835,#836,#837,#838,#839,#840,
    #841,#842,#843,#844,#845,#846,#847,#848,#849,#850,#851,#852,#853,
    #854,#855,#856,#857,#858,#859,#860,#861,#862,#863,#864,#865,#866,
    #867,#868,#869,#870,#871,#872,#873,#874,#875,#876,#877,#878,#879,
    #880,#881,#882,#883,#884,#885,#886,#887,#888,#889,#890,#891,#892,
    #893,#894,#895,#896,#897,#898,#899,#900,#901,#902,#903,#904,#905,
    #906),.UNSPECIFIED.,.T.,.F.,(8,6,6,6,6,6,6,6,6,6,6,6,6,6,6,6,8),(0.,
    4.607201269983E-02,7.479070909432E-02,0.114528297437,0.148001115183,
    0.249320092116,0.350780089069,0.425885441977,0.501686468954,
    0.574551972569,0.67686797745,0.749915466223,0.824941779498,
    0.885598207576,0.92529192603,0.953978917779,1.),.UNSPECIFIED.);
#809 = CARTESIAN_POINT('',(0.,42.,142.));
#810 = CARTESIAN_POINT('',(0.403034025502,42.,142.));
#811 = CARTESIAN_POINT('',(0.805315855509,41.99548793514,142.02368873822
    ));
#812 = CARTESIAN_POINT('',(1.2039895034,41.986493809266,142.07090655897)
  );
#813 = CARTESIAN_POINT('',(1.596235455854,41.973237339123,
    142.14093057574));
#814 = CARTESIAN_POINT('',(1.979341006328,41.956119743901,
    142.23248514928));
#815 = CARTESIAN_POINT('',(2.350769174072,41.935691162953,
    142.34374775608));
#816 = CARTESIAN_POINT('',(2.931044780091,41.898196045956,
    142.55251379276));
#817 = CARTESIAN_POINT('',(3.148713307603,41.882743388655,
    142.63951512964));
#818 = CARTESIAN_POINT('',(3.361024256373,41.866362672461,
    142.73294519825));
#819 = CARTESIAN_POINT('',(3.567793509148,41.849183064479,
    142.83239112269));
#820 = CARTESIAN_POINT('',(3.768860324454,41.831333937698,142.9374359341
    ));
#821 = CARTESIAN_POINT('',(3.964087294759,41.812942852448,
    143.04765829413));
#822 = CARTESIAN_POINT('',(4.415254258601,41.768107398288,
    143.32171974852));
#823 = CARTESIAN_POINT('',(4.665800404198,41.741275305257,
    143.48993580471));
#824 = CARTESIAN_POINT('',(4.905024661926,41.713931750289,143.6663627981
    ));
#825 = CARTESIAN_POINT('',(5.132997230658,41.686346281728,
    143.85016239711));
#826 = CARTESIAN_POINT('',(5.349823944967,41.658763305175,
    144.04056877544));
#827 = CARTESIAN_POINT('',(5.555637632445,41.631401883936,
    144.23688185995));
#828 = CARTESIAN_POINT('',(5.914806466419,41.581757381005,
    144.60825970311));
#829 = CARTESIAN_POINT('',(6.071350942969,41.55934906814,144.78183040987
    ));
#830 = CARTESIAN_POINT('',(6.220343674118,41.537341746575,
    144.95883074673));
#831 = CARTESIAN_POINT('',(6.361903294435,41.515835061828,
    145.13894885144));
#832 = CARTESIAN_POINT('',(6.496146319536,41.494917862586,
    145.32190288861));
#833 = CARTESIAN_POINT('',(6.623187166008,41.47466890405,145.50744098665
    ));
#834 = CARTESIAN_POINT('',(7.106218245266,41.396098576475,
    146.26409684271));
#835 = CARTESIAN_POINT('',(7.404484211648,41.343773916057,
    146.85472212589));
#836 = CARTESIAN_POINT('',(7.640712222098,41.300157926562,
    147.46074774587));
#837 = CARTESIAN_POINT('',(7.817165641212,41.266507762856,
    148.07737236531));
#838 = CARTESIAN_POINT('',(7.9354492258,41.243580660848,148.70082451514)
  );
#839 = CARTESIAN_POINT('',(7.996380152224,41.231758598699,
    149.32786626436));
#840 = CARTESIAN_POINT('',(8.003376496934,41.230401130281,150.5838844823
    ));
#841 = CARTESIAN_POINT('',(7.949278002697,41.240897507566,151.2121601495
    ));
#842 = CARTESIAN_POINT('',(7.83772132012,41.262562014283,151.83717676644
    ));
#843 = CARTESIAN_POINT('',(7.667949140331,41.295040247319,
    152.45569747598));
#844 = CARTESIAN_POINT('',(7.438415037973,41.337604367197,
    153.06398207491));
#845 = CARTESIAN_POINT('',(7.14690542606,41.389032965214,153.65729433567
    ));
#846 = CARTESIAN_POINT('',(6.526975756263,41.490601237069,154.652676167)
  );
#847 = CARTESIAN_POINT('',(6.227604263172,41.537640357311,
    155.06472334349));
#848 = CARTESIAN_POINT('',(5.891342416686,41.587741624474,
    155.46279975844));
#849 = CARTESIAN_POINT('',(5.516898040077,41.639908100134,
    155.84363327184));
#850 = CARTESIAN_POINT('',(5.103019097546,41.692842833119,
    156.20318674834));
#851 = CARTESIAN_POINT('',(4.64868299134,41.744910036591,156.53648392524
    ));
#852 = CARTESIAN_POINT('',(3.653449620755,41.84381297883,157.14103861753
    ));
#853 = CARTESIAN_POINT('',(3.106291177915,41.8911425932,157.41503312164)
  );
#854 = CARTESIAN_POINT('',(2.517289976565,41.933224091403,
    157.64709162069));
#855 = CARTESIAN_POINT('',(1.893834272911,41.967098196408,
    157.82747545851));
#856 = CARTESIAN_POINT('',(1.244882736748,41.990283340144,157.9489774409
    ));
#857 = CARTESIAN_POINT('',(0.580425750323,42.001326184891,
    158.00696290191));
#858 = CARTESIAN_POINT('',(-0.732739107655,41.998539725569,
    157.99233311558));
#859 = CARTESIAN_POINT('',(-1.369132046736,41.98568241746,
    157.92482149032));
#860 = CARTESIAN_POINT('',(-1.989306898181,41.961816556474,
    157.79928214552));
#861 = CARTESIAN_POINT('',(-2.584730871328,41.928358907958,
    157.62019839254));
#862 = CARTESIAN_POINT('',(-3.147791982832,41.887537267943,
    157.39412267011));
#863 = CARTESIAN_POINT('',(-3.67221021277,41.841948614347,
    157.12964249249));
#864 = CARTESIAN_POINT('',(-4.828979805047,41.726992746155,
    156.4269625929));
#865 = CARTESIAN_POINT('',(-5.428049593966,41.654591201976,
    155.95643268434));
#866 = CARTESIAN_POINT('',(-5.952222552627,41.581928129572,
    155.44137444075));
#867 = CARTESIAN_POINT('',(-6.404692709954,41.512823478565,
    154.89318493137));
#868 = CARTESIAN_POINT('',(-6.789008420177,41.449881777815,
    154.32026670165));
#869 = CARTESIAN_POINT('',(-7.108374302515,41.394915949421,
    153.72878072361));
#870 = CARTESIAN_POINT('',(-7.548556585247,41.316509776669,
    152.6907046429));
#871 = CARTESIAN_POINT('',(-7.700039043464,41.28854871767,
    152.25105975715));
#872 = CARTESIAN_POINT('',(-7.820423185429,41.265757546533,
    151.80599718398));
#873 = CARTESIAN_POINT('',(-7.910306357498,41.248459345909,
    151.35705590643));
#874 = CARTESIAN_POINT('',(-7.970096853897,41.236858330454,
    150.90558366707));
#875 = CARTESIAN_POINT('',(-8.,41.231056256177,150.45282358886));
#876 = CARTESIAN_POINT('',(-8.,41.231056256177,149.53490961829));
#877 = CARTESIAN_POINT('',(-7.968454756859,41.237176946642,
    149.06989221472));
#878 = CARTESIAN_POINT('',(-7.905382959172,41.24941461817,
    148.60627144114));
#879 = CARTESIAN_POINT('',(-7.810555771179,41.267656117983,
    148.14539156883));
#880 = CARTESIAN_POINT('',(-7.683517969272,41.291674375793,
    147.68871620707));
#881 = CARTESIAN_POINT('',(-7.523604153791,41.321109140204,
    147.23792810491));
#882 = CARTESIAN_POINT('',(-7.173386737809,41.383182632833,
    146.43696079791));
#883 = CARTESIAN_POINT('',(-6.994773669726,41.414127247305,
    146.08405786677));
#884 = CARTESIAN_POINT('',(-6.793614231965,41.447995232018,
    145.73728260587));
#885 = CARTESIAN_POINT('',(-6.569303939494,41.484446780581,
    145.39778386121));
#886 = CARTESIAN_POINT('',(-6.321167787116,41.52305357127,
    145.06695573079));
#887 = CARTESIAN_POINT('',(-6.048497614466,41.563278521028,
    144.74649533358));
#888 = CARTESIAN_POINT('',(-5.55563763582,41.63140188347,144.23688186344
    ));
#889 = CARTESIAN_POINT('',(-5.349823940873,41.658763305641,
    144.04056877233));
#890 = CARTESIAN_POINT('',(-5.1329972279,41.686346282104,143.85016239434
    ));
#891 = CARTESIAN_POINT('',(-4.905024665564,41.713931749921,
    143.66636280037));
#892 = CARTESIAN_POINT('',(-4.665800408111,41.741275304789,
    143.48993580793));
#893 = CARTESIAN_POINT('',(-4.415254254021,41.768107398744,
    143.32171974574));
#894 = CARTESIAN_POINT('',(-3.964087294763,41.812942852448,
    143.04765829413));
#895 = CARTESIAN_POINT('',(-3.768860324454,41.831333937698,
    142.9374359341));
#896 = CARTESIAN_POINT('',(-3.567793509145,41.849183064479,
    142.83239112269));
#897 = CARTESIAN_POINT('',(-3.361024256369,41.866362672461,
    142.73294519825));
#898 = CARTESIAN_POINT('',(-3.148713307604,41.882743388655,
    142.63951512964));
#899 = CARTESIAN_POINT('',(-2.931044780095,41.898196045956,
    142.55251379276));
#900 = CARTESIAN_POINT('',(-2.350769704211,41.935691128697,
    142.3437479468));
#901 = CARTESIAN_POINT('',(-1.979341398443,41.95611972915,
    142.23248522363));
#902 = CARTESIAN_POINT('',(-1.596235235242,41.973237361859,
    142.14093045126));
#903 = CARTESIAN_POINT('',(-1.203988501543,41.986493852944,
    142.07090632878));
#904 = CARTESIAN_POINT('',(-0.805314298916,41.995487966711,
    142.02368857281));
#905 = CARTESIAN_POINT('',(-0.403032615739,42.,142.));
#906 = CARTESIAN_POINT('',(0.,42.,142.));
#907 = PCURVE('',#314,#908);
#908 = DEFINITIONAL_REPRESENTATION('',(#909),#1008);
#909 = B_SPLINE_CURVE_WITH_KNOTS('',7,(#910,#911,#912,#913,#914,#915,
    #916,#917,#918,#919,#920,#921,#922,#923,#924,#925,#926,#927,#928,
    #929,#930,#931,#932,#933,#934,#935,#936,#937,#938,#939,#940,#941,
    #942,#943,#944,#945,#946,#947,#948,#949,#950,#951,#952,#953,#954,
    #955,#956,#957,#958,#959,#960,#961,#962,#963,#964,#965,#966,#967,
    #968,#969,#970,#971,#972,#973,#974,#975,#976,#977,#978,#979,#980,
    #981,#982,#983,#984,#985,#986,#987,#988,#989,#990,#991,#992,#993,
    #994,#995,#996,#997,#998,#999,#1000,#1001,#1002,#1003,#1004,#1005,
    #1006,#1007),.UNSPECIFIED.,.F.,.F.,(8,6,6,6,6,6,6,6,6,6,6,6,6,6,6,6,
    8),(0.,4.607201269983E-02,7.479070909432E-02,0.114528297437,
    0.148001115183,0.249320092116,0.350780089069,0.425885441977,
    0.501686468954,0.574551972569,0.67686797745,0.749915466223,
    0.824941779498,0.885598207576,0.92529192603,0.953978917779,1.),
  .UNSPECIFIED.);
#910 = CARTESIAN_POINT('',(0.,28.));
#911 = CARTESIAN_POINT('',(5.037925318771E-02,28.));
#912 = CARTESIAN_POINT('',(0.100664478001,28.00451206486));
#913 = CARTESIAN_POINT('',(0.150707549,28.013506190734));
#914 = CARTESIAN_POINT('',(0.200361291522,28.026762660877));
#915 = CARTESIAN_POINT('',(0.249471115856,28.043880256099));
#916 = CARTESIAN_POINT('',(0.297866508984,28.064308837047));
#917 = CARTESIAN_POINT('',(0.374952402332,28.101803954044));
#918 = CARTESIAN_POINT('',(0.404236028856,28.117256611345));
#919 = CARTESIAN_POINT('',(0.433203881114,28.133637327539));
#920 = CARTESIAN_POINT('',(0.461855144571,28.150816935521));
#921 = CARTESIAN_POINT('',(0.490187563014,28.168666062302));
#922 = CARTESIAN_POINT('',(0.518197429042,28.187057147552));
#923 = CARTESIAN_POINT('',(0.584182904485,28.231892601712));
#924 = CARTESIAN_POINT('',(0.621866353794,28.258724694743));
#925 = CARTESIAN_POINT('',(0.658964763458,28.286068249711));
#926 = CARTESIAN_POINT('',(0.695509868423,28.313653718272));
#927 = CARTESIAN_POINT('',(0.731530899909,28.341236694825));
#928 = CARTESIAN_POINT('',(0.767055187735,28.368598116064));
#929 = CARTESIAN_POINT('',(0.831636018105,28.418242618995));
#930 = CARTESIAN_POINT('',(0.860835435016,28.44065093186));
#931 = CARTESIAN_POINT('',(0.889728796875,28.462658253425));
#932 = CARTESIAN_POINT('',(0.91833628834,28.484164938172));
#933 = CARTESIAN_POINT('',(0.946677188027,28.505082137414));
#934 = CARTESIAN_POINT('',(0.974770561335,28.52533109595));
#935 = CARTESIAN_POINT('',(1.086981795457,28.603901423525));
#936 = CARTESIAN_POINT('',(1.169272894336,28.656226083943));
#937 = CARTESIAN_POINT('',(1.249991869101,28.699842073438));
#938 = CARTESIAN_POINT('',(1.329556739548,28.733492237144));
#939 = CARTESIAN_POINT('',(1.408356526332,28.756419339152));
#940 = CARTESIAN_POINT('',(1.486778364035,28.768241401301));
#941 = CARTESIAN_POINT('',(1.643783076974,28.769598869719));
#942 = CARTESIAN_POINT('',(1.722279057383,28.759102492434));
#943 = CARTESIAN_POINT('',(1.80111767401,28.737437985717));
#944 = CARTESIAN_POINT('',(1.880685185043,28.704959752681));
#945 = CARTESIAN_POINT('',(1.961369349556,28.662395632803));
#946 = CARTESIAN_POINT('',(2.043586423157,28.610967034786));
#947 = CARTESIAN_POINT('',(2.190167127551,28.509398762931));
#948 = CARTESIAN_POINT('',(2.253670424359,28.462359642689));
#949 = CARTESIAN_POINT('',(2.318524447455,28.412258375526));
#950 = CARTESIAN_POINT('',(2.384930903368,28.360091899866));
#951 = CARTESIAN_POINT('',(2.453101210513,28.307157166881));
#952 = CARTESIAN_POINT('',(2.523269603335,28.255089963409));
#953 = CARTESIAN_POINT('',(2.668827572774,28.15618702117));
#954 = CARTESIAN_POINT('',(2.745063881395,28.1088574068));
#955 = CARTESIAN_POINT('',(2.823687062884,28.066775908597));
#956 = CARTESIAN_POINT('',(2.904160668159,28.032901803592));
#957 = CARTESIAN_POINT('',(2.98606328854,28.009716659856));
#958 = CARTESIAN_POINT('',(3.069034471435,27.998673815109));
#959 = CARTESIAN_POINT('',(3.233190265142,28.001460274431));
#960 = CARTESIAN_POINT('',(3.312828429875,28.01431758254));
#961 = CARTESIAN_POINT('',(3.391371121059,28.038183443526));
#962 = CARTESIAN_POINT('',(3.468517637721,28.071641092042));
#963 = CARTESIAN_POINT('',(3.543912139186,28.112462732057));
#964 = CARTESIAN_POINT('',(3.617101566917,28.158051385653));
#965 = CARTESIAN_POINT('',(3.786285034772,28.273007253845));
#966 = CARTESIAN_POINT('',(3.880821716568,28.345408798024));
#967 = CARTESIAN_POINT('',(3.971821671951,28.418071870428));
#968 = CARTESIAN_POINT('',(4.05985245358,28.487176521435));
#969 = CARTESIAN_POINT('',(4.145447608374,28.550118222185));
#970 = CARTESIAN_POINT('',(4.229101041689,28.605084050579));
#971 = CARTESIAN_POINT('',(4.370044425235,28.683490223331));
#972 = CARTESIAN_POINT('',(4.428031479888,28.71145128233));
#973 = CARTESIAN_POINT('',(4.485454806381,28.734242453467));
#974 = CARTESIAN_POINT('',(4.542460882966,28.751540654091));
#975 = CARTESIAN_POINT('',(4.599190982028,28.763141669546));
#976 = CARTESIAN_POINT('',(4.655786031776,28.768943743823));
#977 = CARTESIAN_POINT('',(4.770525278098,28.768943743823));
#978 = CARTESIAN_POINT('',(4.828652502337,28.762823053358));
#979 = CARTESIAN_POINT('',(4.886925868857,28.75058538183));
#980 = CARTESIAN_POINT('',(4.945498418052,28.732343882017));
#981 = CARTESIAN_POINT('',(5.004523566495,28.708325624207));
#982 = CARTESIAN_POINT('',(5.064160693283,28.678890859796));
#983 = CARTESIAN_POINT('',(5.173433922031,28.616817367167));
#984 = CARTESIAN_POINT('',(5.22279634899,28.585872752695));
#985 = CARTESIAN_POINT('',(5.272777072027,28.552004767982));
#986 = CARTESIAN_POINT('',(5.323482239911,28.515553219419));
#987 = CARTESIAN_POINT('',(5.375021399361,28.47694642873));
#988 = CARTESIAN_POINT('',(5.42751077421,28.436721478972));
#989 = CARTESIAN_POINT('',(5.516130118838,28.36859811653));
#990 = CARTESIAN_POINT('',(5.551654407916,28.341236694359));
#991 = CARTESIAN_POINT('',(5.587675439246,28.313653717896));
#992 = CARTESIAN_POINT('',(5.624220543185,28.286068250079));
#993 = CARTESIAN_POINT('',(5.661318952749,28.258724695211));
#994 = CARTESIAN_POINT('',(5.699002403364,28.231892601256));
#995 = CARTESIAN_POINT('',(5.764987878137,28.187057147552));
#996 = CARTESIAN_POINT('',(5.792997744166,28.168666062302));
#997 = CARTESIAN_POINT('',(5.821330162609,28.150816935521));
#998 = CARTESIAN_POINT('',(5.849981426066,28.133637327539));
#999 = CARTESIAN_POINT('',(5.878949278323,28.117256611345));
#1000 = CARTESIAN_POINT('',(5.908232904847,28.101803954044));
#1001 = CARTESIAN_POINT('',(5.98531872777,28.064308871303));
#1002 = CARTESIAN_POINT('',(6.03371414205,28.04388027085));
#1003 = CARTESIAN_POINT('',(6.082824046105,28.026762638141));
#1004 = CARTESIAN_POINT('',(6.132477885605,28.013506147056));
#1005 = CARTESIAN_POINT('',(6.18252102375,28.004512033289));
#1006 = CARTESIAN_POINT('',(6.232806230212,28.));
#1007 = CARTESIAN_POINT('',(6.28318530718,28.));
#1008 = ( GEOMETRIC_REPRESENTATION_CONTEXT(2) 
PARAMETRIC_REPRESENTATION_CONTEXT() REPRESENTATION_CONTEXT('2D SPACE',''
  ) );
#1009 = PCURVE('',#759,#1010);
#1010 = DEFINITIONAL_REPRESENTATION('',(#1011),#1110);
#1011 = B_SPLINE_CURVE_WITH_KNOTS('',7,(#1012,#1013,#1014,#1015,#1016,
    #1017,#1018,#1019,#1020,#1021,#1022,#1023,#1024,#1025,#1026,#1027,
    #1028,#1029,#1030,#1031,#1032,#1033,#1034,#1035,#1036,#1037,#1038,
    #1039,#1040,#1041,#1042,#1043,#1044,#1045,#1046,#1047,#1048,#1049,
    #1050,#1051,#1052,#1053,#1054,#1055,#1056,#1057,#1058,#1059,#1060,
    #1061,#1062,#1063,#1064,#1065,#1066,#1067,#1068,#1069,#1070,#1071,
    #1072,#1073,#1074,#1075,#1076,#1077,#1078,#1079,#1080,#1081,#1082,
    #1083,#1084,#1085,#1086,#1087,#1088,#1089,#1090,#1091,#1092,#1093,
    #1094,#1095,#1096,#1097,#1098,#1099,#1100,#1101,#1102,#1103,#1104,
    #1105,#1106,#1107,#1108,#1109),.UNSPECIFIED.,.T.,.F.,(8,6,6,6,6,6,6,
    6,6,6,6,6,6,6,6,6,8),(0.,4.607201269983E-02,7.479070909432E-02,
    0.114528297437,0.148001115183,0.249320092116,0.350780089069,
    0.425885441977,0.501686468954,0.574551972569,0.67686797745,
    0.749915466223,0.824941779498,0.885598207576,0.92529192603,
    0.953978917779,1.),.UNSPECIFIED.);
#1012 = CARTESIAN_POINT('',(1.570796326795,142.));
#1013 = CARTESIAN_POINT('',(1.561200278569,142.));
#1014 = CARTESIAN_POINT('',(1.55162213894,142.02368873822));
#1015 = CARTESIAN_POINT('',(1.54212846893,142.07090655897));
#1016 = CARTESIAN_POINT('',(1.532784969312,142.14093057574));
#1017 = CARTESIAN_POINT('',(1.523655100774,142.23248514928));
#1018 = CARTESIAN_POINT('',(1.514798612939,142.34374775608));
#1019 = CARTESIAN_POINT('',(1.50095371443,142.55251379276));
#1020 = CARTESIAN_POINT('',(1.49575819206,142.63951512964));
#1021 = CARTESIAN_POINT('',(1.490688294745,142.73294519825));
#1022 = CARTESIAN_POINT('',(1.485748401266,142.83239112269));
#1023 = CARTESIAN_POINT('',(1.480942384198,142.9374359341));
#1024 = CARTESIAN_POINT('',(1.476273604575,143.04765829413));
#1025 = CARTESIAN_POINT('',(1.465478621508,143.32171974852));
#1026 = CARTESIAN_POINT('',(1.459479300121,143.48993580471));
#1027 = CARTESIAN_POINT('',(1.453746620814,143.6663627981));
#1028 = CARTESIAN_POINT('',(1.448279306177,143.85016239711));
#1029 = CARTESIAN_POINT('',(1.443075296505,144.04056877544));
#1030 = CARTESIAN_POINT('',(1.438131923324,144.23688185995));
#1031 = CARTESIAN_POINT('',(1.429498981748,144.60825970311));
#1032 = CARTESIAN_POINT('',(1.42573378388,144.78183040987));
#1033 = CARTESIAN_POINT('',(1.422147903431,144.95883074673));
#1034 = CARTESIAN_POINT('',(1.418738807554,145.13894885144));
#1035 = CARTESIAN_POINT('',(1.415504009551,145.32190288861));
#1036 = CARTESIAN_POINT('',(1.412441061977,145.50744098665));
#1037 = CARTESIAN_POINT('',(1.400789168515,146.26409684271));
#1038 = CARTESIAN_POINT('',(1.393579699189,146.85472212589));
#1039 = CARTESIAN_POINT('',(1.387860378802,147.46074774587));
#1040 = CARTESIAN_POINT('',(1.383583400074,148.07737236531));
#1041 = CARTESIAN_POINT('',(1.380714720836,148.70082451514));
#1042 = CARTESIAN_POINT('',(1.379236925973,149.32786626436));
#1043 = CARTESIAN_POINT('',(1.379067239789,150.5838844823));
#1044 = CARTESIAN_POINT('',(1.380379323699,151.2121601495));
#1045 = CARTESIAN_POINT('',(1.383085045364,151.83717676644));
#1046 = CARTESIAN_POINT('',(1.387200543712,152.45569747598));
#1047 = CARTESIAN_POINT('',(1.392758609296,153.06398207491));
#1048 = CARTESIAN_POINT('',(1.399805977871,153.65729433567));
#1049 = CARTESIAN_POINT('',(1.414763000758,154.652676167));
#1050 = CARTESIAN_POINT('',(1.421978190744,155.06472334349));
#1051 = CARTESIAN_POINT('',(1.43007237776,155.46279975844));
#1052 = CARTESIAN_POINT('',(1.439073006338,155.84363327184));
#1053 = CARTESIAN_POINT('',(1.449006322598,156.20318674834));
#1054 = CARTESIAN_POINT('',(1.459893418203,156.53648392524));
#1055 = CARTESIAN_POINT('',(1.483706171007,157.14103861753));
#1056 = CARTESIAN_POINT('',(1.496781333028,157.41503312164));
#1057 = CARTESIAN_POINT('',(1.510838321539,157.64709162069));
#1058 = CARTESIAN_POINT('',(1.525700193502,157.82747545851));
#1059 = CARTESIAN_POINT('',(1.541156818426,157.9489774409));
#1060 = CARTESIAN_POINT('',(1.556976631776,158.00696290191));
#1061 = CARTESIAN_POINT('',(1.588242532117,157.99233311558));
#1062 = CARTESIAN_POINT('',(1.603395362121,157.92482149032));
#1063 = CARTESIAN_POINT('',(1.61816847111,157.79928214552));
#1064 = CARTESIAN_POINT('',(1.632363958357,157.62019839254));
#1065 = CARTESIAN_POINT('',(1.645803079706,157.39412267011));
#1066 = CARTESIAN_POINT('',(1.658335363572,157.12964249249));
#1067 = CARTESIAN_POINT('',(1.686013161731,156.4269625929));
#1068 = CARTESIAN_POINT('',(1.700377282413,155.95643268434));
#1069 = CARTESIAN_POINT('',(1.712974415403,155.44137444075));
#1070 = CARTESIAN_POINT('',(1.723871158712,154.89318493137));
#1071 = CARTESIAN_POINT('',(1.73314291992,154.32026670165));
#1072 = CARTESIAN_POINT('',(1.740858538827,153.72878072361));
#1073 = CARTESIAN_POINT('',(1.751504031468,152.6907046429));
#1074 = CARTESIAN_POINT('',(1.755171612689,152.25105975715));
#1075 = CARTESIAN_POINT('',(1.758088786593,151.80599718398));
#1076 = CARTESIAN_POINT('',(1.760268132217,151.35705590643));
#1077 = CARTESIAN_POINT('',(1.761718263607,150.90558366707));
#1078 = CARTESIAN_POINT('',(1.76244352177,150.45282358886));
#1079 = CARTESIAN_POINT('',(1.76244352177,149.53490961829));
#1080 = CARTESIAN_POINT('',(1.761678436822,149.06989221472));
#1081 = CARTESIAN_POINT('',(1.760148722462,148.60627144114));
#1082 = CARTESIAN_POINT('',(1.757849539047,148.14539156883));
#1083 = CARTESIAN_POINT('',(1.754771280028,147.68871620707));
#1084 = CARTESIAN_POINT('',(1.750899930145,147.23792810491));
#1085 = CARTESIAN_POINT('',(1.742431455964,146.43696079791));
#1086 = CARTESIAN_POINT('',(1.738115450496,146.08405786677));
#1087 = CARTESIAN_POINT('',(1.733258613994,145.73728260587));
#1088 = CARTESIAN_POINT('',(1.727848010188,145.39778386121));
#1089 = CARTESIAN_POINT('',(1.721869200891,145.06695573079));
#1090 = CARTESIAN_POINT('',(1.715307057195,144.74649533358));
#1091 = CARTESIAN_POINT('',(1.703460730347,144.23688186344));
#1092 = CARTESIAN_POINT('',(1.698517356986,144.04056877233));
#1093 = CARTESIAN_POINT('',(1.693313347346,143.85016239434));
#1094 = CARTESIAN_POINT('',(1.687846032863,143.66636280037));
#1095 = CARTESIAN_POINT('',(1.682113353563,143.48993580793));
#1096 = CARTESIAN_POINT('',(1.676114031972,143.32171974574));
#1097 = CARTESIAN_POINT('',(1.665319049015,143.04765829413));
#1098 = CARTESIAN_POINT('',(1.660650269392,142.9374359341));
#1099 = CARTESIAN_POINT('',(1.655844252324,142.83239112269));
#1100 = CARTESIAN_POINT('',(1.650904358844,142.73294519825));
#1101 = CARTESIAN_POINT('',(1.64583446153,142.63951512964));
#1102 = CARTESIAN_POINT('',(1.64063893916,142.55251379276));
#1103 = CARTESIAN_POINT('',(1.6267940533,142.3437479468));
#1104 = CARTESIAN_POINT('',(1.617937562154,142.23248522363));
#1105 = CARTESIAN_POINT('',(1.608807679006,142.14093045126));
#1106 = CARTESIAN_POINT('',(1.59946416079,142.07090632878));
#1107 = CARTESIAN_POINT('',(1.589970477588,142.02368857281));
#1108 = CARTESIAN_POINT('',(1.580392341455,142.));
#1109 = CARTESIAN_POINT('',(1.570796326795,142.));
#1110 = ( GEOMETRIC_REPRESENTATION_CONTEXT(2) 
PARAMETRIC_REPRESENTATION_CONTEXT() REPRESENTATION_CONTEXT('2D SPACE',''
  ) );
#1111 = ORIENTED_EDGE('',*,*,#1112,.F.);
#1112 = EDGE_CURVE('',#109,#805,#1113,.T.);
#1113 = SEAM_CURVE('',#1114,(#1118,#1125),.PCURVE_S1.);
#1114 = LINE('',#1115,#1116);
#1115 = CARTESIAN_POINT('',(-1.959434878636E-15,70.,142.));
#1116 = VECTOR('',#1117,1.);
#1117 = DIRECTION('',(0.,-1.,0.));
#1118 = PCURVE('',#314,#1119);
#1119 = DEFINITIONAL_REPRESENTATION('',(#1120),#1124);
#1120 = LINE('',#1121,#1122);
#1121 = CARTESIAN_POINT('',(6.28318530718,-0.));
#1122 = VECTOR('',#1123,1.);
#1123 = DIRECTION('',(0.,1.));
#1124 = ( GEOMETRIC_REPRESENTATION_CONTEXT(2) 
PARAMETRIC_REPRESENTATION_CONTEXT() REPRESENTATION_CONTEXT('2D SPACE',''
  ) );
#1125 = PCURVE('',#314,#1126);
#1126 = DEFINITIONAL_REPRESENTATION('',(#1127),#1131);
#1127 = LINE('',#1128,#1129);
#1128 = CARTESIAN_POINT('',(0.,-0.));
#1129 = VECTOR('',#1130,1.);
#1130 = DIRECTION('',(0.,1.));
#1131 = ( GEOMETRIC_REPRESENTATION_CONTEXT(2) 
PARAMETRIC_REPRESENTATION_CONTEXT() REPRESENTATION_CONTEXT('2D SPACE',''
  ) );
#1132 = ORIENTED_EDGE('',*,*,#108,.T.);
#1133 = ORIENTED_EDGE('',*,*,#1112,.T.);
#1134 = ADVANCED_FACE('',(#1135),#629,.F.);
#1135 = FACE_BOUND('',#1136,.F.);
#1136 = EDGE_LOOP('',(#1137,#1138,#1161,#1467));
#1137 = ORIENTED_EDGE('',*,*,#423,.F.);
#1138 = ORIENTED_EDGE('',*,*,#1139,.F.);
#1139 = EDGE_CURVE('',#1140,#424,#1142,.T.);
#1140 = VERTEX_POINT('',#1141);
#1141 = CARTESIAN_POINT('',(-1.959434878636E-15,-42.,142.));
#1142 = SEAM_CURVE('',#1143,(#1147,#1154),.PCURVE_S1.);
#1143 = LINE('',#1144,#1145);
#1144 = CARTESIAN_POINT('',(-1.959434878636E-15,70.,142.));
#1145 = VECTOR('',#1146,1.);
#1146 = DIRECTION('',(0.,-1.,0.));
#1147 = PCURVE('',#629,#1148);
#1148 = DEFINITIONAL_REPRESENTATION('',(#1149),#1153);
#1149 = LINE('',#1150,#1151);
#1150 = CARTESIAN_POINT('',(6.28318530718,-0.));
#1151 = VECTOR('',#1152,1.);
#1152 = DIRECTION('',(0.,1.));
#1153 = ( GEOMETRIC_REPRESENTATION_CONTEXT(2) 
PARAMETRIC_REPRESENTATION_CONTEXT() REPRESENTATION_CONTEXT('2D SPACE',''
  ) );
#1154 = PCURVE('',#629,#1155);
#1155 = DEFINITIONAL_REPRESENTATION('',(#1156),#1160);
#1156 = LINE('',#1157,#1158);
#1157 = CARTESIAN_POINT('',(0.,-0.));
#1158 = VECTOR('',#1159,1.);
#1159 = DIRECTION('',(0.,1.));
#1160 = ( GEOMETRIC_REPRESENTATION_CONTEXT(2) 
PARAMETRIC_REPRESENTATION_CONTEXT() REPRESENTATION_CONTEXT('2D SPACE',''
  ) );
#1161 = ORIENTED_EDGE('',*,*,#1162,.T.);
#1162 = EDGE_CURVE('',#1140,#1140,#1163,.T.);
#1163 = SURFACE_CURVE('',#1164,(#1263,#1365),.PCURVE_S1.);
#1164 = B_SPLINE_CURVE_WITH_KNOTS('',7,(#1165,#1166,#1167,#1168,#1169,
    #1170,#1171,#1172,#1173,#1174,#1175,#1176,#1177,#1178,#1179,#1180,
    #1181,#1182,#1183,#1184,#1185,#1186,#1187,#1188,#1189,#1190,#1191,
    #1192,#1193,#1194,#1195,#1196,#1197,#1198,#1199,#1200,#1201,#1202,
    #1203,#1204,#1205,#1206,#1207,#1208,#1209,#1210,#1211,#1212,#1213,
    #1214,#1215,#1216,#1217,#1218,#1219,#1220,#1221,#1222,#1223,#1224,
    #1225,#1226,#1227,#1228,#1229,#1230,#1231,#1232,#1233,#1234,#1235,
    #1236,#1237,#1238,#1239,#1240,#1241,#1242,#1243,#1244,#1245,#1246,
    #1247,#1248,#1249,#1250,#1251,#1252,#1253,#1254,#1255,#1256,#1257,
    #1258,#1259,#1260,#1261,#1262),.UNSPECIFIED.,.T.,.F.,(8,6,6,6,6,6,6,
    6,6,6,6,6,6,6,6,6,8),(0.,4.607201150157E-02,7.47907071389E-02,
    0.11452829374,0.148001110598,0.249320085937,0.350780082373,
    0.425885434899,0.50168646155,0.574551965205,0.676867970556,
    0.749915459665,0.824941773284,0.885598206496,0.925291925777,
    0.953978917623,1.),.UNSPECIFIED.);
#1165 = CARTESIAN_POINT('',(-5.329070518201E-15,-42.,142.));
#1166 = CARTESIAN_POINT('',(0.403034025367,-42.,142.));
#1167 = CARTESIAN_POINT('',(0.805315855494,-41.99548793514,
    142.02368873821));
#1168 = CARTESIAN_POINT('',(1.203989503506,-41.98649380926,
    142.07090655898));
#1169 = CARTESIAN_POINT('',(1.596235455959,-41.97323733911,
    142.14093057577));
#1170 = CARTESIAN_POINT('',(1.979341006314,-41.95611974389,
    142.23248514929));
#1171 = CARTESIAN_POINT('',(2.350769173945,-41.93569116296,
    142.34374775603));
#1172 = CARTESIAN_POINT('',(2.931044780091,-41.89819604595,
    142.55251379276));
#1173 = CARTESIAN_POINT('',(3.148713307603,-41.88274338865,
    142.63951512964));
#1174 = CARTESIAN_POINT('',(3.361024256373,-41.86636267246,
    142.73294519825));
#1175 = CARTESIAN_POINT('',(3.567793509148,-41.84918306447,
    142.83239112269));
#1176 = CARTESIAN_POINT('',(3.768860324454,-41.83133393769,
    142.9374359341));
#1177 = CARTESIAN_POINT('',(3.964087294759,-41.81294285244,
    143.04765829413));
#1178 = CARTESIAN_POINT('',(4.415254254026,-41.76810739874,
    143.32171974574));
#1179 = CARTESIAN_POINT('',(4.665800408111,-41.74127530478,
    143.48993580793));
#1180 = CARTESIAN_POINT('',(4.90502466556,-41.71393174992,
    143.66636280037));
#1181 = CARTESIAN_POINT('',(5.132997227897,-41.6863462821,
    143.85016239433));
#1182 = CARTESIAN_POINT('',(5.349823940874,-41.65876330564,
    144.04056877233));
#1183 = CARTESIAN_POINT('',(5.555637635824,-41.63140188346,
    144.23688186344));
#1184 = CARTESIAN_POINT('',(5.914806466419,-41.581757381,144.60825970311
    ));
#1185 = CARTESIAN_POINT('',(6.071350942969,-41.55934906814,
    144.78183040987));
#1186 = CARTESIAN_POINT('',(6.220343674118,-41.53734174657,
    144.95883074673));
#1187 = CARTESIAN_POINT('',(6.361903294435,-41.51583506182,
    145.13894885144));
#1188 = CARTESIAN_POINT('',(6.496146319536,-41.49491786258,
    145.32190288861));
#1189 = CARTESIAN_POINT('',(6.623187166008,-41.47466890405,
    145.50744098665));
#1190 = CARTESIAN_POINT('',(7.106218249175,-41.39609857583,
    146.26409684883));
#1191 = CARTESIAN_POINT('',(7.404484205275,-41.34377391711,
    146.85472211098));
#1192 = CARTESIAN_POINT('',(7.64071222348,-41.30015792632,
    147.46074775522));
#1193 = CARTESIAN_POINT('',(7.817165645434,-41.26650776215,
    148.07737237426));
#1194 = CARTESIAN_POINT('',(7.93544922287,-41.24358066134,
    148.70082449974));
#1195 = CARTESIAN_POINT('',(7.996380152261,-41.23175859869,
    149.32786627105));
#1196 = CARTESIAN_POINT('',(8.003376496934,-41.23040113028,
    150.5838844823));
#1197 = CARTESIAN_POINT('',(7.949278002697,-41.24089750756,
    151.2121601495));
#1198 = CARTESIAN_POINT('',(7.83772132012,-41.26256201428,
    151.83717676644));
#1199 = CARTESIAN_POINT('',(7.667949140331,-41.29504024731,
    152.45569747598));
#1200 = CARTESIAN_POINT('',(7.438415037974,-41.33760436719,
    153.06398207491));
#1201 = CARTESIAN_POINT('',(7.146905426059,-41.38903296521,
    153.65729433567));
#1202 = CARTESIAN_POINT('',(6.526975756263,-41.49060123706,154.652676167
    ));
#1203 = CARTESIAN_POINT('',(6.227604263172,-41.53764035731,
    155.06472334349));
#1204 = CARTESIAN_POINT('',(5.891342416687,-41.58774162447,
    155.46279975844));
#1205 = CARTESIAN_POINT('',(5.516898040077,-41.63990810013,
    155.84363327184));
#1206 = CARTESIAN_POINT('',(5.103019097545,-41.69284283311,
    156.20318674834));
#1207 = CARTESIAN_POINT('',(4.64868299134,-41.74491003659,
    156.53648392524));
#1208 = CARTESIAN_POINT('',(3.653449620358,-41.84381297887,
    157.14103861777));
#1209 = CARTESIAN_POINT('',(3.106291177861,-41.89114259319,
    157.41503312158));
#1210 = CARTESIAN_POINT('',(2.51728997692,-41.93322409137,
    157.64709162052));
#1211 = CARTESIAN_POINT('',(1.893834273268,-41.9670981964,
    157.82747545849));
#1212 = CARTESIAN_POINT('',(1.244882736689,-41.99028334016,
    157.94897744099));
#1213 = CARTESIAN_POINT('',(0.58042574986,-42.00132618489,
    158.00696290191));
#1214 = CARTESIAN_POINT('',(-0.732739110333,-41.99853972556,
    157.99233311555));
#1215 = CARTESIAN_POINT('',(-1.369132037089,-41.98568241743,
    157.92482149009));
#1216 = CARTESIAN_POINT('',(-1.989306906106,-41.9618165569,
    157.79928214823));
#1217 = CARTESIAN_POINT('',(-2.584730875089,-41.92835890696,
    157.62019838658));
#1218 = CARTESIAN_POINT('',(-3.147791975924,-41.88753726874,
    157.39412267488));
#1219 = CARTESIAN_POINT('',(-3.672210214711,-41.84194861415,
    157.12964249131));
#1220 = CARTESIAN_POINT('',(-4.828979805048,-41.72699274615,
    156.4269625929));
#1221 = CARTESIAN_POINT('',(-5.428049593965,-41.65459120197,
    155.95643268434));
#1222 = CARTESIAN_POINT('',(-5.952222552627,-41.58192812957,
    155.44137444076));
#1223 = CARTESIAN_POINT('',(-6.404692709955,-41.51282347856,
    154.89318493137));
#1224 = CARTESIAN_POINT('',(-6.789008420177,-41.44988177781,
    154.32026670166));
#1225 = CARTESIAN_POINT('',(-7.108374302515,-41.39491594942,
    153.72878072361));
#1226 = CARTESIAN_POINT('',(-7.548556585247,-41.31650977666,
    152.6907046429));
#1227 = CARTESIAN_POINT('',(-7.700039043463,-41.28854871767,
    152.25105975715));
#1228 = CARTESIAN_POINT('',(-7.82042318543,-41.26575754653,
    151.80599718398));
#1229 = CARTESIAN_POINT('',(-7.910306357498,-41.2484593459,
    151.35705590642));
#1230 = CARTESIAN_POINT('',(-7.970096853896,-41.23685833045,
    150.90558366708));
#1231 = CARTESIAN_POINT('',(-8.,-41.23105625617,150.45282358886));
#1232 = CARTESIAN_POINT('',(-8.,-41.23105625617,149.53490961829));
#1233 = CARTESIAN_POINT('',(-7.968454756859,-41.23717694664,
    149.06989221472));
#1234 = CARTESIAN_POINT('',(-7.905382959173,-41.24941461817,
    148.60627144114));
#1235 = CARTESIAN_POINT('',(-7.810555771179,-41.26765611798,
    148.14539156883));
#1236 = CARTESIAN_POINT('',(-7.683517969272,-41.29167437579,
    147.68871620707));
#1237 = CARTESIAN_POINT('',(-7.523604153791,-41.3211091402,
    147.23792810491));
#1238 = CARTESIAN_POINT('',(-7.173386725276,-41.38318263505,
    146.43696076924));
#1239 = CARTESIAN_POINT('',(-6.994773689094,-41.41412724438,
    146.08405789357));
#1240 = CARTESIAN_POINT('',(-6.79361424249,-41.44799523017,
    145.73728262882));
#1241 = CARTESIAN_POINT('',(-6.569303920486,-41.48444678324,
    145.39778384092));
#1242 = CARTESIAN_POINT('',(-6.321167769491,-41.52305357402,
    145.06695570341));
#1243 = CARTESIAN_POINT('',(-6.048497638622,-41.56327851769,
    144.74649535856));
#1244 = CARTESIAN_POINT('',(-5.555637632449,-41.63140188393,
    144.23688185995));
#1245 = CARTESIAN_POINT('',(-5.349823944967,-41.65876330517,
    144.04056877544));
#1246 = CARTESIAN_POINT('',(-5.132997230654,-41.68634628172,
    143.85016239711));
#1247 = CARTESIAN_POINT('',(-4.905024661922,-41.71393175028,
    143.6663627981));
#1248 = CARTESIAN_POINT('',(-4.665800404199,-41.74127530525,
    143.48993580472));
#1249 = CARTESIAN_POINT('',(-4.415254258606,-41.76810739828,
    143.32171974852));
#1250 = CARTESIAN_POINT('',(-3.964087294759,-41.81294285244,
    143.04765829413));
#1251 = CARTESIAN_POINT('',(-3.768860324454,-41.83133393769,
    142.9374359341));
#1252 = CARTESIAN_POINT('',(-3.567793509148,-41.84918306447,
    142.83239112269));
#1253 = CARTESIAN_POINT('',(-3.361024256373,-41.86636267246,
    142.73294519825));
#1254 = CARTESIAN_POINT('',(-3.148713307603,-41.88274338865,
    142.63951512964));
#1255 = CARTESIAN_POINT('',(-2.931044780091,-41.89819604595,
    142.55251379276));
#1256 = CARTESIAN_POINT('',(-2.350769704211,-41.93569112869,
    142.3437479468));
#1257 = CARTESIAN_POINT('',(-1.979341398443,-41.95611972915,
    142.23248522363));
#1258 = CARTESIAN_POINT('',(-1.596235235242,-41.97323736185,
    142.14093045126));
#1259 = CARTESIAN_POINT('',(-1.203988501543,-41.98649385294,
    142.07090632878));
#1260 = CARTESIAN_POINT('',(-0.805314298915,-41.99548796671,
    142.02368857281));
#1261 = CARTESIAN_POINT('',(-0.40303261574,-42.,142.));
#1262 = CARTESIAN_POINT('',(-5.329070518201E-15,-42.,142.));
#1263 = PCURVE('',#629,#1264);
#1264 = DEFINITIONAL_REPRESENTATION('',(#1265),#1364);
#1265 = B_SPLINE_CURVE_WITH_KNOTS('',7,(#1266,#1267,#1268,#1269,#1270,
    #1271,#1272,#1273,#1274,#1275,#1276,#1277,#1278,#1279,#1280,#1281,
    #1282,#1283,#1284,#1285,#1286,#1287,#1288,#1289,#1290,#1291,#1292,
    #1293,#1294,#1295,#1296,#1297,#1298,#1299,#1300,#1301,#1302,#1303,
    #1304,#1305,#1306,#1307,#1308,#1309,#1310,#1311,#1312,#1313,#1314,
    #1315,#1316,#1317,#1318,#1319,#1320,#1321,#1322,#1323,#1324,#1325,
    #1326,#1327,#1328,#1329,#1330,#1331,#1332,#1333,#1334,#1335,#1336,
    #1337,#1338,#1339,#1340,#1341,#1342,#1343,#1344,#1345,#1346,#1347,
    #1348,#1349,#1350,#1351,#1352,#1353,#1354,#1355,#1356,#1357,#1358,
    #1359,#1360,#1361,#1362,#1363),.UNSPECIFIED.,.F.,.F.,(8,6,6,6,6,6,6,
    6,6,6,6,6,6,6,6,6,8),(0.,4.607201150157E-02,7.47907071389E-02,
    0.11452829374,0.148001110598,0.249320085937,0.350780082373,
    0.425885434899,0.50168646155,0.574551965205,0.676867970556,
    0.749915459665,0.824941773284,0.885598206496,0.925291925777,
    0.953978917623,1.),.UNSPECIFIED.);
#1266 = CARTESIAN_POINT('',(0.,112.));
#1267 = CARTESIAN_POINT('',(5.037925317082E-02,112.));
#1268 = CARTESIAN_POINT('',(0.100664477999,111.99548793514));
#1269 = CARTESIAN_POINT('',(0.150707549013,111.98649380926));
#1270 = CARTESIAN_POINT('',(0.200361291536,111.97323733911));
#1271 = CARTESIAN_POINT('',(0.249471115855,111.95611974389));
#1272 = CARTESIAN_POINT('',(0.297866508967,111.93569116296));
#1273 = CARTESIAN_POINT('',(0.374952402332,111.89819604595));
#1274 = CARTESIAN_POINT('',(0.404236028856,111.88274338865));
#1275 = CARTESIAN_POINT('',(0.433203881114,111.86636267246));
#1276 = CARTESIAN_POINT('',(0.461855144571,111.84918306447));
#1277 = CARTESIAN_POINT('',(0.490187563014,111.83133393769));
#1278 = CARTESIAN_POINT('',(0.518197429042,111.81294285244));
#1279 = CARTESIAN_POINT('',(0.584182903816,111.76810739874));
#1280 = CARTESIAN_POINT('',(0.621866354431,111.74127530478));
#1281 = CARTESIAN_POINT('',(0.658964763994,111.71393174992));
#1282 = CARTESIAN_POINT('',(0.695509867933,111.6863462821));
#1283 = CARTESIAN_POINT('',(0.731530899263,111.65876330564));
#1284 = CARTESIAN_POINT('',(0.767055188342,111.63140188346));
#1285 = CARTESIAN_POINT('',(0.831636018105,111.581757381));
#1286 = CARTESIAN_POINT('',(0.860835435016,111.55934906814));
#1287 = CARTESIAN_POINT('',(0.889728796875,111.53734174657));
#1288 = CARTESIAN_POINT('',(0.91833628834,111.51583506182));
#1289 = CARTESIAN_POINT('',(0.946677188027,111.49491786258));
#1290 = CARTESIAN_POINT('',(0.974770561335,111.47466890405));
#1291 = CARTESIAN_POINT('',(1.086981796365,111.39609857583));
#1292 = CARTESIAN_POINT('',(1.169272892255,111.34377391711));
#1293 = CARTESIAN_POINT('',(1.249991870307,111.30015792632));
#1294 = CARTESIAN_POINT('',(1.329556740808,111.26650776215));
#1295 = CARTESIAN_POINT('',(1.408356524316,111.24358066134));
#1296 = CARTESIAN_POINT('',(1.486778364871,111.23175859869));
#1297 = CARTESIAN_POINT('',(1.643783076974,111.23040113028));
#1298 = CARTESIAN_POINT('',(1.722279057383,111.24089750756));
#1299 = CARTESIAN_POINT('',(1.80111767401,111.26256201428));
#1300 = CARTESIAN_POINT('',(1.880685185043,111.29504024731));
#1301 = CARTESIAN_POINT('',(1.961369349556,111.33760436719));
#1302 = CARTESIAN_POINT('',(2.043586423157,111.38903296521));
#1303 = CARTESIAN_POINT('',(2.190167127551,111.49060123706));
#1304 = CARTESIAN_POINT('',(2.253670424359,111.53764035731));
#1305 = CARTESIAN_POINT('',(2.318524447455,111.58774162447));
#1306 = CARTESIAN_POINT('',(2.384930903368,111.63990810013));
#1307 = CARTESIAN_POINT('',(2.453101210513,111.69284283311));
#1308 = CARTESIAN_POINT('',(2.523269603335,111.74491003659));
#1309 = CARTESIAN_POINT('',(2.668827572832,111.84381297887));
#1310 = CARTESIAN_POINT('',(2.745063881398,111.89114259319));
#1311 = CARTESIAN_POINT('',(2.823687062836,111.93322409137));
#1312 = CARTESIAN_POINT('',(2.904160668117,111.9670981964));
#1313 = CARTESIAN_POINT('',(2.986063288547,111.99028334016));
#1314 = CARTESIAN_POINT('',(3.069034471493,112.00132618489));
#1315 = CARTESIAN_POINT('',(3.233190265477,111.99853972556));
#1316 = CARTESIAN_POINT('',(3.312828428695,111.98568241743));
#1317 = CARTESIAN_POINT('',(3.391371121939,111.9618165569));
#1318 = CARTESIAN_POINT('',(3.468517638388,111.92835890696));
#1319 = CARTESIAN_POINT('',(3.543912138169,111.88753726874));
#1320 = CARTESIAN_POINT('',(3.617101567201,111.84194861415));
#1321 = CARTESIAN_POINT('',(3.786285034772,111.72699274615));
#1322 = CARTESIAN_POINT('',(3.880821716568,111.65459120197));
#1323 = CARTESIAN_POINT('',(3.971821671951,111.58192812957));
#1324 = CARTESIAN_POINT('',(4.05985245358,111.51282347856));
#1325 = CARTESIAN_POINT('',(4.145447608374,111.44988177781));
#1326 = CARTESIAN_POINT('',(4.229101041689,111.39491594942));
#1327 = CARTESIAN_POINT('',(4.370044425235,111.31650977666));
#1328 = CARTESIAN_POINT('',(4.428031479888,111.28854871767));
#1329 = CARTESIAN_POINT('',(4.485454806381,111.26575754653));
#1330 = CARTESIAN_POINT('',(4.542460882966,111.2484593459));
#1331 = CARTESIAN_POINT('',(4.599190982028,111.23685833045));
#1332 = CARTESIAN_POINT('',(4.655786031776,111.23105625617));
#1333 = CARTESIAN_POINT('',(4.770525278098,111.23105625617));
#1334 = CARTESIAN_POINT('',(4.828652502337,111.23717694664));
#1335 = CARTESIAN_POINT('',(4.886925868857,111.24941461817));
#1336 = CARTESIAN_POINT('',(4.945498418052,111.26765611798));
#1337 = CARTESIAN_POINT('',(5.004523566495,111.29167437579));
#1338 = CARTESIAN_POINT('',(5.064160693282,111.3211091402));
#1339 = CARTESIAN_POINT('',(5.173433925942,111.38318263505));
#1340 = CARTESIAN_POINT('',(5.222796344806,111.41412724438));
#1341 = CARTESIAN_POINT('',(5.27277706887,111.44799523017));
#1342 = CARTESIAN_POINT('',(5.323482243387,111.48444678324));
#1343 = CARTESIAN_POINT('',(5.375021403482,111.52305357402));
#1344 = CARTESIAN_POINT('',(5.427510769867,111.56327851769));
#1345 = CARTESIAN_POINT('',(5.516130119444,111.63140188393));
#1346 = CARTESIAN_POINT('',(5.55165440727,111.65876330517));
#1347 = CARTESIAN_POINT('',(5.587675438757,111.68634628172));
#1348 = CARTESIAN_POINT('',(5.624220543722,111.71393175028));
#1349 = CARTESIAN_POINT('',(5.661318953386,111.74127530525));
#1350 = CARTESIAN_POINT('',(5.699002402694,111.76810739828));
#1351 = CARTESIAN_POINT('',(5.764987878137,111.81294285244));
#1352 = CARTESIAN_POINT('',(5.792997744166,111.83133393769));
#1353 = CARTESIAN_POINT('',(5.821330162609,111.84918306447));
#1354 = CARTESIAN_POINT('',(5.849981426066,111.86636267246));
#1355 = CARTESIAN_POINT('',(5.878949278323,111.88274338865));
#1356 = CARTESIAN_POINT('',(5.908232904847,111.89819604595));
#1357 = CARTESIAN_POINT('',(5.98531872777,111.93569112869));
#1358 = CARTESIAN_POINT('',(6.03371414205,111.95611972915));
#1359 = CARTESIAN_POINT('',(6.082824046105,111.97323736185));
#1360 = CARTESIAN_POINT('',(6.132477885605,111.98649385294));
#1361 = CARTESIAN_POINT('',(6.18252102375,111.99548796671));
#1362 = CARTESIAN_POINT('',(6.232806230212,112.));
#1363 = CARTESIAN_POINT('',(6.28318530718,112.));
#1364 = ( GEOMETRIC_REPRESENTATION_CONTEXT(2) 
PARAMETRIC_REPRESENTATION_CONTEXT() REPRESENTATION_CONTEXT('2D SPACE',''
  ) );
#1365 = PCURVE('',#759,#1366);
#1366 = DEFINITIONAL_REPRESENTATION('',(#1367),#1466);
#1367 = B_SPLINE_CURVE_WITH_KNOTS('',7,(#1368,#1369,#1370,#1371,#1372,
    #1373,#1374,#1375,#1376,#1377,#1378,#1379,#1380,#1381,#1382,#1383,
    #1384,#1385,#1386,#1387,#1388,#1389,#1390,#1391,#1392,#1393,#1394,
    #1395,#1396,#1397,#1398,#1399,#1400,#1401,#1402,#1403,#1404,#1405,
    #1406,#1407,#1408,#1409,#1410,#1411,#1412,#1413,#1414,#1415,#1416,
    #1417,#1418,#1419,#1420,#1421,#1422,#1423,#1424,#1425,#1426,#1427,
    #1428,#1429,#1430,#1431,#1432,#1433,#1434,#1435,#1436,#1437,#1438,
    #1439,#1440,#1441,#1442,#1443,#1444,#1445,#1446,#1447,#1448,#1449,
    #1450,#1451,#1452,#1453,#1454,#1455,#1456,#1457,#1458,#1459,#1460,
    #1461,#1462,#1463,#1464,#1465),.UNSPECIFIED.,.T.,.F.,(8,6,6,6,6,6,6,
    6,6,6,6,6,6,6,6,6,8),(0.,4.607201150157E-02,7.47907071389E-02,
    0.11452829374,0.148001110598,0.249320085937,0.350780082373,
    0.425885434899,0.50168646155,0.574551965205,0.676867970556,
    0.749915459665,0.824941773284,0.885598206496,0.925291925777,
    0.953978917623,1.),.UNSPECIFIED.);
#1368 = CARTESIAN_POINT('',(4.712388980385,142.));
#1369 = CARTESIAN_POINT('',(4.721985028608,142.));
#1370 = CARTESIAN_POINT('',(4.731563168239,142.02368873821));
#1371 = CARTESIAN_POINT('',(4.741056838252,142.07090655898));
#1372 = CARTESIAN_POINT('',(4.75040033787,142.14093057577));
#1373 = CARTESIAN_POINT('',(4.759530206405,142.23248514929));
#1374 = CARTESIAN_POINT('',(4.768386694238,142.34374775603));
#1375 = CARTESIAN_POINT('',(4.782231592749,142.55251379276));
#1376 = CARTESIAN_POINT('',(4.787427115119,142.63951512964));
#1377 = CARTESIAN_POINT('',(4.792497012434,142.73294519825));
#1378 = CARTESIAN_POINT('',(4.797436905913,142.83239112269));
#1379 = CARTESIAN_POINT('',(4.802242922982,142.9374359341));
#1380 = CARTESIAN_POINT('',(4.806911702605,143.04765829413));
#1381 = CARTESIAN_POINT('',(4.817706685562,143.32171974574));
#1382 = CARTESIAN_POINT('',(4.823706007152,143.48993580793));
#1383 = CARTESIAN_POINT('',(4.829438686453,143.66636280037));
#1384 = CARTESIAN_POINT('',(4.834906000936,143.85016239433));
#1385 = CARTESIAN_POINT('',(4.840110010576,144.04056877233));
#1386 = CARTESIAN_POINT('',(4.845053383937,144.23688186344));
#1387 = CARTESIAN_POINT('',(4.853686325432,144.60825970311));
#1388 = CARTESIAN_POINT('',(4.8574515233,144.78183040987));
#1389 = CARTESIAN_POINT('',(4.861037403749,144.95883074673));
#1390 = CARTESIAN_POINT('',(4.864446499625,145.13894885144));
#1391 = CARTESIAN_POINT('',(4.867681297628,145.32190288861));
#1392 = CARTESIAN_POINT('',(4.870744245202,145.50744098665));
#1393 = CARTESIAN_POINT('',(4.882396138759,146.26409684883));
#1394 = CARTESIAN_POINT('',(4.889605607837,146.85472211098));
#1395 = CARTESIAN_POINT('',(4.895324928411,147.46074775522));
#1396 = CARTESIAN_POINT('',(4.899601907207,148.07737237426));
#1397 = CARTESIAN_POINT('',(4.902470586273,148.70082449974));
#1398 = CARTESIAN_POINT('',(4.903948381207,149.32786627105));
#1399 = CARTESIAN_POINT('',(4.904118067391,150.5838844823));
#1400 = CARTESIAN_POINT('',(4.902805983481,151.2121601495));
#1401 = CARTESIAN_POINT('',(4.900100261816,151.83717676644));
#1402 = CARTESIAN_POINT('',(4.895984763467,152.45569747598));
#1403 = CARTESIAN_POINT('',(4.890426697883,153.06398207491));
#1404 = CARTESIAN_POINT('',(4.883379329309,153.65729433567));
#1405 = CARTESIAN_POINT('',(4.868422306422,154.652676167));
#1406 = CARTESIAN_POINT('',(4.861207116436,155.06472334349));
#1407 = CARTESIAN_POINT('',(4.85311292942,155.46279975844));
#1408 = CARTESIAN_POINT('',(4.844112300841,155.84363327184));
#1409 = CARTESIAN_POINT('',(4.834178984582,156.20318674834));
#1410 = CARTESIAN_POINT('',(4.823291888976,156.53648392524));
#1411 = CARTESIAN_POINT('',(4.799479136163,157.14103861777));
#1412 = CARTESIAN_POINT('',(4.786403974151,157.41503312158));
#1413 = CARTESIAN_POINT('',(4.772346985649,157.64709162052));
#1414 = CARTESIAN_POINT('',(4.757485113686,157.82747545849));
#1415 = CARTESIAN_POINT('',(4.742028488752,157.94897744099));
#1416 = CARTESIAN_POINT('',(4.726208675393,158.00696290191));
#1417 = CARTESIAN_POINT('',(4.694942774999,157.99233311555));
#1418 = CARTESIAN_POINT('',(4.679789945289,157.92482149009));
#1419 = CARTESIAN_POINT('',(4.665016835882,157.79928214823));
#1420 = CARTESIAN_POINT('',(4.650821348732,157.62019838658));
#1421 = CARTESIAN_POINT('',(4.637382227639,157.39412267488));
#1422 = CARTESIAN_POINT('',(4.624849943561,157.12964249131));
#1423 = CARTESIAN_POINT('',(4.597172145449,156.4269625929));
#1424 = CARTESIAN_POINT('',(4.582808024766,155.95643268434));
#1425 = CARTESIAN_POINT('',(4.570210891777,155.44137444076));
#1426 = CARTESIAN_POINT('',(4.559314148467,154.89318493137));
#1427 = CARTESIAN_POINT('',(4.550042387259,154.32026670166));
#1428 = CARTESIAN_POINT('',(4.542326768353,153.72878072361));
#1429 = CARTESIAN_POINT('',(4.531681275712,152.6907046429));
#1430 = CARTESIAN_POINT('',(4.528013694491,152.25105975715));
#1431 = CARTESIAN_POINT('',(4.525096520586,151.80599718398));
#1432 = CARTESIAN_POINT('',(4.522917174962,151.35705590642));
#1433 = CARTESIAN_POINT('',(4.521467043572,150.90558366708));
#1434 = CARTESIAN_POINT('',(4.520741785409,150.45282358886));
#1435 = CARTESIAN_POINT('',(4.520741785409,149.53490961829));
#1436 = CARTESIAN_POINT('',(4.521506870357,149.06989221472));
#1437 = CARTESIAN_POINT('',(4.523036584718,148.60627144114));
#1438 = CARTESIAN_POINT('',(4.525335768133,148.14539156883));
#1439 = CARTESIAN_POINT('',(4.528414027151,147.68871620707));
#1440 = CARTESIAN_POINT('',(4.532285377035,147.23792810491));
#1441 = CARTESIAN_POINT('',(4.540753851519,146.43696076924));
#1442 = CARTESIAN_POINT('',(4.545069856217,146.08405789357));
#1443 = CARTESIAN_POINT('',(4.549926692932,145.73728262882));
#1444 = CARTESIAN_POINT('',(4.555337297449,145.39778384092));
#1445 = CARTESIAN_POINT('',(4.561316106713,145.06695570341));
#1446 = CARTESIAN_POINT('',(4.567878249404,144.74649535856));
#1447 = CARTESIAN_POINT('',(4.579724576914,144.23688185995));
#1448 = CARTESIAN_POINT('',(4.584667950095,144.04056877544));
#1449 = CARTESIAN_POINT('',(4.589871959767,143.85016239711));
#1450 = CARTESIAN_POINT('',(4.595339274404,143.6663627981));
#1451 = CARTESIAN_POINT('',(4.601071953711,143.48993580472));
#1452 = CARTESIAN_POINT('',(4.607071275097,143.32171974852));
#1453 = CARTESIAN_POINT('',(4.617866258165,143.04765829413));
#1454 = CARTESIAN_POINT('',(4.622535037788,142.9374359341));
#1455 = CARTESIAN_POINT('',(4.627341054856,142.83239112269));
#1456 = CARTESIAN_POINT('',(4.632280948335,142.73294519825));
#1457 = CARTESIAN_POINT('',(4.63735084565,142.63951512964));
#1458 = CARTESIAN_POINT('',(4.64254636802,142.55251379276));
#1459 = CARTESIAN_POINT('',(4.65639125388,142.3437479468));
#1460 = CARTESIAN_POINT('',(4.665247745025,142.23248522363));
#1461 = CARTESIAN_POINT('',(4.674377628173,142.14093045126));
#1462 = CARTESIAN_POINT('',(4.68372114639,142.07090632878));
#1463 = CARTESIAN_POINT('',(4.693214829591,142.02368857281));
#1464 = CARTESIAN_POINT('',(4.702792965724,142.));
#1465 = CARTESIAN_POINT('',(4.712388980385,142.));
#1466 = ( GEOMETRIC_REPRESENTATION_CONTEXT(2) 
PARAMETRIC_REPRESENTATION_CONTEXT() REPRESENTATION_CONTEXT('2D SPACE',''
  ) );
#1467 = ORIENTED_EDGE('',*,*,#1139,.T.);
#1468 = ADVANCED_FACE('',(#1469,#1495,#1498),#759,.F.);
#1469 = FACE_BOUND('',#1470,.F.);
#1470 = EDGE_LOOP('',(#1471,#1492,#1493,#1494));
#1471 = ORIENTED_EDGE('',*,*,#1472,.T.);
#1472 = EDGE_CURVE('',#743,#778,#1473,.T.);
#1473 = SEAM_CURVE('',#1474,(#1478,#1485),.PCURVE_S1.);
#1474 = LINE('',#1475,#1476);
#1475 = CARTESIAN_POINT('',(42.,-1.028703311284E-14,0.));
#1476 = VECTOR('',#1477,1.);
#1477 = DIRECTION('',(0.,0.,1.));
#1478 = PCURVE('',#759,#1479);
#1479 = DEFINITIONAL_REPRESENTATION('',(#1480),#1484);
#1480 = LINE('',#1481,#1482);
#1481 = CARTESIAN_POINT('',(6.28318530718,-0.));
#1482 = VECTOR('',#1483,1.);
#1483 = DIRECTION('',(0.,1.));
#1484 = ( GEOMETRIC_REPRESENTATION_CONTEXT(2) 
PARAMETRIC_REPRESENTATION_CONTEXT() REPRESENTATION_CONTEXT('2D SPACE',''
  ) );
#1485 = PCURVE('',#759,#1486);
#1486 = DEFINITIONAL_REPRESENTATION('',(#1487),#1491);
#1487 = LINE('',#1488,#1489);
#1488 = CARTESIAN_POINT('',(0.,-0.));
#1489 = VECTOR('',#1490,1.);
#1490 = DIRECTION('',(0.,1.));
#1491 = ( GEOMETRIC_REPRESENTATION_CONTEXT(2) 
PARAMETRIC_REPRESENTATION_CONTEXT() REPRESENTATION_CONTEXT('2D SPACE',''
  ) );
#1492 = ORIENTED_EDGE('',*,*,#777,.F.);
#1493 = ORIENTED_EDGE('',*,*,#1472,.F.);
#1494 = ORIENTED_EDGE('',*,*,#742,.T.);
#1495 = FACE_BOUND('',#1496,.F.);
#1496 = EDGE_LOOP('',(#1497));
#1497 = ORIENTED_EDGE('',*,*,#1162,.F.);
#1498 = FACE_BOUND('',#1499,.F.);
#1499 = EDGE_LOOP('',(#1500));
#1500 = ORIENTED_EDGE('',*,*,#804,.T.);
#1501 = ( GEOMETRIC_REPRESENTATION_CONTEXT(3) 
GLOBAL_UNCERTAINTY_ASSIGNED_CONTEXT((#1505)) 
GLOBAL_UNIT_ASSIGNED_CONTEXT((#1502,#1503,#1504)) REPRESENTATION_CONTEXT
('Context #1','3D Context with UNIT and UNCERTAINTY') );
#1502 = ( LENGTH_UNIT() NAMED_UNIT(*) SI_UNIT(.MILLI.,.METRE.) );
#1503 = ( NAMED_UNIT(*) PLANE_ANGLE_UNIT() SI_UNIT($,.RADIAN.) );
#1504 = ( NAMED_UNIT(*) SI_UNIT($,.STERADIAN.) SOLID_ANGLE_UNIT() );
#1505 = UNCERTAINTY_MEASURE_WITH_UNIT(LENGTH_MEASURE(2.E-07),#1502,
  'distance_accuracy_value','confusion accuracy');
#1506 = PRODUCT_RELATED_PRODUCT_CATEGORY('part',$,(#7));
ENDSEC;
END-ISO-10303-21;
