ISO-10303-21;
HEADER;
FILE_DESCRIPTION(('Open CASCADE Model'),'2;1');
FILE_NAME('Open CASCADE Shape Model','2026-08-04T23:25:45',('Author'),(
    'Open CASCADE'),'Open CASCADE STEP processor 8.0','Open CASCADE 8.0'
  ,'Unknown');
FILE_SCHEMA(('AUTOMOTIVE_DESIGN { 1 0 10303 214 1 1 1 1 }'));
ENDSEC;
DATA;
#1 = APPLICATION_PROTOCOL_DEFINITION('international standard',
  'automotive_design',2000,#2);
#2 = APPLICATION_CONTEXT(
  'core data for automotive mechanical design processes');
#3 = SHAPE_DEFINITION_REPRESENTATION(#4,#10);
#4 = PRODUCT_DEFINITION_SHAPE('','',#5);
#5 = PRODUCT_DEFINITION('design','',#6,#9);
#6 = PRODUCT_DEFINITION_FORMATION('','',#7);
#7 = PRODUCT('Open CASCADE STEP translator 8.0 4',
  'Open CASCADE STEP translator 8.0 4','',(#8));
#8 = PRODUCT_CONTEXT('',#2,'mechanical');
#9 = PRODUCT_DEFINITION_CONTEXT('part definition',#2,'design');
#10 = ADVANCED_BREP_SHAPE_REPRESENTATION('',(#11,#15),#1564);
#11 = AXIS2_PLACEMENT_3D('',#12,#13,#14);
#12 = CARTESIAN_POINT('',(0.,0.,0.));
#13 = DIRECTION('',(0.,0.,1.));
#14 = DIRECTION('',(1.,0.,-0.));
#15 = MANIFOLD_SOLID_BREP('',#16);
#16 = CLOSED_SHELL('',(#17,#774,#809,#839,#1200,#1531));
#17 = ADVANCED_FACE('',(#18,#105,#447),#32,.T.);
#18 = FACE_BOUND('',#19,.T.);
#19 = EDGE_LOOP('',(#20,#50,#77,#78));
#20 = ORIENTED_EDGE('',*,*,#21,.T.);
#21 = EDGE_CURVE('',#22,#24,#26,.T.);
#22 = VERTEX_POINT('',#23);
#23 = CARTESIAN_POINT('',(50.,-1.224646799147E-14,0.));
#24 = VERTEX_POINT('',#25);
#25 = CARTESIAN_POINT('',(50.,-1.224646799147E-14,300.));
#26 = SEAM_CURVE('',#27,(#31,#43),.PCURVE_S1.);
#27 = LINE('',#28,#29);
#28 = CARTESIAN_POINT('',(50.,-1.224646799147E-14,0.));
#29 = VECTOR('',#30,1.);
#30 = DIRECTION('',(0.,0.,1.));
#31 = PCURVE('',#32,#37);
#32 = CYLINDRICAL_SURFACE('',#33,50.);
#33 = AXIS2_PLACEMENT_3D('',#34,#35,#36);
#34 = CARTESIAN_POINT('',(0.,0.,0.));
#35 = DIRECTION('',(0.,0.,1.));
#36 = DIRECTION('',(1.,0.,0.));
#37 = DEFINITIONAL_REPRESENTATION('',(#38),#42);
#38 = LINE('',#39,#40);
#39 = CARTESIAN_POINT('',(6.28318530718,-0.));
#40 = VECTOR('',#41,1.);
#41 = DIRECTION('',(0.,1.));
#42 = ( GEOMETRIC_REPRESENTATION_CONTEXT(2) 
PARAMETRIC_REPRESENTATION_CONTEXT() REPRESENTATION_CONTEXT('2D SPACE',''
  ) );
#43 = PCURVE('',#32,#44);
#44 = DEFINITIONAL_REPRESENTATION('',(#45),#49);
#45 = LINE('',#46,#47);
#46 = CARTESIAN_POINT('',(0.,-0.));
#47 = VECTOR('',#48,1.);
#48 = DIRECTION('',(0.,1.));
#49 = ( GEOMETRIC_REPRESENTATION_CONTEXT(2) 
PARAMETRIC_REPRESENTATION_CONTEXT() REPRESENTATION_CONTEXT('2D SPACE',''
  ) );
#50 = ORIENTED_EDGE('',*,*,#51,.F.);
#51 = EDGE_CURVE('',#24,#24,#52,.T.);
#52 = SURFACE_CURVE('',#53,(#58,#65),.PCURVE_S1.);
#53 = CIRCLE('',#54,50.);
#54 = AXIS2_PLACEMENT_3D('',#55,#56,#57);
#55 = CARTESIAN_POINT('',(0.,0.,300.));
#56 = DIRECTION('',(0.,0.,1.));
#57 = DIRECTION('',(1.,0.,-0.));
#58 = PCURVE('',#32,#59);
#59 = DEFINITIONAL_REPRESENTATION('',(#60),#64);
#60 = LINE('',#61,#62);
#61 = CARTESIAN_POINT('',(0.,300.));
#62 = VECTOR('',#63,1.);
#63 = DIRECTION('',(1.,0.));
#64 = ( GEOMETRIC_REPRESENTATION_CONTEXT(2) 
PARAMETRIC_REPRESENTATION_CONTEXT() REPRESENTATION_CONTEXT('2D SPACE',''
  ) );
#65 = PCURVE('',#66,#71);
#66 = PLANE('',#67);
#67 = AXIS2_PLACEMENT_3D('',#68,#69,#70);
#68 = CARTESIAN_POINT('',(0.,0.,300.));
#69 = DIRECTION('',(0.,0.,1.));
#70 = DIRECTION('',(1.,0.,0.));
#71 = DEFINITIONAL_REPRESENTATION('',(#72),#76);
#72 = CIRCLE('',#73,50.);
#73 = AXIS2_PLACEMENT_2D('',#74,#75);
#74 = CARTESIAN_POINT('',(0.,0.));
#75 = DIRECTION('',(1.,0.));
#76 = ( GEOMETRIC_REPRESENTATION_CONTEXT(2) 
PARAMETRIC_REPRESENTATION_CONTEXT() REPRESENTATION_CONTEXT('2D SPACE',''
  ) );
#77 = ORIENTED_EDGE('',*,*,#21,.F.);
#78 = ORIENTED_EDGE('',*,*,#79,.T.);
#79 = EDGE_CURVE('',#22,#22,#80,.T.);
#80 = SURFACE_CURVE('',#81,(#86,#93),.PCURVE_S1.);
#81 = CIRCLE('',#82,50.);
#82 = AXIS2_PLACEMENT_3D('',#83,#84,#85);
#83 = CARTESIAN_POINT('',(0.,0.,0.));
#84 = DIRECTION('',(0.,0.,1.));
#85 = DIRECTION('',(1.,0.,-0.));
#86 = PCURVE('',#32,#87);
#87 = DEFINITIONAL_REPRESENTATION('',(#88),#92);
#88 = LINE('',#89,#90);
#89 = CARTESIAN_POINT('',(0.,0.));
#90 = VECTOR('',#91,1.);
#91 = DIRECTION('',(1.,0.));
#92 = ( GEOMETRIC_REPRESENTATION_CONTEXT(2) 
PARAMETRIC_REPRESENTATION_CONTEXT() REPRESENTATION_CONTEXT('2D SPACE',''
  ) );
#93 = PCURVE('',#94,#99);
#94 = PLANE('',#95);
#95 = AXIS2_PLACEMENT_3D('',#96,#97,#98);
#96 = CARTESIAN_POINT('',(0.,0.,0.));
#97 = DIRECTION('',(0.,0.,1.));
#98 = DIRECTION('',(1.,0.,0.));
#99 = DEFINITIONAL_REPRESENTATION('',(#100),#104);
#100 = CIRCLE('',#101,50.);
#101 = AXIS2_PLACEMENT_2D('',#102,#103);
#102 = CARTESIAN_POINT('',(0.,0.));
#103 = DIRECTION('',(1.,0.));
#104 = ( GEOMETRIC_REPRESENTATION_CONTEXT(2) 
PARAMETRIC_REPRESENTATION_CONTEXT() REPRESENTATION_CONTEXT('2D SPACE',''
  ) );
#105 = FACE_BOUND('',#106,.T.);
#106 = EDGE_LOOP('',(#107));
#107 = ORIENTED_EDGE('',*,*,#108,.T.);
#108 = EDGE_CURVE('',#109,#109,#111,.T.);
#109 = VERTEX_POINT('',#110);
#110 = CARTESIAN_POINT('',(-1.714505518806E-15,50.,142.78456515516));
#111 = SURFACE_CURVE('',#112,(#220,#331),.PCURVE_S1.);
#112 = B_SPLINE_CURVE_WITH_KNOTS('',6,(#113,#114,#115,#116,#117,#118,
    #119,#120,#121,#122,#123,#124,#125,#126,#127,#128,#129,#130,#131,
    #132,#133,#134,#135,#136,#137,#138,#139,#140,#141,#142,#143,#144,
    #145,#146,#147,#148,#149,#150,#151,#152,#153,#154,#155,#156,#157,
    #158,#159,#160,#161,#162,#163,#164,#165,#166,#167,#168,#169,#170,
    #171,#172,#173,#174,#175,#176,#177,#178,#179,#180,#181,#182,#183,
    #184,#185,#186,#187,#188,#189,#190,#191,#192,#193,#194,#195,#196,
    #197,#198,#199,#200,#201,#202,#203,#204,#205,#206,#207,#208,#209,
    #210,#211,#212,#213,#214,#215,#216,#217,#218,#219),.UNSPECIFIED.,.T.
  ,.F.,(7,5,5,5,5,5,5,5,5,5,5,5,5,5,5,5,5,5,5,5,5,7),(0.,
    3.980081123861E-02,6.627305393168E-02,0.102473272183,0.13394749286,
    0.160180727318,0.234387555047,0.30947915425,0.374352613975,
    0.418166460681,0.468089169151,0.52236031475,0.58034040559,
    0.624088554278,0.689535297933,0.764201786179,0.83916502445,
    0.865296492021,0.89684402506,0.933137453168,0.959676523732,1.),
  .UNSPECIFIED.);
#113 = CARTESIAN_POINT('',(8.881784197001E-16,50.,142.78456515516));
#114 = CARTESIAN_POINT('',(0.365362257567,50.,142.78456515516));
#115 = CARTESIAN_POINT('',(0.729858128875,49.996796279051,
    142.80895440076));
#116 = CARTESIAN_POINT('',(1.08999412838,49.990417131527,142.85751538111
    ));
#117 = CARTESIAN_POINT('',(1.442322865182,49.981094260854,
    142.92905817486));
#118 = CARTESIAN_POINT('',(1.783571924266,49.969251726426,143.0214381255
    ));
#119 = CARTESIAN_POINT('',(2.328388257658,49.946231612028,143.2047987958
    ));
#120 = CARTESIAN_POINT('',(2.540146912529,49.936144489559,
    143.28600720534));
#121 = CARTESIAN_POINT('',(2.74578439088,49.925290593247,143.37453950894
    ));
#122 = CARTESIAN_POINT('',(2.945083276654,49.913797073761,
    143.46975073446));
#123 = CARTESIAN_POINT('',(3.137865987153,49.901789494429,
    143.57099275565));
#124 = CARTESIAN_POINT('',(3.57852175044,49.872429795179,143.8234151798)
  );
#125 = CARTESIAN_POINT('',(3.820706682737,49.85472838645,143.97933285909
    ));
#126 = CARTESIAN_POINT('',(4.050713208409,49.836555825355,144.1440209355
    ));
#127 = CARTESIAN_POINT('',(4.268781165409,49.818148398907,
    144.31631906669));
#128 = CARTESIAN_POINT('',(4.475199524798,49.799708636755,
    144.49523272474));
#129 = CARTESIAN_POINT('',(4.839891219912,49.765494816787,144.8404842706
    ));
#130 = CARTESIAN_POINT('',(5.000975511402,49.749683009724,
    145.00545560517));
#131 = CARTESIAN_POINT('',(5.153765781398,49.734080607372,
    145.17431127354));
#132 = CARTESIAN_POINT('',(5.29848915907,49.718780206564,145.34661193795
    ));
#133 = CARTESIAN_POINT('',(5.435366158617,49.703860094621,
    145.52199536712));
#134 = CARTESIAN_POINT('',(5.672333440234,49.677322624236,
    145.84868739322));
#135 = CARTESIAN_POINT('',(5.774750060021,49.665569587625,145.9991365574
    ));
#136 = CARTESIAN_POINT('',(5.871969870823,49.654166585884,146.1513395459
    ));
#137 = CARTESIAN_POINT('',(5.964094369865,49.643148584744,
    146.30513580615));
#138 = CARTESIAN_POINT('',(6.051217013845,49.632546113959,
    146.46038863103));
#139 = CARTESIAN_POINT('',(6.365962660814,49.593642940547,
    147.05995499463));
#140 = CARTESIAN_POINT('',(6.559256863003,49.568423727354,
    147.51385740426));
#141 = CARTESIAN_POINT('',(6.714878853924,49.547370181604,
    147.97559947557));
#142 = CARTESIAN_POINT('',(6.83393260597,49.530891292756,148.44302483333
    ));
#143 = CARTESIAN_POINT('',(6.916949355102,49.519269450956,148.9145245621
    ));
#144 = CARTESIAN_POINT('',(7.01114468793,49.5060212411,149.86841984452)
  );
#145 = CARTESIAN_POINT('',(7.021430502076,49.504519099966,
    150.35062904331));
#146 = CARTESIAN_POINT('',(6.994503214174,49.508358226107,
    150.83346239454));
#147 = CARTESIAN_POINT('',(6.929663405614,49.517588433902,
    151.31515084459));
#148 = CARTESIAN_POINT('',(6.825667982668,49.532127375208,
    151.79364995719));
#149 = CARTESIAN_POINT('',(6.555534438358,49.56854778777,152.67464935246
    ));
#150 = CARTESIAN_POINT('',(6.399791142231,49.589159170346,
    153.07858672931));
#151 = CARTESIAN_POINT('',(6.212353346029,49.613304039818,
    153.47649622561));
#152 = CARTESIAN_POINT('',(5.991740268699,49.64066380202,153.86631924246
    ));
#153 = CARTESIAN_POINT('',(5.736266855786,49.670731710738,
    154.24532440899));
#154 = CARTESIAN_POINT('',(5.246890037474,49.724335390148,154.856053201)
  );
#155 = CARTESIAN_POINT('',(5.032841311069,49.746830036331,
    155.09572913485));
#156 = CARTESIAN_POINT('',(4.801554843566,49.769961332375,
    155.32762681267));
#157 = CARTESIAN_POINT('',(4.552599745079,49.793417012537,
    155.55030924593));
#158 = CARTESIAN_POINT('',(4.285625080235,49.816817364335,
    155.76211979888));
#159 = CARTESIAN_POINT('',(3.675417196555,49.865795951709,156.1879119396
    ));
#160 = CARTESIAN_POINT('',(3.325960569762,49.891285370751,
    156.39862342208));
#161 = CARTESIAN_POINT('',(2.95300762737,49.915386844931,156.58922861402
    ));
#162 = CARTESIAN_POINT('',(2.558126873235,49.937216366796,
    156.75592754823));
#163 = CARTESIAN_POINT('',(2.143459506917,49.955902750637,
    156.89517985915));
#164 = CARTESIAN_POINT('',(1.242324838692,49.98677021937,157.1217085121)
  );
#165 = CARTESIAN_POINT('',(0.753216001986,49.998227303558,
    157.20328413766));
#166 = CARTESIAN_POINT('',(0.252261774606,50.003966593861,
    157.24328204168));
#167 = CARTESIAN_POINT('',(-0.251681171039,50.00338763393,
    157.23947872597));
#168 = CARTESIAN_POINT('',(-0.749592586644,49.996720280503,
    157.19261004739));
#169 = CARTESIAN_POINT('',(-1.749663964763,49.972048888918,
    157.0143004937));
#170 = CARTESIAN_POINT('',(-2.247345601801,49.953361278931,
    156.87773423988));
#171 = CARTESIAN_POINT('',(-2.720898610032,49.929730386535,
    156.70121213569));
#172 = CARTESIAN_POINT('',(-3.166022871879,49.902511911591,
    156.49010221625));
#173 = CARTESIAN_POINT('',(-3.579514673098,49.873162184717,
    156.25057168843));
#174 = CARTESIAN_POINT('',(-4.246056222984,49.820213676603,
    155.79256057316));
#175 = CARTESIAN_POINT('',(-4.514546833198,49.796894521168,
    155.58267715648));
#176 = CARTESIAN_POINT('',(-4.765086648994,49.773480211109,
    155.36180070002));
#177 = CARTESIAN_POINT('',(-4.998008577194,49.750353471971,
    155.13159753416));
#178 = CARTESIAN_POINT('',(-5.213729368971,49.727830103127,
    154.89351723032));
#179 = CARTESIAN_POINT('',(-5.710369874177,49.673748912784,
    154.28278704516));
#180 = CARTESIAN_POINT('',(-5.970711440096,49.643234784456,
    153.90177481593));
#181 = CARTESIAN_POINT('',(-6.195538575833,49.615435136721,
    153.50959034946));
#182 = CARTESIAN_POINT('',(-6.38658483794,49.590878442316,153.1090633315
    ));
#183 = CARTESIAN_POINT('',(-6.545377223078,49.569896595658,
    152.7023207355));
#184 = CARTESIAN_POINT('',(-6.818836565734,49.533070662998,
    151.82181224197));
#185 = CARTESIAN_POINT('',(-6.924119683286,49.518368919355,
    151.34673159548));
#186 = CARTESIAN_POINT('',(-6.990711606197,49.508897937451,
    150.86841196693));
#187 = CARTESIAN_POINT('',(-7.019848676365,49.504744007565,
    150.38887174006));
#188 = CARTESIAN_POINT('',(-7.012238631233,49.505863317898,
    149.90985113646));
#189 = CARTESIAN_POINT('',(-6.92363767357,49.518332471054,
    148.95449319966));
#190 = CARTESIAN_POINT('',(-6.842378426299,49.529719731737,
    148.47842601396));
#191 = CARTESIAN_POINT('',(-6.724442761825,49.546068029782,
    148.00641352969));
#192 = CARTESIAN_POINT('',(-6.569309020407,49.567091647942,
    147.54009995147));
#193 = CARTESIAN_POINT('',(-6.375862181861,49.592375160194,
    147.08168522756));
#194 = CARTESIAN_POINT('',(-6.061151595131,49.631332444697,
    146.47838567231));
#195 = CARTESIAN_POINT('',(-5.97494144283,49.641841579377,
    146.32376299399));
#196 = CARTESIAN_POINT('',(-5.883785679954,49.652764425794,
    146.17057213264));
#197 = CARTESIAN_POINT('',(-5.787592948648,49.664071124272,
    146.01894683472));
#198 = CARTESIAN_POINT('',(-5.686263965373,49.675727503731,
    145.86904399849));
#199 = CARTESIAN_POINT('',(-5.451030637099,49.702143086202,
    145.54236847674));
#200 = CARTESIAN_POINT('',(-5.314733415772,49.717043796309,
    145.36647411439));
#201 = CARTESIAN_POINT('',(-5.170586622976,49.732331552954,
    145.19364358337));
#202 = CARTESIAN_POINT('',(-5.018369833975,49.747928497543,
    145.02423679688));
#203 = CARTESIAN_POINT('',(-4.857855632463,49.763742510736,
    144.85869056847));
#204 = CARTESIAN_POINT('',(-4.494333354067,49.797983135293,
    144.51210050282));
#205 = CARTESIAN_POINT('',(-4.288509449208,49.816450041796,
    144.33241898736));
#206 = CARTESIAN_POINT('',(-4.071022451444,49.834896311687,
    144.15931534352));
#207 = CARTESIAN_POINT('',(-3.84157750719,49.853120374371,143.9937783682
    ));
#208 = CARTESIAN_POINT('',(-3.599927770557,49.87088669349,
    143.83696412391));
#209 = CARTESIAN_POINT('',(-3.160148489713,49.900381972029,
    143.58290793476));
#210 = CARTESIAN_POINT('',(-2.967723685239,49.912453880493,
    143.48095126659));
#211 = CARTESIAN_POINT('',(-2.768757514433,49.924019514115,
    143.38499513684));
#212 = CARTESIAN_POINT('',(-2.563419931607,49.934953394573,
    143.29568687329));
#213 = CARTESIAN_POINT('',(-2.351920595857,49.945128127221,
    143.21367242393));
#214 = CARTESIAN_POINT('',(-1.804173539126,49.968532883624,
    143.02704699023));
#215 = CARTESIAN_POINT('',(-1.459332524328,49.980641513682,
    142.9325330513));
#216 = CARTESIAN_POINT('',(-1.103043922529,49.990184320606,
    142.85928759487));
#217 = CARTESIAN_POINT('',(-0.738679425164,49.996718053487,
    142.80954993498));
#218 = CARTESIAN_POINT('',(-0.369796004522,50.,142.78456515516));
#219 = CARTESIAN_POINT('',(8.881784197001E-16,50.,142.78456515516));
#220 = PCURVE('',#32,#221);
#221 = DEFINITIONAL_REPRESENTATION('',(#222),#330);
#222 = B_SPLINE_CURVE_WITH_KNOTS('',6,(#223,#224,#225,#226,#227,#228,
    #229,#230,#231,#232,#233,#234,#235,#236,#237,#238,#239,#240,#241,
    #242,#243,#244,#245,#246,#247,#248,#249,#250,#251,#252,#253,#254,
    #255,#256,#257,#258,#259,#260,#261,#262,#263,#264,#265,#266,#267,
    #268,#269,#270,#271,#272,#273,#274,#275,#276,#277,#278,#279,#280,
    #281,#282,#283,#284,#285,#286,#287,#288,#289,#290,#291,#292,#293,
    #294,#295,#296,#297,#298,#299,#300,#301,#302,#303,#304,#305,#306,
    #307,#308,#309,#310,#311,#312,#313,#314,#315,#316,#317,#318,#319,
    #320,#321,#322,#323,#324,#325,#326,#327,#328,#329),.UNSPECIFIED.,.T.
  ,.F.,(7,5,5,5,5,5,5,5,5,5,5,5,5,5,5,5,5,5,5,5,5,7),(0.,
    3.980081123861E-02,6.627305393168E-02,0.102473272183,0.13394749286,
    0.160180727318,0.234387555047,0.30947915425,0.374352613975,
    0.418166460681,0.468089169151,0.52236031475,0.58034040559,
    0.624088554278,0.689535297933,0.764201786179,0.83916502445,
    0.865296492021,0.89684402506,0.933137453168,0.959676523732,1.),
  .UNSPECIFIED.);
#223 = CARTESIAN_POINT('',(1.570796326795,142.78456515516));
#224 = CARTESIAN_POINT('',(1.563489081644,142.78456515516));
#225 = CARTESIAN_POINT('',(1.556199163953,142.80895440076));
#226 = CARTESIAN_POINT('',(1.548995742977,142.85751538111));
#227 = CARTESIAN_POINT('',(1.541947074142,142.92905817486));
#228 = CARTESIAN_POINT('',(1.535118178194,143.0214381255));
#229 = CARTESIAN_POINT('',(1.524212129179,143.2047987958));
#230 = CARTESIAN_POINT('',(1.519972215053,143.28600720534));
#231 = CARTESIAN_POINT('',(1.51585381877,143.37453950894));
#232 = CARTESIAN_POINT('',(1.511861283984,143.46975073446));
#233 = CARTESIAN_POINT('',(1.507998194046,143.57099275565));
#234 = CARTESIAN_POINT('',(1.49916553887,143.8234151798));
#235 = CARTESIAN_POINT('',(1.494309019679,143.97933285909));
#236 = CARTESIAN_POINT('',(1.489694665017,144.1440209355));
#237 = CARTESIAN_POINT('',(1.485317877201,144.31631906669));
#238 = CARTESIAN_POINT('',(1.481173111275,144.49523272474));
#239 = CARTESIAN_POINT('',(1.473847249743,144.8404842706));
#240 = CARTESIAN_POINT('',(1.470610110347,145.00545560517));
#241 = CARTESIAN_POINT('',(1.467538446553,145.17431127354));
#242 = CARTESIAN_POINT('',(1.464627871979,145.34661193795));
#243 = CARTESIAN_POINT('',(1.461874128588,145.52199536712));
#244 = CARTESIAN_POINT('',(1.457105156796,145.84868739322));
#245 = CARTESIAN_POINT('',(1.455043388239,145.9991365574));
#246 = CARTESIAN_POINT('',(1.453085672077,146.1513395459));
#247 = CARTESIAN_POINT('',(1.451230058202,146.30513580615));
#248 = CARTESIAN_POINT('',(1.449474752537,146.46038863103));
#249 = CARTESIAN_POINT('',(1.443131936784,147.05995499463));
#250 = CARTESIAN_POINT('',(1.439233376651,147.51385740426));
#251 = CARTESIAN_POINT('',(1.436092607259,147.97559947557));
#252 = CARTESIAN_POINT('',(1.433688836635,148.44302483333));
#253 = CARTESIAN_POINT('',(1.432012310786,148.9145245621));
#254 = CARTESIAN_POINT('',(1.430109862281,149.86841984452));
#255 = CARTESIAN_POINT('',(1.429901966924,150.35062904331));
#256 = CARTESIAN_POINT('',(1.430445955318,150.83346239454));
#257 = CARTESIAN_POINT('',(1.43175583303,151.31515084459));
#258 = CARTESIAN_POINT('',(1.433855944295,151.79364995719));
#259 = CARTESIAN_POINT('',(1.439307497402,152.67464935246));
#260 = CARTESIAN_POINT('',(1.44244951337,153.07858672931));
#261 = CARTESIAN_POINT('',(1.446229205462,153.47649622561));
#262 = CARTESIAN_POINT('',(1.450675178414,153.86631924246));
#263 = CARTESIAN_POINT('',(1.455819746689,154.24532440899));
#264 = CARTESIAN_POINT('',(1.465665822552,154.856053201));
#265 = CARTESIAN_POINT('',(1.46997033003,155.09572913485));
#266 = CARTESIAN_POINT('',(1.474619043537,155.32762681267));
#267 = CARTESIAN_POINT('',(1.479620052256,155.55030924593));
#268 = CARTESIAN_POINT('',(1.484979873202,155.76211979888));
#269 = CARTESIAN_POINT('',(1.497223280626,156.1879119396));
#270 = CARTESIAN_POINT('',(1.504230799924,156.39862342208));
#271 = CARTESIAN_POINT('',(1.511704998026,156.58922861402));
#272 = CARTESIAN_POINT('',(1.519614106754,156.75592754823));
#273 = CARTESIAN_POINT('',(1.527915381769,156.89517985915));
#274 = CARTESIAN_POINT('',(1.545948645377,157.1217085121));
#275 = CARTESIAN_POINT('',(1.555732935904,157.20328413766));
#276 = CARTESIAN_POINT('',(1.565751553399,157.24328204168));
#277 = CARTESIAN_POINT('',(1.575829245749,157.23947872597));
#278 = CARTESIAN_POINT('',(1.585787737042,157.19261004739));
#279 = CARTESIAN_POINT('',(1.60579525002,157.0143004937));
#280 = CARTESIAN_POINT('',(1.615755056718,156.87773423988));
#281 = CARTESIAN_POINT('',(1.625236925178,156.70121213569));
#282 = CARTESIAN_POINT('',(1.634155316866,156.49010221625));
#283 = CARTESIAN_POINT('',(1.642445681518,156.25057168843));
#284 = CARTESIAN_POINT('',(1.655818507431,155.79256057316));
#285 = CARTESIAN_POINT('',(1.661208389312,155.58267715648));
#286 = CARTESIAN_POINT('',(1.666240873779,155.36180070002));
#287 = CARTESIAN_POINT('',(1.670922124036,155.13159753416));
#288 = CARTESIAN_POINT('',(1.675259949615,154.89351723032));
#289 = CARTESIAN_POINT('',(1.685251477357,154.28278704516));
#290 = CARTESIAN_POINT('',(1.690493775367,153.90177481593));
#291 = CARTESIAN_POINT('',(1.6950244666,153.50959034946));
#292 = CARTESIAN_POINT('',(1.698876786746,153.1090633315));
#293 = CARTESIAN_POINT('',(1.702080228962,152.7023207355));
#294 = CARTESIAN_POINT('',(1.707598785346,151.82181224197));
#295 = CARTESIAN_POINT('',(1.709724853054,151.34673159548));
#296 = CARTESIAN_POINT('',(1.711070101519,150.86841196693));
#297 = CARTESIAN_POINT('',(1.711658732096,150.38887174006));
#298 = CARTESIAN_POINT('',(1.711504896837,149.90985113646));
#299 = CARTESIAN_POINT('',(1.709715415406,148.95449319966));
#300 = CARTESIAN_POINT('',(1.708074350503,148.47842601396));
#301 = CARTESIAN_POINT('',(1.705693088141,148.00641352969));
#302 = CARTESIAN_POINT('',(1.702562074847,147.54009995147));
#303 = CARTESIAN_POINT('',(1.698660322357,147.08168522756));
#304 = CARTESIAN_POINT('',(1.692318069653,146.47838567231));
#305 = CARTESIAN_POINT('',(1.690581105562,146.32376299399));
#306 = CARTESIAN_POINT('',(1.688744955053,146.17057213264));
#307 = CARTESIAN_POINT('',(1.686807864652,146.01894683472));
#308 = CARTESIAN_POINT('',(1.684767927085,145.86904399849));
#309 = CARTESIAN_POINT('',(1.680033690009,145.54236847674));
#310 = CARTESIAN_POINT('',(1.677291515649,145.36647411439));
#311 = CARTESIAN_POINT('',(1.674392434993,145.19364358337));
#312 = CARTESIAN_POINT('',(1.671332192027,145.02423679688));
#313 = CARTESIAN_POINT('',(1.668106395088,144.85869056847));
#314 = CARTESIAN_POINT('',(1.66080376906,144.51210050282));
#315 = CARTESIAN_POINT('',(1.656670796077,144.33241898736));
#316 = CARTESIAN_POINT('',(1.65230551987,144.15931534352));
#317 = CARTESIAN_POINT('',(1.647702279628,143.9937783682));
#318 = CARTESIAN_POINT('',(1.642856340229,143.83696412391));
#319 = CARTESIAN_POINT('',(1.634040994806,143.58290793476));
#320 = CARTESIAN_POINT('',(1.630184968558,143.48095126659));
#321 = CARTESIAN_POINT('',(1.626198993219,143.38499513684));
#322 = CARTESIAN_POINT('',(1.62208650142,143.29568687329));
#323 = CARTESIAN_POINT('',(1.617851683799,143.21367242393));
#324 = CARTESIAN_POINT('',(1.606886746576,143.02704699023));
#325 = CARTESIAN_POINT('',(1.599985875032,142.9325330513));
#326 = CARTESIAN_POINT('',(1.592857932301,142.85928759487));
#327 = CARTESIAN_POINT('',(1.58556991558,142.80954993498));
#328 = CARTESIAN_POINT('',(1.578192246885,142.78456515516));
#329 = CARTESIAN_POINT('',(1.570796326795,142.78456515516));
#330 = ( GEOMETRIC_REPRESENTATION_CONTEXT(2) 
PARAMETRIC_REPRESENTATION_CONTEXT() REPRESENTATION_CONTEXT('2D SPACE',''
  ) );
#331 = PCURVE('',#332,#337);
#332 = CYLINDRICAL_SURFACE('',#333,7.);
#333 = AXIS2_PLACEMENT_3D('',#334,#335,#336);
#334 = CARTESIAN_POINT('',(0.,70.,145.));
#335 = DIRECTION('',(0.,-0.970142500145,0.242535625036));
#336 = DIRECTION('',(0.,-0.242535625036,-0.970142500145));
#337 = DEFINITIONAL_REPRESENTATION('',(#338),#446);
#338 = B_SPLINE_CURVE_WITH_KNOTS('',6,(#339,#340,#341,#342,#343,#344,
    #345,#346,#347,#348,#349,#350,#351,#352,#353,#354,#355,#356,#357,
    #358,#359,#360,#361,#362,#363,#364,#365,#366,#367,#368,#369,#370,
    #371,#372,#373,#374,#375,#376,#377,#378,#379,#380,#381,#382,#383,
    #384,#385,#386,#387,#388,#389,#390,#391,#392,#393,#394,#395,#396,
    #397,#398,#399,#400,#401,#402,#403,#404,#405,#406,#407,#408,#409,
    #410,#411,#412,#413,#414,#415,#416,#417,#418,#419,#420,#421,#422,
    #423,#424,#425,#426,#427,#428,#429,#430,#431,#432,#433,#434,#435,
    #436,#437,#438,#439,#440,#441,#442,#443,#444,#445),.UNSPECIFIED.,.F.
  ,.F.,(7,5,5,5,5,5,5,5,5,5,5,5,5,5,5,5,5,5,5,5,5,7),(0.,
    3.980081123861E-02,6.627305393168E-02,0.102473272183,0.13394749286,
    0.160180727318,0.234387555047,0.30947915425,0.374352613975,
    0.418166460681,0.468089169151,0.52236031475,0.58034040559,
    0.624088554278,0.689535297933,0.764201786179,0.83916502445,
    0.865296492021,0.89684402506,0.933137453168,0.959676523732,1.),
  .UNSPECIFIED.);
#339 = CARTESIAN_POINT('',(0.,18.865528128088));
#340 = CARTESIAN_POINT('',(5.219460822388E-02,18.865528128088));
#341 = CARTESIAN_POINT('',(0.104265446153,18.874551454863));
#342 = CARTESIAN_POINT('',(0.155969401103,18.892517904713));
#343 = CARTESIAN_POINT('',(0.207063803106,18.918914093976));
#344 = CARTESIAN_POINT('',(0.257281458437,18.952808469003));
#345 = CARTESIAN_POINT('',(0.338911920634,19.019612755117));
#346 = CARTESIAN_POINT('',(0.37104346397,19.049094633695));
#347 = CARTESIAN_POINT('',(0.402701685897,19.081096697389));
#348 = CARTESIAN_POINT('',(0.433884734903,19.11533916321));
#349 = CARTESIAN_POINT('',(0.464587311335,19.151543023132));
#350 = CARTESIAN_POINT('',(0.536117192708,19.241247545581));
#351 = CARTESIAN_POINT('',(0.576535431385,19.296236026303));
#352 = CARTESIAN_POINT('',(0.616118746139,19.353808725706));
#353 = CARTESIAN_POINT('',(0.654924707511,19.413454987361));
#354 = CARTESIAN_POINT('',(0.693007523218,19.474737120201));
#355 = CARTESIAN_POINT('',(0.762948762682,19.591665200513));
#356 = CARTESIAN_POINT('',(0.794979040517,19.647016332292));
#357 = CARTESIAN_POINT('',(0.826552640667,19.703106400987));
#358 = CARTESIAN_POINT('',(0.857707845581,19.759739019419));
#359 = CARTESIAN_POINT('',(0.888482340864,19.816750383737));
#360 = CARTESIAN_POINT('',(0.944281671018,19.921729966346));
#361 = CARTESIAN_POINT('',(0.969409834408,19.969621368739));
#362 = CARTESIAN_POINT('',(0.994319546535,20.017598552304));
#363 = CARTESIAN_POINT('',(1.01902980999,20.065588655586));
#364 = CARTESIAN_POINT('',(1.043559424765,20.113528904022));
#365 = CARTESIAN_POINT('',(1.136856330111,20.296686728685));
#366 = CARTESIAN_POINT('',(1.204518300931,20.43124046385));
#367 = CARTESIAN_POINT('',(1.271254144796,20.563654305233));
#368 = CARTESIAN_POINT('',(1.337373319109,20.69300847696));
#369 = CARTESIAN_POINT('',(1.403185645711,20.818638801043));
#370 = CARTESIAN_POINT('',(1.535614124518,21.062845041015));
#371 = CARTESIAN_POINT('',(1.602196036372,21.181255241398));
#372 = CARTESIAN_POINT('',(1.669039454439,21.294635030593));
#373 = CARTESIAN_POINT('',(1.736423417252,21.402507023033));
#374 = CARTESIAN_POINT('',(1.804631251138,21.504455259519));
#375 = CARTESIAN_POINT('',(1.933887608497,21.682796008408));
#376 = CARTESIAN_POINT('',(1.994640991527,21.760769234353));
#377 = CARTESIAN_POINT('',(2.056452460988,21.833852498712));
#378 = CARTESIAN_POINT('',(2.119545034617,21.90185559965));
#379 = CARTESIAN_POINT('',(2.184148667487,21.964607698469));
#380 = CARTESIAN_POINT('',(2.295367662119,22.060727980208));
#381 = CARTESIAN_POINT('',(2.341029163161,22.097034920342));
#382 = CARTESIAN_POINT('',(2.387579931983,22.130837715201));
#383 = CARTESIAN_POINT('',(2.435086632182,22.162090786141));
#384 = CARTESIAN_POINT('',(2.483623691253,22.190760715191));
#385 = CARTESIAN_POINT('',(2.589852463603,22.24651426897));
#386 = CARTESIAN_POINT('',(2.648012999838,22.272890941359));
#387 = CARTESIAN_POINT('',(2.707634379242,22.295737626301));
#388 = CARTESIAN_POINT('',(2.768630667223,22.314990309584));
#389 = CARTESIAN_POINT('',(2.830948160533,22.330635500712));
#390 = CARTESIAN_POINT('',(2.963712102514,22.355630925856));
#391 = CARTESIAN_POINT('',(3.034325258325,22.364300916889));
#392 = CARTESIAN_POINT('',(3.105716906127,22.368433904098));
#393 = CARTESIAN_POINT('',(3.177301189465,22.368073138179));
#394 = CARTESIAN_POINT('',(3.248504013591,22.363174096847));
#395 = CARTESIAN_POINT('',(3.393641021056,22.343862443309));
#396 = CARTESIAN_POINT('',(3.467074923511,22.328869906253));
#397 = CARTESIAN_POINT('',(3.538879173779,22.308982340412));
#398 = CARTESIAN_POINT('',(3.608914639411,22.284186463479));
#399 = CARTESIAN_POINT('',(3.676979724255,22.254565194609));
#400 = CARTESIAN_POINT('',(3.792445888028,22.194848780534));
#401 = CARTESIAN_POINT('',(3.840986583477,22.166567478641));
#402 = CARTESIAN_POINT('',(3.888496092459,22.135712286516));
#403 = CARTESIAN_POINT('',(3.93504756893,22.102316050326));
#404 = CARTESIAN_POINT('',(3.980706326571,22.066423972387));
#405 = CARTESIAN_POINT('',(4.092593441143,21.970766606411));
#406 = CARTESIAN_POINT('',(4.157825827312,21.907960619995));
#407 = CARTESIAN_POINT('',(4.221508124601,21.839811535048));
#408 = CARTESIAN_POINT('',(4.283876318296,21.766492957306));
#409 = CARTESIAN_POINT('',(4.345159357238,21.688198768733));
#410 = CARTESIAN_POINT('',(4.474506893604,21.510370493285));
#411 = CARTESIAN_POINT('',(4.542302615313,21.409409298081));
#412 = CARTESIAN_POINT('',(4.609273243425,21.302587950066));
#413 = CARTESIAN_POINT('',(4.675696810602,21.190312265337));
#414 = CARTESIAN_POINT('',(4.741847130611,21.073046813312));
#415 = CARTESIAN_POINT('',(4.874425442188,20.82924162356));
#416 = CARTESIAN_POINT('',(4.940818666918,20.702731105567));
#417 = CARTESIAN_POINT('',(5.007508628826,20.572391083932));
#418 = CARTESIAN_POINT('',(5.074812467492,20.438897523291));
#419 = CARTESIAN_POINT('',(5.143046837104,20.303187011913));
#420 = CARTESIAN_POINT('',(5.236793365379,20.119071259809));
#421 = CARTESIAN_POINT('',(5.261184651948,20.071374393687));
#422 = CARTESIAN_POINT('',(5.285753405234,20.023623434848));
#423 = CARTESIAN_POINT('',(5.310518076997,19.975879789714));
#424 = CARTESIAN_POINT('',(5.335497316902,19.928214662524));
#425 = CARTESIAN_POINT('',(5.391148258614,19.823357331452));
#426 = CARTESIAN_POINT('',(5.421925568219,19.766240870181));
#427 = CARTESIAN_POINT('',(5.453081666704,19.709492006863));
#428 = CARTESIAN_POINT('',(5.484654278069,19.653273567197));
#429 = CARTESIAN_POINT('',(5.516681718803,19.597780862922));
#430 = CARTESIAN_POINT('',(5.586622107696,19.480502139603));
#431 = CARTESIAN_POINT('',(5.624706299981,19.419007440097));
#432 = CARTESIAN_POINT('',(5.663511938361,19.359128129253));
#433 = CARTESIAN_POINT('',(5.703093890188,19.301299577741));
#434 = CARTESIAN_POINT('',(5.743510325272,19.246030675739));
#435 = CARTESIAN_POINT('',(5.815035754832,19.155798375846));
#436 = CARTESIAN_POINT('',(5.845735603389,19.119358780146));
#437 = CARTESIAN_POINT('',(5.876916809385,19.084865687523));
#438 = CARTESIAN_POINT('',(5.90857484156,19.052597829879));
#439 = CARTESIAN_POINT('',(5.94070857971,19.022835463573));
#440 = CARTESIAN_POINT('',(6.022871167687,18.954866198468));
#441 = CARTESIAN_POINT('',(6.073654310208,18.920196104579));
#442 = CARTESIAN_POINT('',(6.125342217716,18.893173589453));
#443 = CARTESIAN_POINT('',(6.177659675894,18.874771783073));
#444 = CARTESIAN_POINT('',(6.230357306534,18.865528128088));
#445 = CARTESIAN_POINT('',(6.28318530718,18.865528128088));
#446 = ( GEOMETRIC_REPRESENTATION_CONTEXT(2) 
PARAMETRIC_REPRESENTATION_CONTEXT() REPRESENTATION_CONTEXT('2D SPACE',''
  ) );
#447 = FACE_BOUND('',#448,.T.);
#448 = EDGE_LOOP('',(#449));
#449 = ORIENTED_EDGE('',*,*,#450,.F.);
#450 = EDGE_CURVE('',#451,#451,#453,.T.);
#451 = VERTEX_POINT('',#452);
#452 = CARTESIAN_POINT('',(-1.714505518806E-15,-50.,167.78456515516));
#453 = SURFACE_CURVE('',#454,(#557,#663),.PCURVE_S1.);
#454 = B_SPLINE_CURVE_WITH_KNOTS('',6,(#455,#456,#457,#458,#459,#460,
    #461,#462,#463,#464,#465,#466,#467,#468,#469,#470,#471,#472,#473,
    #474,#475,#476,#477,#478,#479,#480,#481,#482,#483,#484,#485,#486,
    #487,#488,#489,#490,#491,#492,#493,#494,#495,#496,#497,#498,#499,
    #500,#501,#502,#503,#504,#505,#506,#507,#508,#509,#510,#511,#512,
    #513,#514,#515,#516,#517,#518,#519,#520,#521,#522,#523,#524,#525,
    #526,#527,#528,#529,#530,#531,#532,#533,#534,#535,#536,#537,#538,
    #539,#540,#541,#542,#543,#544,#545,#546,#547,#548,#549,#550,#551,
    #552,#553,#554,#555,#556),.UNSPECIFIED.,.T.,.F.,(7,5,5,5,5,5,5,5,5,5
    ,5,5,5,5,5,5,5,5,5,5,7),(0.,4.904835538298E-02,8.119971697532E-02,
    0.124990014669,0.160531310422,0.189134146816,0.264482865067,
    0.340785543464,0.397099840735,0.459853836359,0.500602782231,
    0.539294811159,0.601846005859,0.658137451348,0.73512425004,
    0.810838151006,0.839134018628,0.875100639735,0.918874731162,
    0.950481246297,1.),.UNSPECIFIED.);
#455 = CARTESIAN_POINT('',(-5.329070518201E-15,-50.,167.78456515516));
#456 = CARTESIAN_POINT('',(0.450291367546,-50.,167.78456515516));
#457 = CARTESIAN_POINT('',(0.899441090354,-49.99513382994,
    167.81917787457));
#458 = CARTESIAN_POINT('',(1.341854731694,-49.9854469112,167.88807239361
    ));
#459 = CARTESIAN_POINT('',(1.772073763475,-49.9713876288,167.98939370203
    ));
#460 = CARTESIAN_POINT('',(2.185129349882,-49.95376943357,
    168.11982539161));
#461 = CARTESIAN_POINT('',(2.833660404886,-49.92030132794,
    168.37613248185));
#462 = CARTESIAN_POINT('',(3.081740862607,-49.90590994376,
    168.48827598395));
#463 = CARTESIAN_POINT('',(3.320696790796,-49.89060087316,
    168.61013857624));
#464 = CARTESIAN_POINT('',(3.550197239617,-49.87459696553,
    168.74077984369));
#465 = CARTESIAN_POINT('',(3.76999635201,-49.85811350131,168.87925766432
    ));
#466 = CARTESIAN_POINT('',(4.265867543677,-49.81851717995,
    169.22262387337));
#467 = CARTESIAN_POINT('',(4.533601810459,-49.7951568399,169.43347207544
    ));
#468 = CARTESIAN_POINT('',(4.783350813057,-49.77172125527,
    169.65525280965));
#469 = CARTESIAN_POINT('',(5.015456491294,-49.74859165289,
    169.88630459073));
#470 = CARTESIAN_POINT('',(5.230342693407,-49.72608207011,
    170.12518414078));
#471 = CARTESIAN_POINT('',(5.589275420665,-49.68688123666,
    170.56983260446));
#472 = CARTESIAN_POINT('',(5.739083755558,-49.66988819663,
    170.77341431503));
#473 = CARTESIAN_POINT('',(5.878187611834,-49.65359346727,
    170.98077120749));
#474 = CARTESIAN_POINT('',(6.006867488513,-49.63810203478,
    171.19137779727));
#475 = CARTESIAN_POINT('',(6.12539204032,-49.62349804584,171.40478223952
    ));
#476 = CARTESIAN_POINT('',(6.321437983535,-49.5988627362,171.79429538229
    ));
#477 = CARTESIAN_POINT('',(6.402445103176,-49.58849572211,171.9695481161
    ));
#478 = CARTESIAN_POINT('',(6.477171333679,-49.57878127624,
    172.14616431327));
#479 = CARTESIAN_POINT('',(6.545738027142,-49.56974795856,172.3239626537
    ));
#480 = CARTESIAN_POINT('',(6.608256052328,-49.56141856294,
    172.50277997989));
#481 = CARTESIAN_POINT('',(6.813847993662,-49.53376711756,
    173.15583380688));
#482 = CARTESIAN_POINT('',(6.921591731413,-49.51872843747,
    173.63525881161));
#483 = CARTESIAN_POINT('',(6.989878286337,-49.50901675784,
    174.11804160055));
#484 = CARTESIAN_POINT('',(7.019988826548,-49.50472336547,
    174.60210487056));
#485 = CARTESIAN_POINT('',(7.012654982185,-49.50580472322,
    175.08565947429));
#486 = CARTESIAN_POINT('',(6.922832008956,-49.51844585533,
    176.05419404372));
#487 = CARTESIAN_POINT('',(6.839417681919,-49.5301346302,176.53884177047
    ));
#488 = CARTESIAN_POINT('',(6.717991399626,-49.54696217665,
    177.01925484836));
#489 = CARTESIAN_POINT('',(6.557986598289,-49.56862532622,
    177.49370384687));
#490 = CARTESIAN_POINT('',(6.358198826011,-49.59468132254,
    177.95985082845));
#491 = CARTESIAN_POINT('',(5.938819327025,-49.64637570907,
    178.74970770829));
#492 = CARTESIAN_POINT('',(5.738135144362,-49.67033423542,
    179.07872320057));
#493 = CARTESIAN_POINT('',(5.513973371419,-49.69603932818,
    179.40034498516));
#494 = CARTESIAN_POINT('',(5.265199752049,-49.72315972937,
    179.71308236992));
#495 = CARTESIAN_POINT('',(4.990558991435,-49.75124301301,180.0147871559
    ));
#496 = CARTESIAN_POINT('',(4.352554760135,-49.81133744091,
    180.62307429965));
#497 = CARTESIAN_POINT('',(3.98141170194,-49.84354622052,180.92743596818
    ));
#498 = CARTESIAN_POINT('',(3.574263400648,-49.87533362205,
    181.21020165873));
#499 = CARTESIAN_POINT('',(3.130452407304,-49.90546439615,
    181.46509188447));
#500 = CARTESIAN_POINT('',(2.65010352716,-49.93238702932,181.68473229007
    ));
#501 = CARTESIAN_POINT('',(1.799710543423,-49.96872358355,
    181.97447361768));
#502 = CARTESIAN_POINT('',(1.449983633699,-49.98096954122,182.070027167)
  );
#503 = CARTESIAN_POINT('',(1.088528807256,-49.99057175355,
    182.14368514083));
#504 = CARTESIAN_POINT('',(0.718878237036,-49.99706953924,
    182.19312514105));
#505 = CARTESIAN_POINT('',(0.344757453442,-50.00021631471,
    182.21708159607));
#506 = CARTESIAN_POINT('',(-0.385960213646,-49.99977698678,
    182.21373710015));
#507 = CARTESIAN_POINT('',(-0.740843991143,-49.99652370799,
    182.18897001595));
#508 = CARTESIAN_POINT('',(-1.091483685331,-49.99026535958,
    182.14130561996));
#509 = CARTESIAN_POINT('',(-1.434695361054,-49.9812191846,
    182.07186038852));
#510 = CARTESIAN_POINT('',(-1.767453041669,-49.96977481941,
    181.98261109831));
#511 = CARTESIAN_POINT('',(-2.603582253477,-49.93484441539,
    181.70467809644));
#512 = CARTESIAN_POINT('',(-3.085392452312,-49.90829456014,
    181.48869581971));
#513 = CARTESIAN_POINT('',(-3.53099714751,-49.87844522758,
    181.23711248914));
#514 = CARTESIAN_POINT('',(-3.940137996466,-49.84685112734,
    180.95731626245));
#515 = CARTESIAN_POINT('',(-4.313357272713,-49.81476103844,
    180.65565820428));
#516 = CARTESIAN_POINT('',(-4.95616394704,-49.75469779682,180.0514143672
    ));
#517 = CARTESIAN_POINT('',(-5.23342824305,-49.72653624268,
    179.75096241152));
#518 = CARTESIAN_POINT('',(-5.484726465447,-49.69929701592,
    179.43929529341));
#519 = CARTESIAN_POINT('',(-5.711324254764,-49.67344018447,
    179.11859926785));
#520 = CARTESIAN_POINT('',(-5.914370796653,-49.64930260673,
    178.79039217589));
#521 = CARTESIAN_POINT('',(-6.34146996339,-49.59685012423,
    177.99795277032));
#522 = CARTESIAN_POINT('',(-6.545788718118,-49.57026354476,
    177.52809718208));
#523 = CARTESIAN_POINT('',(-6.709518220849,-49.54812656257,
    177.04966723399));
#524 = CARTESIAN_POINT('',(-6.833925078402,-49.53089953799,
    176.56508518797));
#525 = CARTESIAN_POINT('',(-6.919613858295,-49.51889714504,
    176.0761283381));
#526 = CARTESIAN_POINT('',(-7.012373759083,-49.50584583184,
    175.10080364933));
#527 = CARTESIAN_POINT('',(-7.02069508769,-49.50462272843,
    174.61480433835));
#528 = CARTESIAN_POINT('',(-6.991203620279,-49.50882820414,
    174.12825621733));
#529 = CARTESIAN_POINT('',(-6.923163792829,-49.51850826903,
    173.64297250444));
#530 = CARTESIAN_POINT('',(-6.815279198074,-49.53357192354,
    173.16105818963));
#531 = CARTESIAN_POINT('',(-6.60980238727,-49.56121158477,
    172.50744109902));
#532 = CARTESIAN_POINT('',(-6.548079315929,-49.56943703933,
    172.33047870612));
#533 = CARTESIAN_POINT('',(-6.480436002267,-49.57835210103,
    172.15451095524));
#534 = CARTESIAN_POINT('',(-6.406765222529,-49.58793478313,
    171.97969562693));
#535 = CARTESIAN_POINT('',(-6.326949686475,-49.5981575871,
    171.80620784025));
#536 = CARTESIAN_POINT('',(-6.131436806165,-49.62275331005,
    171.41565335517));
#537 = CARTESIAN_POINT('',(-6.011880859566,-49.6374993638,
    171.19952843638));
#538 = CARTESIAN_POINT('',(-5.881928272937,-49.65315727301,
    170.98625608824));
#539 = CARTESIAN_POINT('',(-5.741300759601,-49.66964018346,
    170.77630357195));
#540 = CARTESIAN_POINT('',(-5.589707612888,-49.68683939441,170.570215412
    ));
#541 = CARTESIAN_POINT('',(-5.22863034986,-49.72626250106,
    170.12325029339));
#542 = CARTESIAN_POINT('',(-5.013657840709,-49.74877355997,
    169.88445315263));
#543 = CARTESIAN_POINT('',(-4.781467770115,-49.77190291788,
    169.65348890101));
#544 = CARTESIAN_POINT('',(-4.531637009785,-49.79533635697,
    169.43180144406));
#545 = CARTESIAN_POINT('',(-4.263824550937,-49.8186924948,
    169.22105278058));
#546 = CARTESIAN_POINT('',(-3.771307925563,-49.85799989885,
    168.88027980669));
#547 = CARTESIAN_POINT('',(-3.555269223718,-49.87420846027,
    168.74406968694));
#548 = CARTESIAN_POINT('',(-3.32985158246,-49.88995513456,
    168.61542746067));
#549 = CARTESIAN_POINT('',(-3.095285085428,-49.90503570323,
    168.49524704869));
#550 = CARTESIAN_POINT('',(-2.851878999984,-49.91923867631,
    168.38442167094));
#551 = CARTESIAN_POINT('',(-2.205431473149,-49.95289977565,
    168.12626561781));
#552 = CARTESIAN_POINT('',(-1.788982702827,-49.97083242924,
    167.9933958782));
#553 = CARTESIAN_POINT('',(-1.354908831489,-49.98515925011,
    167.89011813537));
#554 = CARTESIAN_POINT('',(-0.908297271674,-49.99503705581,
    167.81986627973));
#555 = CARTESIAN_POINT('',(-0.454747127859,-50.,167.78456515516));
#556 = CARTESIAN_POINT('',(-5.329070518201E-15,-50.,167.78456515516));
#557 = PCURVE('',#32,#558);
#558 = DEFINITIONAL_REPRESENTATION('',(#559),#662);
#559 = B_SPLINE_CURVE_WITH_KNOTS('',6,(#560,#561,#562,#563,#564,#565,
    #566,#567,#568,#569,#570,#571,#572,#573,#574,#575,#576,#577,#578,
    #579,#580,#581,#582,#583,#584,#585,#586,#587,#588,#589,#590,#591,
    #592,#593,#594,#595,#596,#597,#598,#599,#600,#601,#602,#603,#604,
    #605,#606,#607,#608,#609,#610,#611,#612,#613,#614,#615,#616,#617,
    #618,#619,#620,#621,#622,#623,#624,#625,#626,#627,#628,#629,#630,
    #631,#632,#633,#634,#635,#636,#637,#638,#639,#640,#641,#642,#643,
    #644,#645,#646,#647,#648,#649,#650,#651,#652,#653,#654,#655,#656,
    #657,#658,#659,#660,#661),.UNSPECIFIED.,.T.,.F.,(7,5,5,5,5,5,5,5,5,5
    ,5,5,5,5,5,5,5,5,5,5,7),(0.,4.904835538298E-02,8.119971697532E-02,
    0.124990014669,0.160531310422,0.189134146816,0.264482865067,
    0.340785543464,0.397099840735,0.459853836359,0.500602782231,
    0.539294811159,0.601846005859,0.658137451348,0.73512425004,
    0.810838151006,0.839134018628,0.875100639735,0.918874731162,
    0.950481246297,1.),.UNSPECIFIED.);
#560 = CARTESIAN_POINT('',(4.712388980385,167.78456515516));
#561 = CARTESIAN_POINT('',(4.721394807736,167.78456515516));
#562 = CARTESIAN_POINT('',(4.730377802958,167.81917787457));
#563 = CARTESIAN_POINT('',(4.739227386608,167.88807239361));
#564 = CARTESIAN_POINT('',(4.747835689708,167.98939370203));
#565 = CARTESIAN_POINT('',(4.756103983647,168.11982539161));
#566 = CARTESIAN_POINT('',(4.76909186482,168.37613248185));
#567 = CARTESIAN_POINT('',(4.774061713979,168.48827598395));
#568 = CARTESIAN_POINT('',(4.77885050669,168.61013857624));
#569 = CARTESIAN_POINT('',(4.78345156322,168.74077984369));
#570 = CARTESIAN_POINT('',(4.78785983845,168.87925766432));
#571 = CARTESIAN_POINT('',(4.797808830507,169.22262387337));
#572 = CARTESIAN_POINT('',(4.803183714981,169.43347207544));
#573 = CARTESIAN_POINT('',(4.808200493094,169.65525280965));
#574 = CARTESIAN_POINT('',(4.812865505301,169.88630459073));
#575 = CARTESIAN_POINT('',(4.817186701488,170.12518414078));
#576 = CARTESIAN_POINT('',(4.824408042307,170.56983260446));
#577 = CARTESIAN_POINT('',(4.827423396931,170.77341431503));
#578 = CARTESIAN_POINT('',(4.830224471492,170.98077120749));
#579 = CARTESIAN_POINT('',(4.832816636031,171.19137779727));
#580 = CARTESIAN_POINT('',(4.83520504648,171.40478223952));
#581 = CARTESIAN_POINT('',(4.839156801044,171.79429538229));
#582 = CARTESIAN_POINT('',(4.840790153234,171.9695481161));
#583 = CARTESIAN_POINT('',(4.842297249245,172.14616431327));
#584 = CARTESIAN_POINT('',(4.843680429986,172.3239626537));
#585 = CARTESIAN_POINT('',(4.844941838658,172.50277997989));
#586 = CARTESIAN_POINT('',(4.849090701093,173.15583380688));
#587 = CARTESIAN_POINT('',(4.851266438518,173.63525881161));
#588 = CARTESIAN_POINT('',(4.852645920336,174.11804160055));
#589 = CARTESIAN_POINT('',(4.853254218802,174.60210487056));
#590 = CARTESIAN_POINT('',(4.853105959504,175.08565947429));
#591 = CARTESIAN_POINT('',(4.851291796915,176.05419404372));
#592 = CARTESIAN_POINT('',(4.849607210587,176.53884177047));
#593 = CARTESIAN_POINT('',(4.84715548149,177.01925484836));
#594 = CARTESIAN_POINT('',(4.843926213618,177.49370384687));
#595 = CARTESIAN_POINT('',(4.839896719123,177.95985082845));
#596 = CARTESIAN_POINT('',(4.831445648806,178.74970770829));
#597 = CARTESIAN_POINT('',(4.827403495762,179.07872320057));
#598 = CARTESIAN_POINT('',(4.822890951815,179.40034498516));
#599 = CARTESIAN_POINT('',(4.817886146982,179.71308236992));
#600 = CARTESIAN_POINT('',(4.812364863294,180.0147871559));
#601 = CARTESIAN_POINT('',(4.799548299957,180.62307429965));
#602 = CARTESIAN_POINT('',(4.792097741893,180.92743596818));
#603 = CARTESIAN_POINT('',(4.783930481324,181.21020165873));
#604 = CARTESIAN_POINT('',(4.775034642694,181.46509188447));
#605 = CARTESIAN_POINT('',(4.765413437693,181.68473229007));
#606 = CARTESIAN_POINT('',(4.748390058804,181.97447361768));
#607 = CARTESIAN_POINT('',(4.741391441162,182.070027167));
#608 = CARTESIAN_POINT('',(4.734160196187,182.14368514083));
#609 = CARTESIAN_POINT('',(4.726766507569,182.19312514105));
#610 = CARTESIAN_POINT('',(4.719284130772,182.21708159607));
#611 = CARTESIAN_POINT('',(4.704669774789,182.21373710015));
#612 = CARTESIAN_POINT('',(4.697572061183,182.18897001595));
#613 = CARTESIAN_POINT('',(4.690558545274,182.14130561996));
#614 = CARTESIAN_POINT('',(4.683692272109,182.07186038852));
#615 = CARTESIAN_POINT('',(4.67703336444,181.98261109831));
#616 = CARTESIAN_POINT('',(4.660296193927,181.70467809644));
#617 = CARTESIAN_POINT('',(4.65064622518,181.48869581971));
#618 = CARTESIAN_POINT('',(4.641714983669,181.23711248914));
#619 = CARTESIAN_POINT('',(4.633508299149,180.95731626245));
#620 = CARTESIAN_POINT('',(4.626016578929,180.65565820428));
#621 = CARTESIAN_POINT('',(4.613104444891,180.0514143672));
#622 = CARTESIAN_POINT('',(4.607530806798,179.75096241152));
#623 = CARTESIAN_POINT('',(4.602475553192,179.43929529341));
#624 = CARTESIAN_POINT('',(4.597914262329,179.11859926785));
#625 = CARTESIAN_POINT('',(4.593824771459,178.79039217589));
#626 = CARTESIAN_POINT('',(4.585218611777,177.99795277032));
#627 = CARTESIAN_POINT('',(4.5810978929,177.52809718208));
#628 = CARTESIAN_POINT('',(4.577793534827,177.04966723399));
#629 = CARTESIAN_POINT('',(4.575281662309,176.56508518797));
#630 = CARTESIAN_POINT('',(4.573551156634,176.0761283381));
#631 = CARTESIAN_POINT('',(4.571677685421,175.10080364933));
#632 = CARTESIAN_POINT('',(4.571509474124,174.61480433835));
#633 = CARTESIAN_POINT('',(4.572105266731,174.12825621733));
#634 = CARTESIAN_POINT('',(4.573479774442,173.64297250444));
#635 = CARTESIAN_POINT('',(4.575658370649,173.16105818963));
#636 = CARTESIAN_POINT('',(4.579804919607,172.50744109902));
#637 = CARTESIAN_POINT('',(4.581050293926,172.33047870612));
#638 = CARTESIAN_POINT('',(4.582414856479,172.15451095524));
#639 = CARTESIAN_POINT('',(4.58390068009,171.97969562693));
#640 = CARTESIAN_POINT('',(4.585510027446,171.80620784025));
#641 = CARTESIAN_POINT('',(4.589451105266,171.41565335517));
#642 = CARTESIAN_POINT('',(4.591860336102,171.19952843638));
#643 = CARTESIAN_POINT('',(4.594478169946,170.98625608824));
#644 = CARTESIAN_POINT('',(4.597309947741,170.77630357195));
#645 = CARTESIAN_POINT('',(4.600361234855,170.570215412));
#646 = CARTESIAN_POINT('',(4.607625695502,170.12325029339));
#647 = CARTESIAN_POINT('',(4.611948611459,169.88445315263));
#648 = CARTESIAN_POINT('',(4.616615302599,169.65348890101));
#649 = CARTESIAN_POINT('',(4.621633704571,169.43180144406));
#650 = CARTESIAN_POINT('',(4.62701013956,169.22105278058));
#651 = CARTESIAN_POINT('',(4.636891793233,168.88027980669));
#652 = CARTESIAN_POINT('',(4.641224662104,168.74406968694));
#653 = CARTESIAN_POINT('',(4.645743907557,168.61542746067));
#654 = CARTESIAN_POINT('',(4.650444805937,168.49524704869));
#655 = CARTESIAN_POINT('',(4.655321112389,168.38442167094));
#656 = CARTESIAN_POINT('',(4.668267578695,168.12626561781));
#657 = CARTESIAN_POINT('',(4.676603936445,167.9933958782));
#658 = CARTESIAN_POINT('',(4.685289452918,167.89011813537));
#659 = CARTESIAN_POINT('',(4.694223034144,167.81986627973));
#660 = CARTESIAN_POINT('',(4.703294037828,167.78456515516));
#661 = CARTESIAN_POINT('',(4.712388980385,167.78456515516));
#662 = ( GEOMETRIC_REPRESENTATION_CONTEXT(2) 
PARAMETRIC_REPRESENTATION_CONTEXT() REPRESENTATION_CONTEXT('2D SPACE',''
  ) );
#663 = PCURVE('',#664,#669);
#664 = CYLINDRICAL_SURFACE('',#665,7.);
#665 = AXIS2_PLACEMENT_3D('',#666,#667,#668);
#666 = CARTESIAN_POINT('',(0.,70.,145.));
#667 = DIRECTION('',(0.,-0.970142500145,0.242535625036));
#668 = DIRECTION('',(0.,-0.242535625036,-0.970142500145));
#669 = DEFINITIONAL_REPRESENTATION('',(#670),#773);
#670 = B_SPLINE_CURVE_WITH_KNOTS('',6,(#671,#672,#673,#674,#675,#676,
    #677,#678,#679,#680,#681,#682,#683,#684,#685,#686,#687,#688,#689,
    #690,#691,#692,#693,#694,#695,#696,#697,#698,#699,#700,#701,#702,
    #703,#704,#705,#706,#707,#708,#709,#710,#711,#712,#713,#714,#715,
    #716,#717,#718,#719,#720,#721,#722,#723,#724,#725,#726,#727,#728,
    #729,#730,#731,#732,#733,#734,#735,#736,#737,#738,#739,#740,#741,
    #742,#743,#744,#745,#746,#747,#748,#749,#750,#751,#752,#753,#754,
    #755,#756,#757,#758,#759,#760,#761,#762,#763,#764,#765,#766,#767,
    #768,#769,#770,#771,#772),.UNSPECIFIED.,.F.,.F.,(7,5,5,5,5,5,5,5,5,5
    ,5,5,5,5,5,5,5,5,5,5,7),(0.,4.904835538298E-02,8.119971697532E-02,
    0.124990014669,0.160531310422,0.189134146816,0.264482865067,
    0.340785543464,0.397099840735,0.459853836359,0.500602782231,
    0.539294811159,0.601846005859,0.658137451348,0.73512425004,
    0.810838151006,0.839134018628,0.875100639735,0.918874731162,
    0.950481246297,1.),.UNSPECIFIED.);
#671 = CARTESIAN_POINT('',(0.,121.94316876853));
#672 = CARTESIAN_POINT('',(6.432733822083E-02,121.94316876853));
#673 = CARTESIAN_POINT('',(0.128491587126,121.94684270768));
#674 = CARTESIAN_POINT('',(0.192172669949,121.95415439135));
#675 = CARTESIAN_POINT('',(0.255057740257,121.96508891084));
#676 = CARTESIAN_POINT('',(0.316801150372,121.97963108223));
#677 = CARTESIAN_POINT('',(0.416445844531,122.00932585089));
#678 = CARTESIAN_POINT('',(0.455302209193,122.02256295184));
#679 = CARTESIAN_POINT('',(0.493564671444,122.03726699179));
#680 = CARTESIAN_POINT('',(0.531232374765,122.05342608229));
#681 = CARTESIAN_POINT('',(0.568299661258,122.07102057789));
#682 = CARTESIAN_POINT('',(0.654411079447,122.11588504182));
#683 = CARTESIAN_POINT('',(0.702949948853,122.14436038359));
#684 = CARTESIAN_POINT('',(0.75045804996,122.17541425592));
#685 = CARTESIAN_POINT('',(0.797009175405,122.20901353377));
#686 = CARTESIAN_POINT('',(0.842669316408,122.24511283184));
#687 = CARTESIAN_POINT('',(0.923885562323,122.31492553032));
#688 = CARTESIAN_POINT('',(0.959734293904,122.34781567741));
#689 = CARTESIAN_POINT('',(0.995091172591,122.38229890144));
#690 = CARTESIAN_POINT('',(1.029996322172,122.41834960529));
#691 = CARTESIAN_POINT('',(1.064487997508,122.45593983473));
#692 = CARTESIAN_POINT('',(1.126062761297,122.52651088739));
#693 = CARTESIAN_POINT('',(1.153277188229,122.55895843775));
#694 = CARTESIAN_POINT('',(1.180268590437,122.59236976072));
#695 = CARTESIAN_POINT('',(1.207055903402,122.62672858695));
#696 = CARTESIAN_POINT('',(1.233657333474,122.66201745823));
#697 = CARTESIAN_POINT('',(1.329723120151,122.79358043399));
#698 = CARTESIAN_POINT('',(1.39818796733,122.89526841447));
#699 = CARTESIAN_POINT('',(1.46580418232,123.00293872678));
#700 = CARTESIAN_POINT('',(1.532858081678,123.11617611213));
#701 = CARTESIAN_POINT('',(1.599631469012,123.2345044013));
#702 = CARTESIAN_POINT('',(1.734038347286,123.48167223796));
#703 = CARTESIAN_POINT('',(1.801634336828,123.61055635457));
#704 = CARTESIAN_POINT('',(1.869543504699,123.74339875869));
#705 = CARTESIAN_POINT('',(1.938101626723,123.87948588517));
#706 = CARTESIAN_POINT('',(2.007643619068,124.01782116412));
#707 = CARTESIAN_POINT('',(2.130865429901,124.25954051755));
#708 = CARTESIAN_POINT('',(2.183925183916,124.36258168027));
#709 = CARTESIAN_POINT('',(2.237926168009,124.46552402378));
#710 = CARTESIAN_POINT('',(2.293068606349,124.56768463467));
#711 = CARTESIAN_POINT('',(2.349557412586,124.66810358052));
#712 = CARTESIAN_POINT('',(2.472307149548,124.87393504166));
#713 = CARTESIAN_POINT('',(2.539183018509,124.97900069515));
#714 = CARTESIAN_POINT('',(2.608369618298,125.07841975784));
#715 = CARTESIAN_POINT('',(2.680037167158,125.16947086257));
#716 = CARTESIAN_POINT('',(2.754388198193,125.24886027629));
#717 = CARTESIAN_POINT('',(2.881947967767,125.35438450585));
#718 = CARTESIAN_POINT('',(2.933438337235,125.38943996964));
#719 = CARTESIAN_POINT('',(2.985854930452,125.41662016664));
#720 = CARTESIAN_POINT('',(3.038909566053,125.43491490605));
#721 = CARTESIAN_POINT('',(3.092341108246,125.44377802046));
#722 = CARTESIAN_POINT('',(3.19673030901,125.44254065037));
#723 = CARTESIAN_POINT('',(3.247441780139,125.43337760609));
#724 = CARTESIAN_POINT('',(3.29779672333,125.41574580225));
#725 = CARTESIAN_POINT('',(3.347570059391,125.39012678082));
#726 = CARTESIAN_POINT('',(3.396514530265,125.35737798339));
#727 = CARTESIAN_POINT('',(3.521652661356,125.25608185957));
#728 = CARTESIAN_POINT('',(3.596002671327,125.17794132013));
#729 = CARTESIAN_POINT('',(3.667683678881,125.08796529369));
#730 = CARTESIAN_POINT('',(3.736887937681,124.98945396157));
#731 = CARTESIAN_POINT('',(3.803773239989,124.88515917681));
#732 = CARTESIAN_POINT('',(3.926660874608,124.68033861672));
#733 = CARTESIAN_POINT('',(3.983282346887,124.5801475933));
#734 = CARTESIAN_POINT('',(4.038539676551,124.47813128246));
#735 = CARTESIAN_POINT('',(4.092639078348,124.37526626034));
#736 = CARTESIAN_POINT('',(4.14578200731,124.27224745815));
#737 = CARTESIAN_POINT('',(4.26983241822,124.0291662891));
#738 = CARTESIAN_POINT('',(4.340083819934,123.88941679965));
#739 = CARTESIAN_POINT('',(4.409313880112,123.75190446591));
#740 = CARTESIAN_POINT('',(4.477867927824,123.6176633878));
#741 = CARTESIAN_POINT('',(4.546092401925,123.48742990109));
#742 = CARTESIAN_POINT('',(4.681462345248,123.23821728447));
#743 = CARTESIAN_POINT('',(4.748568635209,123.11915855321));
#744 = CARTESIAN_POINT('',(4.815952890726,123.00523321129));
#745 = CARTESIAN_POINT('',(4.883901126875,122.89692566502));
#746 = CARTESIAN_POINT('',(4.952703845604,122.79465816691));
#747 = CARTESIAN_POINT('',(5.048838549049,122.66294714735));
#748 = CARTESIAN_POINT('',(5.075156718479,122.62800732584));
#749 = CARTESIAN_POINT('',(5.101656529781,122.59397775764));
#750 = CARTESIAN_POINT('',(5.1283556088,122.5608753799));
#751 = CARTESIAN_POINT('',(5.155272279401,122.52871598771));
#752 = CARTESIAN_POINT('',(5.216939856946,122.45785396772));
#753 = CARTESIAN_POINT('',(5.251835710223,122.41974174891));
#754 = CARTESIAN_POINT('',(5.287154040584,122.38320600984));
#755 = CARTESIAN_POINT('',(5.322934454103,122.34827581703));
#756 = CARTESIAN_POINT('',(5.359218494144,122.31497778185));
#757 = CARTESIAN_POINT('',(5.440883128481,122.24481884869));
#758 = CARTESIAN_POINT('',(5.486543125767,122.20874096987));
#759 = CARTESIAN_POINT('',(5.533094281946,122.17516268385));
#760 = CARTESIAN_POINT('',(5.580602521503,122.1441293531));
#761 = CARTESIAN_POINT('',(5.629141569634,122.11567407622));
#762 = CARTESIAN_POINT('',(5.714648731442,122.07115827325));
#763 = CARTESIAN_POINT('',(5.75109055893,122.05384708102));
#764 = CARTESIAN_POINT('',(5.788112764276,122.03792327623));
#765 = CARTESIAN_POINT('',(5.825710367972,122.02340554549));
#766 = CARTESIAN_POINT('',(5.863882860552,122.01030535104));
#767 = CARTESIAN_POINT('',(5.963348233646,121.98034937441));
#768 = CARTESIAN_POINT('',(6.025655391874,121.96552095845));
#769 = CARTESIAN_POINT('',(6.089133400662,121.95437148436));
#770 = CARTESIAN_POINT('',(6.153428551182,121.94691578576));
#771 = CARTESIAN_POINT('',(6.218221431771,121.94316876853));
#772 = CARTESIAN_POINT('',(6.28318530718,121.94316876853));
#773 = ( GEOMETRIC_REPRESENTATION_CONTEXT(2) 
PARAMETRIC_REPRESENTATION_CONTEXT() REPRESENTATION_CONTEXT('2D SPACE',''
  ) );
#774 = ADVANCED_FACE('',(#775,#778),#94,.F.);
#775 = FACE_BOUND('',#776,.F.);
#776 = EDGE_LOOP('',(#777));
#777 = ORIENTED_EDGE('',*,*,#79,.T.);
#778 = FACE_BOUND('',#779,.F.);
#779 = EDGE_LOOP('',(#780));
#780 = ORIENTED_EDGE('',*,*,#781,.F.);
#781 = EDGE_CURVE('',#782,#782,#784,.T.);
#782 = VERTEX_POINT('',#783);
#783 = CARTESIAN_POINT('',(42.,-1.028703311284E-14,0.));
#784 = SURFACE_CURVE('',#785,(#790,#797),.PCURVE_S1.);
#785 = CIRCLE('',#786,42.);
#786 = AXIS2_PLACEMENT_3D('',#787,#788,#789);
#787 = CARTESIAN_POINT('',(0.,0.,0.));
#788 = DIRECTION('',(0.,0.,1.));
#789 = DIRECTION('',(1.,0.,-0.));
#790 = PCURVE('',#94,#791);
#791 = DEFINITIONAL_REPRESENTATION('',(#792),#796);
#792 = CIRCLE('',#793,42.);
#793 = AXIS2_PLACEMENT_2D('',#794,#795);
#794 = CARTESIAN_POINT('',(0.,0.));
#795 = DIRECTION('',(1.,0.));
#796 = ( GEOMETRIC_REPRESENTATION_CONTEXT(2) 
PARAMETRIC_REPRESENTATION_CONTEXT() REPRESENTATION_CONTEXT('2D SPACE',''
  ) );
#797 = PCURVE('',#798,#803);
#798 = CYLINDRICAL_SURFACE('',#799,42.);
#799 = AXIS2_PLACEMENT_3D('',#800,#801,#802);
#800 = CARTESIAN_POINT('',(0.,0.,0.));
#801 = DIRECTION('',(0.,0.,1.));
#802 = DIRECTION('',(1.,0.,0.));
#803 = DEFINITIONAL_REPRESENTATION('',(#804),#808);
#804 = LINE('',#805,#806);
#805 = CARTESIAN_POINT('',(0.,0.));
#806 = VECTOR('',#807,1.);
#807 = DIRECTION('',(1.,0.));
#808 = ( GEOMETRIC_REPRESENTATION_CONTEXT(2) 
PARAMETRIC_REPRESENTATION_CONTEXT() REPRESENTATION_CONTEXT('2D SPACE',''
  ) );
#809 = ADVANCED_FACE('',(#810,#813),#66,.T.);
#810 = FACE_BOUND('',#811,.T.);
#811 = EDGE_LOOP('',(#812));
#812 = ORIENTED_EDGE('',*,*,#51,.T.);
#813 = FACE_BOUND('',#814,.T.);
#814 = EDGE_LOOP('',(#815));
#815 = ORIENTED_EDGE('',*,*,#816,.F.);
#816 = EDGE_CURVE('',#817,#817,#819,.T.);
#817 = VERTEX_POINT('',#818);
#818 = CARTESIAN_POINT('',(42.,-1.028703311284E-14,300.));
#819 = SURFACE_CURVE('',#820,(#825,#832),.PCURVE_S1.);
#820 = CIRCLE('',#821,42.);
#821 = AXIS2_PLACEMENT_3D('',#822,#823,#824);
#822 = CARTESIAN_POINT('',(0.,0.,300.));
#823 = DIRECTION('',(0.,0.,1.));
#824 = DIRECTION('',(1.,0.,-0.));
#825 = PCURVE('',#66,#826);
#826 = DEFINITIONAL_REPRESENTATION('',(#827),#831);
#827 = CIRCLE('',#828,42.);
#828 = AXIS2_PLACEMENT_2D('',#829,#830);
#829 = CARTESIAN_POINT('',(0.,0.));
#830 = DIRECTION('',(1.,0.));
#831 = ( GEOMETRIC_REPRESENTATION_CONTEXT(2) 
PARAMETRIC_REPRESENTATION_CONTEXT() REPRESENTATION_CONTEXT('2D SPACE',''
  ) );
#832 = PCURVE('',#798,#833);
#833 = DEFINITIONAL_REPRESENTATION('',(#834),#838);
#834 = LINE('',#835,#836);
#835 = CARTESIAN_POINT('',(0.,300.));
#836 = VECTOR('',#837,1.);
#837 = DIRECTION('',(1.,0.));
#838 = ( GEOMETRIC_REPRESENTATION_CONTEXT(2) 
PARAMETRIC_REPRESENTATION_CONTEXT() REPRESENTATION_CONTEXT('2D SPACE',''
  ) );
#839 = ADVANCED_FACE('',(#840),#332,.F.);
#840 = FACE_BOUND('',#841,.F.);
#841 = EDGE_LOOP('',(#842,#1177,#1198,#1199));
#842 = ORIENTED_EDGE('',*,*,#843,.F.);
#843 = EDGE_CURVE('',#844,#844,#846,.T.);
#844 = VERTEX_POINT('',#845);
#845 = CARTESIAN_POINT('',(-1.714505518806E-15,42.,144.78456515516));
#846 = SURFACE_CURVE('',#847,(#955,#1066),.PCURVE_S1.);
#847 = B_SPLINE_CURVE_WITH_KNOTS('',6,(#848,#849,#850,#851,#852,#853,
    #854,#855,#856,#857,#858,#859,#860,#861,#862,#863,#864,#865,#866,
    #867,#868,#869,#870,#871,#872,#873,#874,#875,#876,#877,#878,#879,
    #880,#881,#882,#883,#884,#885,#886,#887,#888,#889,#890,#891,#892,
    #893,#894,#895,#896,#897,#898,#899,#900,#901,#902,#903,#904,#905,
    #906,#907,#908,#909,#910,#911,#912,#913,#914,#915,#916,#917,#918,
    #919,#920,#921,#922,#923,#924,#925,#926,#927,#928,#929,#930,#931,
    #932,#933,#934,#935,#936,#937,#938,#939,#940,#941,#942,#943,#944,
    #945,#946,#947,#948,#949,#950,#951,#952,#953,#954),.UNSPECIFIED.,.T.
  ,.F.,(7,5,5,5,5,5,5,5,5,5,5,5,5,5,5,5,5,5,5,5,5,7),(0.,
    3.980179970335E-02,6.519293784887E-02,0.101428301229,0.131565707187,
    0.157338699813,0.231406754825,0.30658525885,0.374451539176,
    0.41795222222,0.46777938973,0.522002028626,0.582126015698,
    0.625861618601,0.692352537392,0.768561909513,0.843404206213,
    0.868772684548,0.898802338916,0.935054714326,0.96045855957,1.),
  .UNSPECIFIED.);
#848 = CARTESIAN_POINT('',(0.,42.,144.78456515516));
#849 = CARTESIAN_POINT('',(0.365689122764,42.,144.78456515516));
#850 = CARTESIAN_POINT('',(0.730442305904,41.996179217345,
    144.80915089854));
#851 = CARTESIAN_POINT('',(1.090721082704,41.988574103722,
    144.85808574127));
#852 = CARTESIAN_POINT('',(1.443032991042,41.977465765797,
    144.93013202287));
#853 = CARTESIAN_POINT('',(1.784057709519,41.96336672008,145.02306773908
    ));
#854 = CARTESIAN_POINT('',(2.319185647337,41.936439128647,145.2042469414
    ));
#855 = CARTESIAN_POINT('',(2.522143790419,41.924980453356,
    145.28213004246));
#856 = CARTESIAN_POINT('',(2.71942260885,41.912682805467,145.36675066998
    ));
#857 = CARTESIAN_POINT('',(2.910837983813,41.899679778661,
    145.45752824212));
#858 = CARTESIAN_POINT('',(3.096239161984,41.886103152256,
    145.55388131037));
#859 = CARTESIAN_POINT('',(3.531341928307,41.852066560022,145.7998556309
    ));
#860 = CARTESIAN_POINT('',(3.774778414752,41.831136027563,
    145.95470326224));
#861 = CARTESIAN_POINT('',(4.005999918823,41.809613173205,
    146.11839430914));
#862 = CARTESIAN_POINT('',(4.225265646176,41.787780025053,
    146.28974956089));
#863 = CARTESIAN_POINT('',(4.43288378745,41.765877802297,146.46776571587
    ));
#864 = CARTESIAN_POINT('',(4.792447620716,41.726004228961,
    146.80448833397));
#865 = CARTESIAN_POINT('',(4.947922529067,41.707987284451,
    146.96144014481));
#866 = CARTESIAN_POINT('',(5.095818539178,41.690172370278,
    147.12199478823));
#867 = CARTESIAN_POINT('',(5.236340672702,41.67265697621,147.28576423742
    ));
#868 = CARTESIAN_POINT('',(5.36968811047,41.655524197413,147.45242828971
    ));
#869 = CARTESIAN_POINT('',(5.604120102323,41.624580713855,
    147.76652255716));
#870 = CARTESIAN_POINT('',(5.707076504793,41.610648882342,
    147.91323791249));
#871 = CARTESIAN_POINT('',(5.80502931875,41.597094930218,148.06170326714
    ));
#872 = CARTESIAN_POINT('',(5.898076899654,41.583959610413,
    148.21176451273));
#873 = CARTESIAN_POINT('',(5.986309933957,41.571278722321,
    148.36329088775));
#874 = CARTESIAN_POINT('',(6.309783341759,41.524034595552,
    148.95554293701));
#875 = CARTESIAN_POINT('',(6.510787468157,41.492979130536,
    149.40632633985));
#876 = CARTESIAN_POINT('',(6.674390680059,41.466715826735,
    149.86539564726));
#877 = CARTESIAN_POINT('',(6.801689306738,41.445767495478,
    150.33058706104));
#878 = CARTESIAN_POINT('',(6.893202805901,41.430507200091,
    150.80030795253));
#879 = CARTESIAN_POINT('',(7.005120356344,41.411732110485,
    151.75305845936));
#880 = CARTESIAN_POINT('',(7.024408528528,41.408401685702,
    152.23593161649));
#881 = CARTESIAN_POINT('',(7.006446990774,41.41145903973,152.71989909844
    ));
#882 = CARTESIAN_POINT('',(6.950507264929,41.421006009374,
    153.20316074551));
#883 = CARTESIAN_POINT('',(6.855322582269,41.436983494115,
    153.68366703505));
#884 = CARTESIAN_POINT('',(6.596094326802,41.478995444498,
    154.58770905423));
#885 = CARTESIAN_POINT('',(6.439664017347,41.503898132629,
    155.01218481845));
#886 = CARTESIAN_POINT('',(6.248465618582,41.533528739541,
    155.43033806049));
#887 = CARTESIAN_POINT('',(6.02080130897,41.567469135385,155.83980294137
    ));
#888 = CARTESIAN_POINT('',(5.754739217688,41.605029944087,
    156.23744186246));
#889 = CARTESIAN_POINT('',(5.251806262996,41.670826530084,
    156.86363252385));
#890 = CARTESIAN_POINT('',(5.038690514333,41.697576270499,
    157.10170914595));
#891 = CARTESIAN_POINT('',(4.808463889032,41.725077619377,
    157.33201529159));
#892 = CARTESIAN_POINT('',(4.560722498087,41.752959229563,
    157.55313236598));
#893 = CARTESIAN_POINT('',(4.29514533855,41.780771902443,157.76343752742
    ));
#894 = CARTESIAN_POINT('',(3.686682228479,41.839154823272,
    158.18743470466));
#895 = CARTESIAN_POINT('',(3.337418016144,41.869609774328,
    158.39769519837));
#896 = CARTESIAN_POINT('',(2.964732811648,41.898406249202,
    158.58786127562));
#897 = CARTESIAN_POINT('',(2.570213304749,41.924495027524,158.7542011697
    ));
#898 = CARTESIAN_POINT('',(2.156018789682,41.946844920265,
    158.89324847616));
#899 = CARTESIAN_POINT('',(1.255657574178,41.983852166541,
    159.11995628243));
#900 = CARTESIAN_POINT('',(0.766806556896,41.99763926107,159.20189084408
    ));
#901 = CARTESIAN_POINT('',(0.266088634679,42.004631694216,
    159.24256814518));
#902 = CARTESIAN_POINT('',(-0.23774815607,42.00411503711,159.23979369877
    ));
#903 = CARTESIAN_POINT('',(-0.735785237759,41.996345455077,
    159.19423890368));
#904 = CARTESIAN_POINT('',(-1.756369669271,41.966693678595,
    159.01549520085));
#905 = CARTESIAN_POINT('',(-2.27290145644,41.943448660596,
    158.87379561765));
#906 = CARTESIAN_POINT('',(-2.76348642131,41.91386087483,158.68930148073
    ));
#907 = CARTESIAN_POINT('',(-3.223369451433,41.879737910724,
    158.46788706806));
#908 = CARTESIAN_POINT('',(-3.649064526514,41.843009148164,
    158.21631407682));
#909 = CARTESIAN_POINT('',(-4.321809136437,41.778020186921,
    157.7427529718));
#910 = CARTESIAN_POINT('',(-4.586931786038,41.750083174767,
    157.53068322444));
#911 = CARTESIAN_POINT('',(-4.834093541489,41.722109444367,
    157.30783608375));
#912 = CARTESIAN_POINT('',(-5.063629797446,41.694548669473,
    157.0758385506));
#913 = CARTESIAN_POINT('',(-5.275956870613,41.667771572827,
    156.83610973556));
#914 = CARTESIAN_POINT('',(-5.768855565808,41.603007521748,
    156.2155897301));
#915 = CARTESIAN_POINT('',(-6.027591652864,41.566419546683,
    155.82613139245));
#916 = CARTESIAN_POINT('',(-6.249630972063,41.533312483448,
    155.42543326877));
#917 = CARTESIAN_POINT('',(-6.43677797747,41.504328534623,155.0164230211
    ));
#918 = CARTESIAN_POINT('',(-6.590621666912,41.479861715612,
    154.60132273172));
#919 = CARTESIAN_POINT('',(-6.852005370534,41.437543595475,
    153.70119250725));
#920 = CARTESIAN_POINT('',(-6.949472112274,41.421184936159,
    153.21487692351));
#921 = CARTESIAN_POINT('',(-7.006703864668,41.411414994862,
    152.72569810762));
#922 = CARTESIAN_POINT('',(-7.0250212006,41.408296609733,152.2357836163)
  );
#923 = CARTESIAN_POINT('',(-7.00517990009,41.411724112494,
    151.74699769693));
#924 = CARTESIAN_POINT('',(-6.89054038157,41.430951839944,150.7842536731
    ));
#925 = CARTESIAN_POINT('',(-6.797123373205,41.446524003136,
    150.31044236432));
#926 = CARTESIAN_POINT('',(-6.667275369668,41.46787791292,149.8412863708
    ));
#927 = CARTESIAN_POINT('',(-6.500446377461,41.494627925412,
    149.37842033272));
#928 = CARTESIAN_POINT('',(-6.295488095492,41.526232517976,
    148.92408097139));
#929 = CARTESIAN_POINT('',(-5.967817211076,41.573936358259,
    148.33151299446));
#930 = CARTESIAN_POINT('',(-5.880284836807,41.586476708759,
    148.18283251361));
#931 = CARTESIAN_POINT('',(-5.788090324638,41.599451435411,
    148.03558441437));
#932 = CARTESIAN_POINT('',(-5.691146533338,41.612826169871,
    147.88989433847));
#933 = CARTESIAN_POINT('',(-5.589359222923,41.626561865205,
    147.74591000366));
#934 = CARTESIAN_POINT('',(-5.356284036337,41.657249796447,
    147.43558149054));
#935 = CARTESIAN_POINT('',(-5.223017200046,41.674328446191,
    147.26999646273));
#936 = CARTESIAN_POINT('',(-5.082635299399,41.691780564967,
    147.10729722075));
#937 = CARTESIAN_POINT('',(-4.934941482752,41.709523704283,
    146.94780181514));
#938 = CARTESIAN_POINT('',(-4.77973339997,41.727461215941,146.7918951579
    ));
#939 = CARTESIAN_POINT('',(-4.420110974851,41.767233329942,146.456693112
    ));
#940 = CARTESIAN_POINT('',(-4.212105327495,41.7891116978,146.27919072556
    ));
#941 = CARTESIAN_POINT('',(-3.992460803996,41.810911815611,
    146.10837428163));
#942 = CARTESIAN_POINT('',(-3.760873214579,41.832391709693,
    145.94525105525));
#943 = CARTESIAN_POINT('',(-3.517088114269,41.853268767798,
    145.79100320986));
#944 = CARTESIAN_POINT('',(-3.081425845401,41.8871965118,145.5461032441)
  );
#945 = CARTESIAN_POINT('',(-2.895801846596,41.900723200373,
    145.45020807708));
#946 = CARTESIAN_POINT('',(-2.704179193896,41.913670695436,
    145.35990705098));
#947 = CARTESIAN_POINT('',(-2.506713284839,41.925907161604,
    145.27578211273));
#948 = CARTESIAN_POINT('',(-2.303592946877,41.937299175751,
    145.19841328851));
#949 = CARTESIAN_POINT('',(-1.770425663028,41.963927730885,
    145.01937080174));
#950 = CARTESIAN_POINT('',(-1.431775324654,41.977819297723,
    144.92783900623));
#951 = CARTESIAN_POINT('',(-1.08207224161,41.988756392916,
    144.85691284233));
#952 = CARTESIAN_POINT('',(-0.724580706917,41.996240767794,
    144.80875481659));
#953 = CARTESIAN_POINT('',(-0.362731540548,42.,144.78456515516));
#954 = CARTESIAN_POINT('',(0.,42.,144.78456515516));
#955 = PCURVE('',#332,#956);
#956 = DEFINITIONAL_REPRESENTATION('',(#957),#1065);
#957 = B_SPLINE_CURVE_WITH_KNOTS('',6,(#958,#959,#960,#961,#962,#963,
    #964,#965,#966,#967,#968,#969,#970,#971,#972,#973,#974,#975,#976,
    #977,#978,#979,#980,#981,#982,#983,#984,#985,#986,#987,#988,#989,
    #990,#991,#992,#993,#994,#995,#996,#997,#998,#999,#1000,#1001,#1002,
    #1003,#1004,#1005,#1006,#1007,#1008,#1009,#1010,#1011,#1012,#1013,
    #1014,#1015,#1016,#1017,#1018,#1019,#1020,#1021,#1022,#1023,#1024,
    #1025,#1026,#1027,#1028,#1029,#1030,#1031,#1032,#1033,#1034,#1035,
    #1036,#1037,#1038,#1039,#1040,#1041,#1042,#1043,#1044,#1045,#1046,
    #1047,#1048,#1049,#1050,#1051,#1052,#1053,#1054,#1055,#1056,#1057,
    #1058,#1059,#1060,#1061,#1062,#1063,#1064),.UNSPECIFIED.,.F.,.F.,(7,
    5,5,5,5,5,5,5,5,5,5,5,5,5,5,5,5,5,5,5,5,7),(0.,3.980179970335E-02,
    6.519293784887E-02,0.101428301229,0.131565707187,0.157338699813,
    0.231406754825,0.30658525885,0.374451539176,0.41795222222,
    0.46777938973,0.522002028626,0.582126015698,0.625861618601,
    0.692352537392,0.768561909513,0.843404206213,0.868772684548,
    0.898802338916,0.935054714326,0.96045855957,1.),.UNSPECIFIED.);
#958 = CARTESIAN_POINT('',(0.,27.111739379324));
#959 = CARTESIAN_POINT('',(5.224130325205E-02,27.111739379324));
#960 = CARTESIAN_POINT('',(0.104348899739,27.121409001597));
#961 = CARTESIAN_POINT('',(0.156073940737,27.14065548821));
#962 = CARTESIAN_POINT('',(0.207167495581,27.168905948875));
#963 = CARTESIAN_POINT('',(0.257354244204,27.205124254356));
#964 = CARTESIAN_POINT('',(0.337533082872,27.275190266311));
#965 = CARTESIAN_POINT('',(0.368312630758,27.305196240801));
#966 = CARTESIAN_POINT('',(0.398646200325,27.337650228455));
#967 = CARTESIAN_POINT('',(0.428532859129,27.372281812589));
#968 = CARTESIAN_POINT('',(0.457968664933,27.408822126505));
#969 = CARTESIAN_POINT('',(0.528301268883,27.501500006765));
#970 = CARTESIAN_POINT('',(0.568738439342,27.559361672906));
#971 = CARTESIAN_POINT('',(0.608324433768,27.619942819017));
#972 = CARTESIAN_POINT('',(0.647119705648,27.682683837037));
#973 = CARTESIAN_POINT('',(0.685181509639,27.747107373594));
#974 = CARTESIAN_POINT('',(0.7536597177,27.867457652365));
#975 = CARTESIAN_POINT('',(0.784292403993,27.923003061501));
#976 = CARTESIAN_POINT('',(0.814501856848,27.97922628767));
#977 = CARTESIAN_POINT('',(0.844322912193,28.035938641583));
#978 = CARTESIAN_POINT('',(0.873789974883,28.092981848534));
#979 = CARTESIAN_POINT('',(0.927867190296,28.199180486512));
#980 = CARTESIAN_POINT('',(0.952561993236,28.248280048774));
#981 = CARTESIAN_POINT('',(0.977042429528,28.297437451362));
#982 = CARTESIAN_POINT('',(1.001327105084,28.34657578135));
#983 = CARTESIAN_POINT('',(1.025434450359,28.395628593903));
#984 = CARTESIAN_POINT('',(1.11820677214,28.58510435011));
#985 = CARTESIAN_POINT('',(1.185749840415,28.724563610949));
#986 = CARTESIAN_POINT('',(1.252357650131,28.861383419568));
#987 = CARTESIAN_POINT('',(1.318343294113,28.99453177633));
#988 = CARTESIAN_POINT('',(1.38402044568,29.123260487458));
#989 = CARTESIAN_POINT('',(1.516382490988,29.372550939507));
#990 = CARTESIAN_POINT('',(1.583033080658,29.492895869111));
#991 = CARTESIAN_POINT('',(1.649944277099,29.607309155762));
#992 = CARTESIAN_POINT('',(1.717392515613,29.71525540039));
#993 = CARTESIAN_POINT('',(1.785659178168,29.816294856666));
#994 = CARTESIAN_POINT('',(1.917706811421,29.994799674266));
#995 = CARTESIAN_POINT('',(1.981270320511,30.07359101293));
#996 = CARTESIAN_POINT('',(2.045985123707,30.14626215978));
#997 = CARTESIAN_POINT('',(2.112099378015,30.212644960114));
#998 = CARTESIAN_POINT('',(2.179869737422,30.272647227519));
#999 = CARTESIAN_POINT('',(2.294301268508,30.36068870653));
#1000 = CARTESIAN_POINT('',(2.339819061422,30.392479708834));
#1001 = CARTESIAN_POINT('',(2.386214784742,30.421656926456));
#1002 = CARTESIAN_POINT('',(2.43355103598,30.448236559285));
#1003 = CARTESIAN_POINT('',(2.481898173508,30.472260797061));
#1004 = CARTESIAN_POINT('',(2.587966651654,30.518455464677));
#1005 = CARTESIAN_POINT('',(2.646159889723,30.53990548258));
#1006 = CARTESIAN_POINT('',(2.705793378814,30.558090846859));
#1007 = CARTESIAN_POINT('',(2.766780538347,30.573124364411));
#1008 = CARTESIAN_POINT('',(2.829066128715,30.58516570897));
#1009 = CARTESIAN_POINT('',(2.961781271373,30.60424812604));
#1010 = CARTESIAN_POINT('',(3.032379619196,30.610744729804));
#1011 = CARTESIAN_POINT('',(3.103749403772,30.613826767878));
#1012 = CARTESIAN_POINT('',(3.175318018728,30.6136550968));
#1013 = CARTESIAN_POINT('',(3.246524768527,30.610144037837));
#1014 = CARTESIAN_POINT('',(3.394587661326,30.595558770722));
#1015 = CARTESIAN_POINT('',(3.470811366854,30.583742553619));
#1016 = CARTESIAN_POINT('',(3.54530612784,30.567700521263));
#1017 = CARTESIAN_POINT('',(3.61792216014,30.547103776004));
#1018 = CARTESIAN_POINT('',(3.688443711339,30.521720496869));
#1019 = CARTESIAN_POINT('',(3.806106758621,30.469913611613));
#1020 = CARTESIAN_POINT('',(3.854557721619,30.445582025701));
#1021 = CARTESIAN_POINT('',(3.901993914605,30.418672159895));
#1022 = CARTESIAN_POINT('',(3.948487001352,30.389142372248));
#1023 = CARTESIAN_POINT('',(3.994100861728,30.356977193741));
#1024 = CARTESIAN_POINT('',(4.106994430124,30.269309344802));
#1025 = CARTESIAN_POINT('',(4.173229508712,30.210347373059));
#1026 = CARTESIAN_POINT('',(4.237886238042,30.145282372279));
#1027 = CARTESIAN_POINT('',(4.301205289872,30.074201376792));
#1028 = CARTESIAN_POINT('',(4.363419045194,29.997261069621));
#1029 = CARTESIAN_POINT('',(4.495043582146,29.820002029885));
#1030 = CARTESIAN_POINT('',(4.564167531055,29.717923406466));
#1031 = CARTESIAN_POINT('',(4.632447244838,29.608758351878));
#1032 = CARTESIAN_POINT('',(4.700174455679,29.492961912455));
#1033 = CARTESIAN_POINT('',(4.767635794289,29.371088747894));
#1034 = CARTESIAN_POINT('',(4.90140430158,29.118935388743));
#1035 = CARTESIAN_POINT('',(4.967675109919,28.988912049488));
#1036 = CARTESIAN_POINT('',(5.034267556433,28.854408671935));
#1037 = CARTESIAN_POINT('',(5.10150491309,28.716195844084));
#1038 = CARTESIAN_POINT('',(5.169709668751,28.575341404657));
#1039 = CARTESIAN_POINT('',(5.26280620549,28.385343037117));
#1040 = CARTESIAN_POINT('',(5.286529873798,28.337116796777));
#1041 = CARTESIAN_POINT('',(5.310427139307,28.28881655324));
#1042 = CARTESIAN_POINT('',(5.334515595439,28.240506121293));
#1043 = CARTESIAN_POINT('',(5.358812999801,28.192259208841));
#1044 = CARTESIAN_POINT('',(5.412367611499,28.087221822605));
#1045 = CARTESIAN_POINT('',(5.441714867766,28.030492830428));
#1046 = CARTESIAN_POINT('',(5.471414760925,27.974101425938));
#1047 = CARTESIAN_POINT('',(5.50150125876,27.918204734512));
#1048 = CARTESIAN_POINT('',(5.532008756073,27.862989873546));
#1049 = CARTESIAN_POINT('',(5.600356393001,27.743106817715));
#1050 = CARTESIAN_POINT('',(5.638417235288,27.678831030982));
#1051 = CARTESIAN_POINT('',(5.677212727438,27.616252737192));
#1052 = CARTESIAN_POINT('',(5.716799668648,27.555850985375));
#1053 = CARTESIAN_POINT('',(5.757238100836,27.498186666438));
#1054 = CARTESIAN_POINT('',(5.827573629824,27.405874953781));
#1055 = CARTESIAN_POINT('',(5.85701113677,27.369494144038));
#1056 = CARTESIAN_POINT('',(5.886898938813,27.335032013002));
#1057 = CARTESIAN_POINT('',(5.917232618905,27.302757602639));
#1058 = CARTESIAN_POINT('',(5.948010793211,27.272941029412));
#1059 = CARTESIAN_POINT('',(6.027836626468,27.203683354923));
#1060 = CARTESIAN_POINT('',(6.077650277165,27.168006834306));
#1061 = CARTESIAN_POINT('',(6.128353092415,27.140194171938));
#1062 = CARTESIAN_POINT('',(6.179673778598,27.121253224907));
#1063 = CARTESIAN_POINT('',(6.231366515673,27.111739379324));
#1064 = CARTESIAN_POINT('',(6.28318530718,27.111739379324));
#1065 = ( GEOMETRIC_REPRESENTATION_CONTEXT(2) 
PARAMETRIC_REPRESENTATION_CONTEXT() REPRESENTATION_CONTEXT('2D SPACE',''
  ) );
#1066 = PCURVE('',#798,#1067);
#1067 = DEFINITIONAL_REPRESENTATION('',(#1068),#1176);
#1068 = B_SPLINE_CURVE_WITH_KNOTS('',6,(#1069,#1070,#1071,#1072,#1073,
    #1074,#1075,#1076,#1077,#1078,#1079,#1080,#1081,#1082,#1083,#1084,
    #1085,#1086,#1087,#1088,#1089,#1090,#1091,#1092,#1093,#1094,#1095,
    #1096,#1097,#1098,#1099,#1100,#1101,#1102,#1103,#1104,#1105,#1106,
    #1107,#1108,#1109,#1110,#1111,#1112,#1113,#1114,#1115,#1116,#1117,
    #1118,#1119,#1120,#1121,#1122,#1123,#1124,#1125,#1126,#1127,#1128,
    #1129,#1130,#1131,#1132,#1133,#1134,#1135,#1136,#1137,#1138,#1139,
    #1140,#1141,#1142,#1143,#1144,#1145,#1146,#1147,#1148,#1149,#1150,
    #1151,#1152,#1153,#1154,#1155,#1156,#1157,#1158,#1159,#1160,#1161,
    #1162,#1163,#1164,#1165,#1166,#1167,#1168,#1169,#1170,#1171,#1172,
    #1173,#1174,#1175),.UNSPECIFIED.,.T.,.F.,(7,5,5,5,5,5,5,5,5,5,5,5,5,
    5,5,5,5,5,5,5,5,7),(0.,3.980179970335E-02,6.519293784887E-02,
    0.101428301229,0.131565707187,0.157338699813,0.231406754825,
    0.30658525885,0.374451539176,0.41795222222,0.46777938973,
    0.522002028626,0.582126015698,0.625861618601,0.692352537392,
    0.768561909513,0.843404206213,0.868772684548,0.898802338916,
    0.935054714326,0.96045855957,1.),.UNSPECIFIED.);
#1069 = CARTESIAN_POINT('',(1.570796326795,144.78456515516));
#1070 = CARTESIAN_POINT('',(1.56208944292,144.78456515516));
#1071 = CARTESIAN_POINT('',(1.553404842873,144.80915089854));
#1072 = CARTESIAN_POINT('',(1.544825590895,144.85808574127));
#1073 = CARTESIAN_POINT('',(1.536433671732,144.93013202287));
#1074 = CARTESIAN_POINT('',(1.528307424866,145.02306773908));
#1075 = CARTESIAN_POINT('',(1.515550162806,145.2042469414));
#1076 = CARTESIAN_POINT('',(1.510710221337,145.28213004246));
#1077 = CARTESIAN_POINT('',(1.506004105877,145.36675066998));
#1078 = CARTESIAN_POINT('',(1.501436192063,145.45752824212));
#1079 = CARTESIAN_POINT('',(1.49701011302,145.55388131037));
#1080 = CARTESIAN_POINT('',(1.486618874481,145.7998556309));
#1081 = CARTESIAN_POINT('',(1.480801555517,145.95470326224));
#1082 = CARTESIAN_POINT('',(1.475272674497,146.11839430914));
#1083 = CARTESIAN_POINT('',(1.470026385504,146.28974956089));
#1084 = CARTESIAN_POINT('',(1.465055737386,146.46776571587));
#1085 = CARTESIAN_POINT('',(1.456442214688,146.80448833397));
#1086 = CARTESIAN_POINT('',(1.452715703613,146.96144014481));
#1087 = CARTESIAN_POINT('',(1.449168966073,147.12199478823));
#1088 = CARTESIAN_POINT('',(1.445797348038,147.28576423742));
#1089 = CARTESIAN_POINT('',(1.442596330062,147.45242828971));
#1090 = CARTESIAN_POINT('',(1.436966202871,147.76652255716));
#1091 = CARTESIAN_POINT('',(1.434492530954,147.91323791249));
#1092 = CARTESIAN_POINT('',(1.432138115331,148.06170326714));
#1093 = CARTESIAN_POINT('',(1.429900742633,148.21176451273));
#1094 = CARTESIAN_POINT('',(1.427778375242,148.36329088775));
#1095 = CARTESIAN_POINT('',(1.419994916523,148.95554293701));
#1096 = CARTESIAN_POINT('',(1.415152485099,149.40632633985));
#1097 = CARTESIAN_POINT('',(1.411207349644,149.86539564726));
#1098 = CARTESIAN_POINT('',(1.408135677946,150.33058706104));
#1099 = CARTESIAN_POINT('',(1.405926699074,150.80030795253));
#1100 = CARTESIAN_POINT('',(1.403224759516,151.75305845936));
#1101 = CARTESIAN_POINT('',(1.402758727324,152.23593161649));
#1102 = CARTESIAN_POINT('',(1.403192526932,152.71989909844));
#1103 = CARTESIAN_POINT('',(1.404543697052,153.20316074551));
#1104 = CARTESIAN_POINT('',(1.406841669064,153.68366703505));
#1105 = CARTESIAN_POINT('',(1.413094300818,154.58770905423));
#1106 = CARTESIAN_POINT('',(1.416865717132,155.01218481845));
#1107 = CARTESIAN_POINT('',(1.421472335476,155.43033806049));
#1108 = CARTESIAN_POINT('',(1.42695265553,155.83980294137));
#1109 = CARTESIAN_POINT('',(1.433349952218,156.23744186246));
#1110 = CARTESIAN_POINT('',(1.445426586477,156.86363252385));
#1111 = CARTESIAN_POINT('',(1.450540515188,157.10170914595));
#1112 = CARTESIAN_POINT('',(1.456060916771,157.33201529159));
#1113 = CARTESIAN_POINT('',(1.461996519593,157.55313236598));
#1114 = CARTESIAN_POINT('',(1.468354126668,157.76343752742));
#1115 = CARTESIAN_POINT('',(1.482907880377,158.18743470466));
#1116 = CARTESIAN_POINT('',(1.491254943553,158.39769519837));
#1117 = CARTESIAN_POINT('',(1.50015414065,158.58786127562));
#1118 = CARTESIAN_POINT('',(1.509567025925,158.7542011697));
#1119 = CARTESIAN_POINT('',(1.519442325241,158.89324847616));
#1120 = CARTESIAN_POINT('',(1.540897597688,159.11995628243));
#1121 = CARTESIAN_POINT('',(1.552540574576,159.20189084408));
#1122 = CARTESIAN_POINT('',(1.564461699772,159.24256814518));
#1123 = CARTESIAN_POINT('',(1.576455842744,159.23979369877));
#1124 = CARTESIAN_POINT('',(1.58831424451,159.19423890368));
#1125 = CARTESIAN_POINT('',(1.612624127555,159.01549520085));
#1126 = CARTESIAN_POINT('',(1.624933387709,158.87379561765));
#1127 = CARTESIAN_POINT('',(1.636633280086,158.68930148073));
#1128 = CARTESIAN_POINT('',(1.647611723293,158.46788706806));
#1129 = CARTESIAN_POINT('',(1.657784441347,158.21631407682));
#1130 = CARTESIAN_POINT('',(1.673876736007,157.7427529718));
#1131 = CARTESIAN_POINT('',(1.680223890578,157.53068322444));
#1132 = CARTESIAN_POINT('',(1.686146027156,157.30783608375));
#1133 = CARTESIAN_POINT('',(1.691650278001,157.0758385506));
#1134 = CARTESIAN_POINT('',(1.696745657838,156.83610973556));
#1135 = CARTESIAN_POINT('',(1.708582212589,156.2155897301));
#1136 = CARTESIAN_POINT('',(1.714803584813,155.82613139245));
#1137 = CARTESIAN_POINT('',(1.720148525238,155.42543326877));
#1138 = CARTESIAN_POINT('',(1.724657465166,155.0164230211));
#1139 = CARTESIAN_POINT('',(1.728366429887,154.60132273172));
#1140 = CARTESIAN_POINT('',(1.734670887143,153.70119250725));
#1141 = CARTESIAN_POINT('',(1.737023943875,153.21487692351));
#1142 = CARTESIAN_POINT('',(1.738406332343,152.72569810762));
#1143 = CARTESIAN_POINT('',(1.738848726475,152.2357836163));
#1144 = CARTESIAN_POINT('',(1.738369323751,151.74699769693));
#1145 = CARTESIAN_POINT('',(1.73560168554,150.7842536731));
#1146 = CARTESIAN_POINT('',(1.733346780981,150.31044236432));
#1147 = CARTESIAN_POINT('',(1.730213648236,149.8412863708));
#1148 = CARTESIAN_POINT('',(1.726190845537,149.37842033272));
#1149 = CARTESIAN_POINT('',(1.72125338489,148.92408097139));
#1150 = CARTESIAN_POINT('',(1.713369452751,148.33151299446));
#1151 = CARTESIAN_POINT('',(1.711264073835,148.18283251361));
#1152 = CARTESIAN_POINT('',(1.709047346835,148.03558441437));
#1153 = CARTESIAN_POINT('',(1.706717312978,147.88989433847));
#1154 = CARTESIAN_POINT('',(1.704271850801,147.74591000366));
#1155 = CARTESIAN_POINT('',(1.698674546637,147.43558149054));
#1156 = CARTESIAN_POINT('',(1.695475596158,147.26999646273));
#1157 = CARTESIAN_POINT('',(1.692107477454,147.10729722075));
#1158 = CARTESIAN_POINT('',(1.688565723463,146.94780181514));
#1159 = CARTESIAN_POINT('',(1.684845740384,146.7918951579));
#1160 = CARTESIAN_POINT('',(1.676231097018,146.456693112));
#1161 = CARTESIAN_POINT('',(1.671251333251,146.27919072556));
#1162 = CARTESIAN_POINT('',(1.665996148127,146.10837428163));
#1163 = CARTESIAN_POINT('',(1.660458683686,145.94525105525));
#1164 = CARTESIAN_POINT('',(1.654633204259,145.79100320986));
#1165 = CARTESIAN_POINT('',(1.64422888629,145.5461032441));
#1166 = CARTESIAN_POINT('',(1.639797602931,145.45020807708));
#1167 = CARTESIAN_POINT('',(1.635224854939,145.35990705098));
#1168 = CARTESIAN_POINT('',(1.630514384197,145.27578211273));
#1169 = CARTESIAN_POINT('',(1.625670676373,145.19841328851));
#1170 = CARTESIAN_POINT('',(1.612960394487,145.01937080174));
#1171 = CARTESIAN_POINT('',(1.604890829808,144.92783900623));
#1172 = CARTESIAN_POINT('',(1.596561109404,144.85691284233));
#1173 = CARTESIAN_POINT('',(1.588048248804,144.80875481659));
#1174 = CARTESIAN_POINT('',(1.579432792046,144.78456515516));
#1175 = CARTESIAN_POINT('',(1.570796326795,144.78456515516));
#1176 = ( GEOMETRIC_REPRESENTATION_CONTEXT(2) 
PARAMETRIC_REPRESENTATION_CONTEXT() REPRESENTATION_CONTEXT('2D SPACE',''
  ) );
#1177 = ORIENTED_EDGE('',*,*,#1178,.F.);
#1178 = EDGE_CURVE('',#109,#844,#1179,.T.);
#1179 = SEAM_CURVE('',#1180,(#1184,#1191),.PCURVE_S1.);
#1180 = LINE('',#1181,#1182);
#1181 = CARTESIAN_POINT('',(-1.714505518806E-15,68.302250624746,
    138.20900249898));
#1182 = VECTOR('',#1183,1.);
#1183 = DIRECTION('',(0.,-0.970142500145,0.242535625036));
#1184 = PCURVE('',#332,#1185);
#1185 = DEFINITIONAL_REPRESENTATION('',(#1186),#1190);
#1186 = LINE('',#1187,#1188);
#1187 = CARTESIAN_POINT('',(6.28318530718,-0.));
#1188 = VECTOR('',#1189,1.);
#1189 = DIRECTION('',(0.,1.));
#1190 = ( GEOMETRIC_REPRESENTATION_CONTEXT(2) 
PARAMETRIC_REPRESENTATION_CONTEXT() REPRESENTATION_CONTEXT('2D SPACE',''
  ) );
#1191 = PCURVE('',#332,#1192);
#1192 = DEFINITIONAL_REPRESENTATION('',(#1193),#1197);
#1193 = LINE('',#1194,#1195);
#1194 = CARTESIAN_POINT('',(0.,-0.));
#1195 = VECTOR('',#1196,1.);
#1196 = DIRECTION('',(0.,1.));
#1197 = ( GEOMETRIC_REPRESENTATION_CONTEXT(2) 
PARAMETRIC_REPRESENTATION_CONTEXT() REPRESENTATION_CONTEXT('2D SPACE',''
  ) );
#1198 = ORIENTED_EDGE('',*,*,#108,.T.);
#1199 = ORIENTED_EDGE('',*,*,#1178,.T.);
#1200 = ADVANCED_FACE('',(#1201),#664,.F.);
#1201 = FACE_BOUND('',#1202,.F.);
#1202 = EDGE_LOOP('',(#1203,#1204,#1227,#1530));
#1203 = ORIENTED_EDGE('',*,*,#450,.F.);
#1204 = ORIENTED_EDGE('',*,*,#1205,.F.);
#1205 = EDGE_CURVE('',#1206,#451,#1208,.T.);
#1206 = VERTEX_POINT('',#1207);
#1207 = CARTESIAN_POINT('',(-1.714505518806E-15,-42.,165.78456515516));
#1208 = SEAM_CURVE('',#1209,(#1213,#1220),.PCURVE_S1.);
#1209 = LINE('',#1210,#1211);
#1210 = CARTESIAN_POINT('',(-1.714505518806E-15,68.302250624746,
    138.20900249898));
#1211 = VECTOR('',#1212,1.);
#1212 = DIRECTION('',(0.,-0.970142500145,0.242535625036));
#1213 = PCURVE('',#664,#1214);
#1214 = DEFINITIONAL_REPRESENTATION('',(#1215),#1219);
#1215 = LINE('',#1216,#1217);
#1216 = CARTESIAN_POINT('',(6.28318530718,-0.));
#1217 = VECTOR('',#1218,1.);
#1218 = DIRECTION('',(0.,1.));
#1219 = ( GEOMETRIC_REPRESENTATION_CONTEXT(2) 
PARAMETRIC_REPRESENTATION_CONTEXT() REPRESENTATION_CONTEXT('2D SPACE',''
  ) );
#1220 = PCURVE('',#664,#1221);
#1221 = DEFINITIONAL_REPRESENTATION('',(#1222),#1226);
#1222 = LINE('',#1223,#1224);
#1223 = CARTESIAN_POINT('',(0.,-0.));
#1224 = VECTOR('',#1225,1.);
#1225 = DIRECTION('',(0.,1.));
#1226 = ( GEOMETRIC_REPRESENTATION_CONTEXT(2) 
PARAMETRIC_REPRESENTATION_CONTEXT() REPRESENTATION_CONTEXT('2D SPACE',''
  ) );
#1227 = ORIENTED_EDGE('',*,*,#1228,.T.);
#1228 = EDGE_CURVE('',#1206,#1206,#1229,.T.);
#1229 = SURFACE_CURVE('',#1230,(#1328,#1429),.PCURVE_S1.);
#1230 = B_SPLINE_CURVE_WITH_KNOTS('',6,(#1231,#1232,#1233,#1234,#1235,
    #1236,#1237,#1238,#1239,#1240,#1241,#1242,#1243,#1244,#1245,#1246,
    #1247,#1248,#1249,#1250,#1251,#1252,#1253,#1254,#1255,#1256,#1257,
    #1258,#1259,#1260,#1261,#1262,#1263,#1264,#1265,#1266,#1267,#1268,
    #1269,#1270,#1271,#1272,#1273,#1274,#1275,#1276,#1277,#1278,#1279,
    #1280,#1281,#1282,#1283,#1284,#1285,#1286,#1287,#1288,#1289,#1290,
    #1291,#1292,#1293,#1294,#1295,#1296,#1297,#1298,#1299,#1300,#1301,
    #1302,#1303,#1304,#1305,#1306,#1307,#1308,#1309,#1310,#1311,#1312,
    #1313,#1314,#1315,#1316,#1317,#1318,#1319,#1320,#1321,#1322,#1323,
    #1324,#1325,#1326,#1327),.UNSPECIFIED.,.T.,.F.,(7,5,5,5,5,5,5,5,5,5,
    5,5,5,5,5,5,5,5,5,7),(0.,5.014524429978E-02,8.235434982198E-02,
    0.1273686282,0.163725336192,0.192719146425,0.269383675799,
    0.343087809241,0.399805774307,0.462540750507,0.51922331586,
    0.566309612228,0.634044408606,0.731254495925,0.808263931113,
    0.836885441443,0.873662014657,0.918333517444,0.950381843036,1.),
  .UNSPECIFIED.);
#1231 = CARTESIAN_POINT('',(-4.440892098501E-15,-42.,165.78456515516));
#1232 = CARTESIAN_POINT('',(0.459862269994,-42.,165.78456515516));
#1233 = CARTESIAN_POINT('',(0.91851871626,-41.99395806908,
    165.82042323127));
#1234 = CARTESIAN_POINT('',(1.370083875454,-41.98193251783,
    165.89178471821));
#1235 = CARTESIAN_POINT('',(1.808821928527,-41.96449516173,
    165.99669578141));
#1236 = CARTESIAN_POINT('',(2.229532495111,-41.94268127391,
    166.13167179277));
#1237 = CARTESIAN_POINT('',(2.883792702343,-41.90166432806,
    166.39457605271));
#1238 = CARTESIAN_POINT('',(3.130925056951,-41.8842892342,
    166.50794278968));
#1239 = CARTESIAN_POINT('',(3.368897131413,-41.86584491891,
    166.63092997656));
#1240 = CARTESIAN_POINT('',(3.597385165282,-41.84659606924,
    166.76261324371));
#1241 = CARTESIAN_POINT('',(3.816150042343,-41.82679807218,
    166.90206726748));
#1242 = CARTESIAN_POINT('',(4.316969275289,-41.77858052688,
    167.2528272637));
#1243 = CARTESIAN_POINT('',(4.589694178879,-41.74985409276,
    167.47071781693));
#1244 = CARTESIAN_POINT('',(4.843439336715,-41.72108884525,
    167.69999635468));
#1245 = CARTESIAN_POINT('',(5.078571318398,-41.69277246934,
    167.93889897655));
#1246 = CARTESIAN_POINT('',(5.295546044438,-41.66530462776,
    168.18589378054));
#1247 = CARTESIAN_POINT('',(5.655838984814,-41.61775884263,
    168.64457555062));
#1248 = CARTESIAN_POINT('',(5.805340965018,-41.59727010608,
    168.85397146215));
#1249 = CARTESIAN_POINT('',(5.943674841,-41.57769667352,169.06719735053)
  );
#1250 = CARTESIAN_POINT('',(6.071136803865,-41.55916828084,
    169.28370342998));
#1251 = CARTESIAN_POINT('',(6.1880100769,-41.54178795108,169.50301533937
    ));
#1252 = CARTESIAN_POINT('',(6.379541013501,-41.5127551875,
    169.90154929621));
#1253 = CARTESIAN_POINT('',(6.457953645761,-41.5006557379,
    170.07989359301));
#1254 = CARTESIAN_POINT('',(6.529938224628,-41.48937871209,
    170.25956068192));
#1255 = CARTESIAN_POINT('',(6.595619413845,-41.47895679873,
    170.44036434293));
#1256 = CARTESIAN_POINT('',(6.655111661948,-41.46941542671,
    170.62213743757));
#1257 = CARTESIAN_POINT('',(6.849738561362,-41.43792401412,
    171.28754181743));
#1258 = CARTESIAN_POINT('',(6.948406199132,-41.42136689617,
    171.77605616937));
#1259 = CARTESIAN_POINT('',(7.006446858238,-41.41145875671,
    172.26749120859));
#1260 = CARTESIAN_POINT('',(7.025204359501,-41.40826495956,
    172.75968705557));
#1261 = CARTESIAN_POINT('',(7.005447751023,-41.41167918763,
    173.25075288778));
#1262 = CARTESIAN_POINT('',(6.891478773131,-41.43079444974,
    174.20786570354));
#1263 = CARTESIAN_POINT('',(6.80019862277,-41.44601135515,
    174.67391321664));
#1264 = CARTESIAN_POINT('',(6.673674423858,-41.46682542341,
    175.13548443916));
#1265 = CARTESIAN_POINT('',(6.511396557197,-41.49287126837,
    175.59101948562));
#1266 = CARTESIAN_POINT('',(6.312295856073,-41.52363794556,
    176.03840451656));
#1267 = CARTESIAN_POINT('',(5.892119767946,-41.58505773635,
    176.8102539311));
#1268 = CARTESIAN_POINT('',(5.686701891892,-41.61410016977,
    177.13925070858));
#1269 = CARTESIAN_POINT('',(5.457688141181,-41.64515158716,
    177.46059478018));
#1270 = CARTESIAN_POINT('',(5.203900684683,-41.67780413731,
    177.77278076761));
#1271 = CARTESIAN_POINT('',(4.924034413483,-41.711502377,178.07360267655
    ));
#1272 = CARTESIAN_POINT('',(4.276979128358,-41.78306286591,
    178.67671927951));
#1273 = CARTESIAN_POINT('',(3.902337916949,-41.82113598875,
    178.97703055424));
#1274 = CARTESIAN_POINT('',(3.491769034616,-41.85854387852,
    179.25542023343));
#1275 = CARTESIAN_POINT('',(3.044636468853,-41.89380200277,
    179.50546631745));
#1276 = CARTESIAN_POINT('',(2.561102533224,-41.92505600007,
    179.71963399011));
#1277 = CARTESIAN_POINT('',(1.573965552216,-41.97311871753,
    180.04205749827));
#1278 = CARTESIAN_POINT('',(1.075279627454,-41.99110384062,
    180.15903381082));
#1279 = CARTESIAN_POINT('',(0.556714142662,-42.00226201352,
    180.22978382375));
#1280 = CARTESIAN_POINT('',(2.970480752926E-02,-42.0052799414,
    180.24917350174));
#1281 = CARTESIAN_POINT('',(-0.493847990167,-42.00017998824,
    180.21698117961));
#1282 = CARTESIAN_POINT('',(-1.425272685624,-41.97793858688,
    180.07247186375));
#1283 = CARTESIAN_POINT('',(-1.834959851485,-41.96304786477,
    179.97507107502));
#1284 = CARTESIAN_POINT('',(-2.228682954308,-41.94401119263,
    179.84890413304));
#1285 = CARTESIAN_POINT('',(-2.603813439759,-41.92168496684,
    179.69757085536));
#1286 = CARTESIAN_POINT('',(-2.958167067358,-41.89701764265,
    179.52521295671));
#1287 = CARTESIAN_POINT('',(-3.767520673489,-41.83342150178,
    179.06507572149));
#1288 = CARTESIAN_POINT('',(-4.201343722799,-41.7927593609,
    178.75821826313));
#1289 = CARTESIAN_POINT('',(-4.593071911935,-41.75105931217,
    178.42484688551));
#1290 = CARTESIAN_POINT('',(-4.945037479504,-41.7098884709,
    178.0713252091));
#1291 = CARTESIAN_POINT('',(-5.259759411993,-41.67030725956,
    177.70199229725));
#1292 = CARTESIAN_POINT('',(-5.940698148618,-41.57970666912,
    176.77083443557));
#1293 = CARTESIAN_POINT('',(-6.270287019532,-41.5311293811,
    176.19442047069));
#1294 = CARTESIAN_POINT('',(-6.532816444828,-41.48989221304,
    175.60021434998));
#1295 = CARTESIAN_POINT('',(-6.731951674272,-41.45736943328,
    174.99379574742));
#1296 = CARTESIAN_POINT('',(-6.869549268984,-41.43446826407,
    174.37862768015));
#1297 = CARTESIAN_POINT('',(-7.004940710402,-41.41176750547,
    173.26527262815));
#1298 = CARTESIAN_POINT('',(-7.025770005315,-41.40816841385,
    172.76994960363));
#1299 = CARTESIAN_POINT('',(-7.007425607759,-41.41129158004,
    172.27344482393));
#1300 = CARTESIAN_POINT('',(-6.949124233882,-41.42124796894,
    171.77769505433));
#1301 = CARTESIAN_POINT('',(-6.849487620248,-41.43797158464,
    171.28491440306));
#1302 = CARTESIAN_POINT('',(-6.65340689261,-41.46968860901,
    170.61698367884));
#1303 = CARTESIAN_POINT('',(-6.594295277558,-41.47916616029,
    170.4368123739));
#1304 = CARTESIAN_POINT('',(-6.529100268988,-41.4895089812,
    170.25759658208));
#1305 = CARTESIAN_POINT('',(-6.457710327889,-41.50069179654,
    170.07949978278));
#1306 = CARTESIAN_POINT('',(-6.380003723354,-41.51268236793,
    169.90270304079));
#1307 = CARTESIAN_POINT('',(-6.187715191629,-41.54183604883,
    169.50215969504));
#1308 = CARTESIAN_POINT('',(-6.068937390974,-41.55949880748,
    169.27939375359));
#1309 = CARTESIAN_POINT('',(-5.939231490859,-41.57834570448,
    169.05952559693));
#1310 = CARTESIAN_POINT('',(-5.798300526097,-41.5982685372,
    168.84305322422));
#1311 = CARTESIAN_POINT('',(-5.645833879379,-41.61913059007,
    168.63055515432));
#1312 = CARTESIAN_POINT('',(-5.281903510409,-41.66703765854,
    168.17020486789));
#1313 = CARTESIAN_POINT('',(-5.064732679621,-41.69445728524,
    167.9244704815));
#1314 = CARTESIAN_POINT('',(-4.829506878915,-41.72270436399,
    167.6868311827));
#1315 = CARTESIAN_POINT('',(-4.575779984155,-41.75138025378,
    167.45881357215));
#1316 = CARTESIAN_POINT('',(-4.303195870808,-41.77999944215,
    167.24217234916));
#1317 = CARTESIAN_POINT('',(-3.802294387336,-41.82806166839,
    166.89312766337));
#1318 = CARTESIAN_POINT('',(-3.58318915193,-41.84781683835,
    166.75418793567));
#1319 = CARTESIAN_POINT('',(-3.35438174551,-41.86701348103,166.623043668
    ));
#1320 = CARTESIAN_POINT('',(-3.116117081895,-41.88539601326,
    166.50062069039));
#1321 = CARTESIAN_POINT('',(-2.868725010994,-41.90269992425,
    166.3878426003));
#1322 = CARTESIAN_POINT('',(-2.216112852545,-41.94337460347,
    166.12738339584));
#1323 = CARTESIAN_POINT('',(-1.797637853693,-41.96493812234,
    165.99403067883));
#1324 = CARTESIAN_POINT('',(-1.361446949614,-41.98216203899,
    165.89042280167));
#1325 = CARTESIAN_POINT('',(-0.912659964787,-41.99403522543,
    165.81996527794));
#1326 = CARTESIAN_POINT('',(-0.456916379501,-42.,165.78456515516));
#1327 = CARTESIAN_POINT('',(-4.440892098501E-15,-42.,165.78456515516));
#1328 = PCURVE('',#664,#1329);
#1329 = DEFINITIONAL_REPRESENTATION('',(#1330),#1428);
#1330 = B_SPLINE_CURVE_WITH_KNOTS('',6,(#1331,#1332,#1333,#1334,#1335,
    #1336,#1337,#1338,#1339,#1340,#1341,#1342,#1343,#1344,#1345,#1346,
    #1347,#1348,#1349,#1350,#1351,#1352,#1353,#1354,#1355,#1356,#1357,
    #1358,#1359,#1360,#1361,#1362,#1363,#1364,#1365,#1366,#1367,#1368,
    #1369,#1370,#1371,#1372,#1373,#1374,#1375,#1376,#1377,#1378,#1379,
    #1380,#1381,#1382,#1383,#1384,#1385,#1386,#1387,#1388,#1389,#1390,
    #1391,#1392,#1393,#1394,#1395,#1396,#1397,#1398,#1399,#1400,#1401,
    #1402,#1403,#1404,#1405,#1406,#1407,#1408,#1409,#1410,#1411,#1412,
    #1413,#1414,#1415,#1416,#1417,#1418,#1419,#1420,#1421,#1422,#1423,
    #1424,#1425,#1426,#1427),.UNSPECIFIED.,.F.,.F.,(7,5,5,5,5,5,5,5,5,5,
    5,5,5,5,5,5,5,5,5,7),(0.,5.014524429978E-02,8.235434982198E-02,
    0.1273686282,0.163725336192,0.192719146425,0.269383675799,
    0.343087809241,0.399805774307,0.462540750507,0.51922331586,
    0.566309612228,0.634044408606,0.731254495925,0.808263931113,
    0.836885441443,0.873662014657,0.918333517444,0.950381843036,1.),
  .UNSPECIFIED.);
#1331 = CARTESIAN_POINT('',(0.,113.69695751729));
#1332 = CARTESIAN_POINT('',(6.56946099992E-02,113.69695751729));
#1333 = CARTESIAN_POINT('',(0.131216962137,113.69979284423));
#1334 = CARTESIAN_POINT('',(0.196236612647,113.70543404871));
#1335 = CARTESIAN_POINT('',(0.260431056783,113.71396199875));
#1336 = CARTESIAN_POINT('',(0.32344301334,113.72553591037));
#1337 = CARTESIAN_POINT('',(0.424284658456,113.74950727698));
#1338 = CARTESIAN_POINT('',(0.463131413406,113.7601464324));
#1339 = CARTESIAN_POINT('',(0.501390104158,113.77208159249));
#1340 = CARTESIAN_POINT('',(0.53906028501,113.78534534884));
#1341 = CARTESIAN_POINT('',(0.576136851644,113.7999610393));
#1342 = CARTESIAN_POINT('',(0.663584910579,113.83825494428));
#1343 = CARTESIAN_POINT('',(0.713396953801,113.86323243118));
#1344 = CARTESIAN_POINT('',(0.762136863492,113.8909342555));
#1345 = CARTESIAN_POINT('',(0.809882600278,113.92140573249));
#1346 = CARTESIAN_POINT('',(0.85670347618,113.95466305116));
#1347 = CARTESIAN_POINT('',(0.939784441542,114.01978353409));
#1348 = CARTESIAN_POINT('',(0.976353642638,114.05069250828));
#1349 = CARTESIAN_POINT('',(1.012418197044,114.08341836359));
#1350 = CARTESIAN_POINT('',(1.04801960312,114.1179536197));
#1351 = CARTESIAN_POINT('',(1.083197235117,114.15428317415));
#1352 = CARTESIAN_POINT('',(1.145739475048,114.22277593862));
#1353 = CARTESIAN_POINT('',(1.173243280411,114.25429259383));
#1354 = CARTESIAN_POINT('',(1.200523014941,114.28692794153));
#1355 = CARTESIAN_POINT('',(1.227597351745,114.32066852938));
#1356 = CARTESIAN_POINT('',(1.254484391413,114.35549848999));
#1357 = CARTESIAN_POINT('',(1.351849371211,114.48633159942));
#1358 = CARTESIAN_POINT('',(1.42130921628,114.5887509693));
#1359 = CARTESIAN_POINT('',(1.489913086929,114.69832916653));
#1360 = CARTESIAN_POINT('',(1.557956657857,114.81460575556));
#1361 = CARTESIAN_POINT('',(1.625730595601,114.93701900186));
#1362 = CARTESIAN_POINT('',(1.75871667446,115.18769748503));
#1363 = CARTESIAN_POINT('',(1.823894412662,115.31549317658));
#1364 = CARTESIAN_POINT('',(1.889378507318,115.44763325375));
#1365 = CARTESIAN_POINT('',(1.955475521759,115.58338491212));
#1366 = CARTESIAN_POINT('',(2.022491575194,115.72173978136));
#1367 = CARTESIAN_POINT('',(2.1433024466,115.96852671095));
#1368 = CARTESIAN_POINT('',(2.196579260488,116.07649544897));
#1369 = CARTESIAN_POINT('',(2.250812091982,116.18455713393));
#1370 = CARTESIAN_POINT('',(2.306211240804,116.29195098417));
#1371 = CARTESIAN_POINT('',(2.362991135098,116.39760310838));
#1372 = CARTESIAN_POINT('',(2.485966502069,116.61330424227));
#1373 = CARTESIAN_POINT('',(2.552776580575,116.72307677957));
#1374 = CARTESIAN_POINT('',(2.62194006686,116.82688717812));
#1375 = CARTESIAN_POINT('',(2.693627346537,116.9217376662));
#1376 = CARTESIAN_POINT('',(2.768042618835,117.00400178764));
#1377 = CARTESIAN_POINT('',(2.915478154021,117.1288286596));
#1378 = CARTESIAN_POINT('',(2.988167418174,117.17464771496));
#1379 = CARTESIAN_POINT('',(3.062389669442,117.20263213132));
#1380 = CARTESIAN_POINT('',(3.137243691028,117.21026263909));
#1381 = CARTESIAN_POINT('',(3.211879456591,117.19750717281));
#1382 = CARTESIAN_POINT('',(3.346326402605,117.14088118684));
#1383 = CARTESIAN_POINT('',(3.406109450346,117.10281190329));
#1384 = CARTESIAN_POINT('',(3.464593870964,117.05374364045));
#1385 = CARTESIAN_POINT('',(3.521669391027,116.99538030885));
#1386 = CARTESIAN_POINT('',(3.577176855599,116.92964655862));
#1387 = CARTESIAN_POINT('',(3.708169311919,116.75634956757));
#1388 = CARTESIAN_POINT('',(3.782198542279,116.64247763109));
#1389 = CARTESIAN_POINT('',(3.853459463658,116.52116820612));
#1390 = CARTESIAN_POINT('',(3.922344162168,116.39548502249));
#1391 = CARTESIAN_POINT('',(3.989252680819,116.26750921854));
#1392 = CARTESIAN_POINT('',(4.148364481857,115.95377478122));
#1393 = CARTESIAN_POINT('',(4.239036494072,115.76684696832));
#1394 = CARTESIAN_POINT('',(4.32748474387,115.58272488611));
#1395 = CARTESIAN_POINT('',(4.414464005202,115.40409504044));
#1396 = CARTESIAN_POINT('',(4.500722955059,115.23267747119));
#1397 = CARTESIAN_POINT('',(4.655451929122,114.94062623706));
#1398 = CARTESIAN_POINT('',(4.723809512473,114.81700112597));
#1399 = CARTESIAN_POINT('',(4.792436499535,114.69961094514));
#1400 = CARTESIAN_POINT('',(4.861631137178,114.58903308094));
#1401 = CARTESIAN_POINT('',(4.931696693149,114.48574050802));
#1402 = CARTESIAN_POINT('',(5.02946407201,114.35451354566));
#1403 = CARTESIAN_POINT('',(5.056121715028,114.3200101609));
#1404 = CARTESIAN_POINT('',(5.082963368259,114.28657795695));
#1405 = CARTESIAN_POINT('',(5.110006898832,114.25423206285));
#1406 = CARTESIAN_POINT('',(5.137270856834,114.22298511743));
#1407 = CARTESIAN_POINT('',(5.20011463826,114.15412231159));
#1408 = CARTESIAN_POINT('',(5.235849930972,114.11722902758));
#1409 = CARTESIAN_POINT('',(5.272022852523,114.08218734255));
#1410 = CARTESIAN_POINT('',(5.308674637246,114.04901306708));
#1411 = CARTESIAN_POINT('',(5.345848786813,114.01771387901));
#1412 = CARTESIAN_POINT('',(5.429443417342,113.95253921773));
#1413 = CARTESIAN_POINT('',(5.476151187852,113.91954081994));
#1414 = CARTESIAN_POINT('',(5.523780904614,113.88930851567));
#1415 = CARTESIAN_POINT('',(5.572400722467,113.86182582139));
#1416 = CARTESIAN_POINT('',(5.622087442586,113.83704729792));
#1417 = CARTESIAN_POINT('',(5.709405567832,113.79901873521));
#1418 = CARTESIAN_POINT('',(5.746483940418,113.78448623149));
#1419 = CARTESIAN_POINT('',(5.784155326237,113.77130255348));
#1420 = CARTESIAN_POINT('',(5.822414131638,113.75944429587));
#1421 = CARTESIAN_POINT('',(5.86125943433,113.74887885077));
#1422 = CARTESIAN_POINT('',(5.961751476148,113.72516844981));
#1423 = CARTESIAN_POINT('',(6.024390419375,113.71374535134));
#1424 = CARTESIAN_POINT('',(6.088192286527,113.70532640366));
#1425 = CARTESIAN_POINT('',(6.15280530961,113.69975662688));
#1426 = CARTESIAN_POINT('',(6.217911538679,113.69695751729));
#1427 = CARTESIAN_POINT('',(6.28318530718,113.69695751729));
#1428 = ( GEOMETRIC_REPRESENTATION_CONTEXT(2) 
PARAMETRIC_REPRESENTATION_CONTEXT() REPRESENTATION_CONTEXT('2D SPACE',''
  ) );
#1429 = PCURVE('',#798,#1430);
#1430 = DEFINITIONAL_REPRESENTATION('',(#1431),#1529);
#1431 = B_SPLINE_CURVE_WITH_KNOTS('',6,(#1432,#1433,#1434,#1435,#1436,
    #1437,#1438,#1439,#1440,#1441,#1442,#1443,#1444,#1445,#1446,#1447,
    #1448,#1449,#1450,#1451,#1452,#1453,#1454,#1455,#1456,#1457,#1458,
    #1459,#1460,#1461,#1462,#1463,#1464,#1465,#1466,#1467,#1468,#1469,
    #1470,#1471,#1472,#1473,#1474,#1475,#1476,#1477,#1478,#1479,#1480,
    #1481,#1482,#1483,#1484,#1485,#1486,#1487,#1488,#1489,#1490,#1491,
    #1492,#1493,#1494,#1495,#1496,#1497,#1498,#1499,#1500,#1501,#1502,
    #1503,#1504,#1505,#1506,#1507,#1508,#1509,#1510,#1511,#1512,#1513,
    #1514,#1515,#1516,#1517,#1518,#1519,#1520,#1521,#1522,#1523,#1524,
    #1525,#1526,#1527,#1528),.UNSPECIFIED.,.T.,.F.,(7,5,5,5,5,5,5,5,5,5,
    5,5,5,5,5,5,5,5,5,7),(0.,5.014524429978E-02,8.235434982198E-02,
    0.1273686282,0.163725336192,0.192719146425,0.269383675799,
    0.343087809241,0.399805774307,0.462540750507,0.51922331586,
    0.566309612228,0.634044408606,0.731254495925,0.808263931113,
    0.836885441443,0.873662014657,0.918333517444,0.950381843036,1.),
  .UNSPECIFIED.);
#1432 = CARTESIAN_POINT('',(4.712388980385,165.78456515516));
#1433 = CARTESIAN_POINT('',(4.723338082051,165.78456515516));
#1434 = CARTESIAN_POINT('',(4.734258475058,165.82042323127));
#1435 = CARTESIAN_POINT('',(4.745012381839,165.89178471821));
#1436 = CARTESIAN_POINT('',(4.755465573664,165.99669578141));
#1437 = CARTESIAN_POINT('',(4.765495363563,166.13167179277));
#1438 = CARTESIAN_POINT('',(4.781103569888,166.39457605271));
#1439 = CARTESIAN_POINT('',(4.787002028465,166.50794278968));
#1440 = CARTESIAN_POINT('',(4.7926848163,166.63092997656));
#1441 = CARTESIAN_POINT('',(4.798144112965,166.76261324371));
#1442 = CARTESIAN_POINT('',(4.803374001335,166.90206726748));
#1443 = CARTESIAN_POINT('',(4.815353406275,167.2528272637));
#1444 = CARTESIAN_POINT('',(4.821882517129,167.47071781693));
#1445 = CARTESIAN_POINT('',(4.827962506662,167.69999635468));
#1446 = CARTESIAN_POINT('',(4.833601173761,167.93889897655));
#1447 = CARTESIAN_POINT('',(4.838808396759,168.18589378054));
#1448 = CARTESIAN_POINT('',(4.847461172275,168.64457555062));
#1449 = CARTESIAN_POINT('',(4.851053970798,168.85397146215));
#1450 = CARTESIAN_POINT('',(4.854380399222,169.06719735053));
#1451 = CARTESIAN_POINT('',(4.857447078565,169.28370342998));
#1452 = CARTESIAN_POINT('',(4.860260365463,169.50301533937));
#1453 = CARTESIAN_POINT('',(4.864872719537,169.90154929621));
#1454 = CARTESIAN_POINT('',(4.866761775827,170.07989359301));
#1455 = CARTESIAN_POINT('',(4.868496592349,170.25956068192));
#1456 = CARTESIAN_POINT('',(4.870079991197,170.44036434293));
#1457 = CARTESIAN_POINT('',(4.871514573416,170.62213743757));
#1458 = CARTESIAN_POINT('',(4.87620881526,171.28754181743));
#1459 = CARTESIAN_POINT('',(4.878590851079,171.77605616937));
#1460 = CARTESIAN_POINT('',(4.879992778926,172.26749120859));
#1461 = CARTESIAN_POINT('',(4.880445805439,172.75968705557));
#1462 = CARTESIAN_POINT('',(4.879968443823,173.25075288778));
#1463 = CARTESIAN_POINT('',(4.877216993869,174.20786570354));
#1464 = CARTESIAN_POINT('',(4.875013665223,174.67391321663));
#1465 = CARTESIAN_POINT('',(4.871960706549,175.13548443916));
#1466 = CARTESIAN_POINT('',(4.868047547896,175.59101948562));
#1467 = CARTESIAN_POINT('',(4.863250949306,176.03840451656));
#1468 = CARTESIAN_POINT('',(4.853140439301,176.8102539311));
#1469 = CARTESIAN_POINT('',(4.84820095635,177.13925070858));
#1470 = CARTESIAN_POINT('',(4.842698486416,177.46059478018));
#1471 = CARTESIAN_POINT('',(4.836606383049,177.77278076761));
#1472 = CARTESIAN_POINT('',(4.829895079881,178.07360267655));
#1473 = CARTESIAN_POINT('',(4.814395071733,178.67671927951));
#1474 = CARTESIAN_POINT('',(4.805429453808,178.97703055424));
#1475 = CARTESIAN_POINT('',(4.795614358084,179.25542023343));
#1476 = CARTESIAN_POINT('',(4.784936705794,179.50546631745));
#1477 = CARTESIAN_POINT('',(4.773401428169,179.71963399011));
#1478 = CARTESIAN_POINT('',(4.749870324566,180.04205749827));
#1479 = CARTESIAN_POINT('',(4.7379900658,180.15903381082));
#1480 = CARTESIAN_POINT('',(4.725642489074,180.22978382375));
#1481 = CARTESIAN_POINT('',(4.713096777477,180.24917350174));
#1482 = CARTESIAN_POINT('',(4.700631880131,180.21698117961));
#1483 = CARTESIAN_POINT('',(4.678448779946,180.07247186375));
#1484 = CARTESIAN_POINT('',(4.668688648652,179.97507107502));
#1485 = CARTESIAN_POINT('',(4.659304279423,179.84890413304));
#1486 = CARTESIAN_POINT('',(4.650357533066,179.69757085536));
#1487 = CARTESIAN_POINT('',(4.641900452021,179.52521295671));
#1488 = CARTESIAN_POINT('',(4.622570729615,179.06507572149));
#1489 = CARTESIAN_POINT('',(4.612197510304,178.75821826313));
#1490 = CARTESIAN_POINT('',(4.602818863365,178.42484688551));
#1491 = CARTESIAN_POINT('',(4.594382103861,178.0713252091));
#1492 = CARTESIAN_POINT('',(4.586829889888,177.70199229725));
#1493 = CARTESIAN_POINT('',(4.570474184849,176.77083443557));
#1494 = CARTESIAN_POINT('',(4.562542832911,176.19442047069));
#1495 = CARTESIAN_POINT('',(4.556215655868,175.60021434998));
#1496 = CARTESIAN_POINT('',(4.55141157515,174.99379574742));
#1497 = CARTESIAN_POINT('',(4.548090374247,174.37862768015));
#1498 = CARTESIAN_POINT('',(4.544821770866,173.26527262815));
#1499 = CARTESIAN_POINT('',(4.54431849301,172.76994960363));
#1500 = CARTESIAN_POINT('',(4.544761540424,172.27344482393));
#1501 = CARTESIAN_POINT('',(4.546169781491,171.77769505433));
#1502 = CARTESIAN_POINT('',(4.548575224497,171.28491440306));
#1503 = CARTESIAN_POINT('',(4.553304494897,170.61698367884));
#1504 = CARTESIAN_POINT('',(4.554729889099,170.4368123739));
#1505 = CARTESIAN_POINT('',(4.556301559274,170.25759658208));
#1506 = CARTESIAN_POINT('',(4.558022040427,170.07949978278));
#1507 = CARTESIAN_POINT('',(4.559894088913,169.90270304079));
#1508 = CARTESIAN_POINT('',(4.564524708717,169.50215969504));
#1509 = CARTESIAN_POINT('',(4.56738383688,169.27939375359));
#1510 = CARTESIAN_POINT('',(4.57050447727,169.05952559693));
#1511 = CARTESIAN_POINT('',(4.573893294351,168.84305322422));
#1512 = CARTESIAN_POINT('',(4.577557230569,168.63055515432));
#1513 = CARTESIAN_POINT('',(4.586296992985,168.17020486789));
#1514 = CARTESIAN_POINT('',(4.59150870396,167.9244704815));
#1515 = CARTESIAN_POINT('',(4.597149391398,167.6868311827));
#1516 = CARTESIAN_POINT('',(4.603228709712,167.45881357215));
#1517 = CARTESIAN_POINT('',(4.609754220574,167.24217234916));
#1518 = CARTESIAN_POINT('',(4.621735221069,166.89312766337));
#1519 = CARTESIAN_POINT('',(4.626973088174,166.75418793567));
#1520 = CARTESIAN_POINT('',(4.632439857325,166.623043668));
#1521 = CARTESIAN_POINT('',(4.638129476691,166.50062069039));
#1522 = CARTESIAN_POINT('',(4.644033984878,166.3878426003));
#1523 = CARTESIAN_POINT('',(4.659602519976,166.12738339584));
#1524 = CARTESIAN_POINT('',(4.669578853154,165.99403067883));
#1525 = CARTESIAN_POINT('',(4.679971264939,165.89042280167));
#1526 = CARTESIAN_POINT('',(4.690658979841,165.81996527794));
#1527 = CARTESIAN_POINT('',(4.701510018968,165.78456515516));
#1528 = CARTESIAN_POINT('',(4.712388980385,165.78456515516));
#1529 = ( GEOMETRIC_REPRESENTATION_CONTEXT(2) 
PARAMETRIC_REPRESENTATION_CONTEXT() REPRESENTATION_CONTEXT('2D SPACE',''
  ) );
#1530 = ORIENTED_EDGE('',*,*,#1205,.T.);
#1531 = ADVANCED_FACE('',(#1532,#1558,#1561),#798,.F.);
#1532 = FACE_BOUND('',#1533,.F.);
#1533 = EDGE_LOOP('',(#1534,#1555,#1556,#1557));
#1534 = ORIENTED_EDGE('',*,*,#1535,.T.);
#1535 = EDGE_CURVE('',#782,#817,#1536,.T.);
#1536 = SEAM_CURVE('',#1537,(#1541,#1548),.PCURVE_S1.);
#1537 = LINE('',#1538,#1539);
#1538 = CARTESIAN_POINT('',(42.,-1.028703311284E-14,0.));
#1539 = VECTOR('',#1540,1.);
#1540 = DIRECTION('',(0.,0.,1.));
#1541 = PCURVE('',#798,#1542);
#1542 = DEFINITIONAL_REPRESENTATION('',(#1543),#1547);
#1543 = LINE('',#1544,#1545);
#1544 = CARTESIAN_POINT('',(6.28318530718,-0.));
#1545 = VECTOR('',#1546,1.);
#1546 = DIRECTION('',(0.,1.));
#1547 = ( GEOMETRIC_REPRESENTATION_CONTEXT(2) 
PARAMETRIC_REPRESENTATION_CONTEXT() REPRESENTATION_CONTEXT('2D SPACE',''
  ) );
#1548 = PCURVE('',#798,#1549);
#1549 = DEFINITIONAL_REPRESENTATION('',(#1550),#1554);
#1550 = LINE('',#1551,#1552);
#1551 = CARTESIAN_POINT('',(0.,-0.));
#1552 = VECTOR('',#1553,1.);
#1553 = DIRECTION('',(0.,1.));
#1554 = ( GEOMETRIC_REPRESENTATION_CONTEXT(2) 
PARAMETRIC_REPRESENTATION_CONTEXT() REPRESENTATION_CONTEXT('2D SPACE',''
  ) );
#1555 = ORIENTED_EDGE('',*,*,#816,.F.);
#1556 = ORIENTED_EDGE('',*,*,#1535,.F.);
#1557 = ORIENTED_EDGE('',*,*,#781,.T.);
#1558 = FACE_BOUND('',#1559,.F.);
#1559 = EDGE_LOOP('',(#1560));
#1560 = ORIENTED_EDGE('',*,*,#843,.T.);
#1561 = FACE_BOUND('',#1562,.F.);
#1562 = EDGE_LOOP('',(#1563));
#1563 = ORIENTED_EDGE('',*,*,#1228,.F.);
#1564 = ( GEOMETRIC_REPRESENTATION_CONTEXT(3) 
GLOBAL_UNCERTAINTY_ASSIGNED_CONTEXT((#1568)) 
GLOBAL_UNIT_ASSIGNED_CONTEXT((#1565,#1566,#1567)) REPRESENTATION_CONTEXT
('Context #1','3D Context with UNIT and UNCERTAINTY') );
#1565 = ( LENGTH_UNIT() NAMED_UNIT(*) SI_UNIT(.MILLI.,.METRE.) );
#1566 = ( NAMED_UNIT(*) PLANE_ANGLE_UNIT() SI_UNIT($,.RADIAN.) );
#1567 = ( NAMED_UNIT(*) SI_UNIT($,.STERADIAN.) SOLID_ANGLE_UNIT() );
#1568 = UNCERTAINTY_MEASURE_WITH_UNIT(LENGTH_MEASURE(2.E-07),#1565,
  'distance_accuracy_value','confusion accuracy');
#1569 = PRODUCT_RELATED_PRODUCT_CATEGORY('part',$,(#7));
ENDSEC;
END-ISO-10303-21;
