ISO-10303-21;
HEADER;
FILE_DESCRIPTION (( 'STEP AP203' ),
    '1' );
FILE_NAME ('REV-21-3558.STEP',
    '2024-09-18T19:49:46',
    ( '' ),
    ( '' ),
    'SwSTEP 2.0',
    'SolidWorks 2022',
    '' );
FILE_SCHEMA (( 'CONFIG_CONTROL_DESIGN' ));
ENDSEC;

DATA;
#1 = CARTESIAN_POINT ( 'NONE',  ( 1.080765552152139379E-15, 25.40000000000000213, 35.60000000000000853 ) ) ;
#2 = DIRECTION ( 'NONE',  ( 0.000000000000000000, 0.000000000000000000, -1.000000000000000000 ) ) ;
#3 = DIRECTION ( 'NONE',  ( 0.000000000000000000, -1.667602476305511223E-15, 1.000000000000000000 ) ) ;
#4 = ORIENTED_EDGE ( 'NONE', *, *, #1684, .F. ) ;
#5 = EDGE_CURVE ( 'NONE', #798, #731, #2498, .T. ) ;
#6 = DIRECTION ( 'NONE',  ( -1.000000000000000000, -0.000000000000000000, -0.000000000000000000 ) ) ;
#7 = DIRECTION ( 'NONE',  ( -0.000000000000000000, 1.000000000000000000, -0.000000000000000000 ) ) ;
#8 = EDGE_LOOP ( 'NONE', ( #4371, #4340, #1792, #1694 ) ) ;
#9 = CARTESIAN_POINT ( 'NONE',  ( 12.70000000000000107, -1.802455207620986100, 22.81440457572818303 ) ) ;
#10 = LINE ( 'NONE', #1510, #3906 ) ;
#11 = CIRCLE ( 'NONE', #3553, 2.080499999999998906 ) ;
#12 = ORIENTED_EDGE ( 'NONE', *, *, #4129, .F. ) ;
#13 = PERSON_AND_ORGANIZATION_ROLE ( 'design_supplier' ) ;
#14 = ORIENTED_EDGE ( 'NONE', *, *, #2984, .T. ) ;
#15 = CARTESIAN_POINT ( 'NONE',  ( 9.525000000000000355, -14.15672222192825025, 48.66177646900194276 ) ) ;
#16 = DIRECTION ( 'NONE',  ( -1.000000000000000000, 0.000000000000000000, 0.000000000000000000 ) ) ;
#17 = CIRCLE ( 'NONE', #2766, 2.080499999999998906 ) ;
#18 = CARTESIAN_POINT ( 'NONE',  ( 12.70000000000000107, 5.371240620587830250, 51.35291568658563932 ) ) ;
#19 = ORIENTED_EDGE ( 'NONE', *, *, #2500, .F. ) ;
#20 = CIRCLE ( 'NONE', #2931, 2.080499999999998906 ) ;
#21 = CARTESIAN_POINT ( 'NONE',  ( 12.70000000000000107, 10.07084749364666365, 25.18106772950216765 ) ) ;
#22 = CARTESIAN_POINT ( 'NONE',  ( -9.525000000000000355, 14.15672222192832841, 27.53822353099818443 ) ) ;
#23 = CARTESIAN_POINT ( 'NONE',  ( 7.746038523653021987E-16, 25.40000000000000213, 40.59999999999998010 ) ) ;
#24 = VERTEX_POINT ( 'NONE', #2082 ) ;
#25 = DIRECTION ( 'NONE',  ( 0.000000000000000000, 0.000000000000000000, 1.000000000000000000 ) ) ;
#26 = EDGE_CURVE ( 'NONE', #1204, #2138, #3586, .T. ) ;
#27 = CIRCLE ( 'NONE', #4267, 2.270999999999995467 ) ;
#28 = CARTESIAN_POINT ( 'NONE',  ( 9.525000000000000355, -11.15407434219252103, 49.24267219815796182 ) ) ;
#29 = CIRCLE ( 'NONE', #3014, 17.66250000000000497 ) ;
#30 = CARTESIAN_POINT ( 'NONE',  ( 9.525000000000000355, -22.22499999999999787, 76.20000000000000284 ) ) ;
#31 = EDGE_CURVE ( 'NONE', #2329, #4165, #4216, .T. ) ;
#32 = CARTESIAN_POINT ( 'NONE',  ( 12.70000000000000107, -10.07084749364656950, 51.01893227049793467 ) ) ;
#33 = VECTOR ( 'NONE', #4172, 1000.000000000000000 ) ;
#34 = ORIENTED_EDGE ( 'NONE', *, *, #1768, .T. ) ;
#35 = DIRECTION ( 'NONE',  ( -1.000000000000000000, -0.000000000000000000, -0.000000000000000000 ) ) ;
#36 = ORIENTED_EDGE ( 'NONE', *, *, #1019, .T. ) ;
#37 = LINE ( 'NONE', #795, #760 ) ;
#38 = CARTESIAN_POINT ( 'NONE',  ( -12.69999999999999751, -12.33648634558010748, 49.57476971111923802 ) ) ;
#39 = VERTEX_POINT ( 'NONE', #1411 ) ;
#40 = DIRECTION ( 'NONE',  ( 0.000000000000000000, 1.000000000000000000, 0.000000000000000000 ) ) ;
#41 = ORIENTED_EDGE ( 'NONE', *, *, #3401, .F. ) ;
#42 = CARTESIAN_POINT ( 'NONE',  ( 12.70000000000000107, -16.22354728284505399, 35.83785636811216335 ) ) ;
#43 = CARTESIAN_POINT ( 'NONE',  ( -12.69999999999999751, -12.69999999999999929, 12.69999999999999929 ) ) ;
#44 = EDGE_LOOP ( 'NONE', ( #1607, #4687, #941, #2739 ) ) ;
#45 = CARTESIAN_POINT ( 'NONE',  ( -12.69999999999999751, -25.39999999999999503, 76.20000000000000284 ) ) ;
#46 = DIRECTION ( 'NONE',  ( -1.000000000000000000, 0.000000000000000000, 0.000000000000000000 ) ) ;
#47 = EDGE_CURVE ( 'NONE', #4802, #3780, #214, .T. ) ;
#48 = AXIS2_PLACEMENT_3D ( 'NONE', #553, #1269, #3494 ) ;
#49 = FACE_OUTER_BOUND ( 'NONE', #1616, .T. ) ;
#50 = AXIS2_PLACEMENT_3D ( 'NONE', #3981, #2129, #2479 ) ;
#51 = ORIENTED_EDGE ( 'NONE', *, *, #2204, .T. ) ;
#52 = VECTOR ( 'NONE', #164, 1000.000000000000000 ) ;
#53 = DIRECTION ( 'NONE',  ( 0.000000000000000000, 0.000000000000000000, 1.000000000000000000 ) ) ;
#54 = ADVANCED_FACE ( 'NONE', ( #3242 ), #1711, .F. ) ;
#55 = VECTOR ( 'NONE', #4434, 1000.000000000000000 ) ;
#56 = VECTOR ( 'NONE', #317, 1000.000000000000000 ) ;
#57 = ORIENTED_EDGE ( 'NONE', *, *, #791, .F. ) ;
#58 = FACE_OUTER_BOUND ( 'NONE', #2972, .T. ) ;
#59 = COORDINATED_UNIVERSAL_TIME_OFFSET ( 6, 0, .BEHIND. ) ;
#60 = VERTEX_POINT ( 'NONE', #2105 ) ;
#61 = CIRCLE ( 'NONE', #2812, 2.499999999999988454 ) ;
#62 = ADVANCED_FACE ( 'NONE', ( #994 ), #3616, .F. ) ;
#63 = CARTESIAN_POINT ( 'NONE',  ( 9.525000000000000355, -4.072800018551144596, 22.86895216488212412 ) ) ;
#64 = EDGE_CURVE ( 'NONE', #3945, #4514, #598, .T. ) ;
#65 = CARTESIAN_POINT ( 'NONE',  ( -9.525000000000002132, 12.69999999999999929, 63.50000000000000000 ) ) ;
#66 = AXIS2_PLACEMENT_3D ( 'NONE', #2398, #3182, #2784 ) ;
#67 = EDGE_CURVE ( 'NONE', #4021, #2966, #2938, .T. ) ;
#68 = ORIENTED_EDGE ( 'NONE', *, *, #2163, .T. ) ;
#69 = DIRECTION ( 'NONE',  ( -1.000000000000000000, -0.000000000000000000, -0.000000000000000000 ) ) ;
#70 = ORIENTED_EDGE ( 'NONE', *, *, #2763, .T. ) ;
#71 = DIRECTION ( 'NONE',  ( -1.000000000000000000, -0.000000000000000000, -0.000000000000000000 ) ) ;
#72 = LINE ( 'NONE', #4501, #3405 ) ;
#73 = EDGE_LOOP ( 'NONE', ( #716, #2901, #283, #2561 ) ) ;
#74 = DIRECTION ( 'NONE',  ( -1.000000000000000000, 0.000000000000000000, 0.000000000000000000 ) ) ;
#75 = CARTESIAN_POINT ( 'NONE',  ( -12.69999999999999751, -12.69999999999999929, 63.50000000000000000 ) ) ;
#76 = DIRECTION ( 'NONE',  ( 0.000000000000000000, 0.000000000000000000, 1.000000000000000000 ) ) ;
#77 = ORIENTED_EDGE ( 'NONE', *, *, #2505, .F. ) ;
#78 = CARTESIAN_POINT ( 'NONE',  ( 1.555301434917138038E-15, 22.22500000000000142, 25.39999999999999858 ) ) ;
#79 = VERTEX_POINT ( 'NONE', #3310 ) ;
#80 = DIRECTION ( 'NONE',  ( -0.000000000000000000, 1.000000000000000000, -0.000000000000000000 ) ) ;
#81 = ORIENTED_EDGE ( 'NONE', *, *, #3559, .T. ) ;
#82 = AXIS2_PLACEMENT_3D ( 'NONE', #905, #3966, #2043 ) ;
#83 = ADVANCED_FACE ( 'NONE', ( #4346 ), #4435, .F. ) ;
#84 = AXIS2_PLACEMENT_3D ( 'NONE', #2777, #2751, #1647 ) ;
#85 = DIRECTION ( 'NONE',  ( 0.000000000000000000, -1.000000000000000000, 0.000000000000000000 ) ) ;
#86 = ORIENTED_EDGE ( 'NONE', *, *, #2983, .F. ) ;
#87 = EDGE_CURVE ( 'NONE', #60, #2990, #1343, .T. ) ;
#88 = CARTESIAN_POINT ( 'NONE',  ( 9.525000000000000355, 12.69999999999999929, 10.20000000000000639 ) ) ;
#89 = CIRCLE ( 'NONE', #4100, 2.499999999999992006 ) ;
#90 = ORIENTED_EDGE ( 'NONE', *, *, #358, .F. ) ;
#91 = EDGE_CURVE ( 'NONE', #893, #4730, #3043, .T. ) ;
#92 = EDGE_CURVE ( 'NONE', #3509, #4782, #2842, .T. ) ;
#93 = CARTESIAN_POINT ( 'NONE',  ( -12.69999999999999751, -2.068405620284290425, 20.55903068698950520 ) ) ;
#94 = AXIS2_PLACEMENT_3D ( 'NONE', #1285, #2054, #4367 ) ;
#95 = DIRECTION ( 'NONE',  ( -1.000000000000000000, -0.000000000000000000, -0.000000000000000000 ) ) ;
#96 = VERTEX_POINT ( 'NONE', #2568 ) ;
#97 = DIRECTION ( 'NONE',  ( 0.000000000000000000, 0.000000000000000000, 1.000000000000000000 ) ) ;
#98 = CARTESIAN_POINT ( 'NONE',  ( 9.525000000000000355, 3.577867169202164632E-15, 38.10000000000001563 ) ) ;
#99 = DIRECTION ( 'NONE',  ( 0.000000000000000000, 0.000000000000000000, 1.000000000000000000 ) ) ;
#100 = DIRECTION ( 'NONE',  ( 0.000000000000000000, 0.000000000000000000, 1.000000000000000000 ) ) ;
#101 = CARTESIAN_POINT ( 'NONE',  ( 12.70000000000000107, 4.072800018551152590, 22.86895216488212412 ) ) ;
#102 = VECTOR ( 'NONE', #3219, 1000.000000000000000 ) ;
#103 = DIRECTION ( 'NONE',  ( 0.000000000000000000, 0.000000000000000000, 1.000000000000000000 ) ) ;
#104 = ORIENTED_EDGE ( 'NONE', *, *, #3521, .T. ) ;
#105 = EDGE_CURVE ( 'NONE', #3487, #4287, #679, .T. ) ;
#106 = CARTESIAN_POINT ( 'NONE',  ( 12.70000000000000107, 3.577867169202164632E-15, 38.10000000000001563 ) ) ;
#107 = AXIS2_PLACEMENT_3D ( 'NONE', #1849, #1549, #2999 ) ;
#108 = CIRCLE ( 'NONE', #3331, 2.499999999999992006 ) ;
#109 = ORIENTED_EDGE ( 'NONE', *, *, #3789, .T. ) ;
#110 = FACE_OUTER_BOUND ( 'NONE', #137, .T. ) ;
#111 = ORIENTED_EDGE ( 'NONE', *, *, #3621, .T. ) ;
#112 = AXIS2_PLACEMENT_3D ( 'NONE', #4415, #4030, #1372 ) ;
#113 = ORIENTED_EDGE ( 'NONE', *, *, #1505, .F. ) ;
#114 = DIRECTION ( 'NONE',  ( -1.000000000000000000, -0.000000000000000000, -0.000000000000000000 ) ) ;
#115 = ORIENTED_EDGE ( 'NONE', *, *, #2591, .T. ) ;
#116 = FACE_OUTER_BOUND ( 'NONE', #2351, .T. ) ;
#117 = EDGE_LOOP ( 'NONE', ( #1516, #3592, #2264, #184 ) ) ;
#118 = EDGE_CURVE ( 'NONE', #1875, #3154, #3124, .T. ) ;
#119 = DIRECTION ( 'NONE',  ( 1.000000000000000000, 0.000000000000000000, 0.000000000000000000 ) ) ;
#120 = CARTESIAN_POINT ( 'NONE',  ( 9.525000000000000355, 3.061616997868370815E-16, 61.00000000000000711 ) ) ;
#121 = EDGE_LOOP ( 'NONE', ( #2378, #3274 ) ) ;
#122 = CYLINDRICAL_SURFACE ( 'NONE', #326, 2.499999999999992006 ) ;
#123 = EDGE_CURVE ( 'NONE', #3268, #3508, #2423, .T. ) ;
#124 = CARTESIAN_POINT ( 'NONE',  ( -12.69999999999999751, 16.22354728284508951, 35.83785636811239073 ) ) ;
#125 = CARTESIAN_POINT ( 'NONE',  ( 12.70000000000000107, 5.371240620587829362, 24.84708431341438839 ) ) ;
#126 = LINE ( 'NONE', #4655, #1474 ) ;
#127 = DIRECTION ( 'NONE',  ( 1.000000000000000000, 0.000000000000000000, 0.000000000000000000 ) ) ;
#128 = PLANE ( 'NONE',  #3615 ) ;
#129 = ORIENTED_EDGE ( 'NONE', *, *, #3550, .T. ) ;
#130 = FACE_OUTER_BOUND ( 'NONE', #1193, .T. ) ;
#131 = CIRCLE ( 'NONE', #753, 17.66250000000000497 ) ;
#132 = EDGE_CURVE ( 'NONE', #2121, #4462, #1778, .T. ) ;
#133 = AXIS2_PLACEMENT_3D ( 'NONE', #2483, #4050, #675 ) ;
#134 = VERTEX_POINT ( 'NONE', #697 ) ;
#135 = CARTESIAN_POINT ( 'NONE',  ( -9.525000000000002132, 22.22500000000000142, 76.20000000000000284 ) ) ;
#136 = VERTEX_POINT ( 'NONE', #2205 ) ;
#137 = EDGE_LOOP ( 'NONE', ( #997, #1168, #2643, #3594 ) ) ;
#138 = AXIS2_PLACEMENT_3D ( 'NONE', #4005, #626, #3636 ) ;
#139 = CIRCLE ( 'NONE', #1866, 17.66250000000000497 ) ;
#140 = DIRECTION ( 'NONE',  ( -1.000000000000000000, -0.000000000000000000, -0.000000000000000000 ) ) ;
#141 = CIRCLE ( 'NONE', #1155, 2.270999999999995467 ) ;
#142 = ORIENTED_EDGE ( 'NONE', *, *, #1618, .F. ) ;
#143 = CARTESIAN_POINT ( 'NONE',  ( -9.525000000000000355, -16.22512784221249404, 31.12080715599139324 ) ) ;
#144 = EDGE_LOOP ( 'NONE', ( #2612, #4433, #3994, #378 ) ) ;
#145 = CARTESIAN_POINT ( 'NONE',  ( -12.69999999999999751, -25.39999999999999503, 0.000000000000000000 ) ) ;
#146 = LINE ( 'NONE', #927, #4037 ) ;
#147 = ORIENTED_EDGE ( 'NONE', *, *, #4516, .F. ) ;
#148 = CARTESIAN_POINT ( 'NONE',  ( 9.525000000000000355, 6.152699789198528002, 53.28107590238573010 ) ) ;
#149 = CARTESIAN_POINT ( 'NONE',  ( -12.69999999999999751, -10.07084749364648069, 27.26156772950202267 ) ) ;
#150 = EDGE_LOOP ( 'NONE', ( #4238, #4519, #1026, #391 ) ) ;
#151 = DIRECTION ( 'NONE',  ( 0.000000000000000000, -1.000000000000000000, 0.000000000000000000 ) ) ;
#152 = EDGE_CURVE ( 'NONE', #1820, #4169, #3439, .T. ) ;
#153 = EDGE_CURVE ( 'NONE', #547, #4174, #998, .T. ) ;
#154 = LINE ( 'NONE', #101, #1181 ) ;
#155 = CARTESIAN_POINT ( 'NONE',  ( 0.000000000000000000, 25.40000000000000213, 15.19999999999999218 ) ) ;
#156 = ORIENTED_EDGE ( 'NONE', *, *, #4635, .F. ) ;
#157 = CARTESIAN_POINT ( 'NONE',  ( -9.525000000000000355, 14.15672222192810992, 48.66177646900214881 ) ) ;
#158 = EDGE_CURVE ( 'NONE', #2084, #273, #370, .T. ) ;
#159 = CARTESIAN_POINT ( 'NONE',  ( 12.70000000000000107, 12.33648634557998314, 49.57476971111940856 ) ) ;
#160 = ORIENTED_EDGE ( 'NONE', *, *, #452, .T. ) ;
#161 = ORIENTED_EDGE ( 'NONE', *, *, #4448, .T. ) ;
#162 = DIRECTION ( 'NONE',  ( -1.000000000000000000, -0.000000000000000000, -0.000000000000000000 ) ) ;
#163 = ORIENTED_EDGE ( 'NONE', *, *, #1490, .T. ) ;
#164 = DIRECTION ( 'NONE',  ( -1.000000000000000000, -0.000000000000000000, -0.000000000000000000 ) ) ;
#165 = ORIENTED_EDGE ( 'NONE', *, *, #1920, .T. ) ;
#166 = AXIS2_PLACEMENT_3D ( 'NONE', #269, #1789, #704 ) ;
#167 = CARTESIAN_POINT ( 'NONE',  ( 1.555301434917138433E-15, -25.39999999999999503, 63.50000000000000000 ) ) ;
#168 = CARTESIAN_POINT ( 'NONE',  ( 12.70000000000000107, -14.16298196909033535, 36.12517298397507659 ) ) ;
#169 = FACE_BOUND ( 'NONE', #1376, .T. ) ;
#170 = ORIENTED_EDGE ( 'NONE', *, *, #2836, .F. ) ;
#171 = DIRECTION ( 'NONE',  ( -1.000000000000000000, 0.000000000000000000, 0.000000000000000000 ) ) ;
#172 = DIRECTION ( 'NONE',  ( 0.000000000000000000, 0.000000000000000000, 1.000000000000000000 ) ) ;
#173 = EDGE_LOOP ( 'NONE', ( #3059, #4679, #111, #4325 ) ) ;
#174 = CARTESIAN_POINT ( 'NONE',  ( 12.70000000000000107, 11.15407434219260630, 26.95732780184214405 ) ) ;
#175 = CARTESIAN_POINT ( 'NONE',  ( 12.70000000000000107, -16.22512784221249404, 31.12080715599139324 ) ) ;
#176 = CARTESIAN_POINT ( 'NONE',  ( -9.525000000000002132, 22.22500000000000142, 0.000000000000000000 ) ) ;
#177 = VERTEX_POINT ( 'NONE', #1433 ) ;
#178 = EDGE_CURVE ( 'NONE', #2956, #3877, #2181, .T. ) ;
#179 = CARTESIAN_POINT ( 'NONE',  ( 1.080765552152140168E-15, -25.39999999999999503, 48.30000000000000426 ) ) ;
#180 = VECTOR ( 'NONE', #114, 1000.000000000000000 ) ;
#181 = DIRECTION ( 'NONE',  ( 0.000000000000000000, 0.000000000000000000, -1.000000000000000000 ) ) ;
#182 = EDGE_LOOP ( 'NONE', ( #3788, #2141, #2032, #1261 ) ) ;
#183 = CIRCLE ( 'NONE', #107, 2.271000000000002128 ) ;
#184 = ORIENTED_EDGE ( 'NONE', *, *, #2584, .F. ) ;
#185 = AXIS2_PLACEMENT_3D ( 'NONE', #2186, #3683, #1207 ) ;
#186 = VECTOR ( 'NONE', #1081, 1000.000000000000000 ) ;
#187 = CARTESIAN_POINT ( 'NONE',  ( -12.69999999999999751, 3.577867169202164632E-15, 38.10000000000001563 ) ) ;
#188 = VECTOR ( 'NONE', #2240, 1000.000000000000000 ) ;
#189 = ORIENTED_EDGE ( 'NONE', *, *, #4670, .F. ) ;
#190 = DIRECTION ( 'NONE',  ( 0.000000000000000000, 0.000000000000000000, -1.000000000000000000 ) ) ;
#191 = ORIENTED_EDGE ( 'NONE', *, *, #4448, .F. ) ;
#192 = AXIS2_PLACEMENT_3D ( 'NONE', #3650, #272, #637 ) ;
#193 = CARTESIAN_POINT ( 'NONE',  ( 12.70000000000000107, -4.072800018551146373, 53.33104783511790714 ) ) ;
#194 = CARTESIAN_POINT ( 'NONE',  ( 9.525000000000000355, -22.22499999999999787, 0.000000000000000000 ) ) ;
#195 = ORIENTED_EDGE ( 'NONE', *, *, #2829, .F. ) ;
#196 = DIRECTION ( 'NONE',  ( 0.000000000000000000, 0.000000000000000000, 1.000000000000000000 ) ) ;
#197 = DIRECTION ( 'NONE',  ( -1.000000000000000000, -0.000000000000000000, -0.000000000000000000 ) ) ;
#198 = ORIENTED_EDGE ( 'NONE', *, *, #1690, .F. ) ;
#199 = DIRECTION ( 'NONE',  ( -1.000000000000000000, -0.000000000000000000, -0.000000000000000000 ) ) ;
#200 = DIRECTION ( 'NONE',  ( 0.000000000000000000, 0.000000000000000000, 1.000000000000000000 ) ) ;
#201 = CARTESIAN_POINT ( 'NONE',  ( -12.69999999999999751, -25.39999999999999503, 76.20000000000000284 ) ) ;
#202 = ORIENTED_EDGE ( 'NONE', *, *, #1357, .F. ) ;
#203 = ORIENTED_EDGE ( 'NONE', *, *, #2111, .T. ) ;
#204 = CC_DESIGN_PERSON_AND_ORGANIZATION_ASSIGNMENT ( #3823, #4192, ( #3787 ) ) ;
#205 = CARTESIAN_POINT ( 'NONE',  ( 12.70000000000000107, 12.69999999999999929, 10.20000000000000284 ) ) ;
#206 = CARTESIAN_POINT ( 'NONE',  ( -9.525000000000002132, 12.69999999999999929, 63.50000000000000000 ) ) ;
#207 = ADVANCED_FACE ( 'NONE', ( #3500 ), #1624, .F. ) ;
#208 = ORIENTED_EDGE ( 'NONE', *, *, #2861, .T. ) ;
#209 = ORIENTED_EDGE ( 'NONE', *, *, #91, .T. ) ;
#210 = AXIS2_PLACEMENT_3D ( 'NONE', #508, #2010, #3519 ) ;
#211 = AXIS2_PLACEMENT_3D ( 'NONE', #2507, #4393, #629 ) ;
#212 = CARTESIAN_POINT ( 'NONE',  ( 12.70000000000000107, 3.577867169202164632E-15, 38.10000000000001563 ) ) ;
#213 = EDGE_LOOP ( 'NONE', ( #2857, #2024 ) ) ;
#214 = CIRCLE ( 'NONE', #3359, 2.271000000000002128 ) ;
#215 = ADVANCED_FACE ( 'NONE', ( #4597 ), #719, .F. ) ;
#216 = AXIS2_PLACEMENT_3D ( 'NONE', #755, #2268, #709 ) ;
#217 = DIRECTION ( 'NONE',  ( -1.000000000000000000, -0.000000000000000000, -0.000000000000000000 ) ) ;
#218 = EDGE_LOOP ( 'NONE', ( #3807, #2075, #4338, #988 ) ) ;
#219 = PRODUCT_DEFINITION_SHAPE ( 'NONE', 'NONE',  #3026 ) ;
#220 = VECTOR ( 'NONE', #2617, 1000.000000000000000 ) ;
#221 = CYLINDRICAL_SURFACE ( 'NONE', #3882, 14.30000000000000071 ) ;
#222 = CIRCLE ( 'NONE', #3995, 17.66250000000000142 ) ;
#223 = EDGE_CURVE ( 'NONE', #3954, #4156, #2962, .T. ) ;
#224 = CARTESIAN_POINT ( 'NONE',  ( -12.69999999999999751, 12.69999999999999929, 65.99999999999998579 ) ) ;
#225 = EDGE_LOOP ( 'NONE', ( #2882, #896 ) ) ;
#226 = CARTESIAN_POINT ( 'NONE',  ( 9.525000000000000355, 5.371240620587830250, 51.35291568658563932 ) ) ;
#227 = AXIS2_PLACEMENT_3D ( 'NONE', #1308, #4057, #2051 ) ;
#228 = ORIENTED_EDGE ( 'NONE', *, *, #419, .F. ) ;
#229 = DIRECTION ( 'NONE',  ( -1.000000000000000000, -0.000000000000000000, -0.000000000000000000 ) ) ;
#230 = DIRECTION ( 'NONE',  ( -1.000000000000000000, -0.000000000000000000, -0.000000000000000000 ) ) ;
#231 = ORIENTED_EDGE ( 'NONE', *, *, #3529, .T. ) ;
#232 = CARTESIAN_POINT ( 'NONE',  ( -12.69999999999999751, -12.69999999999999929, 12.69999999999999929 ) ) ;
#233 = VERTEX_POINT ( 'NONE', #125 ) ;
#234 = DIRECTION ( 'NONE',  ( -0.000000000000000000, -0.000000000000000000, -1.000000000000000000 ) ) ;
#235 = EDGE_LOOP ( 'NONE', ( #3686, #4207, #3921, #4198 ) ) ;
#236 = DIRECTION ( 'NONE',  ( 0.000000000000000000, 0.000000000000000000, -1.000000000000000000 ) ) ;
#237 = LINE ( 'NONE', #4744, #3483 ) ;
#238 = ORIENTED_EDGE ( 'NONE', *, *, #443, .F. ) ;
#239 = LINE ( 'NONE', #3985, #1389 ) ;
#240 = ORIENTED_EDGE ( 'NONE', *, *, #4277, .F. ) ;
#241 = ADVANCED_FACE ( 'NONE', ( #1220 ), #1488, .F. ) ;
#242 = DIRECTION ( 'NONE',  ( -1.000000000000000000, 0.000000000000000000, 0.000000000000000000 ) ) ;
#243 = ADVANCED_FACE ( 'NONE', ( #4487 ), #2961, .F. ) ;
#244 = DIRECTION ( 'NONE',  ( -1.000000000000000000, -0.000000000000000000, -0.000000000000000000 ) ) ;
#245 = ORIENTED_EDGE ( 'NONE', *, *, #118, .T. ) ;
#246 = FACE_BOUND ( 'NONE', #2976, .T. ) ;
#247 = CIRCLE ( 'NONE', #2522, 2.499999999999988454 ) ;
#248 = EDGE_LOOP ( 'NONE', ( #480, #937, #4351, #3630 ) ) ;
#249 = CARTESIAN_POINT ( 'NONE',  ( 12.70000000000000107, 14.16298196909037088, 36.12517298397528975 ) ) ;
#250 = DIRECTION ( 'NONE',  ( -1.000000000000000000, -0.000000000000000000, -0.000000000000000000 ) ) ;
#251 = VECTOR ( 'NONE', #951, 1000.000000000000000 ) ;
#252 = ORIENTED_EDGE ( 'NONE', *, *, #4762, .F. ) ;
#253 = DIRECTION ( 'NONE',  ( 0.000000000000000000, 0.000000000000000000, -1.000000000000000000 ) ) ;
#254 = EDGE_LOOP ( 'NONE', ( #3909, #586, #4274, #2588 ) ) ;
#255 = EDGE_CURVE ( 'NONE', #3154, #4554, #4254, .T. ) ;
#256 = VECTOR ( 'NONE', #2295, 1000.000000000000000 ) ;
#257 = DIRECTION ( 'NONE',  ( 0.000000000000000000, 0.000000000000000000, 1.000000000000000000 ) ) ;
#258 = EDGE_LOOP ( 'NONE', ( #1595, #2209 ) ) ;
#259 = DIRECTION ( 'NONE',  ( -1.000000000000000000, -0.000000000000000000, -0.000000000000000000 ) ) ;
#260 = VERTEX_POINT ( 'NONE', #376 ) ;
#261 = CIRCLE ( 'NONE', #1042, 2.080499999999998906 ) ;
#262 = LINE ( 'NONE', #4747, #365 ) ;
#263 = VECTOR ( 'NONE', #35, 1000.000000000000000 ) ;
#264 = EDGE_CURVE ( 'NONE', #3809, #4498, #2803, .T. ) ;
#265 = AXIS2_PLACEMENT_3D ( 'NONE', #4249, #1619, #2011 ) ;
#266 = DIRECTION ( 'NONE',  ( 1.000000000000000000, 0.000000000000000000, 0.000000000000000000 ) ) ;
#267 = DIRECTION ( 'NONE',  ( 0.000000000000000000, 0.000000000000000000, 1.000000000000000000 ) ) ;
#268 = EDGE_LOOP ( 'NONE', ( #1544, #1179, #3523, #3416 ) ) ;
#269 = CARTESIAN_POINT ( 'NONE',  ( 9.525000000000000355, -12.69999999999999929, 63.50000000000000000 ) ) ;
#270 = EDGE_LOOP ( 'NONE', ( #1462, #2744, #3053, #1609 ) ) ;
#271 = DIRECTION ( 'NONE',  ( 1.000000000000000000, -0.000000000000000000, -0.000000000000000000 ) ) ;
#272 = DIRECTION ( 'NONE',  ( 1.000000000000000000, 0.000000000000000000, 0.000000000000000000 ) ) ;
#273 = VERTEX_POINT ( 'NONE', #466 ) ;
#274 = LINE ( 'NONE', #4837, #2474 ) ;
#275 = ORIENTED_EDGE ( 'NONE', *, *, #813, .F. ) ;
#276 = EDGE_CURVE ( 'NONE', #2495, #3085, #3474, .T. ) ;
#277 = EDGE_CURVE ( 'NONE', #3656, #961, #1865, .T. ) ;
#278 = DIRECTION ( 'NONE',  ( -1.000000000000000000, -0.000000000000000000, -0.000000000000000000 ) ) ;
#279 = ORIENTED_EDGE ( 'NONE', *, *, #2563, .F. ) ;
#280 = DIRECTION ( 'NONE',  ( 0.000000000000000000, 0.000000000000000000, 1.000000000000000000 ) ) ;
#281 = EDGE_CURVE ( 'NONE', #96, #680, #4380, .T. ) ;
#282 = CARTESIAN_POINT ( 'NONE',  ( 12.70000000000000107, 14.15672222192832841, 27.53822353099818443 ) ) ;
#283 = ORIENTED_EDGE ( 'NONE', *, *, #3389, .T. ) ;
#284 = DIRECTION ( 'NONE',  ( -1.000000000000000000, -0.000000000000000000, -0.000000000000000000 ) ) ;
#285 = CIRCLE ( 'NONE', #3032, 17.66250000000000497 ) ;
#286 = ADVANCED_FACE ( 'NONE', ( #1112 ), #4464, .F. ) ;
#287 = CARTESIAN_POINT ( 'NONE',  ( -12.69999999999999929, 0.000000000000000000, 12.69999999999993356 ) ) ;
#288 = CARTESIAN_POINT ( 'NONE',  ( 12.70000000000000107, -14.16298196909034779, 40.07482701602484099 ) ) ;
#289 = CIRCLE ( 'NONE', #3354, 17.66250000000000497 ) ;
#290 = ORIENTED_EDGE ( 'NONE', *, *, #1171, .T. ) ;
#291 = DIRECTION ( 'NONE',  ( -1.000000000000000000, -0.000000000000000000, -0.000000000000000000 ) ) ;
#292 = DIRECTION ( 'NONE',  ( 0.000000000000000000, 0.000000000000000000, 1.000000000000000000 ) ) ;
#293 = VERTEX_POINT ( 'NONE', #881 ) ;
#294 = VECTOR ( 'NONE', #1873, 1000.000000000000000 ) ;
#295 = CARTESIAN_POINT ( 'NONE',  ( -12.69999999999999751, -16.22512784221249404, 31.12080715599139324 ) ) ;
#296 = CARTESIAN_POINT ( 'NONE',  ( 12.70000000000000107, 12.69999999999999929, 63.50000000000000000 ) ) ;
#297 = ORIENTED_EDGE ( 'NONE', *, *, #105, .F. ) ;
#298 = DIRECTION ( 'NONE',  ( -0.000000000000000000, 1.000000000000000000, -0.000000000000000000 ) ) ;
#299 = EDGE_LOOP ( 'NONE', ( #1486, #3562, #2676, #3375 ) ) ;
#300 = EDGE_CURVE ( 'NONE', #4514, #670, #525, .T. ) ;
#301 = EDGE_CURVE ( 'NONE', #1973, #2405, #10, .T. ) ;
#302 = AXIS2_PLACEMENT_3D ( 'NONE', #3999, #3670, #4087 ) ;
#303 = LINE ( 'NONE', #2541, #796 ) ;
#304 = ORIENTED_EDGE ( 'NONE', *, *, #1669, .T. ) ;
#305 = DIRECTION ( 'NONE',  ( -0.000000000000000000, 1.000000000000000000, -0.000000000000000000 ) ) ;
#306 = DIRECTION ( 'NONE',  ( -0.000000000000000000, 1.000000000000000000, -0.000000000000000000 ) ) ;
#307 = EDGE_CURVE ( 'NONE', #3625, #2009, #1828, .T. ) ;
#308 = ADVANCED_FACE ( 'NONE', ( #832 ), #2343, .T. ) ;
#309 = VERTEX_POINT ( 'NONE', #63 ) ;
#310 = LINE ( 'NONE', #1809, #521 ) ;
#311 = FACE_OUTER_BOUND ( 'NONE', #144, .T. ) ;
#312 = CARTESIAN_POINT ( 'NONE',  ( 7.746038523653021987E-16, -25.39999999999999503, 38.09999999999999432 ) ) ;
#313 = FACE_BOUND ( 'NONE', #1425, .T. ) ;
#314 = FACE_BOUND ( 'NONE', #225, .T. ) ;
#315 = VERTEX_POINT ( 'NONE', #2689 ) ;
#316 = DIRECTION ( 'NONE',  ( -1.000000000000000000, -0.000000000000000000, -0.000000000000000000 ) ) ;
#317 = DIRECTION ( 'NONE',  ( -1.000000000000000000, -0.000000000000000000, -0.000000000000000000 ) ) ;
#318 = DIRECTION ( 'NONE',  ( -1.000000000000000000, -0.000000000000000000, -0.000000000000000000 ) ) ;
#319 = VERTEX_POINT ( 'NONE', #1564 ) ;
#320 = DIRECTION ( 'NONE',  ( 0.000000000000000000, 0.000000000000000000, 1.000000000000000000 ) ) ;
#321 = ORIENTED_EDGE ( 'NONE', *, *, #1109, .F. ) ;
#322 = CIRCLE ( 'NONE', #2992, 2.499999999999988454 ) ;
#323 = EDGE_CURVE ( 'NONE', #4169, #3482, #4558, .T. ) ;
#324 = CARTESIAN_POINT ( 'NONE',  ( 12.70000000000000107, -10.07084749364656950, 51.01893227049793467 ) ) ;
#325 = ORIENTED_EDGE ( 'NONE', *, *, #3238, .T. ) ;
#326 = AXIS2_PLACEMENT_3D ( 'NONE', #2014, #1176, #97 ) ;
#327 = CARTESIAN_POINT ( 'NONE',  ( 12.70000000000000107, -12.69999999999999929, 12.69999999999999929 ) ) ;
#328 = DIRECTION ( 'NONE',  ( 0.000000000000000000, 0.000000000000000000, 1.000000000000000000 ) ) ;
#329 = CIRCLE ( 'NONE', #1188, 2.499999999999988454 ) ;
#330 = EDGE_LOOP ( 'NONE', ( #4841, #4650, #4748, #3669 ) ) ;
#331 = DIRECTION ( 'NONE',  ( 0.000000000000000000, 8.338012381527556114E-16, -1.000000000000000000 ) ) ;
#332 = ORIENTED_EDGE ( 'NONE', *, *, #2836, .T. ) ;
#333 = DIRECTION ( 'NONE',  ( -1.000000000000000000, -0.000000000000000000, -0.000000000000000000 ) ) ;
#334 = DIRECTION ( 'NONE',  ( 1.000000000000000000, 0.000000000000000000, 0.000000000000000000 ) ) ;
#335 = ORIENTED_EDGE ( 'NONE', *, *, #1691, .F. ) ;
#336 = CARTESIAN_POINT ( 'NONE',  ( -9.525000000000002132, -22.22499999999999787, 76.20000000000000284 ) ) ;
#337 = CARTESIAN_POINT ( 'NONE',  ( 12.70000000000000107, -2.068405620284295310, 55.64096931301052251 ) ) ;
#338 = ORIENTED_EDGE ( 'NONE', *, *, #1435, .F. ) ;
#339 = AXIS2_PLACEMENT_3D ( 'NONE', #1174, #3374, #3 ) ;
#340 = AXIS2_PLACEMENT_3D ( 'NONE', #845, #3433, #2277 ) ;
#341 = CARTESIAN_POINT ( 'NONE',  ( 12.70000000000000107, 10.07084749364666365, 25.18106772950216765 ) ) ;
#342 = CARTESIAN_POINT ( 'NONE',  ( 9.525000000000000355, 10.07084749364639542, 51.01893227049807678 ) ) ;
#343 = AXIS2_PLACEMENT_3D ( 'NONE', #1405, #4428, #2907 ) ;
#344 = DIRECTION ( 'NONE',  ( -1.000000000000000000, -0.000000000000000000, -0.000000000000000000 ) ) ;
#345 = ORIENTED_EDGE ( 'NONE', *, *, #2943, .F. ) ;
#346 = CARTESIAN_POINT ( 'NONE',  ( -9.525000000000000355, 2.068405620284298418, 55.64096931301052251 ) ) ;
#347 = AXIS2_PLACEMENT_3D ( 'NONE', #2823, #266, #1763 ) ;
#348 = CARTESIAN_POINT ( 'NONE',  ( -12.69999999999999751, -16.22512784221253312, 45.07919284400851723 ) ) ;
#349 = ADVANCED_FACE ( 'NONE', ( #1487 ), #4788, .F. ) ;
#350 = VERTEX_POINT ( 'NONE', #3007 ) ;
#351 = DIRECTION ( 'NONE',  ( 0.000000000000000000, 0.000000000000000000, 1.000000000000000000 ) ) ;
#352 = DIRECTION ( 'NONE',  ( 0.000000000000000000, 0.000000000000000000, 1.000000000000000000 ) ) ;
#353 = ORIENTED_EDGE ( 'NONE', *, *, #3184, .T. ) ;
#354 = ORIENTED_EDGE ( 'NONE', *, *, #2865, .F. ) ;
#355 = CARTESIAN_POINT ( 'NONE',  ( 12.70000000000000107, 12.33648634557998314, 47.30376971111940776 ) ) ;
#356 = EDGE_CURVE ( 'NONE', #1524, #769, #1785, .T. ) ;
#357 = DIRECTION ( 'NONE',  ( 1.000000000000000000, 0.000000000000000000, 0.000000000000000000 ) ) ;
#358 = EDGE_CURVE ( 'NONE', #3664, #573, #1509, .T. ) ;
#359 = AXIS2_PLACEMENT_3D ( 'NONE', #636, #4804, #687 ) ;
#360 = CARTESIAN_POINT ( 'NONE',  ( 9.525000000000000355, 0.000000000000000000, 63.50000000000000000 ) ) ;
#361 = ORIENTED_EDGE ( 'NONE', *, *, #1407, .T. ) ;
#362 = EDGE_CURVE ( 'NONE', #1612, #2442, #842, .T. ) ;
#363 = AXIS2_PLACEMENT_3D ( 'NONE', #2040, #4591, #852 ) ;
#364 = FACE_OUTER_BOUND ( 'NONE', #1053, .T. ) ;
#365 = VECTOR ( 'NONE', #2548, 1000.000000000000000 ) ;
#366 = CARTESIAN_POINT ( 'NONE',  ( 12.70000000000000107, 6.152699789198528002, 22.91892409761429406 ) ) ;
#367 = DIRECTION ( 'NONE',  ( 0.000000000000000000, 0.000000000000000000, -1.000000000000000000 ) ) ;
#368 = ORIENTED_EDGE ( 'NONE', *, *, #3371, .F. ) ;
#369 = CYLINDRICAL_SURFACE ( 'NONE', #1814, 2.499999999999988454 ) ;
#370 = CIRCLE ( 'NONE', #1309, 2.080499999999998906 ) ;
#371 = CIRCLE ( 'NONE', #2722, 2.499999999999988454 ) ;
#372 = CIRCLE ( 'NONE', #2891, 2.499999999999988454 ) ;
#373 = AXIS2_PLACEMENT_3D ( 'NONE', #167, #3883, #2747 ) ;
#374 = DIRECTION ( 'NONE',  ( 0.000000000000000000, 0.000000000000000000, 1.000000000000000000 ) ) ;
#375 = DIRECTION ( 'NONE',  ( -1.000000000000000000, -0.000000000000000000, -0.000000000000000000 ) ) ;
#376 = CARTESIAN_POINT ( 'NONE',  ( -9.525000000000000355, -11.15407434219244465, 26.95732780184198774 ) ) ;
#377 = ORIENTED_EDGE ( 'NONE', *, *, #4466, .T. ) ;
#378 = ORIENTED_EDGE ( 'NONE', *, *, #2893, .T. ) ;
#379 = DIRECTION ( 'NONE',  ( 0.000000000000000000, 0.000000000000000000, -1.000000000000000000 ) ) ;
#380 = DIRECTION ( 'NONE',  ( -0.000000000000000000, 1.000000000000000000, -0.000000000000000000 ) ) ;
#381 = ADVANCED_FACE ( 'NONE', ( #3379 ), #718, .T. ) ;
#382 = LINE ( 'NONE', #3781, #3205 ) ;
#383 = ORIENTED_EDGE ( 'NONE', *, *, #1985, .T. ) ;
#384 = EDGE_CURVE ( 'NONE', #2442, #1086, #4408, .T. ) ;
#385 = LINE ( 'NONE', #1, #2017 ) ;
#386 = LINE ( 'NONE', #1817, #56 ) ;
#387 = LINE ( 'NONE', #1892, #3259 ) ;
#388 = ORIENTED_EDGE ( 'NONE', *, *, #2563, .T. ) ;
#389 = LINE ( 'NONE', #1896, #2544 ) ;
#390 = LINE ( 'NONE', #1900, #1791 ) ;
#391 = ORIENTED_EDGE ( 'NONE', *, *, #725, .T. ) ;
#392 = CARTESIAN_POINT ( 'NONE',  ( -9.525000000000000355, 16.22354728284504333, 40.36214363188798160 ) ) ;
#393 = CIRCLE ( 'NONE', #1968, 2.499999999999992006 ) ;
#394 = EDGE_LOOP ( 'NONE', ( #471, #209, #160, #1029 ) ) ;
#395 = DIRECTION ( 'NONE',  ( -1.000000000000000000, -0.000000000000000000, -0.000000000000000000 ) ) ;
#396 = CIRCLE ( 'NONE', #4022, 2.271000000000002128 ) ;
#397 = ORIENTED_EDGE ( 'NONE', *, *, #1229, .F. ) ;
#398 = CYLINDRICAL_SURFACE ( 'NONE', #2499, 2.271000000000002128 ) ;
#399 = AXIS2_PLACEMENT_3D ( 'NONE', #557, #196, #1698 ) ;
#400 = DIRECTION ( 'NONE',  ( 1.000000000000000000, 0.000000000000000000, 0.000000000000000000 ) ) ;
#401 = VERTEX_POINT ( 'NONE', #1111 ) ;
#402 = EDGE_CURVE ( 'NONE', #1267, #646, #1232, .T. ) ;
#403 = DIRECTION ( 'NONE',  ( 0.000000000000000000, 0.000000000000000000, 1.000000000000000000 ) ) ;
#404 = ORIENTED_EDGE ( 'NONE', *, *, #4798, .T. ) ;
#405 = CIRCLE ( 'NONE', #4504, 2.271000000000002128 ) ;
#406 = DIRECTION ( 'NONE',  ( 0.000000000000000000, -0.000000000000000000, 1.000000000000000000 ) ) ;
#407 = DIRECTION ( 'NONE',  ( 0.000000000000000000, 0.000000000000000000, 1.000000000000000000 ) ) ;
#408 = CARTESIAN_POINT ( 'NONE',  ( 12.70000000000000107, 15.22687436074360257, 42.18837563696011017 ) ) ;
#409 = ORIENTED_EDGE ( 'NONE', *, *, #2700, .T. ) ;
#410 = ADVANCED_FACE ( 'NONE', ( #4073 ), #4509, .F. ) ;
#411 = CARTESIAN_POINT ( 'NONE',  ( 7.746038523653021987E-16, -22.22499999999999787, 50.79999999999999716 ) ) ;
#412 = AXIS2_PLACEMENT_3D ( 'NONE', #1962, #2775, #2064 ) ;
#413 = CIRCLE ( 'NONE', #971, 2.080499999999998906 ) ;
#414 = CIRCLE ( 'NONE', #3177, 14.30000000000000071 ) ;
#415 = DIRECTION ( 'NONE',  ( 0.000000000000000000, 0.000000000000000000, 1.000000000000000000 ) ) ;
#416 = ADVANCED_FACE ( 'NONE', ( #2176 ), #1135, .F. ) ;
#417 = DIRECTION ( 'NONE',  ( -0.000000000000000000, 1.000000000000000000, -0.000000000000000000 ) ) ;
#418 = ORIENTED_EDGE ( 'NONE', *, *, #4803, .F. ) ;
#419 = EDGE_CURVE ( 'NONE', #2925, #2036, #3609, .T. ) ;
#420 = CARTESIAN_POINT ( 'NONE',  ( 12.70000000000000107, -4.072800018551144596, 22.86895216488212412 ) ) ;
#421 = VECTOR ( 'NONE', #4353, 1000.000000000000000 ) ;
#422 = EDGE_CURVE ( 'NONE', #3268, #3809, #671, .T. ) ;
#423 = ORIENTED_EDGE ( 'NONE', *, *, #1324, .F. ) ;
#424 = CARTESIAN_POINT ( 'NONE',  ( -12.69999999999999751, -8.791741348502544184, 49.37808867056075712 ) ) ;
#425 = PERSON_AND_ORGANIZATION ( #2165, #3243 ) ;
#426 = VERTEX_POINT ( 'NONE', #3773 ) ;
#427 = CARTESIAN_POINT ( 'NONE',  ( 12.70000000000000107, -14.15672222192825025, 48.66177646900194276 ) ) ;
#428 = CIRCLE ( 'NONE', #3186, 2.080499999999998906 ) ;
#429 = CYLINDRICAL_SURFACE ( 'NONE', #2148, 2.080499999999998906 ) ;
#430 = ORIENTED_EDGE ( 'NONE', *, *, #1864, .T. ) ;
#431 = DIRECTION ( 'NONE',  ( 0.000000000000000000, 0.000000000000000000, 1.000000000000000000 ) ) ;
#432 = VERTEX_POINT ( 'NONE', #742 ) ;
#433 = CARTESIAN_POINT ( 'NONE',  ( 12.70000000000000107, 3.577867169202164632E-15, 55.76250000000001705 ) ) ;
#434 = LINE ( 'NONE', #509, #1124 ) ;
#435 = ORIENTED_EDGE ( 'NONE', *, *, #841, .T. ) ;
#436 = CARTESIAN_POINT ( 'NONE',  ( -12.69999999999999751, -12.69999999999999929, 10.20000000000000817 ) ) ;
#437 = DIRECTION ( 'NONE',  ( 0.000000000000000000, 0.000000000000000000, 1.000000000000000000 ) ) ;
#438 = CYLINDRICAL_SURFACE ( 'NONE', #620, 2.080499999999998906 ) ;
#439 = VECTOR ( 'NONE', #4074, 1000.000000000000000 ) ;
#440 = ORIENTED_EDGE ( 'NONE', *, *, #841, .F. ) ;
#441 = CIRCLE ( 'NONE', #2419, 2.270999999999998575 ) ;
#442 = CARTESIAN_POINT ( 'NONE',  ( 12.70000000000000107, -1.802455207620986100, 53.38559542427184823 ) ) ;
#443 = EDGE_CURVE ( 'NONE', #4128, #1727, #3131, .T. ) ;
#444 = EDGE_CURVE ( 'NONE', #2665, #3972, #1870, .T. ) ;
#445 = VECTOR ( 'NONE', #375, 1000.000000000000000 ) ;
#446 = AXIS2_PLACEMENT_3D ( 'NONE', #4493, #4848, #4541 ) ;
#447 = EDGE_CURVE ( 'NONE', #2433, #3013, #1087, .T. ) ;
#448 = EDGE_LOOP ( 'NONE', ( #4147, #383, #1235, #695 ) ) ;
#449 = CARTESIAN_POINT ( 'NONE',  ( -12.69999999999999751, 0.000000000000000000, 65.99999999999998579 ) ) ;
#450 = CALENDAR_DATE ( 2024, 18, 9 ) ;
#451 = ORIENTED_EDGE ( 'NONE', *, *, #4643, .T. ) ;
#452 = EDGE_CURVE ( 'NONE', #4730, #2895, #4092, .T. ) ;
#453 = EDGE_CURVE ( 'NONE', #878, #2435, #1037, .T. ) ;
#454 = VECTOR ( 'NONE', #3018, 1000.000000000000000 ) ;
#455 = ADVANCED_FACE ( 'NONE', ( #1880 ), #1855, .F. ) ;
#456 = CARTESIAN_POINT ( 'NONE',  ( 12.70000000000000107, 1.802455207620993427, 53.38559542427184823 ) ) ;
#457 = ORIENTED_EDGE ( 'NONE', *, *, #3644, .T. ) ;
#458 = FACE_OUTER_BOUND ( 'NONE', #745, .T. ) ;
#459 = ORIENTED_EDGE ( 'NONE', *, *, #603, .F. ) ;
#460 = DIRECTION ( 'NONE',  ( 1.000000000000000000, 0.000000000000000000, 0.000000000000000000 ) ) ;
#461 = ADVANCED_FACE ( 'NONE', ( #840 ), #3404, .F. ) ;
#462 = DIRECTION ( 'NONE',  ( -1.000000000000000000, 0.000000000000000000, 0.000000000000000000 ) ) ;
#463 = ORIENTED_EDGE ( 'NONE', *, *, #3135, .T. ) ;
#464 = CARTESIAN_POINT ( 'NONE',  ( 12.70000000000000107, 16.22512784221258997, 31.12080715599162417 ) ) ;
#465 = DIRECTION ( 'NONE',  ( -1.000000000000000000, -0.000000000000000000, -0.000000000000000000 ) ) ;
#466 = CARTESIAN_POINT ( 'NONE',  ( 9.525000000000000355, 4.072800018551152590, 22.86895216488212412 ) ) ;
#467 = DIRECTION ( 'NONE',  ( -0.000000000000000000, -0.000000000000000000, -1.000000000000000000 ) ) ;
#468 = CARTESIAN_POINT ( 'NONE',  ( 12.70000000000000107, -5.371240620587821368, 51.35291568658563932 ) ) ;
#469 = EDGE_LOOP ( 'NONE', ( #4808, #2867 ) ) ;
#470 = CARTESIAN_POINT ( 'NONE',  ( -12.69999999999999929, 12.69999999999999929, 63.50000000000000000 ) ) ;
#471 = ORIENTED_EDGE ( 'NONE', *, *, #4510, .F. ) ;
#472 = LINE ( 'NONE', #3459, #4667 ) ;
#473 = EDGE_LOOP ( 'NONE', ( #3583, #1123, #848, #1547 ) ) ;
#474 = CIRCLE ( 'NONE', #3467, 2.499999999999988454 ) ;
#475 = ORIENTED_EDGE ( 'NONE', *, *, #4406, .T. ) ;
#476 = EDGE_CURVE ( 'NONE', #646, #1267, #2727, .T. ) ;
#477 = EDGE_CURVE ( 'NONE', #1501, #3509, #3526, .T. ) ;
#478 = AXIS2_PLACEMENT_3D ( 'NONE', #2826, #1833, #1670 ) ;
#479 = DIRECTION ( 'NONE',  ( -1.000000000000000000, 0.000000000000000000, 0.000000000000000000 ) ) ;
#480 = ORIENTED_EDGE ( 'NONE', *, *, #158, .T. ) ;
#481 = CARTESIAN_POINT ( 'NONE',  ( 9.525000000000000355, -22.22499999999999787, 76.20000000000000284 ) ) ;
#482 = ORIENTED_EDGE ( 'NONE', *, *, #2706, .T. ) ;
#483 = FACE_OUTER_BOUND ( 'NONE', #3419, .T. ) ;
#484 = CIRCLE ( 'NONE', #2846, 2.271000000000002128 ) ;
#485 = DIRECTION ( 'NONE',  ( 0.000000000000000000, 0.000000000000000000, 1.000000000000000000 ) ) ;
#486 = VERTEX_POINT ( 'NONE', #3030 ) ;
#487 = DIRECTION ( 'NONE',  ( -1.000000000000000000, -0.000000000000000000, -0.000000000000000000 ) ) ;
#488 = FACE_OUTER_BOUND ( 'NONE', #2202, .T. ) ;
#489 = DIRECTION ( 'NONE',  ( 0.000000000000000000, -1.000000000000000000, 0.000000000000000000 ) ) ;
#490 = CARTESIAN_POINT ( 'NONE',  ( 1.555301434917138433E-15, 22.22500000000000142, 65.99999999999998579 ) ) ;
#491 = DIRECTION ( 'NONE',  ( 1.000000000000000000, 0.000000000000000000, 0.000000000000000000 ) ) ;
#492 = AXIS2_PLACEMENT_3D ( 'NONE', #2083, #3929, #1315 ) ;
#493 = DIRECTION ( 'NONE',  ( 0.000000000000000000, 0.000000000000000000, 1.000000000000000000 ) ) ;
#494 = ORIENTED_EDGE ( 'NONE', *, *, #477, .T. ) ;
#495 = DIRECTION ( 'NONE',  ( 0.000000000000000000, 0.000000000000000000, 1.000000000000000000 ) ) ;
#496 = ORIENTED_EDGE ( 'NONE', *, *, #1645, .F. ) ;
#497 = AXIS2_PLACEMENT_3D ( 'NONE', #1941, #4204, #4482 ) ;
#498 = CARTESIAN_POINT ( 'NONE',  ( -9.525000000000000355, -5.371240620587816927, 24.84708431341438839 ) ) ;
#499 = ORIENTED_EDGE ( 'NONE', *, *, #2821, .F. ) ;
#500 = CIRCLE ( 'NONE', #1368, 2.271000000000002128 ) ;
#501 = EDGE_LOOP ( 'NONE', ( #3461, #975, #3385, #3762 ) ) ;
#502 = CARTESIAN_POINT ( 'NONE',  ( 12.70000000000000107, -1.802455207620986100, 53.38559542427184823 ) ) ;
#503 = EDGE_LOOP ( 'NONE', ( #3980, #3123, #816, #3036 ) ) ;
#504 = CYLINDRICAL_SURFACE ( 'NONE', #3747, 2.499999999999988454 ) ;
#505 = EDGE_LOOP ( 'NONE', ( #4690, #321, #4442, #1287 ) ) ;
#506 = ADVANCED_FACE ( 'NONE', ( #4634 ), #2736, .F. ) ;
#507 = ADVANCED_FACE ( 'NONE', ( #130 ), #1948, .T. ) ;
#508 = CARTESIAN_POINT ( 'NONE',  ( -9.525000000000000355, -1.802455207620986100, 22.81440457572818303 ) ) ;
#509 = CARTESIAN_POINT ( 'NONE',  ( 12.70000000000000107, -14.15672222192825025, 48.66177646900194276 ) ) ;
#510 = EDGE_LOOP ( 'NONE', ( #2399, #3549, #34, #1110, #3201, #1431, #4515, #3998, #451, #4861, #1923, #3991, #2484, #388, #575, #3632, #2719, #625, #3128, #2959, #1214, #2065, #828, #332, #1536, #588, #1217, #2996, #104, #656, #4113, #3293, #1259, #1901, #231, #4201, #2034, #2741, #1638, #1660, #3061 ) ) ;
#511 = DIRECTION ( 'NONE',  ( 0.000000000000000000, 0.000000000000000000, 1.000000000000000000 ) ) ;
#512 = DIRECTION ( 'NONE',  ( 1.000000000000000000, 0.000000000000000000, 0.000000000000000000 ) ) ;
#513 = ADVANCED_FACE ( 'NONE', ( #3797 ), #2000, .F. ) ;
#514 = ORIENTED_EDGE ( 'NONE', *, *, #3162, .T. ) ;
#515 = LINE ( 'NONE', #1628, #2728 ) ;
#516 = CYLINDRICAL_SURFACE ( 'NONE', #2370, 2.271000000000002128 ) ;
#517 = CARTESIAN_POINT ( 'NONE',  ( -9.525000000000000355, 3.577867169202164632E-15, 38.10000000000001563 ) ) ;
#518 = EDGE_LOOP ( 'NONE', ( #1493, #3116, #361, #1663 ) ) ;
#519 = AXIS2_PLACEMENT_3D ( 'NONE', #3982, #3905, #3148 ) ;
#520 = DIRECTION ( 'NONE',  ( 0.000000000000000000, 0.000000000000000000, -1.000000000000000000 ) ) ;
#521 = VECTOR ( 'NONE', #4324, 1000.000000000000000 ) ;
#522 = LINE ( 'NONE', #135, #4354 ) ;
#523 = ORIENTED_EDGE ( 'NONE', *, *, #1805, .T. ) ;
#524 = EDGE_LOOP ( 'NONE', ( #4101, #1136, #2538, #2092 ) ) ;
#525 = CIRCLE ( 'NONE', #3285, 2.271000000000002128 ) ;
#526 = CIRCLE ( 'NONE', #4863, 2.499999999999992006 ) ;
#527 = CARTESIAN_POINT ( 'NONE',  ( 12.70000000000000107, 16.22354728284504333, 40.36214363188798160 ) ) ;
#528 = AXIS2_PLACEMENT_3D ( 'NONE', #3060, #1180, #1231 ) ;
#529 = AXIS2_PLACEMENT_3D ( 'NONE', #3890, #2020, #540 ) ;
#530 = VERTEX_POINT ( 'NONE', #1533 ) ;
#531 = CYLINDRICAL_SURFACE ( 'NONE', #4608, 2.499999999999988454 ) ;
#532 = ORIENTED_EDGE ( 'NONE', *, *, #3065, .T. ) ;
#533 = CIRCLE ( 'NONE', #693, 2.499999999999988454 ) ;
#534 = DIRECTION ( 'NONE',  ( -1.000000000000000000, -0.000000000000000000, -0.000000000000000000 ) ) ;
#535 = EDGE_CURVE ( 'NONE', #1973, #4000, #3442, .T. ) ;
#536 = DIRECTION ( 'NONE',  ( 0.000000000000000000, 0.000000000000000000, 1.000000000000000000 ) ) ;
#537 = FACE_OUTER_BOUND ( 'NONE', #173, .T. ) ;
#538 = ORIENTED_EDGE ( 'NONE', *, *, #2260, .F. ) ;
#539 = EDGE_CURVE ( 'NONE', #1734, #3622, #1313, .T. ) ;
#540 = DIRECTION ( 'NONE',  ( 0.000000000000000000, 0.000000000000000000, 1.000000000000000000 ) ) ;
#541 = CARTESIAN_POINT ( 'NONE',  ( -9.525000000000000355, -10.07084749364656950, 51.01893227049793467 ) ) ;
#542 = CARTESIAN_POINT ( 'NONE',  ( -12.69999999999999751, 12.69999999999999929, 12.69999999999999929 ) ) ;
#543 = VERTEX_POINT ( 'NONE', #420 ) ;
#544 = LINE ( 'NONE', #4421, #1316 ) ;
#545 = DIRECTION ( 'NONE',  ( 0.000000000000000000, 0.000000000000000000, 1.000000000000000000 ) ) ;
#546 = ORIENTED_EDGE ( 'NONE', *, *, #3457, .T. ) ;
#547 = VERTEX_POINT ( 'NONE', #3084 ) ;
#548 = DIRECTION ( 'NONE',  ( -1.000000000000000000, -0.000000000000000000, -0.000000000000000000 ) ) ;
#549 = ORIENTED_EDGE ( 'NONE', *, *, #3069, .T. ) ;
#550 = FACE_OUTER_BOUND ( 'NONE', #959, .T. ) ;
#551 = ORIENTED_EDGE ( 'NONE', *, *, #3223, .F. ) ;
#552 = AXIS2_PLACEMENT_3D ( 'NONE', #4475, #2973, #1844 ) ;
#553 = CARTESIAN_POINT ( 'NONE',  ( 12.70000000000000107, 14.13894155320113555, 32.01817428684756095 ) ) ;
#554 = CC_DESIGN_PERSON_AND_ORGANIZATION_ASSIGNMENT ( #425, #1515, ( #3026 ) ) ;
#555 = FACE_BOUND ( 'NONE', #4682, .T. ) ;
#556 = ORIENTED_EDGE ( 'NONE', *, *, #3184, .F. ) ;
#557 = CARTESIAN_POINT ( 'NONE',  ( 0.000000000000000000, 0.000000000000000000, 0.000000000000000000 ) ) ;
#558 = CARTESIAN_POINT ( 'NONE',  ( 12.70000000000000107, -11.15407434219244465, 26.95732780184198774 ) ) ;
#559 = AXIS2_PLACEMENT_3D ( 'NONE', #1596, #3104, #4280 ) ;
#560 = ORIENTED_EDGE ( 'NONE', *, *, #1324, .T. ) ;
#561 = AXIS2_PLACEMENT_3D ( 'NONE', #3427, #815, #3004 ) ;
#562 = EDGE_CURVE ( 'NONE', #4215, #1926, #372, .T. ) ;
#563 = CARTESIAN_POINT ( 'NONE',  ( -12.69999999999999751, 12.69999999999999929, 63.50000000000000000 ) ) ;
#564 = DIRECTION ( 'NONE',  ( -1.000000000000000000, -0.000000000000000000, -0.000000000000000000 ) ) ;
#565 = DIRECTION ( 'NONE',  ( -1.000000000000000000, -0.000000000000000000, -0.000000000000000000 ) ) ;
#566 = VERTEX_POINT ( 'NONE', #2373 ) ;
#567 = ORIENTED_EDGE ( 'NONE', *, *, #3072, .F. ) ;
#568 = FACE_BOUND ( 'NONE', #660, .T. ) ;
#569 = VECTOR ( 'NONE', #1467, 1000.000000000000000 ) ;
#570 = EDGE_CURVE ( 'NONE', #350, #4462, #1002, .T. ) ;
#571 = EDGE_CURVE ( 'NONE', #1335, #4241, #3756, .T. ) ;
#572 = DIRECTION ( 'NONE',  ( -1.000000000000000000, -0.000000000000000000, -0.000000000000000000 ) ) ;
#573 = VERTEX_POINT ( 'NONE', #1578 ) ;
#574 = VECTOR ( 'NONE', #4480, 1000.000000000000000 ) ;
#575 = ORIENTED_EDGE ( 'NONE', *, *, #3255, .T. ) ;
#576 = EDGE_CURVE ( 'NONE', #1854, #851, #1634, .T. ) ;
#577 = CIRCLE ( 'NONE', #3095, 17.66250000000000142 ) ;
#578 = AXIS2_PLACEMENT_3D ( 'NONE', #2125, #3631, #1752 ) ;
#579 = FACE_OUTER_BOUND ( 'NONE', #1914, .T. ) ;
#580 = AXIS2_PLACEMENT_3D ( 'NONE', #2508, #1395, #2873 ) ;
#581 = EDGE_LOOP ( 'NONE', ( #2157, #68, #3178, #1935 ) ) ;
#582 = DIRECTION ( 'NONE',  ( 0.000000000000000000, -1.000000000000000000, 0.000000000000000000 ) ) ;
#583 = ORIENTED_EDGE ( 'NONE', *, *, #3529, .F. ) ;
#584 = CARTESIAN_POINT ( 'NONE',  ( 12.70000000000000107, -14.15672222192825025, 48.66177646900194276 ) ) ;
#585 = CARTESIAN_POINT ( 'NONE',  ( -12.69999999999999751, 2.068405620284300195, 20.55903068698950520 ) ) ;
#586 = ORIENTED_EDGE ( 'NONE', *, *, #281, .T. ) ;
#587 = CARTESIAN_POINT ( 'NONE',  ( -9.525000000000000355, 1.802455207620993427, 22.81440457572818303 ) ) ;
#588 = ORIENTED_EDGE ( 'NONE', *, *, #720, .T. ) ;
#589 = LINE ( 'NONE', #708, #2885 ) ;
#590 = DIRECTION ( 'NONE',  ( 0.000000000000000000, 0.000000000000000000, -1.000000000000000000 ) ) ;
#591 = ORIENTED_EDGE ( 'NONE', *, *, #4822, .T. ) ;
#592 = DIRECTION ( 'NONE',  ( -0.000000000000000000, 1.000000000000000000, -0.000000000000000000 ) ) ;
#593 = EDGE_LOOP ( 'NONE', ( #1984, #1911, #252, #1196 ) ) ;
#594 = DIRECTION ( 'NONE',  ( 1.000000000000000000, -0.000000000000000000, -0.000000000000000000 ) ) ;
#595 = CARTESIAN_POINT ( 'NONE',  ( 12.70000000000000107, 14.15672222192810992, 48.66177646900214881 ) ) ;
#596 = ORIENTED_EDGE ( 'NONE', *, *, #3436, .F. ) ;
#597 = ADVANCED_FACE ( 'NONE', ( #4209 ), #4187, .F. ) ;
#598 = LINE ( 'NONE', #4743, #3825 ) ;
#599 = EDGE_CURVE ( 'NONE', #3546, #1437, #3290, .T. ) ;
#600 = AXIS2_PLACEMENT_3D ( 'NONE', #42, #2997, #2267 ) ;
#601 = AXIS2_PLACEMENT_3D ( 'NONE', #481, #922, #1983 ) ;
#602 = DIRECTION ( 'NONE',  ( 0.000000000000000000, 0.000000000000000000, 1.000000000000000000 ) ) ;
#603 = EDGE_CURVE ( 'NONE', #2121, #738, #3912, .T. ) ;
#604 = EDGE_CURVE ( 'NONE', #3877, #2956, #61, .T. ) ;
#605 = VERTEX_POINT ( 'NONE', #2473 ) ;
#606 = DIRECTION ( 'NONE',  ( 0.000000000000000000, 1.000000000000000000, 0.000000000000000000 ) ) ;
#607 = ORIENTED_EDGE ( 'NONE', *, *, #1357, .T. ) ;
#608 = AXIS2_PLACEMENT_3D ( 'NONE', #106, #3843, #4532 ) ;
#609 = CARTESIAN_POINT ( 'NONE',  ( -12.69999999999999751, 5.371240620587829362, 24.84708431341438839 ) ) ;
#610 = VECTOR ( 'NONE', #467, 1000.000000000000000 ) ;
#611 = CARTESIAN_POINT ( 'NONE',  ( -9.525000000000000355, -8.791741348502467801, 26.82191132943921019 ) ) ;
#612 = ORIENTED_EDGE ( 'NONE', *, *, #2519, .F. ) ;
#613 = PLANE ( 'NONE',  #4246 ) ;
#614 = CIRCLE ( 'NONE', #1945, 17.66250000000000142 ) ;
#615 = VERTEX_POINT ( 'NONE', #4828 ) ;
#616 = ADVANCED_FACE ( 'NONE', ( #3535, #4688, #2426, #3611, #3556, #2924 ), #683, .F. ) ;
#617 = CARTESIAN_POINT ( 'NONE',  ( 12.70000000000000107, -8.791741348502544184, 49.37808867056075712 ) ) ;
#618 = DIRECTION ( 'NONE',  ( 0.000000000000000000, 0.000000000000000000, 1.000000000000000000 ) ) ;
#619 = EDGE_LOOP ( 'NONE', ( #891, #665, #161, #3927 ) ) ;
#620 = AXIS2_PLACEMENT_3D ( 'NONE', #3841, #1203, #4136 ) ;
#621 = LINE ( 'NONE', #2537, #3056 ) ;
#622 = ORIENTED_EDGE ( 'NONE', *, *, #3734, .T. ) ;
#623 = CYLINDRICAL_SURFACE ( 'NONE', #2934, 2.271000000000002128 ) ;
#624 = EDGE_CURVE ( 'NONE', #863, #4329, #544, .T. ) ;
#625 = ORIENTED_EDGE ( 'NONE', *, *, #3057, .T. ) ;
#626 = DIRECTION ( 'NONE',  ( -1.000000000000000000, -0.000000000000000000, -0.000000000000000000 ) ) ;
#627 = ORIENTED_EDGE ( 'NONE', *, *, #3792, .T. ) ;
#628 = EDGE_CURVE ( 'NONE', #2947, #4872, #3685, .T. ) ;
#629 = DIRECTION ( 'NONE',  ( 0.000000000000000000, 0.000000000000000000, 1.000000000000000000 ) ) ;
#630 = EDGE_CURVE ( 'NONE', #1086, #3821, #3833, .T. ) ;
#631 = LINE ( 'NONE', #584, #3414 ) ;
#632 = CARTESIAN_POINT ( 'NONE',  ( 12.70000000000000107, 2.068405620284298418, 55.64096931301052251 ) ) ;
#633 = DIRECTION ( 'NONE',  ( -1.000000000000000000, 0.000000000000000000, 0.000000000000000000 ) ) ;
#634 = AXIS2_PLACEMENT_3D ( 'NONE', #4681, #1301, #3600 ) ;
#635 = ORIENTED_EDGE ( 'NONE', *, *, #3193, .F. ) ;
#636 = CARTESIAN_POINT ( 'NONE',  ( -12.69999999999999751, -10.07084749364656950, 51.01893227049793467 ) ) ;
#637 = DIRECTION ( 'NONE',  ( 0.000000000000000000, 0.000000000000000000, -1.000000000000000000 ) ) ;
#638 = AXIS2_PLACEMENT_3D ( 'NONE', #2066, #4792, #2463 ) ;
#639 = VERTEX_POINT ( 'NONE', #2555 ) ;
#640 = DIRECTION ( 'NONE',  ( 0.000000000000000000, 0.000000000000000000, 1.000000000000000000 ) ) ;
#641 = ORIENTED_EDGE ( 'NONE', *, *, #2172, .T. ) ;
#642 = ADVANCED_FACE ( 'NONE', ( #3947 ), #939, .F. ) ;
#643 = LOCAL_TIME ( 14, 49, 46.00000000000000000, #1162 ) ;
#644 = CIRCLE ( 'NONE', #2225, 14.30000000000000071 ) ;
#645 = DIRECTION ( 'NONE',  ( -1.000000000000000000, 0.000000000000000000, 0.000000000000000000 ) ) ;
#646 = VERTEX_POINT ( 'NONE', #179 ) ;
#647 = CARTESIAN_POINT ( 'NONE',  ( 0.000000000000000000, -25.39999999999999503, 12.69999999999999929 ) ) ;
#648 = CIRCLE ( 'NONE', #2620, 2.499999999999995115 ) ;
#649 = LINE ( 'NONE', #1300, #2374 ) ;
#650 = EDGE_LOOP ( 'NONE', ( #2593, #1815, #2482, #1561 ) ) ;
#651 = AXIS2_PLACEMENT_3D ( 'NONE', #877, #95, #827 ) ;
#652 = CARTESIAN_POINT ( 'NONE',  ( 12.70000000000000107, 3.577867169202164632E-15, 38.10000000000001563 ) ) ;
#653 = AXIS2_PLACEMENT_3D ( 'NONE', #1764, #3989, #4328 ) ;
#654 = CYLINDRICAL_SURFACE ( 'NONE', #2695, 2.080499999999998906 ) ;
#655 = DIRECTION ( 'NONE',  ( -1.000000000000000000, -0.000000000000000000, -0.000000000000000000 ) ) ;
#656 = ORIENTED_EDGE ( 'NONE', *, *, #3040, .T. ) ;
#657 = PLANE ( 'NONE',  #2211 ) ;
#658 = EDGE_CURVE ( 'NONE', #1204, #2462, #1483, .T. ) ;
#659 = ADVANCED_FACE ( 'NONE', ( #568, #1679, #2949, #4289, #314, #2786 ), #1654, .T. ) ;
#660 = EDGE_LOOP ( 'NONE', ( #1299, #1479 ) ) ;
#661 = CARTESIAN_POINT ( 'NONE',  ( 12.70000000000000107, 3.577867169202164632E-15, 38.10000000000001563 ) ) ;
#662 = CARTESIAN_POINT ( 'NONE',  ( 12.70000000000000107, 16.22512784221244786, 45.07919284400875171 ) ) ;
#663 = ORIENTED_EDGE ( 'NONE', *, *, #3760, .F. ) ;
#664 = CARTESIAN_POINT ( 'NONE',  ( -12.69999999999999751, 11.15407434219237004, 49.24267219815811814 ) ) ;
#665 = ORIENTED_EDGE ( 'NONE', *, *, #3194, .T. ) ;
#666 = EDGE_CURVE ( 'NONE', #2814, #2255, #3185, .T. ) ;
#667 = EDGE_CURVE ( 'NONE', #4544, #401, #3447, .T. ) ;
#668 = VECTOR ( 'NONE', #3662, 1000.000000000000000 ) ;
#669 = CARTESIAN_POINT ( 'NONE',  ( 7.746038523653021987E-16, 25.40000000000000213, 50.79999999999999716 ) ) ;
#670 = VERTEX_POINT ( 'NONE', #4081 ) ;
#671 = LINE ( 'NONE', #3336, #4864 ) ;
#672 = DIRECTION ( 'NONE',  ( -1.000000000000000000, 0.000000000000000000, 0.000000000000000000 ) ) ;
#673 = LINE ( 'NONE', #2800, #251 ) ;
#674 = VERTEX_POINT ( 'NONE', #2027 ) ;
#675 = DIRECTION ( 'NONE',  ( 0.000000000000000000, 0.000000000000000000, -1.000000000000000000 ) ) ;
#676 = CIRCLE ( 'NONE', #1466, 14.30000000000000071 ) ;
#677 = CYLINDRICAL_SURFACE ( 'NONE', #3805, 2.270999999999995467 ) ;
#678 = DIRECTION ( 'NONE',  ( 0.000000000000000000, 0.000000000000000000, 1.000000000000000000 ) ) ;
#679 = CIRCLE ( 'NONE', #4458, 2.270999999999998575 ) ;
#680 = VERTEX_POINT ( 'NONE', #3581 ) ;
#681 = AXIS2_PLACEMENT_3D ( 'NONE', #4767, #1762, #4029 ) ;
#682 = FACE_BOUND ( 'NONE', #2279, .T. ) ;
#683 = PLANE ( 'NONE',  #4068 ) ;
#684 = VERTEX_POINT ( 'NONE', #157 ) ;
#685 = CIRCLE ( 'NONE', #3212, 2.499999999999996891 ) ;
#686 = EDGE_CURVE ( 'NONE', #1013, #4872, #2109, .T. ) ;
#687 = DIRECTION ( 'NONE',  ( 0.000000000000000000, 0.000000000000000000, -1.000000000000000000 ) ) ;
#688 = CARTESIAN_POINT ( 'NONE',  ( -12.69999999999999751, 10.07084749364666365, 25.18106772950216765 ) ) ;
#689 = ORIENTED_EDGE ( 'NONE', *, *, #4670, .T. ) ;
#690 = CARTESIAN_POINT ( 'NONE',  ( -12.69999999999999751, 12.69999999999999929, 61.00000000000000711 ) ) ;
#691 = VERTEX_POINT ( 'NONE', #205 ) ;
#692 = AXIS2_PLACEMENT_3D ( 'NONE', #3309, #305, #2203 ) ;
#693 = AXIS2_PLACEMENT_3D ( 'NONE', #835, #786, #1555 ) ;
#694 = DIRECTION ( 'NONE',  ( 1.000000000000000000, 0.000000000000000000, 0.000000000000000000 ) ) ;
#695 = ORIENTED_EDGE ( 'NONE', *, *, #4553, .F. ) ;
#696 = DIRECTION ( 'NONE',  ( -1.000000000000000000, -0.000000000000000000, -0.000000000000000000 ) ) ;
#697 = CARTESIAN_POINT ( 'NONE',  ( 1.555301434917138038E-15, -22.22499999999999787, 27.89999999999999147 ) ) ;
#698 = CARTESIAN_POINT ( 'NONE',  ( -12.69999999999999751, -15.22687436074362388, 34.01162436304002767 ) ) ;
#699 = LINE ( 'NONE', #3292, #870 ) ;
#700 = VERTEX_POINT ( 'NONE', #1283 ) ;
#701 = CARTESIAN_POINT ( 'NONE',  ( 12.70000000000000107, -1.802455207620986100, 22.81440457572818303 ) ) ;
#702 = DIRECTION ( 'NONE',  ( 0.000000000000000000, 0.000000000000000000, 1.000000000000000000 ) ) ;
#703 = ORIENTED_EDGE ( 'NONE', *, *, #3585, .T. ) ;
#704 = DIRECTION ( 'NONE',  ( 0.000000000000000000, 0.000000000000000000, 1.000000000000000000 ) ) ;
#705 = DIRECTION ( 'NONE',  ( 0.000000000000000000, 0.000000000000000000, 1.000000000000000000 ) ) ;
#706 = ORIENTED_EDGE ( 'NONE', *, *, #1084, .T. ) ;
#707 = EDGE_CURVE ( 'NONE', #273, #1312, #4224, .T. ) ;
#708 = CARTESIAN_POINT ( 'NONE',  ( 1.555301434917138433E-15, 25.40000000000000213, 65.99999999999998579 ) ) ;
#709 = DIRECTION ( 'NONE',  ( 0.000000000000000000, 0.000000000000000000, 1.000000000000000000 ) ) ;
#710 = DIRECTION ( 'NONE',  ( 0.000000000000000000, 0.000000000000000000, 1.000000000000000000 ) ) ;
#711 = ORIENTED_EDGE ( 'NONE', *, *, #4511, .F. ) ;
#712 = CARTESIAN_POINT ( 'NONE',  ( -9.525000000000000355, 10.07084749364666365, 25.18106772950216765 ) ) ;
#713 = AXIS2_PLACEMENT_3D ( 'NONE', #2488, #1745, #4397 ) ;
#714 = AXIS2_PLACEMENT_3D ( 'NONE', #2725, #3910, #2365 ) ;
#715 = CARTESIAN_POINT ( 'NONE',  ( 1.555301434917138433E-15, 22.22500000000000142, 63.50000000000000000 ) ) ;
#716 = ORIENTED_EDGE ( 'NONE', *, *, #301, .F. ) ;
#717 = ORIENTED_EDGE ( 'NONE', *, *, #1139, .T. ) ;
#718 = CYLINDRICAL_SURFACE ( 'NONE', #920, 2.080499999999998906 ) ;
#719 = CYLINDRICAL_SURFACE ( 'NONE', #2023, 17.66250000000000497 ) ;
#720 = EDGE_CURVE ( 'NONE', #4287, #2698, #614, .T. ) ;
#721 = VECTOR ( 'NONE', #914, 1000.000000000000000 ) ;
#722 = EDGE_LOOP ( 'NONE', ( #772, #2802, #4718, #3339 ) ) ;
#723 = PERSON_AND_ORGANIZATION_ROLE ( 'classification_officer' ) ;
#724 = ORIENTED_EDGE ( 'NONE', *, *, #2199, .T. ) ;
#725 = EDGE_CURVE ( 'NONE', #2785, #777, #1546, .T. ) ;
#726 = FACE_OUTER_BOUND ( 'NONE', #3029, .T. ) ;
#727 = CARTESIAN_POINT ( 'NONE',  ( -12.69999999999999751, 3.577867169202164632E-15, 38.10000000000001563 ) ) ;
#728 = ORIENTED_EDGE ( 'NONE', *, *, #1450, .F. ) ;
#729 = DIRECTION ( 'NONE',  ( -1.000000000000000000, -0.000000000000000000, -0.000000000000000000 ) ) ;
#730 = DIRECTION ( 'NONE',  ( 1.000000000000000000, 0.000000000000000000, 0.000000000000000000 ) ) ;
#731 = VERTEX_POINT ( 'NONE', #4476 ) ;
#732 = AXIS2_PLACEMENT_3D ( 'NONE', #4160, #2269, #3766 ) ;
#733 = CIRCLE ( 'NONE', #1912, 2.499999999999992006 ) ;
#734 = DIRECTION ( 'NONE',  ( 0.000000000000000000, 0.000000000000000000, 1.000000000000000000 ) ) ;
#735 = CARTESIAN_POINT ( 'NONE',  ( 9.525000000000000355, 2.068405620284300195, 20.55903068698950520 ) ) ;
#736 = AXIS2_PLACEMENT_3D ( 'NONE', #2658, #2701, #1965 ) ;
#737 = CARTESIAN_POINT ( 'NONE',  ( 12.70000000000000107, -6.152699789198520897, 53.28107590238573010 ) ) ;
#738 = VERTEX_POINT ( 'NONE', #337 ) ;
#739 = CARTESIAN_POINT ( 'NONE',  ( 1.555301434917138433E-15, 25.40000000000000213, 65.99999999999998579 ) ) ;
#740 = CIRCLE ( 'NONE', #347, 14.30000000000000071 ) ;
#741 = LINE ( 'NONE', #4071, #4814 ) ;
#742 = CARTESIAN_POINT ( 'NONE',  ( 9.525000000000000355, -12.33648634558010748, 49.57476971111923802 ) ) ;
#743 = DIRECTION ( 'NONE',  ( -1.000000000000000000, -0.000000000000000000, -0.000000000000000000 ) ) ;
#744 = EDGE_CURVE ( 'NONE', #3143, #486, #3047, .T. ) ;
#745 = EDGE_LOOP ( 'NONE', ( #4481, #3701, #2884, #1767 ) ) ;
#746 = APPROVAL_DATE_TIME ( #1884, #3687 ) ;
#747 = EDGE_LOOP ( 'NONE', ( #1717, #1765 ) ) ;
#748 = EDGE_CURVE ( 'NONE', #3653, #4471, #4465, .T. ) ;
#749 = DIRECTION ( 'NONE',  ( -1.000000000000000000, -0.000000000000000000, -0.000000000000000000 ) ) ;
#750 = DIRECTION ( 'NONE',  ( 0.000000000000000000, 1.000000000000000000, 0.000000000000000000 ) ) ;
#751 = CARTESIAN_POINT ( 'NONE',  ( -9.525000000000002132, 0.000000000000000000, 63.50000000000000000 ) ) ;
#752 = ORIENTED_EDGE ( 'NONE', *, *, #539, .F. ) ;
#753 = AXIS2_PLACEMENT_3D ( 'NONE', #2926, #4425, #3970 ) ;
#754 = CARTESIAN_POINT ( 'NONE',  ( 9.525000000000000355, 3.577867169202164632E-15, 38.10000000000001563 ) ) ;
#755 = CARTESIAN_POINT ( 'NONE',  ( 12.70000000000000107, -10.07084749364648069, 25.18106772950202199 ) ) ;
#756 = CARTESIAN_POINT ( 'NONE',  ( -9.525000000000000355, 4.072800018551152590, 22.86895216488212412 ) ) ;
#757 = ORIENTED_EDGE ( 'NONE', *, *, #3849, .F. ) ;
#758 = DIRECTION ( 'NONE',  ( -1.000000000000000000, -0.000000000000000000, -0.000000000000000000 ) ) ;
#759 = VECTOR ( 'NONE', #2713, 1000.000000000000000 ) ;
#760 = VECTOR ( 'NONE', #3015, 1000.000000000000000 ) ;
#761 = VECTOR ( 'NONE', #696, 1000.000000000000000 ) ;
#762 = AXIS2_PLACEMENT_3D ( 'NONE', #3576, #151, #3179 ) ;
#763 = CARTESIAN_POINT ( 'NONE',  ( 7.746038523653021987E-16, 25.40000000000000213, 38.09999999999999432 ) ) ;
#764 = VERTEX_POINT ( 'NONE', #3445 ) ;
#765 = CARTESIAN_POINT ( 'NONE',  ( 0.000000000000000000, 25.40000000000000213, 12.69999999999999929 ) ) ;
#766 = AXIS2_PLACEMENT_3D ( 'NONE', #232, #1731, #3865 ) ;
#767 = DIRECTION ( 'NONE',  ( 0.000000000000000000, 0.000000000000000000, 1.000000000000000000 ) ) ;
#768 = ADVANCED_FACE ( 'NONE', ( #4497 ), #3736, .F. ) ;
#769 = VERTEX_POINT ( 'NONE', #799 ) ;
#770 = CARTESIAN_POINT ( 'NONE',  ( 12.70000000000000107, 12.33648634557998314, 47.30376971111940776 ) ) ;
#771 = APPROVAL_STATUS ( 'not_yet_approved' ) ;
#772 = ORIENTED_EDGE ( 'NONE', *, *, #4365, .F. ) ;
#773 = CARTESIAN_POINT ( 'NONE',  ( -12.69999999999999751, 12.69999999999999929, 12.69999999999999929 ) ) ;
#774 = DIRECTION ( 'NONE',  ( 1.000000000000000000, -0.000000000000000000, -0.000000000000000000 ) ) ;
#775 = ORIENTED_EDGE ( 'NONE', *, *, #4308, .F. ) ;
#776 = DIRECTION ( 'NONE',  ( 0.000000000000000000, 0.000000000000000000, 1.000000000000000000 ) ) ;
#777 = VERTEX_POINT ( 'NONE', #3418 ) ;
#778 = EDGE_CURVE ( 'NONE', #4742, #903, #2216, .T. ) ;
#779 = EDGE_CURVE ( 'NONE', #4855, #1590, #441, .T. ) ;
#780 = CARTESIAN_POINT ( 'NONE',  ( -9.525000000000000355, 4.072800018551153478, 53.33104783511791425 ) ) ;
#781 = DIRECTION ( 'NONE',  ( 0.000000000000000000, 0.000000000000000000, 1.000000000000000000 ) ) ;
#782 = DIRECTION ( 'NONE',  ( -1.000000000000000000, -0.000000000000000000, -0.000000000000000000 ) ) ;
#783 = EDGE_LOOP ( 'NONE', ( #4695, #2478, #4604, #538 ) ) ;
#784 = CARTESIAN_POINT ( 'NONE',  ( 12.70000000000000107, -14.15672222192817387, 27.53822353099798192 ) ) ;
#785 = EDGE_CURVE ( 'NONE', #3893, #3854, #1222, .T. ) ;
#786 = DIRECTION ( 'NONE',  ( -0.000000000000000000, 1.000000000000000000, -0.000000000000000000 ) ) ;
#787 = EDGE_CURVE ( 'NONE', #4498, #3809, #4212, .T. ) ;
#788 = ORIENTED_EDGE ( 'NONE', *, *, #3037, .F. ) ;
#789 = DIRECTION ( 'NONE',  ( -0.000000000000000000, 1.000000000000000000, -0.000000000000000000 ) ) ;
#790 = AXIS2_PLACEMENT_3D ( 'NONE', #3531, #2048, #3476 ) ;
#791 = EDGE_CURVE ( 'NONE', #1175, #944, #3761, .T. ) ;
#792 = ORIENTED_EDGE ( 'NONE', *, *, #4457, .F. ) ;
#793 = CARTESIAN_POINT ( 'NONE',  ( 12.70000000000000107, 16.22354728284508951, 35.83785636811239073 ) ) ;
#794 = ORIENTED_EDGE ( 'NONE', *, *, #2914, .T. ) ;
#795 = CARTESIAN_POINT ( 'NONE',  ( -12.69999999999999751, -25.39999999999999503, 76.20000000000000284 ) ) ;
#796 = VECTOR ( 'NONE', #4432, 1000.000000000000000 ) ;
#797 = CARTESIAN_POINT ( 'NONE',  ( 12.70000000000000107, -15.22687436074362388, 34.01162436304002767 ) ) ;
#798 = VERTEX_POINT ( 'NONE', #3808 ) ;
#799 = CARTESIAN_POINT ( 'NONE',  ( 7.746038523653021987E-16, -22.22499999999999787, 40.59999999999998010 ) ) ;
#800 = ORIENTED_EDGE ( 'NONE', *, *, #91, .F. ) ;
#801 = AXIS2_PLACEMENT_3D ( 'NONE', #3244, #1344, #1688 ) ;
#802 = DIRECTION ( 'NONE',  ( -0.000000000000000000, 1.000000000000000000, -0.000000000000000000 ) ) ;
#803 = LINE ( 'NONE', #408, #3798 ) ;
#804 = EDGE_LOOP ( 'NONE', ( #3287, #4867, #4626, #1032 ) ) ;
#805 = DIRECTION ( 'NONE',  ( 0.000000000000000000, 1.667602476305511223E-15, 1.000000000000000000 ) ) ;
#806 = EDGE_CURVE ( 'NONE', #2462, #4401, #1523, .T. ) ;
#807 = EDGE_CURVE ( 'NONE', #691, #851, #382, .T. ) ;
#808 = DIRECTION ( 'NONE',  ( -1.000000000000000000, -0.000000000000000000, -0.000000000000000000 ) ) ;
#809 = CIRCLE ( 'NONE', #4352, 2.499999999999988454 ) ;
#810 = AXIS2_PLACEMENT_3D ( 'NONE', #3582, #3925, #2866 ) ;
#811 = CIRCLE ( 'NONE', #3262, 17.66250000000000497 ) ;
#812 = ADVANCED_FACE ( 'NONE', ( #2284 ), #2606, .F. ) ;
#813 = EDGE_CURVE ( 'NONE', #2860, #3754, #4531, .T. ) ;
#814 = ADVANCED_FACE ( 'NONE', ( #4155 ), #3070, .T. ) ;
#815 = DIRECTION ( 'NONE',  ( 1.000000000000000000, 0.000000000000000000, 0.000000000000000000 ) ) ;
#816 = ORIENTED_EDGE ( 'NONE', *, *, #4271, .T. ) ;
#817 = CARTESIAN_POINT ( 'NONE',  ( -12.69999999999999751, -16.22354728284505399, 35.83785636811216335 ) ) ;
#818 = ORIENTED_EDGE ( 'NONE', *, *, #1618, .T. ) ;
#819 = DIRECTION ( 'NONE',  ( 0.000000000000000000, 0.000000000000000000, 1.000000000000000000 ) ) ;
#820 = APPLICATION_PROTOCOL_DEFINITION ( 'international standard', 'config_control_design', 1994, #3022 ) ;
#821 = ORIENTED_EDGE ( 'NONE', *, *, #1656, .F. ) ;
#822 = DIRECTION ( 'NONE',  ( 1.000000000000000000, 0.000000000000000000, 0.000000000000000000 ) ) ;
#823 = ORIENTED_EDGE ( 'NONE', *, *, #3563, .F. ) ;
#824 = FACE_BOUND ( 'NONE', #2631, .T. ) ;
#825 = VERTEX_POINT ( 'NONE', #3711 ) ;
#826 = CARTESIAN_POINT ( 'NONE',  ( 7.746038523653021987E-16, -22.22499999999999787, 38.09999999999999432 ) ) ;
#827 = DIRECTION ( 'NONE',  ( 0.000000000000000000, 0.000000000000000000, -1.000000000000000000 ) ) ;
#828 = ORIENTED_EDGE ( 'NONE', *, *, #686, .T. ) ;
#829 = CARTESIAN_POINT ( 'NONE',  ( 12.70000000000000107, 3.577867169202164632E-15, 38.10000000000001563 ) ) ;
#830 = DIRECTION ( 'NONE',  ( -0.000000000000000000, 1.000000000000000000, -0.000000000000000000 ) ) ;
#831 = EDGE_CURVE ( 'NONE', #4619, #2495, #3345, .T. ) ;
#832 = FACE_OUTER_BOUND ( 'NONE', #2233, .T. ) ;
#833 = CIRCLE ( 'NONE', #1545, 2.271000000000002128 ) ;
#834 = AXIS2_PLACEMENT_3D ( 'NONE', #3269, #2847, #4372 ) ;
#835 = CARTESIAN_POINT ( 'NONE',  ( 1.555301434917138433E-15, 25.40000000000000213, 63.50000000000000000 ) ) ;
#836 = EDGE_CURVE ( 'NONE', #1732, #2990, #3041, .T. ) ;
#837 = AXIS2_PLACEMENT_3D ( 'NONE', #2729, #4119, #2753 ) ;
#838 = EDGE_LOOP ( 'NONE', ( #3236, #4321 ) ) ;
#839 = AXIS2_PLACEMENT_3D ( 'NONE', #355, #333, #2666 ) ;
#840 = FACE_OUTER_BOUND ( 'NONE', #3637, .T. ) ;
#841 = EDGE_CURVE ( 'NONE', #4548, #2638, #2994, .T. ) ;
#842 = CIRCLE ( 'NONE', #2573, 2.499999999999996891 ) ;
#843 = CIRCLE ( 'NONE', #3132, 14.30000000000000071 ) ;
#844 = ORIENTED_EDGE ( 'NONE', *, *, #2714, .F. ) ;
#845 = CARTESIAN_POINT ( 'NONE',  ( 7.746038523653021987E-16, 25.40000000000000213, 38.09999999999999432 ) ) ;
#846 = EDGE_LOOP ( 'NONE', ( #3006, #591, #279, #874 ) ) ;
#847 = VECTOR ( 'NONE', #1169, 1000.000000000000000 ) ;
#848 = ORIENTED_EDGE ( 'NONE', *, *, #1480, .T. ) ;
#849 = CYLINDRICAL_SURFACE ( 'NONE', #1673, 2.080499999999998906 ) ;
#850 = CARTESIAN_POINT ( 'NONE',  ( 7.746038523653021987E-16, 25.40000000000000213, 50.79999999999999716 ) ) ;
#851 = VERTEX_POINT ( 'NONE', #88 ) ;
#852 = DIRECTION ( 'NONE',  ( 0.000000000000000000, 0.000000000000000000, 1.000000000000000000 ) ) ;
#853 = DIRECTION ( 'NONE',  ( 1.000000000000000000, -0.000000000000000000, -0.000000000000000000 ) ) ;
#854 = EDGE_LOOP ( 'NONE', ( #2175, #2424, #3730, #4036 ) ) ;
#855 = CARTESIAN_POINT ( 'NONE',  ( 1.555301434917138038E-15, 25.40000000000000213, 27.89999999999998792 ) ) ;
#856 = CARTESIAN_POINT ( 'NONE',  ( -9.525000000000002132, -12.69999999999999929, 63.50000000000000000 ) ) ;
#857 = CARTESIAN_POINT ( 'NONE',  ( 0.000000000000000000, 22.22500000000000142, 12.69999999999999929 ) ) ;
#858 = DIRECTION ( 'NONE',  ( -1.000000000000000000, -0.000000000000000000, -0.000000000000000000 ) ) ;
#859 = DIRECTION ( 'NONE',  ( -1.000000000000000000, -0.000000000000000000, -0.000000000000000000 ) ) ;
#860 = FACE_BOUND ( 'NONE', #3540, .T. ) ;
#861 = VERTEX_POINT ( 'NONE', #2745 ) ;
#862 = DIRECTION ( 'NONE',  ( 0.000000000000000000, 0.000000000000000000, 1.000000000000000000 ) ) ;
#863 = VERTEX_POINT ( 'NONE', #3541 ) ;
#864 = CARTESIAN_POINT ( 'NONE',  ( -12.69999999999999751, 16.22512784221244786, 45.07919284400875171 ) ) ;
#865 = ORIENTED_EDGE ( 'NONE', *, *, #2355, .T. ) ;
#866 = EDGE_CURVE ( 'NONE', #4128, #3151, #2061, .T. ) ;
#867 = CIRCLE ( 'NONE', #4253, 2.271000000000002128 ) ;
#868 = ADVANCED_BREP_SHAPE_REPRESENTATION ( 'REV-21-3558', ( #1010, #399 ), #2918 ) ;
#869 = ORIENTED_EDGE ( 'NONE', *, *, #1684, .T. ) ;
#870 = VECTOR ( 'NONE', #2965, 1000.000000000000000 ) ;
#871 = LINE ( 'NONE', #4587, #4031 ) ;
#872 = ORIENTED_EDGE ( 'NONE', *, *, #3977, .T. ) ;
#873 = CARTESIAN_POINT ( 'NONE',  ( 3.061616997868370815E-16, 22.22500000000000142, 10.20000000000000817 ) ) ;
#874 = ORIENTED_EDGE ( 'NONE', *, *, #4271, .F. ) ;
#875 = CYLINDRICAL_SURFACE ( 'NONE', #3120, 14.30000000000000071 ) ;
#876 = VECTOR ( 'NONE', #2839, 1000.000000000000000 ) ;
#877 = CARTESIAN_POINT ( 'NONE',  ( -9.525000000000000355, -10.07084749364648069, 25.18106772950202199 ) ) ;
#878 = VERTEX_POINT ( 'NONE', #3122 ) ;
#879 = DIRECTION ( 'NONE',  ( 0.000000000000000000, 0.000000000000000000, 1.000000000000000000 ) ) ;
#880 = CARTESIAN_POINT ( 'NONE',  ( -9.525000000000000355, 8.791741348502629450, 26.82191132943933454 ) ) ;
#881 = CARTESIAN_POINT ( 'NONE',  ( -9.525000000000000355, 3.577867169202164632E-15, 55.76250000000001705 ) ) ;
#882 = AXIS2_PLACEMENT_3D ( 'NONE', #502, #2006, #1980 ) ;
#883 = CARTESIAN_POINT ( 'NONE',  ( 12.70000000000000107, 11.15407434219260630, 26.95732780184214405 ) ) ;
#884 = DIRECTION ( 'NONE',  ( -1.000000000000000000, -0.000000000000000000, -0.000000000000000000 ) ) ;
#885 = DIRECTION ( 'NONE',  ( 0.000000000000000000, 0.000000000000000000, -1.000000000000000000 ) ) ;
#886 = ORIENTED_EDGE ( 'NONE', *, *, #4122, .F. ) ;
#887 = AXIS2_PLACEMENT_3D ( 'NONE', #206, #1733, #4344 ) ;
#888 = CARTESIAN_POINT ( 'NONE',  ( 12.70000000000000107, 3.577867169202164632E-15, 38.10000000000001563 ) ) ;
#889 = CIRCLE ( 'NONE', #3411, 2.499999999999992006 ) ;
#890 = CARTESIAN_POINT ( 'NONE',  ( 7.746038523653021987E-16, 22.22500000000000142, 53.29999999999998295 ) ) ;
#891 = ORIENTED_EDGE ( 'NONE', *, *, #4821, .F. ) ;
#892 = VECTOR ( 'NONE', #2459, 1000.000000000000000 ) ;
#893 = VERTEX_POINT ( 'NONE', #143 ) ;
#894 = ADVANCED_FACE ( 'NONE', ( #3880 ), #2406, .T. ) ;
#895 = CARTESIAN_POINT ( 'NONE',  ( -12.69999999999999751, 12.69999999999999929, 15.19999999999999218 ) ) ;
#896 = ORIENTED_EDGE ( 'NONE', *, *, #1113, .F. ) ;
#897 = EDGE_CURVE ( 'NONE', #3606, #1401, #2770, .T. ) ;
#898 = DIRECTION ( 'NONE',  ( -1.000000000000000000, -0.000000000000000000, -0.000000000000000000 ) ) ;
#899 = VERTEX_POINT ( 'NONE', #3097 ) ;
#900 = DIRECTION ( 'NONE',  ( 0.000000000000000000, 0.000000000000000000, 1.000000000000000000 ) ) ;
#901 = DIRECTION ( 'NONE',  ( -1.000000000000000000, -0.000000000000000000, -0.000000000000000000 ) ) ;
#902 = DIRECTION ( 'NONE',  ( -1.000000000000000000, -0.000000000000000000, -0.000000000000000000 ) ) ;
#903 = VERTEX_POINT ( 'NONE', #2037 ) ;
#904 = LINE ( 'NONE', #45, #4176 ) ;
#905 = CARTESIAN_POINT ( 'NONE',  ( 7.746038523653021987E-16, 25.40000000000000213, 50.79999999999999716 ) ) ;
#906 = ORIENTED_EDGE ( 'NONE', *, *, #3229, .F. ) ;
#907 = CARTESIAN_POINT ( 'NONE',  ( 12.70000000000000107, 12.69999999999999929, 12.69999999999999929 ) ) ;
#908 = FACE_OUTER_BOUND ( 'NONE', #4467, .T. ) ;
#909 = LINE ( 'NONE', #4686, #2349 ) ;
#910 = EDGE_LOOP ( 'NONE', ( #2300, #4727, #3904, #4477 ) ) ;
#911 = CIRCLE ( 'NONE', #1233, 2.271000000000002128 ) ;
#912 = DIRECTION ( 'NONE',  ( 0.000000000000000000, 0.000000000000000000, -1.000000000000000000 ) ) ;
#913 = CIRCLE ( 'NONE', #3281, 17.66250000000000142 ) ;
#914 = DIRECTION ( 'NONE',  ( -1.000000000000000000, -0.000000000000000000, -0.000000000000000000 ) ) ;
#915 = ORIENTED_EDGE ( 'NONE', *, *, #4105, .T. ) ;
#916 = ORIENTED_EDGE ( 'NONE', *, *, #31, .F. ) ;
#917 = VECTOR ( 'NONE', #1489, 1000.000000000000000 ) ;
#918 = ADVANCED_FACE ( 'NONE', ( #1642 ), #4197, .F. ) ;
#919 = DIRECTION ( 'NONE',  ( 0.000000000000000000, 0.000000000000000000, -1.000000000000000000 ) ) ;
#920 = AXIS2_PLACEMENT_3D ( 'NONE', #4486, #3677, #2567 ) ;
#921 = ORIENTED_EDGE ( 'NONE', *, *, #4419, .F. ) ;
#922 = DIRECTION ( 'NONE',  ( -1.000000000000000000, 0.000000000000000000, 0.000000000000000000 ) ) ;
#923 = ADVANCED_FACE ( 'NONE', ( #4589 ), #531, .F. ) ;
#924 = EDGE_LOOP ( 'NONE', ( #2828, #3189, #1302, #3190, #757, #752, #3204, #821, #1581, #2964, #823, #2903, #2489, #4633, #728, #2377, #2765, #3836, #4011, #1869, #12, #156, #1976, #4292, #2250, #1454, #3410, #4026, #195, #3914, #4521, #3741, #1385, #4654, #2832, #3627, #556, #3258, #198, #1118, #2407 ) ) ;
#925 = CIRCLE ( 'NONE', #2190, 14.30000000000000071 ) ;
#926 = CARTESIAN_POINT ( 'NONE',  ( 12.70000000000000107, 3.577867169202164632E-15, 38.10000000000001563 ) ) ;
#927 = CARTESIAN_POINT ( 'NONE',  ( -12.69999999999999751, -12.69999999999999929, 65.99999999999998579 ) ) ;
#928 = VERTEX_POINT ( 'NONE', #1213 ) ;
#929 = CARTESIAN_POINT ( 'NONE',  ( -12.69999999999999751, -5.371240620587821368, 51.35291568658563932 ) ) ;
#930 = EDGE_LOOP ( 'NONE', ( #1614, #2710, #663, #1015 ) ) ;
#931 = ADVANCED_FACE ( 'NONE', ( #458 ), #4673, .F. ) ;
#932 = ADVANCED_FACE ( 'NONE', ( #3931 ), #3146, .F. ) ;
#933 = CYLINDRICAL_SURFACE ( 'NONE', #3610, 2.270999999999995467 ) ;
#934 = DIRECTION ( 'NONE',  ( -1.000000000000000000, -0.000000000000000000, -0.000000000000000000 ) ) ;
#935 = CYLINDRICAL_SURFACE ( 'NONE', #3532, 2.499999999999992006 ) ;
#936 = ORIENTED_EDGE ( 'NONE', *, *, #2206, .F. ) ;
#937 = ORIENTED_EDGE ( 'NONE', *, *, #4535, .F. ) ;
#938 = ADVANCED_FACE ( 'NONE', ( #824, #4644, #2359, #1294, #3853, #4298, #550, #4244 ), #3465, .T. ) ;
#939 = CYLINDRICAL_SURFACE ( 'NONE', #227, 2.271000000000002128 ) ;
#940 = DIRECTION ( 'NONE',  ( -1.000000000000000000, -0.000000000000000000, -0.000000000000000000 ) ) ;
#941 = ORIENTED_EDGE ( 'NONE', *, *, #3743, .T. ) ;
#942 = ORIENTED_EDGE ( 'NONE', *, *, #3619, .T. ) ;
#943 = DIRECTION ( 'NONE',  ( 0.000000000000000000, 0.000000000000000000, -1.000000000000000000 ) ) ;
#944 = VERTEX_POINT ( 'NONE', #1615 ) ;
#945 = CARTESIAN_POINT ( 'NONE',  ( 1.555301434917138433E-15, 22.22500000000000142, 63.50000000000000000 ) ) ;
#946 = ORIENTED_EDGE ( 'NONE', *, *, #2519, .T. ) ;
#947 = CIRCLE ( 'NONE', #3387, 2.500000000000002220 ) ;
#948 = CARTESIAN_POINT ( 'NONE',  ( 12.70000000000000107, 4.072800018551152590, 22.86895216488212412 ) ) ;
#949 = CARTESIAN_POINT ( 'NONE',  ( -12.69999999999999751, -11.15407434219244465, 26.95732780184198774 ) ) ;
#950 = ORIENTED_EDGE ( 'NONE', *, *, #2323, .T. ) ;
#951 = DIRECTION ( 'NONE',  ( -0.000000000000000000, -0.000000000000000000, -1.000000000000000000 ) ) ;
#952 = DIRECTION ( 'NONE',  ( 0.000000000000000000, 0.000000000000000000, 1.000000000000000000 ) ) ;
#953 = VECTOR ( 'NONE', #4594, 1000.000000000000000 ) ;
#954 = ORIENTED_EDGE ( 'NONE', *, *, #658, .F. ) ;
#955 = CIRCLE ( 'NONE', #4028, 2.080499999999998906 ) ;
#956 = LINE ( 'NONE', #2368, #1004 ) ;
#957 = EDGE_CURVE ( 'NONE', #4348, #1636, #3355, .T. ) ;
#958 = CARTESIAN_POINT ( 'NONE',  ( -12.69999999999999751, 3.577867169202164632E-15, 38.10000000000001563 ) ) ;
#959 = EDGE_LOOP ( 'NONE', ( #3435, #1098, #2346, #3555 ) ) ;
#960 = FACE_OUTER_BOUND ( 'NONE', #1954, .T. ) ;
#961 = VERTEX_POINT ( 'NONE', #873 ) ;
#962 = ORIENTED_EDGE ( 'NONE', *, *, #2018, .F. ) ;
#963 = EDGE_CURVE ( 'NONE', #4241, #1801, #1693, .T. ) ;
#964 = DIRECTION ( 'NONE',  ( 0.000000000000000000, 0.000000000000000000, 1.000000000000000000 ) ) ;
#965 = ADVANCED_FACE ( 'NONE', ( #116 ), #504, .F. ) ;
#966 = ADVANCED_FACE ( 'NONE', ( #3593 ), #2897, .F. ) ;
#967 = CIRCLE ( 'NONE', #4660, 2.080499999999998906 ) ;
#968 = FACE_OUTER_BOUND ( 'NONE', #218, .T. ) ;
#969 = ORIENTED_EDGE ( 'NONE', *, *, #4738, .T. ) ;
#970 = CARTESIAN_POINT ( 'NONE',  ( -12.69999999999999751, 12.33648634558017676, 28.89623028888087930 ) ) ;
#971 = AXIS2_PLACEMENT_3D ( 'NONE', #793, #1974, #3481 ) ;
#972 = AXIS2_PLACEMENT_3D ( 'NONE', #4807, #1426, #253 ) ;
#973 = CARTESIAN_POINT ( 'NONE',  ( 9.525000000000000355, -15.22687436074362388, 34.01162436304002767 ) ) ;
#974 = AXIS2_PLACEMENT_3D ( 'NONE', #287, #2921, #1786 ) ;
#975 = ORIENTED_EDGE ( 'NONE', *, *, #3284, .T. ) ;
#976 = EDGE_CURVE ( 'NONE', #1747, #691, #2497, .T. ) ;
#977 = LINE ( 'NONE', #3314, #3440 ) ;
#978 = ORIENTED_EDGE ( 'NONE', *, *, #3851, .F. ) ;
#979 = CARTESIAN_POINT ( 'NONE',  ( -12.69999999999999751, 12.69999999999999929, 61.00000000000000711 ) ) ;
#980 = DIRECTION ( 'NONE',  ( -0.000000000000000000, 1.000000000000000000, -0.000000000000000000 ) ) ;
#981 = ORIENTED_EDGE ( 'NONE', *, *, #707, .T. ) ;
#982 = DIRECTION ( 'NONE',  ( -1.000000000000000000, -0.000000000000000000, -0.000000000000000000 ) ) ;
#983 = ORIENTED_EDGE ( 'NONE', *, *, #2913, .T. ) ;
#984 = FACE_OUTER_BOUND ( 'NONE', #2126, .T. ) ;
#985 = CARTESIAN_POINT ( 'NONE',  ( 9.525000000000000355, 3.577867169202164632E-15, 55.76250000000001705 ) ) ;
#986 = ORIENTED_EDGE ( 'NONE', *, *, #1257, .F. ) ;
#987 = DIRECTION ( 'NONE',  ( 0.000000000000000000, 0.000000000000000000, -1.000000000000000000 ) ) ;
#988 = ORIENTED_EDGE ( 'NONE', *, *, #2914, .F. ) ;
#989 = EDGE_CURVE ( 'NONE', #2493, #3693, #1627, .T. ) ;
#990 = DIRECTION ( 'NONE',  ( -1.000000000000000000, -0.000000000000000000, -0.000000000000000000 ) ) ;
#991 = CIRCLE ( 'NONE', #3666, 2.499999999999988454 ) ;
#992 = ADVANCED_FACE ( 'NONE', ( #3620 ), #3246, .T. ) ;
#993 = EDGE_LOOP ( 'NONE', ( #4240, #4392, #4539, #109 ) ) ;
#994 = FACE_OUTER_BOUND ( 'NONE', #473, .T. ) ;
#995 = AXIS2_PLACEMENT_3D ( 'NONE', #4276, #901, #3568 ) ;
#996 = AXIS2_PLACEMENT_3D ( 'NONE', #2670, #40, #776 ) ;
#997 = ORIENTED_EDGE ( 'NONE', *, *, #3793, .F. ) ;
#998 = CIRCLE ( 'NONE', #2334, 2.080499999999998906 ) ;
#999 = AXIS2_PLACEMENT_3D ( 'NONE', #1499, #3349, #4084 ) ;
#1000 = DIRECTION ( 'NONE',  ( 0.000000000000000000, 0.000000000000000000, 1.000000000000000000 ) ) ;
#1001 = VERTEX_POINT ( 'NONE', #2112 ) ;
#1002 = CIRCLE ( 'NONE', #2028, 2.080499999999998906 ) ;
#1003 = DIRECTION ( 'NONE',  ( 1.000000000000000000, -0.000000000000000000, -0.000000000000000000 ) ) ;
#1004 = VECTOR ( 'NONE', #3551, 1000.000000000000000 ) ;
#1005 = CARTESIAN_POINT ( 'NONE',  ( -12.69999999999999751, 2.068405620284298418, 55.64096931301052251 ) ) ;
#1006 = EDGE_CURVE ( 'NONE', #3340, #670, #3639, .T. ) ;
#1007 = ORIENTED_EDGE ( 'NONE', *, *, #1355, .F. ) ;
#1008 = CARTESIAN_POINT ( 'NONE',  ( 12.70000000000000107, -11.15407434219252103, 49.24267219815796182 ) ) ;
#1009 = ORIENTED_EDGE ( 'NONE', *, *, #356, .F. ) ;
#1010 = MANIFOLD_SOLID_BREP ( 'Ø5.0mm Dowel Hole2', #3602 ) ;
#1011 = DIRECTION ( 'NONE',  ( 0.000000000000000000, 0.000000000000000000, 1.000000000000000000 ) ) ;
#1012 = CARTESIAN_POINT ( 'NONE',  ( 12.70000000000000107, -15.22687436074362388, 34.01162436304002767 ) ) ;
#1013 = VERTEX_POINT ( 'NONE', #4723 ) ;
#1014 = CARTESIAN_POINT ( 'NONE',  ( 9.525000000000000355, 12.69999999999999929, 61.00000000000000711 ) ) ;
#1015 = ORIENTED_EDGE ( 'NONE', *, *, #1073, .T. ) ;
#1016 = CARTESIAN_POINT ( 'NONE',  ( 9.525000000000000355, 3.577867169202164632E-15, 38.10000000000001563 ) ) ;
#1017 = VERTEX_POINT ( 'NONE', #2871 ) ;
#1018 = DIRECTION ( 'NONE',  ( -1.000000000000000000, 0.000000000000000000, 0.000000000000000000 ) ) ;
#1019 = EDGE_CURVE ( 'NONE', #1761, #432, #262, .T. ) ;
#1020 = EDGE_CURVE ( 'NONE', #401, #4774, #2804, .T. ) ;
#1021 = EDGE_LOOP ( 'NONE', ( #1825, #4396, #1056, #1861 ) ) ;
#1022 = DIRECTION ( 'NONE',  ( -1.000000000000000000, -0.000000000000000000, -0.000000000000000000 ) ) ;
#1023 = ADVANCED_FACE ( 'NONE', ( #2524 ), #4350, .F. ) ;
#1024 = DIRECTION ( 'NONE',  ( 0.000000000000000000, 1.000000000000000000, 0.000000000000000000 ) ) ;
#1025 = DIRECTION ( 'NONE',  ( -1.000000000000000000, -0.000000000000000000, -0.000000000000000000 ) ) ;
#1026 = ORIENTED_EDGE ( 'NONE', *, *, #1172, .F. ) ;
#1027 = DIRECTION ( 'NONE',  ( 0.000000000000000000, 0.000000000000000000, -1.000000000000000000 ) ) ;
#1028 = CIRCLE ( 'NONE', #1659, 2.271000000000002128 ) ;
#1029 = ORIENTED_EDGE ( 'NONE', *, *, #2379, .F. ) ;
#1030 = LINE ( 'NONE', #1358, #2490 ) ;
#1031 = CYLINDRICAL_SURFACE ( 'NONE', #4423, 2.080499999999998906 ) ;
#1032 = ORIENTED_EDGE ( 'NONE', *, *, #2920, .T. ) ;
#1033 = DIRECTION ( 'NONE',  ( 0.000000000000000000, 0.000000000000000000, -1.000000000000000000 ) ) ;
#1034 = ORIENTED_EDGE ( 'NONE', *, *, #897, .T. ) ;
#1035 = DIRECTION ( 'NONE',  ( 0.000000000000000000, -1.000000000000000000, 0.000000000000000000 ) ) ;
#1036 = ORIENTED_EDGE ( 'NONE', *, *, #2053, .F. ) ;
#1037 = LINE ( 'NONE', #2228, #1712 ) ;
#1038 = CARTESIAN_POINT ( 'NONE',  ( 12.70000000000000107, -12.33648634558004353, 28.89623028888070877 ) ) ;
#1039 = AXIS2_PLACEMENT_3D ( 'NONE', #4616, #3539, #3511 ) ;
#1040 = DIRECTION ( 'NONE',  ( 0.000000000000000000, 0.000000000000000000, 1.000000000000000000 ) ) ;
#1041 = ORIENTED_EDGE ( 'NONE', *, *, #806, .F. ) ;
#1042 = AXIS2_PLACEMENT_3D ( 'NONE', #1594, #2411, #3908 ) ;
#1043 = EDGE_CURVE ( 'NONE', #2462, #136, #3121, .T. ) ;
#1044 = DIRECTION ( 'NONE',  ( -1.000000000000000000, 0.000000000000000000, 0.000000000000000000 ) ) ;
#1045 = CIRCLE ( 'NONE', #810, 2.271000000000002128 ) ;
#1046 = CIRCLE ( 'NONE', #974, 2.499999999999988454 ) ;
#1047 = FACE_OUTER_BOUND ( 'NONE', #1291, .T. ) ;
#1048 = CARTESIAN_POINT ( 'NONE',  ( 12.70000000000000107, 10.07084749364666365, 27.26156772950216833 ) ) ;
#1049 = ORIENTED_EDGE ( 'NONE', *, *, #3406, .T. ) ;
#1050 = DIRECTION ( 'NONE',  ( -1.000000000000000000, 0.000000000000000000, -0.000000000000000000 ) ) ;
#1051 = VECTOR ( 'NONE', #2088, 1000.000000000000000 ) ;
#1052 = DIRECTION ( 'NONE',  ( -1.000000000000000000, -0.000000000000000000, -0.000000000000000000 ) ) ;
#1053 = EDGE_LOOP ( 'NONE', ( #4453, #4317, #2468, #2980 ) ) ;
#1054 = DIRECTION ( 'NONE',  ( -1.000000000000000000, -0.000000000000000000, -0.000000000000000000 ) ) ;
#1055 = CARTESIAN_POINT ( 'NONE',  ( 12.70000000000000107, 3.577867169202164632E-15, 55.76250000000001705 ) ) ;
#1056 = ORIENTED_EDGE ( 'NONE', *, *, #4157, .T. ) ;
#1057 = CARTESIAN_POINT ( 'NONE',  ( 1.080765552152139773E-15, 22.22500000000000142, 48.30000000000001137 ) ) ;
#1058 = ORIENTED_EDGE ( 'NONE', *, *, #1955, .F. ) ;
#1059 = CIRCLE ( 'NONE', #3421, 2.271000000000002128 ) ;
#1060 = DIRECTION ( 'NONE',  ( 0.000000000000000000, 1.667602476305511223E-15, -1.000000000000000000 ) ) ;
#1061 = ORIENTED_EDGE ( 'NONE', *, *, #4129, .T. ) ;
#1062 = DIRECTION ( 'NONE',  ( -1.000000000000000000, -0.000000000000000000, -0.000000000000000000 ) ) ;
#1063 = CARTESIAN_POINT ( 'NONE',  ( -12.69999999999999751, 3.061616997868373773E-16, 61.00000000000000711 ) ) ;
#1064 = DIRECTION ( 'NONE',  ( -1.000000000000000000, -0.000000000000000000, -0.000000000000000000 ) ) ;
#1065 = FACE_OUTER_BOUND ( 'NONE', #3897, .T. ) ;
#1066 = EDGE_LOOP ( 'NONE', ( #1683, #3378, #1710, #2935 ) ) ;
#1067 = CARTESIAN_POINT ( 'NONE',  ( 12.70000000000000107, 14.15672222192832841, 27.53822353099818443 ) ) ;
#1068 = EDGE_CURVE ( 'NONE', #738, #4817, #977, .T. ) ;
#1069 = CARTESIAN_POINT ( 'NONE',  ( -12.69999999999999751, -14.13894155320104851, 32.01817428684736200 ) ) ;
#1070 = FACE_OUTER_BOUND ( 'NONE', #182, .T. ) ;
#1071 = AXIS2_PLACEMENT_3D ( 'NONE', #1913, #2974, #2652 ) ;
#1072 = DIRECTION ( 'NONE',  ( 0.000000000000000000, 0.000000000000000000, 1.000000000000000000 ) ) ;
#1073 = EDGE_CURVE ( 'NONE', #4642, #315, #2183, .T. ) ;
#1074 = DIRECTION ( 'NONE',  ( -1.000000000000000000, -0.000000000000000000, -0.000000000000000000 ) ) ;
#1075 = ORIENTED_EDGE ( 'NONE', *, *, #4573, .F. ) ;
#1076 = AXIS2_PLACEMENT_3D ( 'NONE', #3438, #4439, #2575 ) ;
#1077 = LINE ( 'NONE', #1872, #4856 ) ;
#1078 = FACE_OUTER_BOUND ( 'NONE', #1917, .T. ) ;
#1079 = DIRECTION ( 'NONE',  ( 0.000000000000000000, 0.000000000000000000, -1.000000000000000000 ) ) ;
#1080 = ORIENTED_EDGE ( 'NONE', *, *, #1154, .T. ) ;
#1081 = DIRECTION ( 'NONE',  ( -1.000000000000000000, -0.000000000000000000, -0.000000000000000000 ) ) ;
#1082 = VECTOR ( 'NONE', #3321, 1000.000000000000000 ) ;
#1083 = ADVANCED_FACE ( 'NONE', ( #4008 ), #4414, .F. ) ;
#1084 = EDGE_CURVE ( 'NONE', #1095, #3664, #239, .T. ) ;
#1085 = DIRECTION ( 'NONE',  ( -1.000000000000000000, -0.000000000000000000, -0.000000000000000000 ) ) ;
#1086 = VERTEX_POINT ( 'NONE', #1393 ) ;
#1087 = LINE ( 'NONE', #2595, #220 ) ;
#1088 = CARTESIAN_POINT ( 'NONE',  ( 9.525000000000000355, 12.33648634557998314, 47.30376971111940776 ) ) ;
#1089 = DIRECTION ( 'NONE',  ( -0.000000000000000000, 1.000000000000000000, -0.000000000000000000 ) ) ;
#1090 = ORIENTED_EDGE ( 'NONE', *, *, #4032, .F. ) ;
#1091 = DIRECTION ( 'NONE',  ( -1.000000000000000000, -0.000000000000000000, -0.000000000000000000 ) ) ;
#1092 = ORIENTED_EDGE ( 'NONE', *, *, #3585, .F. ) ;
#1093 = DIRECTION ( 'NONE',  ( -1.000000000000000000, -0.000000000000000000, -0.000000000000000000 ) ) ;
#1094 = LINE ( 'NONE', #797, #569 ) ;
#1095 = VERTEX_POINT ( 'NONE', #2158 ) ;
#1096 = DIRECTION ( 'NONE',  ( 1.000000000000000000, 0.000000000000000000, 0.000000000000000000 ) ) ;
#1097 = DIRECTION ( 'NONE',  ( 0.000000000000000000, 0.000000000000000000, 1.000000000000000000 ) ) ;
#1098 = ORIENTED_EDGE ( 'NONE', *, *, #4820, .F. ) ;
#1099 = DIRECTION ( 'NONE',  ( -0.000000000000000000, 1.000000000000000000, -0.000000000000000000 ) ) ;
#1100 = CARTESIAN_POINT ( 'NONE',  ( -12.69999999999999751, 3.577867169202164632E-15, 38.10000000000001563 ) ) ;
#1101 = APPLICATION_CONTEXT ( 'configuration controlled 3d designs of mechanical parts and assemblies' ) ;
#1102 = CARTESIAN_POINT ( 'NONE',  ( -12.69999999999999751, 12.69999999999999929, 12.69999999999999929 ) ) ;
#1103 = ORIENTED_EDGE ( 'NONE', *, *, #1894, .F. ) ;
#1104 = FACE_OUTER_BOUND ( 'NONE', #722, .T. ) ;
#1105 = VECTOR ( 'NONE', #2215, 1000.000000000000000 ) ;
#1106 = ADVANCED_FACE ( 'NONE', ( #3660 ), #4819, .T. ) ;
#1107 = VECTOR ( 'NONE', #934, 1000.000000000000000 ) ;
#1108 = DIRECTION ( 'NONE',  ( -1.000000000000000000, -0.000000000000000000, -0.000000000000000000 ) ) ;
#1109 = EDGE_CURVE ( 'NONE', #4802, #3397, #310, .T. ) ;
#1110 = ORIENTED_EDGE ( 'NONE', *, *, #3979, .T. ) ;
#1111 = CARTESIAN_POINT ( 'NONE',  ( 9.525000000000000355, 14.15672222192832841, 27.53822353099818443 ) ) ;
#1112 = FACE_OUTER_BOUND ( 'NONE', #993, .T. ) ;
#1113 = EDGE_CURVE ( 'NONE', #639, #1621, #3282, .T. ) ;
#1114 = DIRECTION ( 'NONE',  ( 0.000000000000000000, 0.000000000000000000, -1.000000000000000000 ) ) ;
#1115 = CIRCLE ( 'NONE', #3319, 17.66250000000000497 ) ;
#1116 = ORIENTED_EDGE ( 'NONE', *, *, #1541, .F. ) ;
#1117 = APPROVAL_ROLE ( '' ) ;
#1118 = ORIENTED_EDGE ( 'NONE', *, *, #4248, .F. ) ;
#1119 = CARTESIAN_POINT ( 'NONE',  ( 1.080765552152139773E-15, -22.22499999999999787, 48.30000000000001137 ) ) ;
#1120 = DIRECTION ( 'NONE',  ( -0.000000000000000000, 1.000000000000000000, -0.000000000000000000 ) ) ;
#1121 = EDGE_CURVE ( 'NONE', #3871, #1095, #37, .T. ) ;
#1122 = CARTESIAN_POINT ( 'NONE',  ( 12.70000000000000107, 1.802455207620993427, 22.81440457572818303 ) ) ;
#1123 = ORIENTED_EDGE ( 'NONE', *, *, #223, .T. ) ;
#1124 = VECTOR ( 'NONE', #2749, 1000.000000000000000 ) ;
#1125 = FACE_OUTER_BOUND ( 'NONE', #3969, .T. ) ;
#1126 = DIRECTION ( 'NONE',  ( -1.000000000000000000, -0.000000000000000000, -0.000000000000000000 ) ) ;
#1127 = CIRCLE ( 'NONE', #4753, 2.271000000000002128 ) ;
#1128 = DIRECTION ( 'NONE',  ( -1.000000000000000000, -0.000000000000000000, -0.000000000000000000 ) ) ;
#1129 = VERTEX_POINT ( 'NONE', #2237 ) ;
#1130 = CARTESIAN_POINT ( 'NONE',  ( -9.525000000000002132, 0.000000000000000000, 63.50000000000000000 ) ) ;
#1131 = VECTOR ( 'NONE', #4394, 1000.000000000000000 ) ;
#1132 = ADVANCED_FACE ( 'NONE', ( #2210 ), #398, .F. ) ;
#1133 = CARTESIAN_POINT ( 'NONE',  ( 9.525000000000000355, -10.07084749364648069, 27.26156772950202267 ) ) ;
#1134 = ORIENTED_EDGE ( 'NONE', *, *, #1224, .T. ) ;
#1135 = CYLINDRICAL_SURFACE ( 'NONE', #1942, 2.499999999999992006 ) ;
#1136 = ORIENTED_EDGE ( 'NONE', *, *, #1982, .T. ) ;
#1137 = ORIENTED_EDGE ( 'NONE', *, *, #3371, .T. ) ;
#1138 = FACE_OUTER_BOUND ( 'NONE', #2762, .T. ) ;
#1139 = EDGE_CURVE ( 'NONE', #878, #3164, #526, .T. ) ;
#1140 = CARTESIAN_POINT ( 'NONE',  ( 3.061616997868369829E-16, 25.40000000000000213, 10.20000000000001172 ) ) ;
#1141 = ADVANCED_FACE ( 'NONE', ( #1138 ), #1465, .F. ) ;
#1142 = ORIENTED_EDGE ( 'NONE', *, *, #4208, .T. ) ;
#1143 = CARTESIAN_POINT ( 'NONE',  ( -12.69999999999999751, 12.69999999999999929, 63.50000000000000000 ) ) ;
#1144 = ORIENTED_EDGE ( 'NONE', *, *, #2108, .T. ) ;
#1145 = AXIS2_PLACEMENT_3D ( 'NONE', #1548, #534, #4302 ) ;
#1146 = ADVANCED_FACE ( 'NONE', ( #1908 ), #4149, .F. ) ;
#1147 = DIRECTION ( 'NONE',  ( -0.000000000000000000, 1.000000000000000000, -0.000000000000000000 ) ) ;
#1148 = AXIS2_PLACEMENT_3D ( 'NONE', #4563, #2693, #705 ) ;
#1149 = CYLINDRICAL_SURFACE ( 'NONE', #3520, 2.499999999999992006 ) ;
#1150 = DIRECTION ( 'NONE',  ( 1.000000000000000000, -0.000000000000000000, -0.000000000000000000 ) ) ;
#1151 = ORIENTED_EDGE ( 'NONE', *, *, #3057, .F. ) ;
#1152 = DIRECTION ( 'NONE',  ( 0.000000000000000000, 0.000000000000000000, 1.000000000000000000 ) ) ;
#1153 = AXIS2_PLACEMENT_3D ( 'NONE', #773, #4078, #2991 ) ;
#1154 = EDGE_CURVE ( 'NONE', #3196, #2785, #139, .T. ) ;
#1155 = AXIS2_PLACEMENT_3D ( 'NONE', #4599, #2070, #1603 ) ;
#1156 = DIRECTION ( 'NONE',  ( 0.000000000000000000, 0.000000000000000000, 1.000000000000000000 ) ) ;
#1157 = ORIENTED_EDGE ( 'NONE', *, *, #3230, .F. ) ;
#1158 = DIRECTION ( 'NONE',  ( 0.000000000000000000, 0.000000000000000000, 1.000000000000000000 ) ) ;
#1159 = VECTOR ( 'NONE', #1361, 1000.000000000000000 ) ;
#1160 = EDGE_LOOP ( 'NONE', ( #2819, #2417 ) ) ;
#1161 = CARTESIAN_POINT ( 'NONE',  ( -9.525000000000000355, -10.07084749364648069, 27.26156772950202267 ) ) ;
#1162 = COORDINATED_UNIVERSAL_TIME_OFFSET ( 6, 0, .BEHIND. ) ;
#1163 = ORIENTED_EDGE ( 'NONE', *, *, #2321, .T. ) ;
#1164 = DIRECTION ( 'NONE',  ( 0.000000000000000000, 0.000000000000000000, 1.000000000000000000 ) ) ;
#1165 = EDGE_CURVE ( 'NONE', #1727, #4811, #1494, .T. ) ;
#1166 = ADVANCED_FACE ( 'NONE', ( #726 ), #3366, .F. ) ;
#1167 = CARTESIAN_POINT ( 'NONE',  ( 12.70000000000000107, 1.802455207620993427, 22.81440457572818303 ) ) ;
#1168 = ORIENTED_EDGE ( 'NONE', *, *, #2672, .T. ) ;
#1169 = DIRECTION ( 'NONE',  ( -1.000000000000000000, -0.000000000000000000, -0.000000000000000000 ) ) ;
#1170 = ORIENTED_EDGE ( 'NONE', *, *, #2539, .F. ) ;
#1171 = EDGE_CURVE ( 'NONE', #1761, #4755, #2810, .T. ) ;
#1172 = EDGE_CURVE ( 'NONE', #2785, #543, #3360, .T. ) ;
#1173 = CARTESIAN_POINT ( 'NONE',  ( 1.555301434917138433E-15, 25.40000000000000213, 65.99999999999998579 ) ) ;
#1174 = CARTESIAN_POINT ( 'NONE',  ( 9.525000000000000355, -16.22354728284505399, 35.83785636811216335 ) ) ;
#1175 = VERTEX_POINT ( 'NONE', #4170 ) ;
#1176 = DIRECTION ( 'NONE',  ( -1.000000000000000000, -0.000000000000000000, -0.000000000000000000 ) ) ;
#1177 = CYLINDRICAL_SURFACE ( 'NONE', #3489, 2.080499999999998906 ) ;
#1178 = CYLINDRICAL_SURFACE ( 'NONE', #1558, 2.499999999999988454 ) ;
#1179 = ORIENTED_EDGE ( 'NONE', *, *, #1006, .T. ) ;
#1180 = DIRECTION ( 'NONE',  ( -1.000000000000000000, -0.000000000000000000, -0.000000000000000000 ) ) ;
#1181 = VECTOR ( 'NONE', #3918, 1000.000000000000000 ) ;
#1182 = ORIENTED_EDGE ( 'NONE', *, *, #1768, .F. ) ;
#1183 = DIRECTION ( 'NONE',  ( 0.000000000000000000, 0.000000000000000000, -1.000000000000000000 ) ) ;
#1184 = PERSON_AND_ORGANIZATION ( #2165, #3243 ) ;
#1185 = CIRCLE ( 'NONE', #1262, 17.66250000000000497 ) ;
#1186 = EDGE_LOOP ( 'NONE', ( #969, #1041, #954, #2013 ) ) ;
#1187 = CARTESIAN_POINT ( 'NONE',  ( 12.70000000000000107, -14.15672222192817387, 27.53822353099798192 ) ) ;
#1188 = AXIS2_PLACEMENT_3D ( 'NONE', #2888, #1035, #4866 ) ;
#1189 = FACE_OUTER_BOUND ( 'NONE', #910, .T. ) ;
#1190 = ADVANCED_FACE ( 'NONE', ( #2646 ), #1439, .F. ) ;
#1191 = ORIENTED_EDGE ( 'NONE', *, *, #2943, .T. ) ;
#1192 = DIRECTION ( 'NONE',  ( -1.000000000000000000, -0.000000000000000000, -0.000000000000000000 ) ) ;
#1193 = EDGE_LOOP ( 'NONE', ( #335, #2197, #3455, #1182 ) ) ;
#1194 = CARTESIAN_POINT ( 'NONE',  ( 9.525000000000000355, 22.22500000000000142, 0.000000000000000000 ) ) ;
#1195 = DIRECTION ( 'NONE',  ( 0.000000000000000000, 0.000000000000000000, 1.000000000000000000 ) ) ;
#1196 = ORIENTED_EDGE ( 'NONE', *, *, #2983, .T. ) ;
#1197 = CARTESIAN_POINT ( 'NONE',  ( 9.525000000000000355, -12.69999999999999929, 65.99999999999998579 ) ) ;
#1198 = CARTESIAN_POINT ( 'NONE',  ( 12.70000000000000107, 3.577867169202164632E-15, 38.10000000000001563 ) ) ;
#1199 = AXIS2_PLACEMENT_3D ( 'NONE', #4061, #3277, #618 ) ;
#1200 = DIRECTION ( 'NONE',  ( -0.000000000000000000, 1.000000000000000000, -0.000000000000000000 ) ) ;
#1201 = VECTOR ( 'NONE', #4053, 1000.000000000000000 ) ;
#1202 = AXIS2_PLACEMENT_3D ( 'NONE', #1130, #4572, #3425 ) ;
#1203 = DIRECTION ( 'NONE',  ( -1.000000000000000000, -0.000000000000000000, -0.000000000000000000 ) ) ;
#1204 = VERTEX_POINT ( 'NONE', #3412 ) ;
#1205 = CARTESIAN_POINT ( 'NONE',  ( 7.746038523653021987E-16, -25.39999999999999503, 50.79999999999999716 ) ) ;
#1206 = ORIENTED_EDGE ( 'NONE', *, *, #1165, .T. ) ;
#1207 = DIRECTION ( 'NONE',  ( 0.000000000000000000, 0.000000000000000000, 1.000000000000000000 ) ) ;
#1208 = DATE_AND_TIME ( #2623, #4739 ) ;
#1209 = VERTEX_POINT ( 'NONE', #1119 ) ;
#1210 = EDGE_LOOP ( 'NONE', ( #3618, #2180, #165, #2845 ) ) ;
#1211 = DIRECTION ( 'NONE',  ( 0.000000000000000000, 0.000000000000000000, -1.000000000000000000 ) ) ;
#1212 = ORIENTED_EDGE ( 'NONE', *, *, #1109, .T. ) ;
#1213 = CARTESIAN_POINT ( 'NONE',  ( 12.70000000000000107, 0.000000000000000000, 66.00000000000000000 ) ) ;
#1214 = ORIENTED_EDGE ( 'NONE', *, *, #2117, .T. ) ;
#1215 = CARTESIAN_POINT ( 'NONE',  ( 9.525000000000000355, 15.22687436074360257, 42.18837563696011017 ) ) ;
#1216 = CARTESIAN_POINT ( 'NONE',  ( -9.525000000000002132, 12.69999999999999929, 65.99999999999998579 ) ) ;
#1217 = ORIENTED_EDGE ( 'NONE', *, *, #1443, .T. ) ;
#1218 = DIRECTION ( 'NONE',  ( -1.000000000000000000, -0.000000000000000000, -0.000000000000000000 ) ) ;
#1219 = FACE_BOUND ( 'NONE', #1160, .T. ) ;
#1220 = FACE_OUTER_BOUND ( 'NONE', #2551, .T. ) ;
#1221 = AXIS2_PLACEMENT_3D ( 'NONE', #4225, #1667, #4199 ) ;
#1222 = CIRCLE ( 'NONE', #4697, 2.499999999999995115 ) ;
#1223 = DIRECTION ( 'NONE',  ( 0.000000000000000000, 0.000000000000000000, 1.000000000000000000 ) ) ;
#1224 = EDGE_CURVE ( 'NONE', #2442, #1612, #685, .T. ) ;
#1225 = CARTESIAN_POINT ( 'NONE',  ( 12.70000000000000107, 12.33648634557998314, 47.30376971111940776 ) ) ;
#1226 = DIRECTION ( 'NONE',  ( -1.000000000000000000, 0.000000000000000000, 0.000000000000000000 ) ) ;
#1227 = VECTOR ( 'NONE', #4231, 1000.000000000000000 ) ;
#1228 = ORIENTED_EDGE ( 'NONE', *, *, #3040, .F. ) ;
#1229 = EDGE_CURVE ( 'NONE', #4745, #1001, #1230, .T. ) ;
#1230 = CIRCLE ( 'NONE', #4460, 2.499999999999995115 ) ;
#1231 = DIRECTION ( 'NONE',  ( 0.000000000000000000, 0.000000000000000000, 1.000000000000000000 ) ) ;
#1232 = CIRCLE ( 'NONE', #3679, 2.499999999999995115 ) ;
#1233 = AXIS2_PLACEMENT_3D ( 'NONE', #1268, #2773, #900 ) ;
#1234 = EDGE_CURVE ( 'NONE', #1381, #4287, #1886, .T. ) ;
#1235 = ORIENTED_EDGE ( 'NONE', *, *, #2645, .T. ) ;
#1236 = DIRECTION ( 'NONE',  ( -1.000000000000000000, -0.000000000000000000, -0.000000000000000000 ) ) ;
#1237 = ORIENTED_EDGE ( 'NONE', *, *, #2171, .F. ) ;
#1238 = VERTEX_POINT ( 'NONE', #15 ) ;
#1239 = CARTESIAN_POINT ( 'NONE',  ( -9.525000000000002132, -22.22499999999999787, 76.20000000000000284 ) ) ;
#1240 = AXIS2_PLACEMENT_3D ( 'NONE', #2272, #3110, #1922 ) ;
#1241 = ORIENTED_EDGE ( 'NONE', *, *, #1446, .F. ) ;
#1242 = DIRECTION ( 'NONE',  ( -1.000000000000000000, -0.000000000000000000, -0.000000000000000000 ) ) ;
#1243 = ORIENTED_EDGE ( 'NONE', *, *, #3939, .F. ) ;
#1244 = DIRECTION ( 'NONE',  ( -1.000000000000000000, -0.000000000000000000, -0.000000000000000000 ) ) ;
#1245 = CARTESIAN_POINT ( 'NONE',  ( -9.525000000000000355, -16.22512784221253312, 45.07919284400851723 ) ) ;
#1246 = LINE ( 'NONE', #3570, #3170 ) ;
#1247 = VERTEX_POINT ( 'NONE', #427 ) ;
#1248 = LINE ( 'NONE', #436, #2841 ) ;
#1249 = PLANE ( 'NONE',  #3942 ) ;
#1250 = DIRECTION ( 'NONE',  ( -1.000000000000000000, -0.000000000000000000, -0.000000000000000000 ) ) ;
#1251 = DIRECTION ( 'NONE',  ( -1.000000000000000000, -0.000000000000000000, -0.000000000000000000 ) ) ;
#1252 = DIRECTION ( 'NONE',  ( 0.000000000000000000, 0.000000000000000000, 1.000000000000000000 ) ) ;
#1253 = CARTESIAN_POINT ( 'NONE',  ( -9.525000000000002132, 3.061616997868370815E-16, 61.00000000000000711 ) ) ;
#1254 = ORIENTED_EDGE ( 'NONE', *, *, #1955, .T. ) ;
#1255 = ADVANCED_FACE ( 'NONE', ( #2944 ), #1930, .F. ) ;
#1256 = DIRECTION ( 'NONE',  ( -0.000000000000000000, 1.000000000000000000, -0.000000000000000000 ) ) ;
#1257 = EDGE_CURVE ( 'NONE', #4086, #2750, #386, .T. ) ;
#1258 = CYLINDRICAL_SURFACE ( 'NONE', #3648, 2.499999999999988454 ) ;
#1259 = ORIENTED_EDGE ( 'NONE', *, *, #3499, .T. ) ;
#1260 = CIRCLE ( 'NONE', #3855, 2.500000000000002220 ) ;
#1261 = ORIENTED_EDGE ( 'NONE', *, *, #4818, .F. ) ;
#1262 = AXIS2_PLACEMENT_3D ( 'NONE', #3859, #74, #879 ) ;
#1263 = DIRECTION ( 'NONE',  ( 0.000000000000000000, 0.000000000000000000, 1.000000000000000000 ) ) ;
#1264 = ORIENTED_EDGE ( 'NONE', *, *, #836, .F. ) ;
#1265 = DIRECTION ( 'NONE',  ( 0.000000000000000000, 0.000000000000000000, 1.000000000000000000 ) ) ;
#1266 = APPROVAL_PERSON_ORGANIZATION ( #3460, #2460, #1117 ) ;
#1267 = VERTEX_POINT ( 'NONE', #4523 ) ;
#1268 = CARTESIAN_POINT ( 'NONE',  ( 9.525000000000000355, 12.33648634557998314, 47.30376971111940776 ) ) ;
#1269 = DIRECTION ( 'NONE',  ( -1.000000000000000000, -0.000000000000000000, -0.000000000000000000 ) ) ;
#1270 = AXIS2_PLACEMENT_3D ( 'NONE', #4117, #1429, #3353 ) ;
#1271 = DIRECTION ( 'NONE',  ( 0.000000000000000000, -1.000000000000000000, 0.000000000000000000 ) ) ;
#1272 = ORIENTED_EDGE ( 'NONE', *, *, #4065, .F. ) ;
#1273 = CARTESIAN_POINT ( 'NONE',  ( 12.70000000000000107, -10.07084749364648069, 25.18106772950202199 ) ) ;
#1274 = CYLINDRICAL_SURFACE ( 'NONE', #82, 2.499999999999988454 ) ;
#1275 = ORIENTED_EDGE ( 'NONE', *, *, #4624, .T. ) ;
#1276 = CARTESIAN_POINT ( 'NONE',  ( 12.70000000000000107, 0.000000000000000000, 12.69999999999993356 ) ) ;
#1277 = DIRECTION ( 'NONE',  ( -1.000000000000000000, -0.000000000000000000, -0.000000000000000000 ) ) ;
#1278 = AXIS2_PLACEMENT_3D ( 'NONE', #4524, #1150, #3076 ) ;
#1279 = FACE_OUTER_BOUND ( 'NONE', #1929, .T. ) ;
#1280 = EDGE_LOOP ( 'NONE', ( #1427, #4715, #4709, #77 ) ) ;
#1281 = AXIS2_PLACEMENT_3D ( 'NONE', #2376, #3801, #3034 ) ;
#1282 = EDGE_CURVE ( 'NONE', #3113, #4270, #222, .T. ) ;
#1283 = CARTESIAN_POINT ( 'NONE',  ( 9.525000000000000355, 14.16298196909037088, 36.12517298397528975 ) ) ;
#1284 = CIRCLE ( 'NONE', #4041, 2.080499999999998906 ) ;
#1285 = CARTESIAN_POINT ( 'NONE',  ( -9.525000000000000355, 3.577867169202164632E-15, 38.10000000000001563 ) ) ;
#1286 = EDGE_CURVE ( 'NONE', #3450, #4264, #2220, .T. ) ;
#1287 = ORIENTED_EDGE ( 'NONE', *, *, #323, .T. ) ;
#1288 = CIRCLE ( 'NONE', #4430, 2.080499999999998906 ) ;
#1289 = ORIENTED_EDGE ( 'NONE', *, *, #570, .T. ) ;
#1290 = CARTESIAN_POINT ( 'NONE',  ( -12.69999999999999751, -1.802455207620986100, 53.38559542427184823 ) ) ;
#1291 = EDGE_LOOP ( 'NONE', ( #2789, #1977, #3496, #3542 ) ) ;
#1292 = EDGE_CURVE ( 'NONE', #4264, #903, #1943, .T. ) ;
#1293 = EDGE_CURVE ( 'NONE', #233, #1958, #3443, .T. ) ;
#1294 = FACE_BOUND ( 'NONE', #747, .T. ) ;
#1295 = ORIENTED_EDGE ( 'NONE', *, *, #1664, .F. ) ;
#1296 = FACE_OUTER_BOUND ( 'NONE', #2889, .T. ) ;
#1297 = ADVANCED_FACE ( 'NONE', ( #1891 ), #1149, .F. ) ;
#1298 = DIRECTION ( 'NONE',  ( -0.000000000000000000, 1.000000000000000000, -0.000000000000000000 ) ) ;
#1299 = ORIENTED_EDGE ( 'NONE', *, *, #277, .F. ) ;
#1300 = CARTESIAN_POINT ( 'NONE',  ( 7.746038523653021987E-16, 25.40000000000000213, 40.59999999999998010 ) ) ;
#1301 = DIRECTION ( 'NONE',  ( -1.000000000000000000, 0.000000000000000000, 0.000000000000000000 ) ) ;
#1302 = ORIENTED_EDGE ( 'NONE', *, *, #4798, .F. ) ;
#1303 = LINE ( 'NONE', #3840, #1635 ) ;
#1304 = CARTESIAN_POINT ( 'NONE',  ( -9.525000000000000355, 3.577867169202164632E-15, 38.10000000000001563 ) ) ;
#1305 = FACE_OUTER_BOUND ( 'NONE', #2599, .T. ) ;
#1306 = ORIENTED_EDGE ( 'NONE', *, *, #3924, .F. ) ;
#1307 = AXIS2_PLACEMENT_3D ( 'NONE', #3649, #3301, #1749 ) ;
#1308 = CARTESIAN_POINT ( 'NONE',  ( 12.70000000000000107, 1.802455207620993427, 22.81440457572818303 ) ) ;
#1309 = AXIS2_PLACEMENT_3D ( 'NONE', #4813, #1803, #3698 ) ;
#1310 = FACE_OUTER_BOUND ( 'NONE', #4091, .T. ) ;
#1311 = ORIENTED_EDGE ( 'NONE', *, *, #3073, .T. ) ;
#1312 = VERTEX_POINT ( 'NONE', #735 ) ;
#1313 = CIRCLE ( 'NONE', #2503, 2.270999999999995467 ) ;
#1314 = CIRCLE ( 'NONE', #2182, 17.66250000000000142 ) ;
#1315 = DIRECTION ( 'NONE',  ( 0.000000000000000000, 0.000000000000000000, -1.000000000000000000 ) ) ;
#1316 = VECTOR ( 'NONE', #1052, 1000.000000000000000 ) ;
#1317 = ORIENTED_EDGE ( 'NONE', *, *, #2207, .F. ) ;
#1318 = DIRECTION ( 'NONE',  ( -0.000000000000000000, 1.000000000000000000, -0.000000000000000000 ) ) ;
#1319 = ORIENTED_EDGE ( 'NONE', *, *, #779, .T. ) ;
#1320 = ADVANCED_FACE ( 'NONE', ( #1078 ), #3739, .T. ) ;
#1321 = EDGE_CURVE ( 'NONE', #1247, #1761, #1713, .T. ) ;
#1322 = AXIS2_PLACEMENT_3D ( 'NONE', #4234, #417, #374 ) ;
#1323 = CARTESIAN_POINT ( 'NONE',  ( -12.69999999999999751, 3.577867169202164632E-15, 38.10000000000001563 ) ) ;
#1324 = EDGE_CURVE ( 'NONE', #3318, #1524, #2288, .T. ) ;
#1325 = PLANE ( 'NONE',  #3009 ) ;
#1326 = ORIENTED_EDGE ( 'NONE', *, *, #4105, .F. ) ;
#1327 =( LENGTH_UNIT ( ) NAMED_UNIT ( * ) SI_UNIT ( .MILLI., .METRE. ) );
#1328 = DIRECTION ( 'NONE',  ( 0.000000000000000000, 0.000000000000000000, -1.000000000000000000 ) ) ;
#1329 = EDGE_CURVE ( 'NONE', #2004, #3094, #1314, .T. ) ;
#1330 = EDGE_CURVE ( 'NONE', #944, #177, #4069, .T. ) ;
#1331 = EDGE_CURVE ( 'NONE', #2790, #4062, #4143, .T. ) ;
#1332 = ORIENTED_EDGE ( 'NONE', *, *, #2704, .F. ) ;
#1333 = DIRECTION ( 'NONE',  ( -1.000000000000000000, -0.000000000000000000, -0.000000000000000000 ) ) ;
#1334 = DIRECTION ( 'NONE',  ( 0.000000000000000000, 0.000000000000000000, 1.000000000000000000 ) ) ;
#1335 = VERTEX_POINT ( 'NONE', #3689 ) ;
#1336 = DIRECTION ( 'NONE',  ( 0.000000000000000000, 0.000000000000000000, 1.000000000000000000 ) ) ;
#1337 = ORIENTED_EDGE ( 'NONE', *, *, #3544, .F. ) ;
#1338 = ORIENTED_EDGE ( 'NONE', *, *, #4790, .T. ) ;
#1339 = DIRECTION ( 'NONE',  ( -1.000000000000000000, 0.000000000000000000, 0.000000000000000000 ) ) ;
#1340 = EDGE_CURVE ( 'NONE', #899, #3165, #3674, .T. ) ;
#1341 = DIRECTION ( 'NONE',  ( 0.000000000000000000, 0.000000000000000000, -1.000000000000000000 ) ) ;
#1342 = ORIENTED_EDGE ( 'NONE', *, *, #3654, .T. ) ;
#1343 = LINE ( 'NONE', #1063, #2887 ) ;
#1344 = DIRECTION ( 'NONE',  ( -0.000000000000000000, 1.000000000000000000, -0.000000000000000000 ) ) ;
#1345 = CIRCLE ( 'NONE', #1420, 2.499999999999995115 ) ;
#1346 = EDGE_LOOP ( 'NONE', ( #1134, #3432 ) ) ;
#1347 = DIRECTION ( 'NONE',  ( 0.000000000000000000, 0.000000000000000000, 1.000000000000000000 ) ) ;
#1348 = ORIENTED_EDGE ( 'NONE', *, *, #989, .F. ) ;
#1349 = DIRECTION ( 'NONE',  ( 0.000000000000000000, 0.000000000000000000, -1.000000000000000000 ) ) ;
#1350 = DIRECTION ( 'NONE',  ( -1.000000000000000000, -0.000000000000000000, -0.000000000000000000 ) ) ;
#1351 = ORIENTED_EDGE ( 'NONE', *, *, #576, .F. ) ;
#1352 = CARTESIAN_POINT ( 'NONE',  ( 12.70000000000000107, 0.000000000000000000, 63.50000000000000000 ) ) ;
#1353 = CC_DESIGN_APPROVAL ( #3687, ( #3787 ) ) ;
#1354 = ORIENTED_EDGE ( 'NONE', *, *, #1387, .T. ) ;
#1355 = EDGE_CURVE ( 'NONE', #4195, #24, #2342, .T. ) ;
#1356 = AXIS2_PLACEMENT_3D ( 'NONE', #669, #2200, #257 ) ;
#1357 = EDGE_CURVE ( 'NONE', #3848, #1820, #4776, .T. ) ;
#1358 = CARTESIAN_POINT ( 'NONE',  ( 12.70000000000000107, 15.22687436074368783, 34.01162436304024084 ) ) ;
#1359 = CARTESIAN_POINT ( 'NONE',  ( 7.746038523653021987E-16, 25.40000000000000213, 38.09999999999999432 ) ) ;
#1360 = ORIENTED_EDGE ( 'NONE', *, *, #3255, .F. ) ;
#1361 = DIRECTION ( 'NONE',  ( -1.000000000000000000, -0.000000000000000000, -0.000000000000000000 ) ) ;
#1362 = ORIENTED_EDGE ( 'NONE', *, *, #2737, .F. ) ;
#1363 = CIRCLE ( 'NONE', #492, 2.271000000000002128 ) ;
#1364 = DIRECTION ( 'NONE',  ( 0.000000000000000000, 0.000000000000000000, 1.000000000000000000 ) ) ;
#1365 = ORIENTED_EDGE ( 'NONE', *, *, #64, .F. ) ;
#1366 = CARTESIAN_POINT ( 'NONE',  ( 1.555301434917138038E-15, 25.40000000000000213, 27.89999999999999147 ) ) ;
#1367 = CIRCLE ( 'NONE', #2308, 14.30000000000000071 ) ;
#1368 = AXIS2_PLACEMENT_3D ( 'NONE', #2116, #242, #1843 ) ;
#1369 = ORIENTED_EDGE ( 'NONE', *, *, #2018, .T. ) ;
#1370 = CARTESIAN_POINT ( 'NONE',  ( 12.70000000000000107, 16.22354728284508951, 35.83785636811239073 ) ) ;
#1371 = ORIENTED_EDGE ( 'NONE', *, *, #4424, .F. ) ;
#1372 = DIRECTION ( 'NONE',  ( 0.000000000000000000, 0.000000000000000000, 1.000000000000000000 ) ) ;
#1373 = CARTESIAN_POINT ( 'NONE',  ( 12.70000000000000107, -11.15407434219244465, 26.95732780184198774 ) ) ;
#1374 = EDGE_LOOP ( 'NONE', ( #2247, #3712, #1311, #1859 ) ) ;
#1375 = FACE_OUTER_BOUND ( 'NONE', #3220, .T. ) ;
#1376 = EDGE_LOOP ( 'NONE', ( #3328, #1103 ) ) ;
#1377 = CARTESIAN_POINT ( 'NONE',  ( 12.70000000000000107, -11.15407434219244465, 26.95732780184198774 ) ) ;
#1378 = CARTESIAN_POINT ( 'NONE',  ( 12.70000000000000107, -16.22354728284505399, 35.83785636811216335 ) ) ;
#1379 = ORIENTED_EDGE ( 'NONE', *, *, #3584, .T. ) ;
#1380 = CARTESIAN_POINT ( 'NONE',  ( 12.70000000000000107, 3.577867169202164632E-15, 38.10000000000001563 ) ) ;
#1381 = VERTEX_POINT ( 'NONE', #22 ) ;
#1382 = EDGE_CURVE ( 'NONE', #3313, #4514, #2963, .T. ) ;
#1383 = CARTESIAN_POINT ( 'NONE',  ( 12.70000000000000107, 14.13894155320113555, 32.01817428684756095 ) ) ;
#1384 = CIRCLE ( 'NONE', #2029, 2.271000000000002128 ) ;
#1385 = ORIENTED_EDGE ( 'NONE', *, *, #300, .F. ) ;
#1386 = CARTESIAN_POINT ( 'NONE',  ( -9.525000000000000355, 3.577867169202164632E-15, 38.10000000000001563 ) ) ;
#1387 = EDGE_CURVE ( 'NONE', #79, #4782, #371, .T. ) ;
#1388 = AXIS2_PLACEMENT_3D ( 'NONE', #341, #1936, #3051 ) ;
#1389 = VECTOR ( 'NONE', #606, 1000.000000000000000 ) ;
#1390 = ORIENTED_EDGE ( 'NONE', *, *, #604, .F. ) ;
#1391 = AXIS2_PLACEMENT_3D ( 'NONE', #1386, #2890, #236 ) ;
#1392 = AXIS2_PLACEMENT_3D ( 'NONE', #701, #3778, #2969 ) ;
#1393 = CARTESIAN_POINT ( 'NONE',  ( 9.525000000000000355, -12.69999999999999929, 15.19999999999999218 ) ) ;
#1394 = AXIS2_PLACEMENT_3D ( 'NONE', #3868, #1256, #53 ) ;
#1395 = DIRECTION ( 'NONE',  ( -1.000000000000000000, 0.000000000000000000, 0.000000000000000000 ) ) ;
#1396 = AXIS2_PLACEMENT_3D ( 'NONE', #1276, #3155, #100 ) ;
#1397 = CARTESIAN_POINT ( 'NONE',  ( 3.061616997868371801E-16, 25.40000000000000213, 10.20000000000000817 ) ) ;
#1398 = ORIENTED_EDGE ( 'NONE', *, *, #3005, .T. ) ;
#1399 = CARTESIAN_POINT ( 'NONE',  ( 12.70000000000000107, -5.371240620587816927, 24.84708431341438839 ) ) ;
#1400 = CIRCLE ( 'NONE', #4153, 2.271000000000002128 ) ;
#1401 = VERTEX_POINT ( 'NONE', #3726 ) ;
#1402 = DIRECTION ( 'NONE',  ( 0.000000000000000000, 0.000000000000000000, 1.000000000000000000 ) ) ;
#1403 = LINE ( 'NONE', #1012, #2940 ) ;
#1404 = ORIENTED_EDGE ( 'NONE', *, *, #3603, .T. ) ;
#1405 = CARTESIAN_POINT ( 'NONE',  ( 12.70000000000000107, 3.577867169202164632E-15, 38.10000000000001563 ) ) ;
#1406 = ORIENTED_EDGE ( 'NONE', *, *, #5, .T. ) ;
#1407 = EDGE_CURVE ( 'NONE', #2290, #319, #3752, .T. ) ;
#1408 = CARTESIAN_POINT ( 'NONE',  ( 12.70000000000000107, 25.40000000000000213, 0.000000000000000000 ) ) ;
#1409 = VERTEX_POINT ( 'NONE', #2275 ) ;
#1410 = CARTESIAN_POINT ( 'NONE',  ( -12.69999999999999751, 25.40000000000000213, 76.20000000000000284 ) ) ;
#1411 = CARTESIAN_POINT ( 'NONE',  ( 9.525000000000000355, -8.791741348502544184, 49.37808867056075712 ) ) ;
#1412 = ADVANCED_FACE ( 'NONE', ( #2253 ), #4436, .F. ) ;
#1413 = DIRECTION ( 'NONE',  ( -1.000000000000000000, -0.000000000000000000, -0.000000000000000000 ) ) ;
#1414 = ORIENTED_EDGE ( 'NONE', *, *, #1592, .F. ) ;
#1415 = DIRECTION ( 'NONE',  ( -1.000000000000000000, -0.000000000000000000, -0.000000000000000000 ) ) ;
#1416 = CARTESIAN_POINT ( 'NONE',  ( 12.70000000000000107, -25.39999999999999503, 0.000000000000000000 ) ) ;
#1417 = LINE ( 'NONE', #2922, #1201 ) ;
#1418 = CARTESIAN_POINT ( 'NONE',  ( -9.525000000000002132, -12.69999999999999929, 12.69999999999999929 ) ) ;
#1419 = DIRECTION ( 'NONE',  ( 1.000000000000000000, 0.000000000000000000, 0.000000000000000000 ) ) ;
#1420 = AXIS2_PLACEMENT_3D ( 'NONE', #856, #512, #2067 ) ;
#1421 = ORIENTED_EDGE ( 'NONE', *, *, #1113, .T. ) ;
#1422 = CARTESIAN_POINT ( 'NONE',  ( 9.525000000000000355, -10.07084749364656950, 51.01893227049793467 ) ) ;
#1423 = FACE_OUTER_BOUND ( 'NONE', #1445, .T. ) ;
#1424 = CIRCLE ( 'NONE', #2134, 2.080499999999998906 ) ;
#1425 = EDGE_LOOP ( 'NONE', ( #1807, #4345 ) ) ;
#1426 = DIRECTION ( 'NONE',  ( 1.000000000000000000, 0.000000000000000000, 0.000000000000000000 ) ) ;
#1427 = ORIENTED_EDGE ( 'NONE', *, *, #778, .F. ) ;
#1428 = VECTOR ( 'NONE', #4717, 1000.000000000000000 ) ;
#1429 = DIRECTION ( 'NONE',  ( 1.000000000000000000, -0.000000000000000000, -0.000000000000000000 ) ) ;
#1430 = ADVANCED_FACE ( 'NONE', ( #4871 ), #3358, .F. ) ;
#1431 = ORIENTED_EDGE ( 'NONE', *, *, #989, .T. ) ;
#1432 = DIRECTION ( 'NONE',  ( 0.000000000000000000, 0.000000000000000000, 1.000000000000000000 ) ) ;
#1433 = CARTESIAN_POINT ( 'NONE',  ( -12.69999999999999929, 3.061616997868371801E-16, 10.19999999999994600 ) ) ;
#1434 = CIRCLE ( 'NONE', #1754, 2.499999999999992006 ) ;
#1435 = EDGE_CURVE ( 'NONE', #4745, #798, #1830, .T. ) ;
#1436 = FACE_OUTER_BOUND ( 'NONE', #518, .T. ) ;
#1437 = VERTEX_POINT ( 'NONE', #698 ) ;
#1438 = CIRCLE ( 'NONE', #1835, 2.499999999999992006 ) ;
#1439 = CYLINDRICAL_SURFACE ( 'NONE', #2968, 17.66250000000000497 ) ;
#1440 = VECTOR ( 'NONE', #3141, 1000.000000000000000 ) ;
#1441 = AXIS2_PLACEMENT_3D ( 'NONE', #1198, #465, #25 ) ;
#1442 = CARTESIAN_POINT ( 'NONE',  ( 0.000000000000000000, -25.39999999999999503, 12.69999999999999929 ) ) ;
#1443 = EDGE_CURVE ( 'NONE', #2698, #2594, #4373, .T. ) ;
#1444 = LINE ( 'NONE', #3822, #2077 ) ;
#1445 = EDGE_LOOP ( 'NONE', ( #906, #844, #129, #3580 ) ) ;
#1446 = EDGE_CURVE ( 'NONE', #1501, #79, #3750, .T. ) ;
#1447 = DIRECTION ( 'NONE',  ( 0.000000000000000000, 0.000000000000000000, 1.000000000000000000 ) ) ;
#1448 = CARTESIAN_POINT ( 'NONE',  ( 9.525000000000000355, -12.69999999999999929, 12.69999999999999929 ) ) ;
#1449 = ORIENTED_EDGE ( 'NONE', *, *, #720, .F. ) ;
#1450 = EDGE_CURVE ( 'NONE', #3012, #3167, #4220, .T. ) ;
#1451 = CYLINDRICAL_SURFACE ( 'NONE', #1307, 2.499999999999992006 ) ;
#1452 = DIRECTION ( 'NONE',  ( -1.000000000000000000, 0.000000000000000000, 0.000000000000000000 ) ) ;
#1453 = CARTESIAN_POINT ( 'NONE',  ( -9.525000000000000355, 12.33648634557998314, 49.57476971111940856 ) ) ;
#1454 = ORIENTED_EDGE ( 'NONE', *, *, #4327, .F. ) ;
#1455 = CARTESIAN_POINT ( 'NONE',  ( -9.525000000000000355, 3.577867169202164632E-15, 38.10000000000001563 ) ) ;
#1456 = VERTEX_POINT ( 'NONE', #3774 ) ;
#1457 = FACE_OUTER_BOUND ( 'NONE', #505, .T. ) ;
#1458 = ORIENTED_EDGE ( 'NONE', *, *, #2672, .F. ) ;
#1459 = DIRECTION ( 'NONE',  ( 0.000000000000000000, 0.000000000000000000, 1.000000000000000000 ) ) ;
#1460 = DIRECTION ( 'NONE',  ( -1.000000000000000000, -0.000000000000000000, -0.000000000000000000 ) ) ;
#1461 = DIRECTION ( 'NONE',  ( 0.000000000000000000, 0.000000000000000000, 1.000000000000000000 ) ) ;
#1462 = ORIENTED_EDGE ( 'NONE', *, *, #624, .F. ) ;
#1463 = UNCERTAINTY_MEASURE_WITH_UNIT (LENGTH_MEASURE( 1.000000000000000082E-05 ), #1327, 'distance_accuracy_value', 'NONE');
#1464 = ORIENTED_EDGE ( 'NONE', *, *, #1685, .F. ) ;
#1465 = CYLINDRICAL_SURFACE ( 'NONE', #2574, 14.30000000000000071 ) ;
#1466 = AXIS2_PLACEMENT_3D ( 'NONE', #661, #2951, #1402 ) ;
#1467 = DIRECTION ( 'NONE',  ( -1.000000000000000000, -0.000000000000000000, -0.000000000000000000 ) ) ;
#1468 = AXIS2_PLACEMENT_3D ( 'NONE', #2978, #1126, #3785 ) ;
#1469 = DIRECTION ( 'NONE',  ( 0.000000000000000000, 0.000000000000000000, -1.000000000000000000 ) ) ;
#1470 = EDGE_CURVE ( 'NONE', #2663, #4021, #2254, .T. ) ;
#1471 = DIRECTION ( 'NONE',  ( 0.000000000000000000, 0.000000000000000000, 1.000000000000000000 ) ) ;
#1472 = ORIENTED_EDGE ( 'NONE', *, *, #92, .T. ) ;
#1473 = AXIS2_PLACEMENT_3D ( 'NONE', #78, #3428, #4166 ) ;
#1474 = VECTOR ( 'NONE', #1701, 1000.000000000000000 ) ;
#1475 = EDGE_CURVE ( 'NONE', #674, #1381, #3275, .T. ) ;
#1476 = DIRECTION ( 'NONE',  ( 0.000000000000000000, 1.667602476305511223E-15, 1.000000000000000000 ) ) ;
#1477 = CARTESIAN_POINT ( 'NONE',  ( 12.70000000000000107, -12.33648634558010748, 47.30376971111923723 ) ) ;
#1478 = FACE_OUTER_BOUND ( 'NONE', #2816, .T. ) ;
#1479 = ORIENTED_EDGE ( 'NONE', *, *, #1669, .F. ) ;
#1480 = EDGE_CURVE ( 'NONE', #4156, #3094, #3987, .T. ) ;
#1481 = FACE_OUTER_BOUND ( 'NONE', #1721, .T. ) ;
#1482 = EDGE_CURVE ( 'NONE', #680, #3333, #4622, .T. ) ;
#1483 = CIRCLE ( 'NONE', #2732, 2.080499999999998906 ) ;
#1484 = AXIS2_PLACEMENT_3D ( 'NONE', #1606, #2707, #3402 ) ;
#1485 = CARTESIAN_POINT ( 'NONE',  ( 12.70000000000000107, 3.577867169202164632E-15, 38.10000000000001563 ) ) ;
#1486 = ORIENTED_EDGE ( 'NONE', *, *, #4853, .T. ) ;
#1487 = FACE_OUTER_BOUND ( 'NONE', #4787, .T. ) ;
#1488 = CYLINDRICAL_SURFACE ( 'NONE', #4775, 2.271000000000002128 ) ;
#1489 = DIRECTION ( 'NONE',  ( -1.000000000000000000, -0.000000000000000000, -0.000000000000000000 ) ) ;
#1490 = EDGE_CURVE ( 'NONE', #24, #4195, #2642, .T. ) ;
#1491 = ORIENTED_EDGE ( 'NONE', *, *, #4327, .T. ) ;
#1492 = PERSON_AND_ORGANIZATION ( #2165, #3243 ) ;
#1493 = ORIENTED_EDGE ( 'NONE', *, *, #277, .T. ) ;
#1494 = LINE ( 'NONE', #3341, #3126 ) ;
#1495 = DIRECTION ( 'NONE',  ( 0.000000000000000000, 0.000000000000000000, 1.000000000000000000 ) ) ;
#1496 = CARTESIAN_POINT ( 'NONE',  ( 12.70000000000000107, 12.33648634558017676, 28.89623028888087930 ) ) ;
#1497 = ORIENTED_EDGE ( 'NONE', *, *, #1043, .T. ) ;
#1498 = DIRECTION ( 'NONE',  ( -1.000000000000000000, 0.000000000000000000, 0.000000000000000000 ) ) ;
#1499 = CARTESIAN_POINT ( 'NONE',  ( 1.555301434917138433E-15, -25.39999999999999503, 63.50000000000000000 ) ) ;
#1500 = CYLINDRICAL_SURFACE ( 'NONE', #4579, 2.499999999999992006 ) ;
#1501 = VERTEX_POINT ( 'NONE', #3517 ) ;
#1502 = DIRECTION ( 'NONE',  ( 0.000000000000000000, 0.000000000000000000, 1.000000000000000000 ) ) ;
#1503 = VECTOR ( 'NONE', #1648, 1000.000000000000000 ) ;
#1504 = EDGE_CURVE ( 'NONE', #670, #3881, #911, .T. ) ;
#1505 = EDGE_CURVE ( 'NONE', #1636, #4348, #991, .T. ) ;
#1506 = VECTOR ( 'NONE', #1091, 1000.000000000000000 ) ;
#1507 = DIRECTION ( 'NONE',  ( -1.000000000000000000, 0.000000000000000000, 0.000000000000000000 ) ) ;
#1508 = VERTEX_POINT ( 'NONE', #2294 ) ;
#1509 = LINE ( 'NONE', #1410, #3364 ) ;
#1510 = CARTESIAN_POINT ( 'NONE',  ( 12.70000000000000107, 4.072800018551153478, 53.33104783511791425 ) ) ;
#1511 = CARTESIAN_POINT ( 'NONE',  ( 9.525000000000000355, 3.577867169202164632E-15, 38.10000000000001563 ) ) ;
#1512 = AXIS2_PLACEMENT_3D ( 'NONE', #1682, #3953, #2031 ) ;
#1513 = DIRECTION ( 'NONE',  ( 0.000000000000000000, 0.000000000000000000, -1.000000000000000000 ) ) ;
#1514 = VERTEX_POINT ( 'NONE', #28 ) ;
#1515 = PERSON_AND_ORGANIZATION_ROLE ( 'creator' ) ;
#1516 = ORIENTED_EDGE ( 'NONE', *, *, #2645, .F. ) ;
#1517 = AXIS2_PLACEMENT_3D ( 'NONE', #3463, #85, #1211 ) ;
#1518 = DIRECTION ( 'NONE',  ( 0.000000000000000000, 0.000000000000000000, -1.000000000000000000 ) ) ;
#1519 = EDGE_CURVE ( 'NONE', #3945, #3340, #3744, .T. ) ;
#1520 = CARTESIAN_POINT ( 'NONE',  ( -12.69999999999999751, 4.072800018551153478, 53.33104783511791425 ) ) ;
#1521 = AXIS2_PLACEMENT_3D ( 'NONE', #1571, #4132, #3715 ) ;
#1522 = VECTOR ( 'NONE', #2550, 1000.000000000000000 ) ;
#1523 = LINE ( 'NONE', #18, #2717 ) ;
#1524 = VERTEX_POINT ( 'NONE', #1921 ) ;
#1525 = CARTESIAN_POINT ( 'NONE',  ( 1.861463134703975909E-15, 25.40000000000000213, 61.00000000000001421 ) ) ;
#1526 = DIRECTION ( 'NONE',  ( 1.000000000000000000, -0.000000000000000000, -0.000000000000000000 ) ) ;
#1527 = DIRECTION ( 'NONE',  ( -1.000000000000000000, -0.000000000000000000, -0.000000000000000000 ) ) ;
#1528 = EDGE_LOOP ( 'NONE', ( #546, #3538, #4525, #4836 ) ) ;
#1529 = DIRECTION ( 'NONE',  ( 1.000000000000000000, 0.000000000000000000, 0.000000000000000000 ) ) ;
#1530 = CARTESIAN_POINT ( 'NONE',  ( -9.525000000000000355, 3.577867169202164632E-15, 38.10000000000001563 ) ) ;
#1531 = CARTESIAN_POINT ( 'NONE',  ( 12.70000000000000107, 3.577867169202164632E-15, 38.10000000000001563 ) ) ;
#1532 = EDGE_LOOP ( 'NONE', ( #981, #2928, #4609, #3691 ) ) ;
#1533 = CARTESIAN_POINT ( 'NONE',  ( 12.70000000000000107, -8.791741348502467801, 26.82191132943921019 ) ) ;
#1534 = EDGE_CURVE ( 'NONE', #3450, #4742, #843, .T. ) ;
#1535 = EDGE_CURVE ( 'NONE', #1095, #3013, #3488, .T. ) ;
#1536 = ORIENTED_EDGE ( 'NONE', *, *, #105, .T. ) ;
#1537 = DIRECTION ( 'NONE',  ( -1.000000000000000000, -0.000000000000000000, -0.000000000000000000 ) ) ;
#1538 = CALENDAR_DATE ( 2024, 18, 9 ) ;
#1539 = ORIENTED_EDGE ( 'NONE', *, *, #1068, .F. ) ;
#1540 = EDGE_CURVE ( 'NONE', #4266, #2364, #126, .T. ) ;
#1541 = EDGE_CURVE ( 'NONE', #4082, #4471, #956, .T. ) ;
#1542 = DIRECTION ( 'NONE',  ( -1.000000000000000000, 0.000000000000000000, 0.000000000000000000 ) ) ;
#1543 = CARTESIAN_POINT ( 'NONE',  ( -9.525000000000002132, 0.000000000000000000, 12.69999999999993356 ) ) ;
#1544 = ORIENTED_EDGE ( 'NONE', *, *, #4196, .F. ) ;
#1545 = AXIS2_PLACEMENT_3D ( 'NONE', #3468, #119, #3907 ) ;
#1546 = LINE ( 'NONE', #4175, #454 ) ;
#1547 = ORIENTED_EDGE ( 'NONE', *, *, #1329, .F. ) ;
#1548 = CARTESIAN_POINT ( 'NONE',  ( -12.69999999999999751, 0.000000000000000000, 63.50000000000000000 ) ) ;
#1549 = DIRECTION ( 'NONE',  ( -1.000000000000000000, 0.000000000000000000, 0.000000000000000000 ) ) ;
#1550 = ORIENTED_EDGE ( 'NONE', *, *, #2047, .T. ) ;
#1551 = CARTESIAN_POINT ( 'NONE',  ( 12.70000000000000107, 12.69999999999999929, 61.00000000000000711 ) ) ;
#1552 = CARTESIAN_POINT ( 'NONE',  ( 1.555301434917138433E-15, -25.39999999999999503, 65.99999999999998579 ) ) ;
#1553 = VECTOR ( 'NONE', #743, 1000.000000000000000 ) ;
#1554 = AXIS2_PLACEMENT_3D ( 'NONE', #2639, #2986, #1459 ) ;
#1555 = DIRECTION ( 'NONE',  ( 0.000000000000000000, 0.000000000000000000, 1.000000000000000000 ) ) ;
#1556 = ORIENTED_EDGE ( 'NONE', *, *, #178, .F. ) ;
#1557 = DIRECTION ( 'NONE',  ( 0.000000000000000000, 0.000000000000000000, 1.000000000000000000 ) ) ;
#1558 = AXIS2_PLACEMENT_3D ( 'NONE', #3554, #592, #2833 ) ;
#1559 = ADVANCED_FACE ( 'NONE', ( #3863 ), #2730, .F. ) ;
#1560 = CARTESIAN_POINT ( 'NONE',  ( 7.746038523653021987E-16, 22.22500000000000142, 38.09999999999999432 ) ) ;
#1561 = ORIENTED_EDGE ( 'NONE', *, *, #4151, .T. ) ;
#1562 = CYLINDRICAL_SURFACE ( 'NONE', #1601, 14.30000000000000071 ) ;
#1563 = ORIENTED_EDGE ( 'NONE', *, *, #1286, .T. ) ;
#1564 = CARTESIAN_POINT ( 'NONE',  ( 0.000000000000000000, 25.40000000000000213, 15.19999999999998863 ) ) ;
#1565 = DIRECTION ( 'NONE',  ( -1.000000000000000000, -0.000000000000000000, -0.000000000000000000 ) ) ;
#1566 = ORIENTED_EDGE ( 'NONE', *, *, #4636, .F. ) ;
#1567 = CARTESIAN_POINT ( 'NONE',  ( 12.70000000000000107, -25.39999999999999503, 76.20000000000000284 ) ) ;
#1568 = DIRECTION ( 'NONE',  ( 0.000000000000000000, 0.000000000000000000, -1.000000000000000000 ) ) ;
#1569 = ORIENTED_EDGE ( 'NONE', *, *, #2362, .F. ) ;
#1570 = FACE_BOUND ( 'NONE', #4177, .T. ) ;
#1571 = CARTESIAN_POINT ( 'NONE',  ( 12.70000000000000107, 3.577867169202164632E-15, 38.10000000000001563 ) ) ;
#1572 = ORIENTED_EDGE ( 'NONE', *, *, #4260, .F. ) ;
#1573 = FACE_OUTER_BOUND ( 'NONE', #2372, .T. ) ;
#1574 = DIRECTION ( 'NONE',  ( -1.000000000000000000, -0.000000000000000000, -0.000000000000000000 ) ) ;
#1575 = AXIS2_PLACEMENT_3D ( 'NONE', #2605, #491, #590 ) ;
#1576 = CARTESIAN_POINT ( 'NONE',  ( -9.525000000000000355, 5.371240620587829362, 24.84708431341438839 ) ) ;
#1577 = ORIENTED_EDGE ( 'NONE', *, *, #3401, .T. ) ;
#1578 = CARTESIAN_POINT ( 'NONE',  ( -12.69999999999999751, 25.40000000000000213, 76.20000000000000284 ) ) ;
#1579 = AXIS2_PLACEMENT_3D ( 'NONE', #4800, #3228, #3320 ) ;
#1580 = CC_DESIGN_DATE_AND_TIME_ASSIGNMENT ( #3729, #2326, ( #2843 ) ) ;
#1581 = ORIENTED_EDGE ( 'NONE', *, *, #2913, .F. ) ;
#1582 = DIRECTION ( 'NONE',  ( 0.000000000000000000, 0.000000000000000000, -1.000000000000000000 ) ) ;
#1583 = COORDINATED_UNIVERSAL_TIME_OFFSET ( 6, 0, .BEHIND. ) ;
#1584 = CIRCLE ( 'NONE', #2681, 14.30000000000000071 ) ;
#1585 = ORIENTED_EDGE ( 'NONE', *, *, #2878, .T. ) ;
#1586 = CIRCLE ( 'NONE', #3003, 14.30000000000000071 ) ;
#1587 = CARTESIAN_POINT ( 'NONE',  ( -12.69999999999999751, 6.152699789198528002, 53.28107590238573010 ) ) ;
#1588 = VERTEX_POINT ( 'NONE', #4630 ) ;
#1589 = DIRECTION ( 'NONE',  ( 0.000000000000000000, 0.000000000000000000, 1.000000000000000000 ) ) ;
#1590 = VERTEX_POINT ( 'NONE', #174 ) ;
#1591 = AXIS2_PLACEMENT_3D ( 'NONE', #2577, #334, #4440 ) ;
#1592 = EDGE_CURVE ( 'NONE', #674, #3487, #4255, .T. ) ;
#1593 = DIRECTION ( 'NONE',  ( 1.000000000000000000, 0.000000000000000000, 0.000000000000000000 ) ) ;
#1594 = CARTESIAN_POINT ( 'NONE',  ( -12.69999999999999751, 16.22354728284504333, 40.36214363188798160 ) ) ;
#1595 = ORIENTED_EDGE ( 'NONE', *, *, #2409, .F. ) ;
#1596 = CARTESIAN_POINT ( 'NONE',  ( -12.69999999999999751, -12.33648634558004353, 28.89623028888070877 ) ) ;
#1597 = LINE ( 'NONE', #558, #1503 ) ;
#1598 = CIRCLE ( 'NONE', #732, 2.080499999999998906 ) ;
#1599 = EDGE_CURVE ( 'NONE', #3693, #4536, #141, .T. ) ;
#1600 = CARTESIAN_POINT ( 'NONE',  ( 12.70000000000000107, 16.22354728284508951, 35.83785636811239073 ) ) ;
#1601 = AXIS2_PLACEMENT_3D ( 'NONE', #4239, #3870, #2946 ) ;
#1602 = CIRCLE ( 'NONE', #497, 2.271000000000002128 ) ;
#1603 = DIRECTION ( 'NONE',  ( 0.000000000000000000, 0.000000000000000000, -1.000000000000000000 ) ) ;
#1604 = AXIS2_PLACEMENT_3D ( 'NONE', #1167, #16, #2649 ) ;
#1605 = LINE ( 'NONE', #175, #4729 ) ;
#1606 = CARTESIAN_POINT ( 'NONE',  ( 12.70000000000000107, 3.577867169202164632E-15, 38.10000000000001563 ) ) ;
#1607 = ORIENTED_EDGE ( 'NONE', *, *, #4366, .F. ) ;
#1608 = DIRECTION ( 'NONE',  ( -1.000000000000000000, -0.000000000000000000, -0.000000000000000000 ) ) ;
#1609 = ORIENTED_EDGE ( 'NONE', *, *, #4056, .F. ) ;
#1610 = CYLINDRICAL_SURFACE ( 'NONE', #3172, 2.080499999999998906 ) ;
#1611 = ORIENTED_EDGE ( 'NONE', *, *, #4444, .T. ) ;
#1612 = VERTEX_POINT ( 'NONE', #3917 ) ;
#1613 = DIRECTION ( 'NONE',  ( -1.000000000000000000, -0.000000000000000000, -0.000000000000000000 ) ) ;
#1614 = ORIENTED_EDGE ( 'NONE', *, *, #1949, .T. ) ;
#1615 = CARTESIAN_POINT ( 'NONE',  ( -12.69999999999999929, 0.000000000000000000, 15.19999999999992113 ) ) ;
#1616 = EDGE_LOOP ( 'NONE', ( #4766, #2360, #3567, #3575 ) ) ;
#1617 = DIRECTION ( 'NONE',  ( -1.000000000000000000, 0.000000000000000000, 0.000000000000000000 ) ) ;
#1618 = EDGE_CURVE ( 'NONE', #2487, #3546, #1303, .T. ) ;
#1619 = DIRECTION ( 'NONE',  ( -1.000000000000000000, -0.000000000000000000, -0.000000000000000000 ) ) ;
#1620 = AXIS2_PLACEMENT_3D ( 'NONE', #563, #2754, #3501 ) ;
#1621 = VERTEX_POINT ( 'NONE', #490 ) ;
#1622 = CARTESIAN_POINT ( 'NONE',  ( -9.525000000000002132, -12.69999999999999929, 65.99999999999998579 ) ) ;
#1623 = CARTESIAN_POINT ( 'NONE',  ( 9.525000000000000355, -14.16298196909033535, 36.12517298397507659 ) ) ;
#1624 = CYLINDRICAL_SURFACE ( 'NONE', #1631, 17.66250000000000497 ) ;
#1625 = EDGE_CURVE ( 'NONE', #60, #928, #4865, .T. ) ;
#1626 = AXIS2_PLACEMENT_3D ( 'NONE', #4623, #1695, #2436 ) ;
#1627 = CIRCLE ( 'NONE', #133, 17.66250000000000142 ) ;
#1628 = CARTESIAN_POINT ( 'NONE',  ( 12.70000000000000107, -4.072800018551144596, 22.86895216488212412 ) ) ;
#1629 = DIRECTION ( 'NONE',  ( -1.000000000000000000, -0.000000000000000000, -0.000000000000000000 ) ) ;
#1630 = DIRECTION ( 'NONE',  ( 0.000000000000000000, 0.000000000000000000, 1.000000000000000000 ) ) ;
#1631 = AXIS2_PLACEMENT_3D ( 'NONE', #4094, #1856, #352 ) ;
#1632 = ORIENTED_EDGE ( 'NONE', *, *, #4615, .F. ) ;
#1633 = DIRECTION ( 'NONE',  ( 0.000000000000000000, 0.000000000000000000, 1.000000000000000000 ) ) ;
#1634 = CIRCLE ( 'NONE', #2265, 2.499999999999992006 ) ;
#1635 = VECTOR ( 'NONE', #4232, 1000.000000000000000 ) ;
#1636 = VERTEX_POINT ( 'NONE', #3108 ) ;
#1637 = CARTESIAN_POINT ( 'NONE',  ( -9.525000000000000355, 8.791741348502393194, 49.37808867056088502 ) ) ;
#1638 = ORIENTED_EDGE ( 'NONE', *, *, #1282, .T. ) ;
#1639 = ORIENTED_EDGE ( 'NONE', *, *, #2052, .T. ) ;
#1640 = CARTESIAN_POINT ( 'NONE',  ( 12.70000000000000107, 3.577867169202164632E-15, 38.10000000000001563 ) ) ;
#1641 = ORIENTED_EDGE ( 'NONE', *, *, #4540, .T. ) ;
#1642 = FACE_OUTER_BOUND ( 'NONE', #501, .T. ) ;
#1643 = ORIENTED_EDGE ( 'NONE', *, *, #2704, .T. ) ;
#1644 = CARTESIAN_POINT ( 'NONE',  ( 12.70000000000000107, 3.577867169202164632E-15, 38.10000000000001563 ) ) ;
#1645 = EDGE_CURVE ( 'NONE', #4299, #3165, #515, .T. ) ;
#1646 = FACE_OUTER_BOUND ( 'NONE', #235, .T. ) ;
#1647 = DIRECTION ( 'NONE',  ( 0.000000000000000000, 0.000000000000000000, -1.000000000000000000 ) ) ;
#1648 = DIRECTION ( 'NONE',  ( -1.000000000000000000, -0.000000000000000000, -0.000000000000000000 ) ) ;
#1649 = ORIENTED_EDGE ( 'NONE', *, *, #666, .T. ) ;
#1650 = DIRECTION ( 'NONE',  ( 0.000000000000000000, 0.000000000000000000, 1.000000000000000000 ) ) ;
#1651 = CARTESIAN_POINT ( 'NONE',  ( -9.525000000000000355, -12.33648634558010748, 47.30376971111923723 ) ) ;
#1652 = DIRECTION ( 'NONE',  ( -1.000000000000000000, -0.000000000000000000, -0.000000000000000000 ) ) ;
#1653 = ORIENTED_EDGE ( 'NONE', *, *, #866, .F. ) ;
#1654 = PLANE ( 'NONE',  #4708 ) ;
#1655 = ADVANCED_FACE ( 'NONE', ( #1995 ), #3134, .F. ) ;
#1656 = EDGE_CURVE ( 'NONE', #4333, #1906, #3365, .T. ) ;
#1657 = DIRECTION ( 'NONE',  ( 1.000000000000000000, 0.000000000000000000, 0.000000000000000000 ) ) ;
#1658 = ORIENTED_EDGE ( 'NONE', *, *, #1470, .T. ) ;
#1659 = AXIS2_PLACEMENT_3D ( 'NONE', #587, #4707, #1328 ) ;
#1660 = ORIENTED_EDGE ( 'NONE', *, *, #4553, .T. ) ;
#1661 = ADVANCED_FACE ( 'NONE', ( #4284 ), #2420, .F. ) ;
#1662 = DIRECTION ( 'NONE',  ( -1.000000000000000000, -0.000000000000000000, -0.000000000000000000 ) ) ;
#1663 = ORIENTED_EDGE ( 'NONE', *, *, #3065, .F. ) ;
#1664 = EDGE_CURVE ( 'NONE', #691, #1747, #3291, .T. ) ;
#1665 = DIRECTION ( 'NONE',  ( -1.000000000000000000, -0.000000000000000000, -0.000000000000000000 ) ) ;
#1666 = ORIENTED_EDGE ( 'NONE', *, *, #1286, .F. ) ;
#1667 = DIRECTION ( 'NONE',  ( -1.000000000000000000, -0.000000000000000000, -0.000000000000000000 ) ) ;
#1668 = DIRECTION ( 'NONE',  ( 0.000000000000000000, 0.000000000000000000, 1.000000000000000000 ) ) ;
#1669 = EDGE_CURVE ( 'NONE', #961, #3656, #2892, .T. ) ;
#1670 = DIRECTION ( 'NONE',  ( 0.000000000000000000, 0.000000000000000000, 1.000000000000000000 ) ) ;
#1671 = CARTESIAN_POINT ( 'NONE',  ( -9.525000000000000355, -4.072800018551144596, 22.86895216488212412 ) ) ;
#1672 = EDGE_LOOP ( 'NONE', ( #353, #2708, #19, #4316 ) ) ;
#1673 = AXIS2_PLACEMENT_3D ( 'NONE', #527, #162, #3144 ) ;
#1674 = CARTESIAN_POINT ( 'NONE',  ( 12.70000000000000107, 0.000000000000000000, 63.50000000000000000 ) ) ;
#1675 = CARTESIAN_POINT ( 'NONE',  ( 12.70000000000000107, 10.07084749364639542, 51.01893227049807678 ) ) ;
#1676 = AXIS2_PLACEMENT_3D ( 'NONE', #688, #2953, #1079 ) ;
#1677 = LINE ( 'NONE', #176, #1159 ) ;
#1678 = EDGE_LOOP ( 'NONE', ( #1264, #1885 ) ) ;
#1679 = FACE_BOUND ( 'NONE', #2583, .T. ) ;
#1680 = CIRCLE ( 'NONE', #343, 17.66250000000000497 ) ;
#1681 = AXIS2_PLACEMENT_3D ( 'NONE', #1887, #2212, #3779 ) ;
#1682 = CARTESIAN_POINT ( 'NONE',  ( -12.69999999999999751, 10.07084749364639542, 51.01893227049807678 ) ) ;
#1683 = ORIENTED_EDGE ( 'NONE', *, *, #1482, .F. ) ;
#1684 = EDGE_CURVE ( 'NONE', #2543, #566, #3527, .T. ) ;
#1685 = EDGE_CURVE ( 'NONE', #3085, #3088, #2781, .T. ) ;
#1686 = AXIS2_PLACEMENT_3D ( 'NONE', #187, #4322, #943 ) ;
#1687 = EDGE_LOOP ( 'NONE', ( #1632, #4320, #794, #2635 ) ) ;
#1688 = DIRECTION ( 'NONE',  ( 0.000000000000000000, 0.000000000000000000, 1.000000000000000000 ) ) ;
#1689 = ADVANCED_FACE ( 'NONE', ( #4312 ), #933, .F. ) ;
#1690 = EDGE_CURVE ( 'NONE', #4817, #2848, #285, .T. ) ;
#1691 = EDGE_CURVE ( 'NONE', #1456, #3272, #3628, .T. ) ;
#1692 = EDGE_LOOP ( 'NONE', ( #2683, #4034 ) ) ;
#1693 = LINE ( 'NONE', #2332, #4450 ) ;
#1694 = ORIENTED_EDGE ( 'NONE', *, *, #1330, .T. ) ;
#1695 = DIRECTION ( 'NONE',  ( -1.000000000000000000, -0.000000000000000000, -0.000000000000000000 ) ) ;
#1696 = DIRECTION ( 'NONE',  ( -0.000000000000000000, 1.000000000000000000, -0.000000000000000000 ) ) ;
#1697 = ORIENTED_EDGE ( 'NONE', *, *, #4387, .F. ) ;
#1698 = DIRECTION ( 'NONE',  ( 1.000000000000000000, 0.000000000000000000, 0.000000000000000000 ) ) ;
#1699 = DIRECTION ( 'NONE',  ( 0.000000000000000000, 0.000000000000000000, 1.000000000000000000 ) ) ;
#1700 = ORIENTED_EDGE ( 'NONE', *, *, #3267, .F. ) ;
#1701 = DIRECTION ( 'NONE',  ( -1.000000000000000000, -0.000000000000000000, -0.000000000000000000 ) ) ;
#1702 = DIRECTION ( 'NONE',  ( 1.000000000000000000, 0.000000000000000000, 0.000000000000000000 ) ) ;
#1703 = CARTESIAN_POINT ( 'NONE',  ( -9.525000000000002132, 0.000000000000000000, 65.99999999999998579 ) ) ;
#1704 = VERTEX_POINT ( 'NONE', #2854 ) ;
#1705 = VERTEX_POINT ( 'NONE', #617 ) ;
#1706 = AXIS2_PLACEMENT_3D ( 'NONE', #4522, #2311, #406 ) ;
#1707 = CARTESIAN_POINT ( 'NONE',  ( 12.70000000000000107, 6.152699789198528002, 53.28107590238573010 ) ) ;
#1708 = VECTOR ( 'NONE', #2521, 1000.000000000000000 ) ;
#1709 = FACE_OUTER_BOUND ( 'NONE', #4611, .T. ) ;
#1710 = ORIENTED_EDGE ( 'NONE', *, *, #866, .T. ) ;
#1711 = CYLINDRICAL_SURFACE ( 'NONE', #50, 2.499999999999992006 ) ;
#1712 = VECTOR ( 'NONE', #3723, 1000.000000000000000 ) ;
#1713 = CIRCLE ( 'NONE', #4303, 2.271000000000002128 ) ;
#1714 = EDGE_CURVE ( 'NONE', #2814, #4377, #1384, .T. ) ;
#1715 = CYLINDRICAL_SURFACE ( 'NONE', #4115, 2.271000000000002128 ) ;
#1716 = VECTOR ( 'NONE', #1074, 1000.000000000000000 ) ;
#1717 = ORIENTED_EDGE ( 'NONE', *, *, #4406, .F. ) ;
#1718 = ADVANCED_FACE ( 'NONE', ( #2904 ), #2557, .F. ) ;
#1719 = CARTESIAN_POINT ( 'NONE',  ( 12.70000000000000107, 12.33648634557998314, 49.57476971111940856 ) ) ;
#1720 = EDGE_CURVE ( 'NONE', #96, #2594, #1030, .T. ) ;
#1721 = EDGE_LOOP ( 'NONE', ( #549, #2068, #1354, #3111 ) ) ;
#1722 = DIRECTION ( 'NONE',  ( 1.000000000000000000, 0.000000000000000000, 0.000000000000000000 ) ) ;
#1723 = LINE ( 'NONE', #2898, #1131 ) ;
#1724 = CARTESIAN_POINT ( 'NONE',  ( 9.525000000000000355, 1.802455207620993427, 53.38559542427184823 ) ) ;
#1725 = ORIENTED_EDGE ( 'NONE', *, *, #4417, .F. ) ;
#1726 = LINE ( 'NONE', #2531, #4171 ) ;
#1727 = VERTEX_POINT ( 'NONE', #2122 ) ;
#1728 = DIRECTION ( 'NONE',  ( 0.000000000000000000, 1.000000000000000000, 0.000000000000000000 ) ) ;
#1729 = CARTESIAN_POINT ( 'NONE',  ( 9.525000000000000355, 12.69999999999999929, 12.69999999999999929 ) ) ;
#1730 = ORIENTED_EDGE ( 'NONE', *, *, #1592, .T. ) ;
#1731 = DIRECTION ( 'NONE',  ( -1.000000000000000000, -0.000000000000000000, -0.000000000000000000 ) ) ;
#1732 = VERTEX_POINT ( 'NONE', #1794 ) ;
#1733 = DIRECTION ( 'NONE',  ( 1.000000000000000000, 0.000000000000000000, 0.000000000000000000 ) ) ;
#1734 = VERTEX_POINT ( 'NONE', #1816 ) ;
#1735 = DIRECTION ( 'NONE',  ( 0.000000000000000000, 0.000000000000000000, 1.000000000000000000 ) ) ;
#1736 = CARTESIAN_POINT ( 'NONE',  ( 9.525000000000000355, 12.69999999999999929, 65.99999999999998579 ) ) ;
#1737 = CIRCLE ( 'NONE', #1579, 17.66250000000000497 ) ;
#1738 = EDGE_LOOP ( 'NONE', ( #1414, #3832, #2834, #297 ) ) ;
#1739 = CARTESIAN_POINT ( 'NONE',  ( 12.70000000000000107, 12.69999999999999929, 12.69999999999999929 ) ) ;
#1740 = ORIENTED_EDGE ( 'NONE', *, *, #806, .T. ) ;
#1741 = AXIS2_PLACEMENT_3D ( 'NONE', #4228, #1918, #4202 ) ;
#1742 = CARTESIAN_POINT ( 'NONE',  ( 9.525000000000000355, 10.07084749364666365, 25.18106772950216765 ) ) ;
#1743 = DIRECTION ( 'NONE',  ( -1.000000000000000000, -0.000000000000000000, -0.000000000000000000 ) ) ;
#1744 = EDGE_LOOP ( 'NONE', ( #983, #1317, #1058, #1643 ) ) ;
#1745 = DIRECTION ( 'NONE',  ( -0.000000000000000000, 1.000000000000000000, -0.000000000000000000 ) ) ;
#1746 = EDGE_CURVE ( 'NONE', #3167, #3777, #4784, .T. ) ;
#1747 = VERTEX_POINT ( 'NONE', #2491 ) ;
#1748 = CIRCLE ( 'NONE', #3709, 2.499999999999988454 ) ;
#1749 = DIRECTION ( 'NONE',  ( 0.000000000000000000, 0.000000000000000000, 1.000000000000000000 ) ) ;
#1750 = CYLINDRICAL_SURFACE ( 'NONE', #1199, 2.499999999999992006 ) ;
#1751 = VERTEX_POINT ( 'NONE', #4060 ) ;
#1752 = DIRECTION ( 'NONE',  ( 0.000000000000000000, 0.000000000000000000, 1.000000000000000000 ) ) ;
#1753 = ORIENTED_EDGE ( 'NONE', *, *, #4762, .T. ) ;
#1754 = AXIS2_PLACEMENT_3D ( 'NONE', #1909, #750, #702 ) ;
#1755 = CARTESIAN_POINT ( 'NONE',  ( 0.000000000000000000, 22.22500000000000142, 15.19999999999999218 ) ) ;
#1756 = VERTEX_POINT ( 'NONE', #249 ) ;
#1757 = CIRCLE ( 'NONE', #651, 2.080499999999998906 ) ;
#1758 = DIRECTION ( 'NONE',  ( -1.000000000000000000, -0.000000000000000000, -0.000000000000000000 ) ) ;
#1759 = CIRCLE ( 'NONE', #2395, 2.499999999999988454 ) ;
#1760 = CIRCLE ( 'NONE', #2475, 2.080499999999998906 ) ;
#1761 = VERTEX_POINT ( 'NONE', #4014 ) ;
#1762 = DIRECTION ( 'NONE',  ( -1.000000000000000000, -0.000000000000000000, -0.000000000000000000 ) ) ;
#1763 = DIRECTION ( 'NONE',  ( 0.000000000000000000, 0.000000000000000000, -1.000000000000000000 ) ) ;
#1764 = CARTESIAN_POINT ( 'NONE',  ( 12.70000000000000107, 3.577867169202164632E-15, 38.10000000000001563 ) ) ;
#1765 = ORIENTED_EDGE ( 'NONE', *, *, #4288, .F. ) ;
#1766 = CARTESIAN_POINT ( 'NONE',  ( 0.000000000000000000, 0.000000000000000000, 76.20000000000000284 ) ) ;
#1767 = ORIENTED_EDGE ( 'NONE', *, *, #4391, .F. ) ;
#1768 = EDGE_CURVE ( 'NONE', #3272, #3579, #4605, .T. ) ;
#1769 = CARTESIAN_POINT ( 'NONE',  ( 12.70000000000000107, -15.22687436074365230, 42.18837563695990411 ) ) ;
#1770 = FACE_OUTER_BOUND ( 'NONE', #3858, .T. ) ;
#1771 = ORIENTED_EDGE ( 'NONE', *, *, #4301, .T. ) ;
#1772 = DIRECTION ( 'NONE',  ( -1.000000000000000000, -0.000000000000000000, -0.000000000000000000 ) ) ;
#1773 = ORIENTED_EDGE ( 'NONE', *, *, #4601, .F. ) ;
#1774 = ADVANCED_FACE ( 'NONE', ( #2534 ), #2192, .F. ) ;
#1775 = DIRECTION ( 'NONE',  ( 0.000000000000000000, 1.000000000000000000, 0.000000000000000000 ) ) ;
#1776 = VECTOR ( 'NONE', #2805, 1000.000000000000000 ) ;
#1777 = ORIENTED_EDGE ( 'NONE', *, *, #2553, .T. ) ;
#1778 = LINE ( 'NONE', #4789, #439 ) ;
#1779 = AXIS2_PLACEMENT_3D ( 'NONE', #754, #1498, #3020 ) ;
#1780 = AXIS2_PLACEMENT_3D ( 'NONE', #945, #582, #3959 ) ;
#1781 = CARTESIAN_POINT ( 'NONE',  ( -12.69999999999999751, 10.07084749364666365, 27.26156772950216833 ) ) ;
#1782 = VERTEX_POINT ( 'NONE', #295 ) ;
#1783 = VECTOR ( 'NONE', #4205, 1000.000000000000000 ) ;
#1784 = DIRECTION ( 'NONE',  ( -1.000000000000000000, -0.000000000000000000, -0.000000000000000000 ) ) ;
#1785 = CIRCLE ( 'NONE', #1554, 2.499999999999988454 ) ;
#1786 = DIRECTION ( 'NONE',  ( 0.000000000000000000, 0.000000000000000000, 1.000000000000000000 ) ) ;
#1787 = DIRECTION ( 'NONE',  ( 1.000000000000000000, -0.000000000000000000, -0.000000000000000000 ) ) ;
#1788 = EDGE_LOOP ( 'NONE', ( #4764, #2296, #1889, #1725 ) ) ;
#1789 = DIRECTION ( 'NONE',  ( -1.000000000000000000, 0.000000000000000000, 0.000000000000000000 ) ) ;
#1790 = CARTESIAN_POINT ( 'NONE',  ( -12.69999999999999751, 10.07084749364666365, 25.18106772950216765 ) ) ;
#1791 = VECTOR ( 'NONE', #2660, 1000.000000000000000 ) ;
#1792 = ORIENTED_EDGE ( 'NONE', *, *, #791, .T. ) ;
#1793 = EDGE_CURVE ( 'NONE', #3737, #3625, #3688, .T. ) ;
#1794 = CARTESIAN_POINT ( 'NONE',  ( 9.525000000000000355, 0.000000000000000000, 65.99999999999998579 ) ) ;
#1795 = CARTESIAN_POINT ( 'NONE',  ( -12.69999999999999929, 12.69999999999999929, 12.69999999999999929 ) ) ;
#1796 = ORIENTED_EDGE ( 'NONE', *, *, #1321, .T. ) ;
#1797 = DIRECTION ( 'NONE',  ( -1.000000000000000000, 0.000000000000000000, 0.000000000000000000 ) ) ;
#1798 = ORIENTED_EDGE ( 'NONE', *, *, #666, .F. ) ;
#1799 = ADVANCED_FACE ( 'NONE', ( #3604 ), #3256, .F. ) ;
#1800 = DIRECTION ( 'NONE',  ( 0.000000000000000000, 0.000000000000000000, 1.000000000000000000 ) ) ;
#1801 = VERTEX_POINT ( 'NONE', #4381 ) ;
#1802 = DIRECTION ( 'NONE',  ( -0.000000000000000000, 1.000000000000000000, -0.000000000000000000 ) ) ;
#1803 = DIRECTION ( 'NONE',  ( 1.000000000000000000, -0.000000000000000000, -0.000000000000000000 ) ) ;
#1804 = ADVANCED_FACE ( 'NONE', ( #984 ), #1451, .F. ) ;
#1805 = EDGE_CURVE ( 'NONE', #1514, #39, #1933, .T. ) ;
#1806 = DIRECTION ( 'NONE',  ( 0.000000000000000000, 0.000000000000000000, 1.000000000000000000 ) ) ;
#1807 = ORIENTED_EDGE ( 'NONE', *, *, #3406, .F. ) ;
#1808 = EDGE_CURVE ( 'NONE', #3326, #1734, #4038, .T. ) ;
#1809 = CARTESIAN_POINT ( 'NONE',  ( 12.70000000000000107, -16.22512784221249404, 31.12080715599139324 ) ) ;
#1810 = CARTESIAN_POINT ( 'NONE',  ( -12.69999999999999751, 25.40000000000000213, 76.20000000000000284 ) ) ;
#1811 = CARTESIAN_POINT ( 'NONE',  ( -12.69999999999999751, 14.16298196909033003, 40.07482701602503994 ) ) ;
#1812 = FACE_OUTER_BOUND ( 'NONE', #2358, .T. ) ;
#1813 = DIRECTION ( 'NONE',  ( -1.000000000000000000, 0.000000000000000000, 0.000000000000000000 ) ) ;
#1814 = AXIS2_PLACEMENT_3D ( 'NONE', #3376, #6, #1502 ) ;
#1815 = ORIENTED_EDGE ( 'NONE', *, *, #571, .F. ) ;
#1816 = CARTESIAN_POINT ( 'NONE',  ( 9.525000000000000355, -15.22687436074365230, 42.18837563695990411 ) ) ;
#1817 = CARTESIAN_POINT ( 'NONE',  ( 12.70000000000000107, 15.22687436074368783, 34.01162436304024084 ) ) ;
#1818 = DIRECTION ( 'NONE',  ( -0.000000000000000000, 1.000000000000000000, -0.000000000000000000 ) ) ;
#1819 = AXIS2_PLACEMENT_3D ( 'NONE', #4330, #2042, #331 ) ;
#1820 = VERTEX_POINT ( 'NONE', #1377 ) ;
#1821 = DIRECTION ( 'NONE',  ( 1.000000000000000000, 0.000000000000000000, 0.000000000000000000 ) ) ;
#1822 = ORIENTED_EDGE ( 'NONE', *, *, #831, .T. ) ;
#1823 = VECTOR ( 'NONE', #1108, 1000.000000000000000 ) ;
#1824 = CARTESIAN_POINT ( 'NONE',  ( 12.70000000000000107, 16.22512784221258997, 31.12080715599162417 ) ) ;
#1825 = ORIENTED_EDGE ( 'NONE', *, *, #785, .T. ) ;
#1826 = ORIENTED_EDGE ( 'NONE', *, *, #422, .F. ) ;
#1827 = DIRECTION ( 'NONE',  ( 1.000000000000000000, 0.000000000000000000, 0.000000000000000000 ) ) ;
#1828 = LINE ( 'NONE', #2702, #1783 ) ;
#1829 = AXIS2_PLACEMENT_3D ( 'NONE', #456, #479, #1263 ) ;
#1830 = LINE ( 'NONE', #2988, #917 ) ;
#1831 = ORIENTED_EDGE ( 'NONE', *, *, #2354, .T. ) ;
#1832 = EDGE_CURVE ( 'NONE', #4379, #530, #676, .T. ) ;
#1833 = DIRECTION ( 'NONE',  ( -1.000000000000000000, -0.000000000000000000, -0.000000000000000000 ) ) ;
#1834 = ORIENTED_EDGE ( 'NONE', *, *, #3069, .F. ) ;
#1835 = AXIS2_PLACEMENT_3D ( 'NONE', #1729, #3302, #4805 ) ;
#1836 = EDGE_CURVE ( 'NONE', #3370, #1508, #131, .T. ) ;
#1837 = CARTESIAN_POINT ( 'NONE',  ( 12.70000000000000107, 3.577867169202164632E-15, 38.10000000000001563 ) ) ;
#1838 = CIRCLE ( 'NONE', #1281, 2.271000000000002128 ) ;
#1839 = AXIS2_PLACEMENT_3D ( 'NONE', #3279, #298, #640 ) ;
#1840 = EDGE_CURVE ( 'NONE', #1621, #4215, #589, .T. ) ;
#1841 = VECTOR ( 'NONE', #3988, 1000.000000000000000 ) ;
#1842 = ADVANCED_FACE ( 'NONE', ( #1890, #1570, #4857, #2674, #2287, #3713 ), #2219, .F. ) ;
#1843 = DIRECTION ( 'NONE',  ( 0.000000000000000000, 0.000000000000000000, 1.000000000000000000 ) ) ;
#1844 = DIRECTION ( 'NONE',  ( 0.000000000000000000, 0.000000000000000000, 1.000000000000000000 ) ) ;
#1845 = CARTESIAN_POINT ( 'NONE',  ( 12.70000000000000107, -8.791741348502467801, 26.82191132943921019 ) ) ;
#1846 = ORIENTED_EDGE ( 'NONE', *, *, #476, .T. ) ;
#1847 = DIRECTION ( 'NONE',  ( 0.000000000000000000, 0.000000000000000000, 1.000000000000000000 ) ) ;
#1848 = CARTESIAN_POINT ( 'NONE',  ( 12.70000000000000107, 6.152699789198528002, 22.91892409761429406 ) ) ;
#1849 = CARTESIAN_POINT ( 'NONE',  ( 9.525000000000000355, 14.13894155320100943, 44.18182571315276874 ) ) ;
#1850 = ORIENTED_EDGE ( 'NONE', *, *, #47, .T. ) ;
#1851 = DIRECTION ( 'NONE',  ( 1.000000000000000000, -0.000000000000000000, -0.000000000000000000 ) ) ;
#1852 = ADVANCED_FACE ( 'NONE', ( #1125 ), #3348, .T. ) ;
#1853 = DIRECTION ( 'NONE',  ( 0.000000000000000000, 0.000000000000000000, 1.000000000000000000 ) ) ;
#1854 = VERTEX_POINT ( 'NONE', #4178 ) ;
#1855 = CYLINDRICAL_SURFACE ( 'NONE', #4309, 14.30000000000000071 ) ;
#1856 = DIRECTION ( 'NONE',  ( -1.000000000000000000, -0.000000000000000000, -0.000000000000000000 ) ) ;
#1857 = DIRECTION ( 'NONE',  ( 0.000000000000000000, 0.000000000000000000, 1.000000000000000000 ) ) ;
#1858 = AXIS2_PLACEMENT_3D ( 'NONE', #4360, #2166, #2513 ) ;
#1859 = ORIENTED_EDGE ( 'NONE', *, *, #255, .F. ) ;
#1860 = APPROVAL_STATUS ( 'not_yet_approved' ) ;
#1861 = ORIENTED_EDGE ( 'NONE', *, *, #3619, .F. ) ;
#1862 = DIRECTION ( 'NONE',  ( -1.000000000000000000, -0.000000000000000000, -0.000000000000000000 ) ) ;
#1863 = FACE_OUTER_BOUND ( 'NONE', #4279, .T. ) ;
#1864 = EDGE_CURVE ( 'NONE', #700, #2750, #2647, .T. ) ;
#1865 = CIRCLE ( 'NONE', #4613, 2.499999999999992006 ) ;
#1866 = AXIS2_PLACEMENT_3D ( 'NONE', #1837, #1542, #2280 ) ;
#1867 = ADVANCED_FACE ( 'NONE', ( #2977 ), #3810, .F. ) ;
#1868 = DIRECTION ( 'NONE',  ( -1.000000000000000000, 0.000000000000000000, 0.000000000000000000 ) ) ;
#1869 = ORIENTED_EDGE ( 'NONE', *, *, #158, .F. ) ;
#1870 = CIRCLE ( 'NONE', #4617, 2.499999999999988454 ) ;
#1871 = VECTOR ( 'NONE', #1244, 1000.000000000000000 ) ;
#1872 = CARTESIAN_POINT ( 'NONE',  ( 12.70000000000000107, -8.791741348502467801, 26.82191132943921019 ) ) ;
#1873 = DIRECTION ( 'NONE',  ( -0.000000000000000000, 1.000000000000000000, -0.000000000000000000 ) ) ;
#1874 = FACE_OUTER_BOUND ( 'NONE', #3261, .T. ) ;
#1875 = VERTEX_POINT ( 'NONE', #433 ) ;
#1876 = DIRECTION ( 'NONE',  ( 0.000000000000000000, 1.000000000000000000, 0.000000000000000000 ) ) ;
#1877 = CYLINDRICAL_SURFACE ( 'NONE', #2614, 2.499999999999988454 ) ;
#1878 = EDGE_CURVE ( 'NONE', #1636, #2799, #385, .T. ) ;
#1879 = EDGE_LOOP ( 'NONE', ( #2383, #2840, #3696, #3659 ) ) ;
#1880 = FACE_OUTER_BOUND ( 'NONE', #4383, .T. ) ;
#1881 = CARTESIAN_POINT ( 'NONE',  ( -9.525000000000002132, -22.22499999999999787, 76.20000000000000284 ) ) ;
#1882 = CARTESIAN_POINT ( 'NONE',  ( 1.861463134703975514E-15, 25.40000000000000213, 22.90000000000000568 ) ) ;
#1883 = ORIENTED_EDGE ( 'NONE', *, *, #64, .T. ) ;
#1884 = DATE_AND_TIME ( #2278, #4494 ) ;
#1885 = ORIENTED_EDGE ( 'NONE', *, *, #3951, .F. ) ;
#1886 = LINE ( 'NONE', #1067, #2425 ) ;
#1887 = CARTESIAN_POINT ( 'NONE',  ( 7.746038523653021987E-16, -25.39999999999999503, 38.09999999999999432 ) ) ;
#1888 = CARTESIAN_POINT ( 'NONE',  ( -12.69999999999999751, -12.69999999999999929, 10.20000000000000817 ) ) ;
#1889 = ORIENTED_EDGE ( 'NONE', *, *, #3979, .F. ) ;
#1890 = FACE_BOUND ( 'NONE', #3240, .T. ) ;
#1891 = FACE_OUTER_BOUND ( 'NONE', #4223, .T. ) ;
#1892 = CARTESIAN_POINT ( 'NONE',  ( -9.525000000000002132, 22.22500000000000142, 76.20000000000000284 ) ) ;
#1893 = VERTEX_POINT ( 'NONE', #3420 ) ;
#1894 = EDGE_CURVE ( 'NONE', #2435, #2450, #3513, .T. ) ;
#1895 = EDGE_CURVE ( 'NONE', #1312, #777, #2098, .T. ) ;
#1896 = CARTESIAN_POINT ( 'NONE',  ( -12.69999999999999751, 12.69999999999999929, 65.99999999999998579 ) ) ;
#1897 = CIRCLE ( 'NONE', #166, 2.499999999999988454 ) ;
#1898 = CIRCLE ( 'NONE', #3782, 2.080499999999998906 ) ;
#1899 = ADVANCED_FACE ( 'NONE', ( #364 ), #3075, .T. ) ;
#1900 = CARTESIAN_POINT ( 'NONE',  ( 12.70000000000000107, -5.371240620587816927, 24.84708431341438839 ) ) ;
#1901 = ORIENTED_EDGE ( 'NONE', *, *, #1331, .T. ) ;
#1902 = LOCAL_TIME ( 14, 49, 46.00000000000000000, #3362 ) ;
#1903 = DIRECTION ( 'NONE',  ( 0.000000000000000000, -1.667602476305511223E-15, -1.000000000000000000 ) ) ;
#1904 = ORIENTED_EDGE ( 'NONE', *, *, #4088, .F. ) ;
#1905 = CARTESIAN_POINT ( 'NONE',  ( -12.69999999999999751, 3.061616997868373773E-16, 10.19999999999994245 ) ) ;
#1906 = VERTEX_POINT ( 'NONE', #4130 ) ;
#1907 = AXIS2_PLACEMENT_3D ( 'NONE', #3875, #1662, #3900 ) ;
#1908 = FACE_OUTER_BOUND ( 'NONE', #2429, .T. ) ;
#1909 = CARTESIAN_POINT ( 'NONE',  ( 1.555301434917138038E-15, -22.22499999999999787, 25.39999999999999858 ) ) ;
#1910 = AXIS2_PLACEMENT_3D ( 'NONE', #3102, #462, #485 ) ;
#1911 = ORIENTED_EDGE ( 'NONE', *, *, #1073, .F. ) ;
#1912 = AXIS2_PLACEMENT_3D ( 'NONE', #4610, #3845, #1183 ) ;
#1913 = CARTESIAN_POINT ( 'NONE',  ( -9.525000000000000355, 6.152699789198528002, 22.91892409761429406 ) ) ;
#1914 = EDGE_LOOP ( 'NONE', ( #1362, #962, #4138, #2119 ) ) ;
#1915 = CYLINDRICAL_SURFACE ( 'NONE', #1145, 2.499999999999988454 ) ;
#1916 = FACE_OUTER_BOUND ( 'NONE', #1280, .T. ) ;
#1917 = EDGE_LOOP ( 'NONE', ( #3796, #2327, #4098, #2808 ) ) ;
#1918 = DIRECTION ( 'NONE',  ( -1.000000000000000000, -0.000000000000000000, -0.000000000000000000 ) ) ;
#1919 = CARTESIAN_POINT ( 'NONE',  ( -12.69999999999999751, 1.802455207620993427, 53.38559542427184823 ) ) ;
#1920 = EDGE_CURVE ( 'NONE', #530, #3167, #1077, .T. ) ;
#1921 = CARTESIAN_POINT ( 'NONE',  ( 1.080765552152139773E-15, -22.22499999999999787, 35.60000000000000853 ) ) ;
#1922 = DIRECTION ( 'NONE',  ( 0.000000000000000000, 0.000000000000000000, 1.000000000000000000 ) ) ;
#1923 = ORIENTED_EDGE ( 'NONE', *, *, #2307, .T. ) ;
#1924 = AXIS2_PLACEMENT_3D ( 'NONE', #312, #3249, #2089 ) ;
#1925 = CARTESIAN_POINT ( 'NONE',  ( 9.525000000000000355, -6.152699789198520897, 53.28107590238573010 ) ) ;
#1926 = VERTEX_POINT ( 'NONE', #1525 ) ;
#1927 = CARTESIAN_POINT ( 'NONE',  ( 12.70000000000000107, 16.22512784221258997, 31.12080715599162417 ) ) ;
#1928 = APPROVAL_STATUS ( 'not_yet_approved' ) ;
#1929 = EDGE_LOOP ( 'NONE', ( #1295, #3830, #3297, #3466 ) ) ;
#1930 = CYLINDRICAL_SURFACE ( 'NONE', #1076, 2.499999999999992006 ) ;
#1931 = DIRECTION ( 'NONE',  ( 0.000000000000000000, 0.000000000000000000, -1.000000000000000000 ) ) ;
#1932 = EDGE_LOOP ( 'NONE', ( #440, #1611, #2502, #1641 ) ) ;
#1933 = CIRCLE ( 'NONE', #4693, 2.080499999999998906 ) ;
#1934 = DIRECTION ( 'NONE',  ( -1.000000000000000000, -0.000000000000000000, -0.000000000000000000 ) ) ;
#1935 = ORIENTED_EDGE ( 'NONE', *, *, #2673, .F. ) ;
#1936 = DIRECTION ( 'NONE',  ( -1.000000000000000000, -0.000000000000000000, -0.000000000000000000 ) ) ;
#1937 = AXIS2_PLACEMENT_3D ( 'NONE', #1122, #69, #431 ) ;
#1938 = CARTESIAN_POINT ( 'NONE',  ( -9.525000000000000355, -10.07084749364648069, 25.18106772950202199 ) ) ;
#1939 = ORIENTED_EDGE ( 'NONE', *, *, #132, .F. ) ;
#1940 = CARTESIAN_POINT ( 'NONE',  ( 12.70000000000000107, -11.15407434219252103, 49.24267219815796182 ) ) ;
#1941 = CARTESIAN_POINT ( 'NONE',  ( 12.70000000000000107, 12.33648634557998314, 47.30376971111940776 ) ) ;
#1942 = AXIS2_PLACEMENT_3D ( 'NONE', #765, #1802, #1432 ) ;
#1943 = CIRCLE ( 'NONE', #4614, 14.30000000000000071 ) ;
#1944 = EDGE_CURVE ( 'NONE', #1705, #39, #3784, .T. ) ;
#1945 = AXIS2_PLACEMENT_3D ( 'NONE', #3299, #1419, #912 ) ;
#1946 = LINE ( 'NONE', #468, #2894 ) ;
#1947 = ORIENTED_EDGE ( 'NONE', *, *, #2108, .F. ) ;
#1948 = CYLINDRICAL_SURFACE ( 'NONE', #2967, 2.080499999999998906 ) ;
#1949 = EDGE_CURVE ( 'NONE', #315, #700, #3431, .T. ) ;
#1950 = VECTOR ( 'NONE', #4339, 1000.000000000000000 ) ;
#1951 = ORIENTED_EDGE ( 'NONE', *, *, #778, .T. ) ;
#1952 = CARTESIAN_POINT ( 'NONE',  ( 12.70000000000000107, 2.068405620284298418, 55.64096931301052251 ) ) ;
#1953 = SHAPE_DEFINITION_REPRESENTATION ( #219, #868 ) ;
#1954 = EDGE_LOOP ( 'NONE', ( #189, #2780, #2243, #4761 ) ) ;
#1955 = EDGE_CURVE ( 'NONE', #3780, #2044, #2565, .T. ) ;
#1956 = DIRECTION ( 'NONE',  ( 0.000000000000000000, 8.338012381527556114E-16, -1.000000000000000000 ) ) ;
#1957 = EDGE_CURVE ( 'NONE', #4195, #1409, #2585, .T. ) ;
#1958 = VERTEX_POINT ( 'NONE', #2654 ) ;
#1959 = CARTESIAN_POINT ( 'NONE',  ( 1.555301434917138433E-15, 25.40000000000000213, 63.50000000000000000 ) ) ;
#1960 = ORIENTED_EDGE ( 'NONE', *, *, #2700, .F. ) ;
#1961 = DIRECTION ( 'NONE',  ( 0.000000000000000000, 0.000000000000000000, 1.000000000000000000 ) ) ;
#1962 = CARTESIAN_POINT ( 'NONE',  ( -12.69999999999999751, -1.802455207620986100, 22.81440457572818303 ) ) ;
#1963 = EDGE_LOOP ( 'NONE', ( #1061, #2644, #3842, #482 ) ) ;
#1964 = CYLINDRICAL_SURFACE ( 'NONE', #1741, 2.080499999999998906 ) ;
#1965 = DIRECTION ( 'NONE',  ( 0.000000000000000000, 0.000000000000000000, 1.000000000000000000 ) ) ;
#1966 = DIRECTION ( 'NONE',  ( -1.000000000000000000, -0.000000000000000000, -0.000000000000000000 ) ) ;
#1967 = DIRECTION ( 'NONE',  ( -1.000000000000000000, -0.000000000000000000, -0.000000000000000000 ) ) ;
#1968 = AXIS2_PLACEMENT_3D ( 'NONE', #1418, #4357, #1027 ) ;
#1969 = CYLINDRICAL_SURFACE ( 'NONE', #2142, 2.271000000000002128 ) ;
#1970 = ORIENTED_EDGE ( 'NONE', *, *, #2539, .T. ) ;
#1971 = CARTESIAN_POINT ( 'NONE',  ( 1.555301434917138433E-15, 25.40000000000000213, 63.50000000000000000 ) ) ;
#1972 = VECTOR ( 'NONE', #3577, 1000.000000000000000 ) ;
#1973 = VERTEX_POINT ( 'NONE', #780 ) ;
#1974 = DIRECTION ( 'NONE',  ( 1.000000000000000000, -0.000000000000000000, -0.000000000000000000 ) ) ;
#1975 = CC_DESIGN_APPROVAL ( #4720, ( #2843 ) ) ;
#1976 = ORIENTED_EDGE ( 'NONE', *, *, #2136, .F. ) ;
#1977 = ORIENTED_EDGE ( 'NONE', *, *, #3417, .F. ) ;
#1978 = AXIS2_PLACEMENT_3D ( 'NONE', #4461, #1085, #4763 ) ;
#1979 = ADVANCED_FACE ( 'NONE', ( #4083 ), #1915, .F. ) ;
#1980 = DIRECTION ( 'NONE',  ( 0.000000000000000000, 0.000000000000000000, 1.000000000000000000 ) ) ;
#1981 = ORIENTED_EDGE ( 'NONE', *, *, #2381, .F. ) ;
#1982 = EDGE_CURVE ( 'NONE', #1129, #893, #833, .T. ) ;
#1983 = DIRECTION ( 'NONE',  ( 0.000000000000000000, 0.000000000000000000, 1.000000000000000000 ) ) ;
#1984 = ORIENTED_EDGE ( 'NONE', *, *, #2829, .T. ) ;
#1985 = EDGE_CURVE ( 'NONE', #293, #4186, #913, .T. ) ;
#1986 = CIRCLE ( 'NONE', #4746, 2.080499999999998906 ) ;
#1987 = CARTESIAN_POINT ( 'NONE',  ( -9.525000000000000355, 3.577867169202164632E-15, 38.10000000000001563 ) ) ;
#1988 = DIRECTION ( 'NONE',  ( -1.000000000000000000, -0.000000000000000000, -0.000000000000000000 ) ) ;
#1989 = ORIENTED_EDGE ( 'NONE', *, *, #1229, .T. ) ;
#1990 = DIRECTION ( 'NONE',  ( -1.000000000000000000, -0.000000000000000000, -0.000000000000000000 ) ) ;
#1991 = CARTESIAN_POINT ( 'NONE',  ( 9.525000000000000355, -12.69999999999999929, 63.50000000000000000 ) ) ;
#1992 = CIRCLE ( 'NONE', #4749, 2.500000000000002220 ) ;
#1993 = CARTESIAN_POINT ( 'NONE',  ( 7.746038523653021987E-16, 25.40000000000000213, 38.09999999999999432 ) ) ;
#1994 = AXIS2_PLACEMENT_3D ( 'NONE', #3055, #4183, #1152 ) ;
#1995 = FACE_OUTER_BOUND ( 'NONE', #2402, .T. ) ;
#1996 = CARTESIAN_POINT ( 'NONE',  ( -12.69999999999999929, -12.69999999999999929, 12.69999999999999929 ) ) ;
#1997 = CARTESIAN_POINT ( 'NONE',  ( 12.70000000000000107, -6.152699789198520897, 53.28107590238573010 ) ) ;
#1998 = VERTEX_POINT ( 'NONE', #2721 ) ;
#1999 = ADVANCED_FACE ( 'NONE', ( #2748 ), #875, .F. ) ;
#2000 = CYLINDRICAL_SURFACE ( 'NONE', #608, 17.66250000000000497 ) ;
#2001 = EDGE_LOOP ( 'NONE', ( #51, #2694, #3926, #1740 ) ) ;
#2002 = LINE ( 'NONE', #1927, #3799 ) ;
#2003 = ORIENTED_EDGE ( 'NONE', *, *, #2480, .F. ) ;
#2004 = VERTEX_POINT ( 'NONE', #93 ) ;
#2005 = EDGE_CURVE ( 'NONE', #3164, #878, #4529, .T. ) ;
#2006 = DIRECTION ( 'NONE',  ( -1.000000000000000000, -0.000000000000000000, -0.000000000000000000 ) ) ;
#2007 = ORIENTED_EDGE ( 'NONE', *, *, #4815, .F. ) ;
#2008 = CARTESIAN_POINT ( 'NONE',  ( -12.69999999999999751, -12.69999999999999929, 63.50000000000000000 ) ) ;
#2009 = VERTEX_POINT ( 'NONE', #1194 ) ;
#2010 = DIRECTION ( 'NONE',  ( 1.000000000000000000, 0.000000000000000000, 0.000000000000000000 ) ) ;
#2011 = DIRECTION ( 'NONE',  ( 0.000000000000000000, 0.000000000000000000, 1.000000000000000000 ) ) ;
#2012 = AXIS2_PLACEMENT_3D ( 'NONE', #3667, #2143, #4399 ) ;
#2013 = ORIENTED_EDGE ( 'NONE', *, *, #26, .T. ) ;
#2014 = CARTESIAN_POINT ( 'NONE',  ( -12.69999999999999751, 0.000000000000000000, 12.69999999999993356 ) ) ;
#2015 = CYLINDRICAL_SURFACE ( 'NONE', #2602, 2.499999999999992006 ) ;
#2016 = ORIENTED_EDGE ( 'NONE', *, *, #2618, .T. ) ;
#2017 = VECTOR ( 'NONE', #1099, 1000.000000000000000 ) ;
#2018 = EDGE_CURVE ( 'NONE', #738, #1875, #289, .T. ) ;
#2019 = AXIS2_PLACEMENT_3D ( 'NONE', #1370, #2133, #3221 ) ;
#2020 = DIRECTION ( 'NONE',  ( -1.000000000000000000, 0.000000000000000000, 0.000000000000000000 ) ) ;
#2021 = CARTESIAN_POINT ( 'NONE',  ( -12.69999999999999751, -15.22687436074365230, 42.18837563695990411 ) ) ;
#2022 = FACE_OUTER_BOUND ( 'NONE', #2001, .T. ) ;
#2023 = AXIS2_PLACEMENT_3D ( 'NONE', #3357, #1460, #3839 ) ;
#2024 = ORIENTED_EDGE ( 'NONE', *, *, #3160, .T. ) ;
#2025 = AXIS2_PLACEMENT_3D ( 'NONE', #366, #2245, #407 ) ;
#2026 = ADVANCED_FACE ( 'NONE', ( #2410 ), #3101, .F. ) ;
#2027 = CARTESIAN_POINT ( 'NONE',  ( -9.525000000000000355, 11.15407434219260630, 26.95732780184214405 ) ) ;
#2028 = AXIS2_PLACEMENT_3D ( 'NONE', #1925, #3139, #3505 ) ;
#2029 = AXIS2_PLACEMENT_3D ( 'NONE', #4732, #2093, #3323 ) ;
#2030 = ADVANCED_FACE ( 'NONE', ( #1296 ), #3543, .F. ) ;
#2031 = DIRECTION ( 'NONE',  ( 0.000000000000000000, 1.667602476305511223E-15, -1.000000000000000000 ) ) ;
#2032 = ORIENTED_EDGE ( 'NONE', *, *, #4424, .T. ) ;
#2033 = CIRCLE ( 'NONE', #4543, 2.080499999999998906 ) ;
#2034 = ORIENTED_EDGE ( 'NONE', *, *, #2505, .T. ) ;
#2035 = CARTESIAN_POINT ( 'NONE',  ( -9.525000000000000355, -14.16298196909033535, 36.12517298397507659 ) ) ;
#2036 = VERTEX_POINT ( 'NONE', #1245 ) ;
#2037 = CARTESIAN_POINT ( 'NONE',  ( -12.69999999999999751, 5.371240620587830250, 51.35291568658563932 ) ) ;
#2038 = ORIENTED_EDGE ( 'NONE', *, *, #67, .F. ) ;
#2039 = DIRECTION ( 'NONE',  ( 0.000000000000000000, 0.000000000000000000, -1.000000000000000000 ) ) ;
#2040 = CARTESIAN_POINT ( 'NONE',  ( 12.70000000000000107, 1.802455207620993427, 53.38559542427184823 ) ) ;
#2041 = FACE_BOUND ( 'NONE', #4492, .T. ) ;
#2042 = DIRECTION ( 'NONE',  ( -1.000000000000000000, -0.000000000000000000, -0.000000000000000000 ) ) ;
#2043 = DIRECTION ( 'NONE',  ( 0.000000000000000000, 0.000000000000000000, 1.000000000000000000 ) ) ;
#2044 = VERTEX_POINT ( 'NONE', #168 ) ;
#2045 = DIRECTION ( 'NONE',  ( 0.000000000000000000, 0.000000000000000000, 1.000000000000000000 ) ) ;
#2046 = EDGE_CURVE ( 'NONE', #2487, #1129, #3200, .T. ) ;
#2047 = EDGE_CURVE ( 'NONE', #769, #1524, #2330, .T. ) ;
#2048 = DIRECTION ( 'NONE',  ( 1.000000000000000000, -0.000000000000000000, -0.000000000000000000 ) ) ;
#2049 = CARTESIAN_POINT ( 'NONE',  ( 9.525000000000000355, -14.13894155320104851, 32.01817428684736200 ) ) ;
#2050 = EDGE_LOOP ( 'NONE', ( #2536, #612 ) ) ;
#2051 = DIRECTION ( 'NONE',  ( 0.000000000000000000, 0.000000000000000000, 1.000000000000000000 ) ) ;
#2052 = EDGE_CURVE ( 'NONE', #39, #350, #3672, .T. ) ;
#2053 = EDGE_CURVE ( 'NONE', #4299, #3954, #4293, .T. ) ;
#2054 = DIRECTION ( 'NONE',  ( 1.000000000000000000, 0.000000000000000000, 0.000000000000000000 ) ) ;
#2055 = VERTEX_POINT ( 'NONE', #1215 ) ;
#2056 = VECTOR ( 'NONE', #3251, 1000.000000000000000 ) ;
#2057 = EDGE_LOOP ( 'NONE', ( #4759, #3608, #1947, #3824 ) ) ;
#2058 = DIRECTION ( 'NONE',  ( 0.000000000000000000, -1.667602476305511223E-15, -1.000000000000000000 ) ) ;
#2059 = ORIENTED_EDGE ( 'NONE', *, *, #4070, .T. ) ;
#2060 = AXIS2_PLACEMENT_3D ( 'NONE', #1485, #4485, #2174 ) ;
#2061 = LINE ( 'NONE', #3831, #4858 ) ;
#2062 = ORIENTED_EDGE ( 'NONE', *, *, #3462, .F. ) ;
#2063 = LINE ( 'NONE', #4648, #2958 ) ;
#2064 = DIRECTION ( 'NONE',  ( 0.000000000000000000, 0.000000000000000000, -1.000000000000000000 ) ) ;
#2065 = ORIENTED_EDGE ( 'NONE', *, *, #2260, .T. ) ;
#2066 = CARTESIAN_POINT ( 'NONE',  ( 9.525000000000000355, -12.33648634558010748, 47.30376971111923723 ) ) ;
#2067 = DIRECTION ( 'NONE',  ( 0.000000000000000000, 0.000000000000000000, -1.000000000000000000 ) ) ;
#2068 = ORIENTED_EDGE ( 'NONE', *, *, #1446, .T. ) ;
#2069 = CIRCLE ( 'NONE', #2301, 2.499999999999988454 ) ;
#2070 = DIRECTION ( 'NONE',  ( 1.000000000000000000, 0.000000000000000000, 0.000000000000000000 ) ) ;
#2071 = LINE ( 'NONE', #2755, #1972 ) ;
#2072 = VECTOR ( 'NONE', #4758, 1000.000000000000000 ) ;
#2073 = DIRECTION ( 'NONE',  ( 1.000000000000000000, 0.000000000000000000, 0.000000000000000000 ) ) ;
#2074 = ORIENTED_EDGE ( 'NONE', *, *, #2207, .T. ) ;
#2075 = ORIENTED_EDGE ( 'NONE', *, *, #3544, .T. ) ;
#2076 = ADVANCED_FACE ( 'NONE', ( #483 ), #2696, .F. ) ;
#2077 = VECTOR ( 'NONE', #80, 1000.000000000000000 ) ;
#2078 = DIRECTION ( 'NONE',  ( 0.000000000000000000, 0.000000000000000000, 1.000000000000000000 ) ) ;
#2079 = AXIS2_PLACEMENT_3D ( 'NONE', #3791, #3472, #437 ) ;
#2080 = CARTESIAN_POINT ( 'NONE',  ( -12.69999999999999751, 3.577867169202164632E-15, 38.10000000000001563 ) ) ;
#2081 = ORIENTED_EDGE ( 'NONE', *, *, #2409, .T. ) ;
#2082 = CARTESIAN_POINT ( 'NONE',  ( 1.861463134703976697E-15, -25.39999999999999503, 61.00000000000000711 ) ) ;
#2083 = CARTESIAN_POINT ( 'NONE',  ( -9.525000000000000355, -1.802455207620986100, 53.38559542427184823 ) ) ;
#2084 = VERTEX_POINT ( 'NONE', #4247 ) ;
#2085 = DIRECTION ( 'NONE',  ( 0.000000000000000000, 0.000000000000000000, 1.000000000000000000 ) ) ;
#2086 = ORIENTED_EDGE ( 'NONE', *, *, #2408, .F. ) ;
#2087 = CARTESIAN_POINT ( 'NONE',  ( -9.525000000000000355, 12.33648634558017676, 28.89623028888087930 ) ) ;
#2088 = DIRECTION ( 'NONE',  ( -1.000000000000000000, -0.000000000000000000, -0.000000000000000000 ) ) ;
#2089 = DIRECTION ( 'NONE',  ( 0.000000000000000000, 0.000000000000000000, 1.000000000000000000 ) ) ;
#2090 = ORIENTED_EDGE ( 'NONE', *, *, #281, .F. ) ;
#2091 = DIRECTION ( 'NONE',  ( 0.000000000000000000, 1.667602476305511223E-15, -1.000000000000000000 ) ) ;
#2092 = ORIENTED_EDGE ( 'NONE', *, *, #2307, .F. ) ;
#2093 = DIRECTION ( 'NONE',  ( -1.000000000000000000, 0.000000000000000000, 0.000000000000000000 ) ) ;
#2094 = DIRECTION ( 'NONE',  ( 0.000000000000000000, 0.000000000000000000, 1.000000000000000000 ) ) ;
#2095 = ORIENTED_EDGE ( 'NONE', *, *, #4483, .F. ) ;
#2096 = CARTESIAN_POINT ( 'NONE',  ( -12.69999999999999929, 12.69999999999999929, 65.99999999999998579 ) ) ;
#2097 = ORIENTED_EDGE ( 'NONE', *, *, #1944, .F. ) ;
#2098 = CIRCLE ( 'NONE', #4607, 17.66250000000000497 ) ;
#2099 = CARTESIAN_POINT ( 'NONE',  ( -12.69999999999999751, 25.40000000000000213, 76.20000000000000284 ) ) ;
#2100 = AXIS2_PLACEMENT_3D ( 'NONE', #850, #1318, #1265 ) ;
#2101 = VECTOR ( 'NONE', #3288, 1000.000000000000000 ) ;
#2102 = AXIS2_PLACEMENT_3D ( 'NONE', #342, #1526, #4844 ) ;
#2103 = DIRECTION ( 'NONE',  ( 0.000000000000000000, 0.000000000000000000, 1.000000000000000000 ) ) ;
#2104 = ORIENTED_EDGE ( 'NONE', *, *, #4277, .T. ) ;
#2105 = CARTESIAN_POINT ( 'NONE',  ( 12.70000000000000107, 3.061616997868375746E-16, 61.00000000000000711 ) ) ;
#2106 = AXIS2_PLACEMENT_3D ( 'NONE', #4141, #1064, #3699 ) ;
#2107 = DIRECTION ( 'NONE',  ( 0.000000000000000000, 0.000000000000000000, -1.000000000000000000 ) ) ;
#2108 = EDGE_CURVE ( 'NONE', #1401, #2433, #2335, .T. ) ;
#2109 = CIRCLE ( 'NONE', #4870, 2.080499999999998906 ) ;
#2110 = EDGE_LOOP ( 'NONE', ( #423, #4640, #4054, #1550 ) ) ;
#2111 = EDGE_CURVE ( 'NONE', #3954, #2004, #2063, .T. ) ;
#2112 = CARTESIAN_POINT ( 'NONE',  ( -9.525000000000002132, -12.69999999999999929, 61.00000000000000711 ) ) ;
#2113 = ORIENTED_EDGE ( 'NONE', *, *, #3951, .T. ) ;
#2114 = CIRCLE ( 'NONE', #4874, 2.271000000000002128 ) ;
#2115 = CARTESIAN_POINT ( 'NONE',  ( 12.70000000000000107, 2.068405620284300195, 20.55903068698950520 ) ) ;
#2116 = CARTESIAN_POINT ( 'NONE',  ( 9.525000000000000355, -1.802455207620986100, 22.81440457572818303 ) ) ;
#2117 = EDGE_CURVE ( 'NONE', #1588, #2285, #3597, .T. ) ;
#2118 = CARTESIAN_POINT ( 'NONE',  ( -12.69999999999999751, 3.061616997868373773E-16, 10.19999999999994245 ) ) ;
#2119 = ORIENTED_EDGE ( 'NONE', *, *, #1690, .T. ) ;
#2120 = DIRECTION ( 'NONE',  ( 0.000000000000000000, 0.000000000000000000, -1.000000000000000000 ) ) ;
#2121 = VERTEX_POINT ( 'NONE', #193 ) ;
#2122 = CARTESIAN_POINT ( 'NONE',  ( -9.525000000000000355, 15.22687436074360257, 42.18837563696011017 ) ) ;
#2123 = CARTESIAN_POINT ( 'NONE',  ( 7.746038523653021987E-16, 25.40000000000000213, 40.59999999999998010 ) ) ;
#2124 = ORIENTED_EDGE ( 'NONE', *, *, #3194, .F. ) ;
#2125 = CARTESIAN_POINT ( 'NONE',  ( 12.70000000000000107, 14.13894155320100943, 44.18182571315276874 ) ) ;
#2126 = EDGE_LOOP ( 'NONE', ( #551, #304, #532, #2081 ) ) ;
#2127 = LINE ( 'NONE', #2501, #1440 ) ;
#2128 = ORIENTED_EDGE ( 'NONE', *, *, #599, .F. ) ;
#2129 = DIRECTION ( 'NONE',  ( -1.000000000000000000, -0.000000000000000000, -0.000000000000000000 ) ) ;
#2130 = CIRCLE ( 'NONE', #3702, 2.271000000000002128 ) ;
#2131 = EDGE_LOOP ( 'NONE', ( #4502, #689, #4672, #2305 ) ) ;
#2132 = ADVANCED_FACE ( 'NONE', ( #4567 ), #654, .T. ) ;
#2133 = DIRECTION ( 'NONE',  ( -1.000000000000000000, -0.000000000000000000, -0.000000000000000000 ) ) ;
#2134 = AXIS2_PLACEMENT_3D ( 'NONE', #3471, #3814, #2677 ) ;
#2135 = CARTESIAN_POINT ( 'NONE',  ( 12.70000000000000107, -11.15407434219252103, 49.24267219815796182 ) ) ;
#2136 = EDGE_CURVE ( 'NONE', #4774, #2566, #2155, .T. ) ;
#2137 = FACE_OUTER_BOUND ( 'NONE', #1066, .T. ) ;
#2138 = VERTEX_POINT ( 'NONE', #3197 ) ;
#2139 = CARTESIAN_POINT ( 'NONE',  ( 12.70000000000000107, 15.22687436074360257, 42.18837563696011017 ) ) ;
#2140 = CC_DESIGN_APPROVAL ( #2460, ( #3026 ) ) ;
#2141 = ORIENTED_EDGE ( 'NONE', *, *, #1878, .T. ) ;
#2142 = AXIS2_PLACEMENT_3D ( 'NONE', #4206, #4185, #3081 ) ;
#2143 = DIRECTION ( 'NONE',  ( -1.000000000000000000, -0.000000000000000000, -0.000000000000000000 ) ) ;
#2144 = DIRECTION ( 'NONE',  ( -1.000000000000000000, -0.000000000000000000, -0.000000000000000000 ) ) ;
#2145 = EDGE_LOOP ( 'NONE', ( #523, #2097, #2604, #4227 ) ) ;
#2146 = DIRECTION ( 'NONE',  ( 1.000000000000000000, 0.000000000000000000, 0.000000000000000000 ) ) ;
#2147 = ORIENTED_EDGE ( 'NONE', *, *, #4663, .F. ) ;
#2148 = AXIS2_PLACEMENT_3D ( 'NONE', #4219, #2743, #2432 ) ;
#2149 = AXIS2_PLACEMENT_3D ( 'NONE', #3233, #3629, #2905 ) ;
#2150 = DIRECTION ( 'NONE',  ( 0.000000000000000000, 0.000000000000000000, -1.000000000000000000 ) ) ;
#2151 = AXIS2_PLACEMENT_3D ( 'NONE', #4797, #1025, #2528 ) ;
#2152 = ORIENTED_EDGE ( 'NONE', *, *, #3644, .F. ) ;
#2153 = VECTOR ( 'NONE', #4376, 1000.000000000000000 ) ;
#2154 = CARTESIAN_POINT ( 'NONE',  ( 12.70000000000000107, -14.16298196909034779, 40.07482701602484099 ) ) ;
#2155 = CIRCLE ( 'NONE', #3493, 2.080499999999998906 ) ;
#2156 = DIRECTION ( 'NONE',  ( -0.000000000000000000, 1.000000000000000000, -0.000000000000000000 ) ) ;
#2157 = ORIENTED_EDGE ( 'NONE', *, *, #744, .F. ) ;
#2158 = CARTESIAN_POINT ( 'NONE',  ( 12.70000000000000107, -25.39999999999999503, 76.20000000000000284 ) ) ;
#2159 = CC_DESIGN_DATE_AND_TIME_ASSIGNMENT ( #4146, #4124, ( #3026 ) ) ;
#2160 = LINE ( 'NONE', #948, #892 ) ;
#2161 = CARTESIAN_POINT ( 'NONE',  ( 1.861463134703975909E-15, 25.40000000000000213, 61.00000000000001421 ) ) ;
#2162 = CARTESIAN_POINT ( 'NONE',  ( -12.69999999999999929, 3.061616997868373773E-16, 61.00000000000001421 ) ) ;
#2163 = EDGE_CURVE ( 'NONE', #3143, #3308, #740, .T. ) ;
#2164 = ORIENTED_EDGE ( 'NONE', *, *, #3924, .T. ) ;
#2165 = PERSON ( 'UNSPECIFIED', 'UNSPECIFIED', 'UNSPECIFIED', ('UNSPECIFIED'), ('UNSPECIFIED'), ('UNSPECIFIED') ) ;
#2166 = DIRECTION ( 'NONE',  ( 1.000000000000000000, -0.000000000000000000, -0.000000000000000000 ) ) ;
#2167 = DIRECTION ( 'NONE',  ( -1.000000000000000000, -0.000000000000000000, -0.000000000000000000 ) ) ;
#2168 = ORIENTED_EDGE ( 'NONE', *, *, #3874, .T. ) ;
#2169 = DIRECTION ( 'NONE',  ( 0.000000000000000000, 0.000000000000000000, -1.000000000000000000 ) ) ;
#2170 = ORIENTED_EDGE ( 'NONE', *, *, #1793, .F. ) ;
#2171 = EDGE_CURVE ( 'NONE', #825, #615, #2526, .T. ) ;
#2172 = EDGE_CURVE ( 'NONE', #4169, #4802, #3263, .T. ) ;
#2173 = ADVANCED_FACE ( 'NONE', ( #311 ), #221, .F. ) ;
#2174 = DIRECTION ( 'NONE',  ( 0.000000000000000000, 0.000000000000000000, 1.000000000000000000 ) ) ;
#2175 = ORIENTED_EDGE ( 'NONE', *, *, #3849, .T. ) ;
#2176 = FACE_OUTER_BOUND ( 'NONE', #4250, .T. ) ;
#2177 = DIRECTION ( 'NONE',  ( 1.000000000000000000, -0.000000000000000000, -0.000000000000000000 ) ) ;
#2178 = AXIS2_PLACEMENT_3D ( 'NONE', #1993, #1200, #2367 ) ;
#2179 = VECTOR ( 'NONE', #1665, 1000.000000000000000 ) ;
#2180 = ORIENTED_EDGE ( 'NONE', *, *, #3559, .F. ) ;
#2181 = CIRCLE ( 'NONE', #4142, 2.499999999999988454 ) ;
#2182 = AXIS2_PLACEMENT_3D ( 'NONE', #4500, #3373, #3714 ) ;
#2183 = LINE ( 'NONE', #3294, #3514 ) ;
#2184 = AXIS2_PLACEMENT_3D ( 'NONE', #1205, #3456, #4552 ) ;
#2185 = CARTESIAN_POINT ( 'NONE',  ( 9.525000000000000355, 16.22512784221244786, 45.07919284400875171 ) ) ;
#2186 = CARTESIAN_POINT ( 'NONE',  ( 1.555301434917138038E-15, -25.39999999999999503, 25.39999999999999858 ) ) ;
#2187 = ORIENTED_EDGE ( 'NONE', *, *, #686, .F. ) ;
#2188 = FACE_BOUND ( 'NONE', #2822, .T. ) ;
#2189 = DIRECTION ( 'NONE',  ( 0.000000000000000000, 0.000000000000000000, 1.000000000000000000 ) ) ;
#2190 = AXIS2_PLACEMENT_3D ( 'NONE', #1531, #1507, #4528 ) ;
#2191 = EDGE_LOOP ( 'NONE', ( #4772, #2086 ) ) ;
#2192 = CYLINDRICAL_SURFACE ( 'NONE', #2012, 2.271000000000002128 ) ;
#2193 = DIRECTION ( 'NONE',  ( 1.000000000000000000, 0.000000000000000000, 0.000000000000000000 ) ) ;
#2194 = CARTESIAN_POINT ( 'NONE',  ( 12.70000000000000107, 10.07084749364666365, 25.18106772950216765 ) ) ;
#2195 = ORIENTED_EDGE ( 'NONE', *, *, #1331, .F. ) ;
#2196 = CYLINDRICAL_SURFACE ( 'NONE', #578, 2.271000000000002128 ) ;
#2197 = ORIENTED_EDGE ( 'NONE', *, *, #4573, .T. ) ;
#2198 = EDGE_CURVE ( 'NONE', #2860, #1588, #2160, .T. ) ;
#2199 = EDGE_CURVE ( 'NONE', #3013, #3606, #3962, .T. ) ;
#2200 = DIRECTION ( 'NONE',  ( -0.000000000000000000, 1.000000000000000000, -0.000000000000000000 ) ) ;
#2201 = EDGE_CURVE ( 'NONE', #2925, #2493, #631, .T. ) ;
#2202 = EDGE_LOOP ( 'NONE', ( #1464, #3869, #457, #4429 ) ) ;
#2203 = DIRECTION ( 'NONE',  ( 0.000000000000000000, 0.000000000000000000, 1.000000000000000000 ) ) ;
#2204 = EDGE_CURVE ( 'NONE', #4401, #3313, #4275, .T. ) ;
#2205 = CARTESIAN_POINT ( 'NONE',  ( 12.70000000000000107, 8.791741348502393194, 49.37808867056088502 ) ) ;
#2206 = EDGE_CURVE ( 'NONE', #4755, #1514, #4009, .T. ) ;
#2207 = EDGE_CURVE ( 'NONE', #2044, #4333, #1723, .T. ) ;
#2208 = DIRECTION ( 'NONE',  ( -1.000000000000000000, 0.000000000000000000, 0.000000000000000000 ) ) ;
#2209 = ORIENTED_EDGE ( 'NONE', *, *, #1407, .F. ) ;
#2210 = FACE_OUTER_BOUND ( 'NONE', #3646, .T. ) ;
#2211 = AXIS2_PLACEMENT_3D ( 'NONE', #2902, #633, #1447 ) ;
#2212 = DIRECTION ( 'NONE',  ( -0.000000000000000000, 1.000000000000000000, -0.000000000000000000 ) ) ;
#2213 = EDGE_LOOP ( 'NONE', ( #2835, #4245 ) ) ;
#2214 = ADVANCED_FACE ( 'NONE', ( #1047 ), #677, .F. ) ;
#2215 = DIRECTION ( 'NONE',  ( -0.000000000000000000, 1.000000000000000000, -0.000000000000000000 ) ) ;
#2216 = LINE ( 'NONE', #2630, #847 ) ;
#2217 = AXIS2_PLACEMENT_3D ( 'NONE', #4336, #4313, #1334 ) ;
#2218 = ORIENTED_EDGE ( 'NONE', *, *, #1944, .T. ) ;
#2219 = PLANE ( 'NONE',  #1706 ) ;
#2220 = LINE ( 'NONE', #2998, #3829 ) ;
#2221 = DIRECTION ( 'NONE',  ( 0.000000000000000000, 0.000000000000000000, 1.000000000000000000 ) ) ;
#2222 = CIRCLE ( 'NONE', #1819, 2.080499999999998906 ) ;
#2223 = EDGE_LOOP ( 'NONE', ( #1390, #1556 ) ) ;
#2224 = CARTESIAN_POINT ( 'NONE',  ( 12.70000000000000107, 3.577867169202164632E-15, 38.10000000000001563 ) ) ;
#2225 = AXIS2_PLACEMENT_3D ( 'NONE', #2080, #4689, #181 ) ;
#2226 = LINE ( 'NONE', #3720, #256 ) ;
#2227 = EDGE_LOOP ( 'NONE', ( #3300, #3138 ) ) ;
#2228 = CARTESIAN_POINT ( 'NONE',  ( -12.69999999999999751, 12.69999999999999929, 10.20000000000000817 ) ) ;
#2229 = CARTESIAN_POINT ( 'NONE',  ( -9.525000000000000355, 16.22354728284508951, 35.83785636811239073 ) ) ;
#2230 = AXIS2_PLACEMENT_3D ( 'NONE', #3485, #2382, #2107 ) ;
#2231 = EDGE_CURVE ( 'NONE', #177, #944, #1046, .T. ) ;
#2232 = ADVANCED_FACE ( 'NONE', ( #3295 ), #4796, .F. ) ;
#2233 = EDGE_LOOP ( 'NONE', ( #430, #986, #41, #2016 ) ) ;
#2234 = PERSON_AND_ORGANIZATION ( #2165, #3243 ) ;
#2235 = ORIENTED_EDGE ( 'NONE', *, *, #667, .T. ) ;
#2236 = AXIS2_PLACEMENT_3D ( 'NONE', #2927, #4452, #2558 ) ;
#2237 = CARTESIAN_POINT ( 'NONE',  ( -9.525000000000000355, -15.22687436074362388, 34.01162436304002767 ) ) ;
#2238 = AXIS2_PLACEMENT_3D ( 'NONE', #770, #4555, #819 ) ;
#2239 = AXIS2_PLACEMENT_3D ( 'NONE', #1069, #357, #3806 ) ;
#2240 = DIRECTION ( 'NONE',  ( -0.000000000000000000, -0.000000000000000000, -1.000000000000000000 ) ) ;
#2241 = VERTEX_POINT ( 'NONE', #4052 ) ;
#2242 = DIRECTION ( 'NONE',  ( -0.000000000000000000, -1.000000000000000000, -0.000000000000000000 ) ) ;
#2243 = ORIENTED_EDGE ( 'NONE', *, *, #384, .T. ) ;
#2244 = DIRECTION ( 'NONE',  ( -1.000000000000000000, 0.000000000000000000, 0.000000000000000000 ) ) ;
#2245 = DIRECTION ( 'NONE',  ( -1.000000000000000000, -0.000000000000000000, -0.000000000000000000 ) ) ;
#2246 = CARTESIAN_POINT ( 'NONE',  ( 12.70000000000000107, -5.371240620587816927, 24.84708431341438839 ) ) ;
#2247 = ORIENTED_EDGE ( 'NONE', *, *, #118, .F. ) ;
#2248 = DIRECTION ( 'NONE',  ( 0.000000000000000000, 0.000000000000000000, 1.000000000000000000 ) ) ;
#2249 = FACE_OUTER_BOUND ( 'NONE', #2471, .T. ) ;
#2250 = ORIENTED_EDGE ( 'NONE', *, *, #667, .F. ) ;
#2251 = CARTESIAN_POINT ( 'NONE',  ( 7.746038523653021987E-16, -25.39999999999999503, 50.79999999999999716 ) ) ;
#2252 = CARTESIAN_POINT ( 'NONE',  ( 0.000000000000000000, -22.22499999999999787, 12.69999999999999929 ) ) ;
#2253 = FACE_OUTER_BOUND ( 'NONE', #3651, .T. ) ;
#2254 = CIRCLE ( 'NONE', #519, 2.080499999999998906 ) ;
#2255 = VERTEX_POINT ( 'NONE', #2185 ) ;
#2256 = APPROVAL_DATE_TIME ( #3384, #4720 ) ;
#2257 = ORIENTED_EDGE ( 'NONE', *, *, #1541, .T. ) ;
#2258 = CARTESIAN_POINT ( 'NONE',  ( -9.525000000000002132, -12.69999999999999929, 63.50000000000000000 ) ) ;
#2259 = AXIS2_PLACEMENT_3D ( 'NONE', #3856, #1593, #3834 ) ;
#2260 = EDGE_CURVE ( 'NONE', #2285, #1013, #3099, .T. ) ;
#2261 = CARTESIAN_POINT ( 'NONE',  ( 0.000000000000000000, 25.40000000000000213, 12.69999999999999929 ) ) ;
#2262 = AXIS2_PLACEMENT_3D ( 'NONE', #2229, #1966, #3008 ) ;
#2263 = DIRECTION ( 'NONE',  ( -1.000000000000000000, 0.000000000000000000, 0.000000000000000000 ) ) ;
#2264 = ORIENTED_EDGE ( 'NONE', *, *, #3230, .T. ) ;
#2265 = AXIS2_PLACEMENT_3D ( 'NONE', #2758, #4261, #1557 ) ;
#2266 = AXIS2_PLACEMENT_3D ( 'NONE', #3475, #858, #2045 ) ;
#2267 = DIRECTION ( 'NONE',  ( 0.000000000000000000, 0.000000000000000000, 1.000000000000000000 ) ) ;
#2268 = DIRECTION ( 'NONE',  ( 1.000000000000000000, -0.000000000000000000, -0.000000000000000000 ) ) ;
#2269 = DIRECTION ( 'NONE',  ( -1.000000000000000000, -0.000000000000000000, -0.000000000000000000 ) ) ;
#2270 = ORIENTED_EDGE ( 'NONE', *, *, #4559, .F. ) ;
#2271 = CARTESIAN_POINT ( 'NONE',  ( -9.525000000000000355, 2.068405620284300195, 20.55903068698950520 ) ) ;
#2272 = CARTESIAN_POINT ( 'NONE',  ( 12.70000000000000107, 0.000000000000000000, 12.69999999999993356 ) ) ;
#2273 = EDGE_LOOP ( 'NONE', ( #3974, #3265, #3721, #2825 ) ) ;
#2274 = CARTESIAN_POINT ( 'NONE',  ( -9.525000000000000355, 3.577867169202164632E-15, 38.10000000000001563 ) ) ;
#2275 = CARTESIAN_POINT ( 'NONE',  ( 1.555301434917138433E-15, -22.22499999999999787, 65.99999999999998579 ) ) ;
#2276 = ORIENTED_EDGE ( 'NONE', *, *, #3105, .T. ) ;
#2277 = DIRECTION ( 'NONE',  ( 0.000000000000000000, 0.000000000000000000, 1.000000000000000000 ) ) ;
#2278 = CALENDAR_DATE ( 2024, 18, 9 ) ;
#2279 = EDGE_LOOP ( 'NONE', ( #2446, #886 ) ) ;
#2280 = DIRECTION ( 'NONE',  ( 0.000000000000000000, 0.000000000000000000, 1.000000000000000000 ) ) ;
#2281 = DIRECTION ( 'NONE',  ( 0.000000000000000000, 0.000000000000000000, 1.000000000000000000 ) ) ;
#2282 = EDGE_CURVE ( 'NONE', #4645, #3972, #2849, .T. ) ;
#2283 = ORIENTED_EDGE ( 'NONE', *, *, #1957, .F. ) ;
#2284 = FACE_OUTER_BOUND ( 'NONE', #1528, .T. ) ;
#2285 = VERTEX_POINT ( 'NONE', #609 ) ;
#2286 = EDGE_CURVE ( 'NONE', #777, #309, #500, .T. ) ;
#2287 = FACE_BOUND ( 'NONE', #3234, .T. ) ;
#2288 = LINE ( 'NONE', #3394, #294 ) ;
#2289 = CARTESIAN_POINT ( 'NONE',  ( -12.69999999999999929, 12.69999999999999929, 61.00000000000001421 ) ) ;
#2290 = VERTEX_POINT ( 'NONE', #1140 ) ;
#2291 = CYLINDRICAL_SURFACE ( 'NONE', #2079, 2.080499999999998906 ) ;
#2292 = AXIS2_PLACEMENT_3D ( 'NONE', #4378, #982, #1072 ) ;
#2293 = CIRCLE ( 'NONE', #559, 2.271000000000002128 ) ;
#2294 = CARTESIAN_POINT ( 'NONE',  ( -12.69999999999999751, 14.15672222192810992, 48.66177646900214881 ) ) ;
#2295 = DIRECTION ( 'NONE',  ( -1.000000000000000000, -0.000000000000000000, -0.000000000000000000 ) ) ;
#2296 = ORIENTED_EDGE ( 'NONE', *, *, #1540, .T. ) ;
#2297 = DIRECTION ( 'NONE',  ( 0.000000000000000000, 0.000000000000000000, 1.000000000000000000 ) ) ;
#2298 = ORIENTED_EDGE ( 'NONE', *, *, #1387, .F. ) ;
#2299 = CARTESIAN_POINT ( 'NONE',  ( 12.70000000000000107, -15.22687436074365230, 42.18837563695990411 ) ) ;
#2300 = ORIENTED_EDGE ( 'NONE', *, *, #1895, .T. ) ;
#2301 = AXIS2_PLACEMENT_3D ( 'NONE', #2261, #380, #3707 ) ;
#2302 = CARTESIAN_POINT ( 'NONE',  ( 12.70000000000000107, -12.33648634558010748, 47.30376971111923723 ) ) ;
#2303 = CARTESIAN_POINT ( 'NONE',  ( -12.69999999999999751, -6.152699789198520897, 53.28107590238573010 ) ) ;
#2304 = CIRCLE ( 'NONE', #3329, 2.080499999999998906 ) ;
#2305 = ORIENTED_EDGE ( 'NONE', *, *, #384, .F. ) ;
#2306 = CIRCLE ( 'NONE', #185, 2.499999999999995115 ) ;
#2307 = EDGE_CURVE ( 'NONE', #1437, #1782, #4585, .T. ) ;
#2308 = AXIS2_PLACEMENT_3D ( 'NONE', #1455, #2955, #4781 ) ;
#2309 = CARTESIAN_POINT ( 'NONE',  ( -12.69999999999999751, 0.000000000000000000, 15.19999999999992468 ) ) ;
#2310 = ORIENTED_EDGE ( 'NONE', *, *, #4196, .T. ) ;
#2311 = DIRECTION ( 'NONE',  ( 0.000000000000000000, 1.000000000000000000, 0.000000000000000000 ) ) ;
#2312 = DIRECTION ( 'NONE',  ( -1.000000000000000000, -0.000000000000000000, -0.000000000000000000 ) ) ;
#2313 = ORIENTED_EDGE ( 'NONE', *, *, #2355, .F. ) ;
#2314 = DIRECTION ( 'NONE',  ( -0.000000000000000000, -1.000000000000000000, -0.000000000000000000 ) ) ;
#2315 = EDGE_CURVE ( 'NONE', #3088, #2009, #4103, .T. ) ;
#2316 = DIRECTION ( 'NONE',  ( 0.000000000000000000, 0.000000000000000000, 1.000000000000000000 ) ) ;
#2317 = CIRCLE ( 'NONE', #3872, 2.499999999999988454 ) ;
#2318 = EDGE_CURVE ( 'NONE', #4258, #3318, #3803, .T. ) ;
#2319 = DIRECTION ( 'NONE',  ( -1.000000000000000000, 0.000000000000000000, 0.000000000000000000 ) ) ;
#2320 = ORIENTED_EDGE ( 'NONE', *, *, #4595, .F. ) ;
#2321 = EDGE_CURVE ( 'NONE', #573, #1401, #4079, .T. ) ;
#2322 = CARTESIAN_POINT ( 'NONE',  ( 9.525000000000000355, -14.13894155320108759, 44.18182571315256268 ) ) ;
#2323 = EDGE_CURVE ( 'NONE', #309, #3012, #1288, .T. ) ;
#2324 = ORIENTED_EDGE ( 'NONE', *, *, #976, .F. ) ;
#2325 = DIRECTION ( 'NONE',  ( 1.000000000000000000, 0.000000000000000000, 0.000000000000000000 ) ) ;
#2326 = DATE_TIME_ROLE ( 'classification_date' ) ;
#2327 = ORIENTED_EDGE ( 'NONE', *, *, #813, .T. ) ;
#2328 = FACE_OUTER_BOUND ( 'NONE', #117, .T. ) ;
#2329 = VERTEX_POINT ( 'NONE', #4849 ) ;
#2330 = CIRCLE ( 'NONE', #2418, 2.499999999999988454 ) ;
#2331 = VECTOR ( 'NONE', #1022, 1000.000000000000000 ) ;
#2332 = CARTESIAN_POINT ( 'NONE',  ( 1.861463134703975514E-15, 25.40000000000000213, 22.90000000000000568 ) ) ;
#2333 = ORIENTED_EDGE ( 'NONE', *, *, #3603, .F. ) ;
#2334 = AXIS2_PLACEMENT_3D ( 'NONE', #2546, #2177, #3678 ) ;
#2335 = LINE ( 'NONE', #145, #2798 ) ;
#2336 = AXIS2_PLACEMENT_3D ( 'NONE', #3490, #3566, #190 ) ;
#2337 = DIRECTION ( 'NONE',  ( 1.000000000000000000, 0.000000000000000000, 0.000000000000000000 ) ) ;
#2338 = ORIENTED_EDGE ( 'NONE', *, *, #744, .T. ) ;
#2339 = CARTESIAN_POINT ( 'NONE',  ( -12.69999999999999751, 0.000000000000000000, 15.19999999999992468 ) ) ;
#2340 = DIRECTION ( 'NONE',  ( -1.000000000000000000, 0.000000000000000000, 0.000000000000000000 ) ) ;
#2341 = AXIS2_PLACEMENT_3D ( 'NONE', #888, #3479, #4236 ) ;
#2342 = CIRCLE ( 'NONE', #999, 2.499999999999988454 ) ;
#2343 = CYLINDRICAL_SURFACE ( 'NONE', #3210, 2.080499999999998906 ) ;
#2344 = AXIS2_PLACEMENT_3D ( 'NONE', #4127, #3390, #1097 ) ;
#2345 = DIRECTION ( 'NONE',  ( -0.000000000000000000, 1.000000000000000000, -0.000000000000000000 ) ) ;
#2346 = ORIENTED_EDGE ( 'NONE', *, *, #1793, .T. ) ;
#2347 = DIRECTION ( 'NONE',  ( 0.000000000000000000, 0.000000000000000000, 1.000000000000000000 ) ) ;
#2348 = EDGE_CURVE ( 'NONE', #4557, #1175, #4120, .T. ) ;
#2349 = VECTOR ( 'NONE', #2422, 1000.000000000000000 ) ;
#2350 = ADVANCED_FACE ( 'NONE', ( #1863 ), #2993, .F. ) ;
#2351 = EDGE_LOOP ( 'NONE', ( #1572, #3703, #4699, #1406 ) ) ;
#2352 = CYLINDRICAL_SURFACE ( 'NONE', #2238, 2.271000000000002128 ) ;
#2353 = ORIENTED_EDGE ( 'NONE', *, *, #2321, .F. ) ;
#2354 = EDGE_CURVE ( 'NONE', #1958, #3196, #3725, .T. ) ;
#2355 = EDGE_CURVE ( 'NONE', #3508, #3268, #4675, .T. ) ;
#2356 = ORIENTED_EDGE ( 'NONE', *, *, #4516, .T. ) ;
#2357 = DIRECTION ( 'NONE',  ( -1.000000000000000000, -0.000000000000000000, -0.000000000000000000 ) ) ;
#2358 = EDGE_LOOP ( 'NONE', ( #2669, #2523, #1822, #3676 ) ) ;
#2359 = FACE_BOUND ( 'NONE', #121, .T. ) ;
#2360 = ORIENTED_EDGE ( 'NONE', *, *, #4483, .T. ) ;
#2361 = DIRECTION ( 'NONE',  ( 0.000000000000000000, 1.000000000000000000, 0.000000000000000000 ) ) ;
#2362 = EDGE_CURVE ( 'NONE', #3601, #4329, #1760, .T. ) ;
#2363 = DIRECTION ( 'NONE',  ( 0.000000000000000000, 0.000000000000000000, -1.000000000000000000 ) ) ;
#2364 = VERTEX_POINT ( 'NONE', #38 ) ;
#2365 = DIRECTION ( 'NONE',  ( 0.000000000000000000, 0.000000000000000000, 1.000000000000000000 ) ) ;
#2366 = CARTESIAN_POINT ( 'NONE',  ( -12.69999999999999751, 3.577867169202164632E-15, 55.76250000000001705 ) ) ;
#2367 = DIRECTION ( 'NONE',  ( 0.000000000000000000, 0.000000000000000000, 1.000000000000000000 ) ) ;
#2368 = CARTESIAN_POINT ( 'NONE',  ( 1.080765552152139379E-15, 25.40000000000000213, 48.30000000000001137 ) ) ;
#2369 = LINE ( 'NONE', #4285, #1107 ) ;
#2370 = AXIS2_PLACEMENT_3D ( 'NONE', #3552, #2444, #3156 ) ;
#2371 = CYLINDRICAL_SURFACE ( 'NONE', #4314, 2.080499999999998906 ) ;
#2372 = EDGE_LOOP ( 'NONE', ( #202, #4368, #514, #3247 ) ) ;
#2373 = CARTESIAN_POINT ( 'NONE',  ( 12.70000000000000107, 0.000000000000000000, 15.19999999999993001 ) ) ;
#2374 = VECTOR ( 'NONE', #2156, 1000.000000000000000 ) ;
#2375 = ORIENTED_EDGE ( 'NONE', *, *, #624, .T. ) ;
#2376 = CARTESIAN_POINT ( 'NONE',  ( -9.525000000000000355, 12.33648634557998314, 47.30376971111940776 ) ) ;
#2377 = ORIENTED_EDGE ( 'NONE', *, *, #2323, .F. ) ;
#2378 = ORIENTED_EDGE ( 'NONE', *, *, #630, .F. ) ;
#2379 = EDGE_CURVE ( 'NONE', #1782, #2895, #2628, .T. ) ;
#2380 = AXIS2_PLACEMENT_3D ( 'NONE', #1383, #2592, #4089 ) ;
#2381 = EDGE_CURVE ( 'NONE', #1381, #605, #3794, .T. ) ;
#2382 = DIRECTION ( 'NONE',  ( 1.000000000000000000, 0.000000000000000000, 0.000000000000000000 ) ) ;
#2383 = ORIENTED_EDGE ( 'NONE', *, *, #2282, .F. ) ;
#2384 = CARTESIAN_POINT ( 'NONE',  ( -12.69999999999999751, 25.40000000000000213, 0.000000000000000000 ) ) ;
#2385 = EDGE_LOOP ( 'NONE', ( #1144, #3965, #2147, #1163 ) ) ;
#2386 = AXIS2_PLACEMENT_3D ( 'NONE', #3127, #853, #536 ) ;
#2387 = DIRECTION ( 'NONE',  ( -1.000000000000000000, 0.000000000000000000, 0.000000000000000000 ) ) ;
#2388 = FACE_BOUND ( 'NONE', #469, .T. ) ;
#2389 = ORIENTED_EDGE ( 'NONE', *, *, #4334, .F. ) ;
#2390 = DIRECTION ( 'NONE',  ( 0.000000000000000000, 0.000000000000000000, 1.000000000000000000 ) ) ;
#2391 = DIRECTION ( 'NONE',  ( -1.000000000000000000, -0.000000000000000000, -0.000000000000000000 ) ) ;
#2392 = CIRCLE ( 'NONE', #2386, 2.080499999999998906 ) ;
#2393 = DIRECTION ( 'NONE',  ( 0.000000000000000000, 0.000000000000000000, -1.000000000000000000 ) ) ;
#2394 = EDGE_CURVE ( 'NONE', #1238, #432, #4824, .T. ) ;
#2395 = AXIS2_PLACEMENT_3D ( 'NONE', #2929, #4455, #3717 ) ;
#2396 = CARTESIAN_POINT ( 'NONE',  ( 12.70000000000000107, -1.802455207620986100, 53.38559542427184823 ) ) ;
#2397 = CARTESIAN_POINT ( 'NONE',  ( 9.525000000000000355, 2.068405620284298418, 55.64096931301052251 ) ) ;
#2398 = CARTESIAN_POINT ( 'NONE',  ( 12.70000000000000107, 3.577867169202164632E-15, 38.10000000000001563 ) ) ;
#2399 = ORIENTED_EDGE ( 'NONE', *, *, #2362, .T. ) ;
#2400 = CARTESIAN_POINT ( 'NONE',  ( -9.525000000000000355, 1.802455207620993427, 53.38559542427184823 ) ) ;
#2401 = CARTESIAN_POINT ( 'NONE',  ( 0.000000000000000000, -25.39999999999999503, 15.19999999999999218 ) ) ;
#2402 = EDGE_LOOP ( 'NONE', ( #4193, #1539, #459, #2746 ) ) ;
#2403 = ORIENTED_EDGE ( 'NONE', *, *, #4260, .T. ) ;
#2404 = CARTESIAN_POINT ( 'NONE',  ( 12.70000000000000107, 3.061616997868380183E-16, 10.19999999999993712 ) ) ;
#2405 = VERTEX_POINT ( 'NONE', #1520 ) ;
#2406 = CYLINDRICAL_SURFACE ( 'NONE', #3599, 2.080499999999998906 ) ;
#2407 = ORIENTED_EDGE ( 'NONE', *, *, #570, .F. ) ;
#2408 = EDGE_CURVE ( 'NONE', #1801, #134, #1434, .T. ) ;
#2409 = EDGE_CURVE ( 'NONE', #319, #2290, #2069, .T. ) ;
#2410 = FACE_OUTER_BOUND ( 'NONE', #1672, .T. ) ;
#2411 = DIRECTION ( 'NONE',  ( -1.000000000000000000, -0.000000000000000000, -0.000000000000000000 ) ) ;
#2412 = AXIS2_PLACEMENT_3D ( 'NONE', #1674, #1251, #1223 ) ;
#2413 = ORIENTED_EDGE ( 'NONE', *, *, #1714, .F. ) ;
#2414 = DIRECTION ( 'NONE',  ( 1.000000000000000000, -0.000000000000000000, -0.000000000000000000 ) ) ;
#2415 = CARTESIAN_POINT ( 'NONE',  ( -12.69999999999999751, 12.69999999999999929, 15.19999999999999218 ) ) ;
#2416 = ADVANCED_FACE ( 'NONE', ( #2603 ), #3342, .F. ) ;
#2417 = ORIENTED_EDGE ( 'NONE', *, *, #264, .F. ) ;
#2418 = AXIS2_PLACEMENT_3D ( 'NONE', #826, #2361, #3171 ) ;
#2419 = AXIS2_PLACEMENT_3D ( 'NONE', #1496, #2263, #1471 ) ;
#2420 = CYLINDRICAL_SURFACE ( 'NONE', #2266, 17.66250000000000497 ) ;
#2421 = LINE ( 'NONE', #4631, #3861 ) ;
#2422 = DIRECTION ( 'NONE',  ( -0.000000000000000000, 1.000000000000000000, -0.000000000000000000 ) ) ;
#2423 = CIRCLE ( 'NONE', #3751, 2.499999999999993339 ) ;
#2424 = ORIENTED_EDGE ( 'NONE', *, *, #2984, .F. ) ;
#2425 = VECTOR ( 'NONE', #3386, 1000.000000000000000 ) ;
#2426 = FACE_BOUND ( 'NONE', #2512, .T. ) ;
#2427 = AXIS2_PLACEMENT_3D ( 'NONE', #2400, #4606, #520 ) ;
#2428 = CARTESIAN_POINT ( 'NONE',  ( -9.525000000000002132, 0.000000000000000000, 12.69999999999993356 ) ) ;
#2429 = EDGE_LOOP ( 'NONE', ( #1337, #3716, #1777, #2195 ) ) ;
#2430 = CIRCLE ( 'NONE', #302, 2.499999999999988454 ) ;
#2431 = ORIENTED_EDGE ( 'NONE', *, *, #3916, .F. ) ;
#2432 = DIRECTION ( 'NONE',  ( 0.000000000000000000, 0.000000000000000000, 1.000000000000000000 ) ) ;
#2433 = VERTEX_POINT ( 'NONE', #4518 ) ;
#2434 = DIRECTION ( 'NONE',  ( 0.000000000000000000, 0.000000000000000000, 1.000000000000000000 ) ) ;
#2435 = VERTEX_POINT ( 'NONE', #3042 ) ;
#2436 = DIRECTION ( 'NONE',  ( 0.000000000000000000, 0.000000000000000000, 1.000000000000000000 ) ) ;
#2437 = EDGE_CURVE ( 'NONE', #1129, #1437, #1094, .T. ) ;
#2438 = FACE_BOUND ( 'NONE', #2223, .T. ) ;
#2439 = ORIENTED_EDGE ( 'NONE', *, *, #562, .F. ) ;
#2440 = APPLICATION_PROTOCOL_DEFINITION ( 'international standard', 'config_control_design', 1994, #1101 ) ;
#2441 = DIRECTION ( 'NONE',  ( 0.000000000000000000, 1.000000000000000000, 0.000000000000000000 ) ) ;
#2442 = VERTEX_POINT ( 'NONE', #2971 ) ;
#2443 = CARTESIAN_POINT ( 'NONE',  ( 12.70000000000000107, -14.13894155320108759, 44.18182571315256268 ) ) ;
#2444 = DIRECTION ( 'NONE',  ( -1.000000000000000000, -0.000000000000000000, -0.000000000000000000 ) ) ;
#2445 = FACE_OUTER_BOUND ( 'NONE', #3484, .T. ) ;
#2446 = ORIENTED_EDGE ( 'NONE', *, *, #785, .F. ) ;
#2447 = ORIENTED_EDGE ( 'NONE', *, *, #604, .T. ) ;
#2448 = DIRECTION ( 'NONE',  ( 0.000000000000000000, 0.000000000000000000, 1.000000000000000000 ) ) ;
#2449 = CARTESIAN_POINT ( 'NONE',  ( -12.69999999999999751, 12.33648634557998314, 47.30376971111940776 ) ) ;
#2450 = VERTEX_POINT ( 'NONE', #4473 ) ;
#2451 = CIRCLE ( 'NONE', #713, 2.499999999999988454 ) ;
#2452 = DIRECTION ( 'NONE',  ( -1.000000000000000000, -0.000000000000000000, -0.000000000000000000 ) ) ;
#2453 = CIRCLE ( 'NONE', #84, 14.30000000000000071 ) ;
#2454 = CARTESIAN_POINT ( 'NONE',  ( -9.525000000000000355, -15.22687436074365230, 42.18837563695990411 ) ) ;
#2455 = ORIENTED_EDGE ( 'NONE', *, *, #2201, .F. ) ;
#2456 = CIRCLE ( 'NONE', #1270, 2.080499999999998906 ) ;
#2457 = DIRECTION ( 'NONE',  ( -1.000000000000000000, -0.000000000000000000, -0.000000000000000000 ) ) ;
#2458 = ORIENTED_EDGE ( 'NONE', *, *, #3072, .T. ) ;
#2459 = DIRECTION ( 'NONE',  ( -1.000000000000000000, -0.000000000000000000, -0.000000000000000000 ) ) ;
#2460 = APPROVAL ( #771, 'UNSPECIFIED' ) ;
#2461 = LINE ( 'NONE', #224, #2787 ) ;
#2462 = VERTEX_POINT ( 'NONE', #2792 ) ;
#2463 = DIRECTION ( 'NONE',  ( 0.000000000000000000, 0.000000000000000000, 1.000000000000000000 ) ) ;
#2464 = DIRECTION ( 'NONE',  ( 0.000000000000000000, 0.000000000000000000, 1.000000000000000000 ) ) ;
#2465 = ORIENTED_EDGE ( 'NONE', *, *, #2714, .T. ) ;
#2466 = DIRECTION ( 'NONE',  ( 0.000000000000000000, 0.000000000000000000, 1.000000000000000000 ) ) ;
#2467 = CARTESIAN_POINT ( 'NONE',  ( -9.525000000000002132, 3.061616997868375253E-16, 10.19999999999994067 ) ) ;
#2468 = ORIENTED_EDGE ( 'NONE', *, *, #4635, .T. ) ;
#2469 = CIRCLE ( 'NONE', #2932, 2.080499999999998906 ) ;
#2470 = CYLINDRICAL_SURFACE ( 'NONE', #766, 2.499999999999992006 ) ;
#2471 = EDGE_LOOP ( 'NONE', ( #142, #3937, #3813, #2128 ) ) ;
#2472 = VECTOR ( 'NONE', #4191, 1000.000000000000000 ) ;
#2473 = CARTESIAN_POINT ( 'NONE',  ( -9.525000000000000355, 16.22512784221258997, 31.12080715599162417 ) ) ;
#2474 = VECTOR ( 'NONE', #1772, 1000.000000000000000 ) ;
#2475 = AXIS2_PLACEMENT_3D ( 'NONE', #2303, #3367, #4877 ) ;
#2476 = ADVANCED_FACE ( 'NONE', ( #3827 ), #429, .T. ) ;
#2477 = CARTESIAN_POINT ( 'NONE',  ( -12.69999999999999751, -14.16298196909033535, 36.12517298397507659 ) ) ;
#2478 = ORIENTED_EDGE ( 'NONE', *, *, #3645, .T. ) ;
#2479 = DIRECTION ( 'NONE',  ( 0.000000000000000000, 0.000000000000000000, 1.000000000000000000 ) ) ;
#2480 = EDGE_CURVE ( 'NONE', #3211, #4266, #405, .T. ) ;
#2481 = DIRECTION ( 'NONE',  ( -1.000000000000000000, -0.000000000000000000, -0.000000000000000000 ) ) ;
#2482 = ORIENTED_EDGE ( 'NONE', *, *, #4391, .T. ) ;
#2483 = CARTESIAN_POINT ( 'NONE',  ( -12.69999999999999751, 3.577867169202164632E-15, 38.10000000000001563 ) ) ;
#2484 = ORIENTED_EDGE ( 'NONE', *, *, #4671, .T. ) ;
#2485 = DIRECTION ( 'NONE',  ( 0.000000000000000000, 0.000000000000000000, 1.000000000000000000 ) ) ;
#2486 = DIRECTION ( 'NONE',  ( 0.000000000000000000, 0.000000000000000000, -1.000000000000000000 ) ) ;
#2487 = VERTEX_POINT ( 'NONE', #2035 ) ;
#2488 = CARTESIAN_POINT ( 'NONE',  ( 7.746038523653021987E-16, 25.40000000000000213, 38.09999999999999432 ) ) ;
#2489 = ORIENTED_EDGE ( 'NONE', *, *, #3162, .F. ) ;
#2490 = VECTOR ( 'NONE', #229, 1000.000000000000000 ) ;
#2491 = CARTESIAN_POINT ( 'NONE',  ( 12.70000000000000107, 12.69999999999999929, 15.19999999999999574 ) ) ;
#2492 = DIRECTION ( 'NONE',  ( -1.000000000000000000, -0.000000000000000000, -0.000000000000000000 ) ) ;
#2493 = VERTEX_POINT ( 'NONE', #4242 ) ;
#2494 = CARTESIAN_POINT ( 'NONE',  ( 0.000000000000000000, 0.000000000000000000, 0.000000000000000000 ) ) ;
#2495 = VERTEX_POINT ( 'NONE', #1239 ) ;
#2496 = AXIS2_PLACEMENT_3D ( 'NONE', #3232, #4832, #2466 ) ;
#2497 = CIRCLE ( 'NONE', #2648, 2.499999999999996891 ) ;
#2498 = CIRCLE ( 'NONE', #2569, 2.499999999999988454 ) ;
#2499 = AXIS2_PLACEMENT_3D ( 'NONE', #2302, #3732, #3705 ) ;
#2500 = EDGE_CURVE ( 'NONE', #3154, #1204, #3958, .T. ) ;
#2501 = CARTESIAN_POINT ( 'NONE',  ( 12.70000000000000107, -16.22512784221253312, 45.07919284400851723 ) ) ;
#2502 = ORIENTED_EDGE ( 'NONE', *, *, #31, .T. ) ;
#2503 = AXIS2_PLACEMENT_3D ( 'NONE', #2322, #2684, #495 ) ;
#2504 = AXIS2_PLACEMENT_3D ( 'NONE', #1511, #3010, #2640 ) ;
#2505 = EDGE_CURVE ( 'NONE', #903, #2405, #20, .T. ) ;
#2506 = EDGE_LOOP ( 'NONE', ( #4007, #1697, #4385, #3873 ) ) ;
#2507 = CARTESIAN_POINT ( 'NONE',  ( 12.70000000000000107, 3.577867169202164632E-15, 38.10000000000001563 ) ) ;
#2508 = CARTESIAN_POINT ( 'NONE',  ( 9.525000000000000355, 3.577867169202164632E-15, 38.10000000000001563 ) ) ;
#2509 = CARTESIAN_POINT ( 'NONE',  ( 9.525000000000000355, -10.07084749364648069, 25.18106772950202199 ) ) ;
#2510 = EDGE_LOOP ( 'NONE', ( #703, #2257, #1342, #1306 ) ) ;
#2511 = FACE_BOUND ( 'NONE', #3800, .T. ) ;
#2512 = EDGE_LOOP ( 'NONE', ( #4474, #1371 ) ) ;
#2513 = DIRECTION ( 'NONE',  ( 0.000000000000000000, -3.335204952611022446E-15, 1.000000000000000000 ) ) ;
#2514 = CYLINDRICAL_SURFACE ( 'NONE', #3961, 2.499999999999988454 ) ;
#2515 = ORIENTED_EDGE ( 'NONE', *, *, #2919, .F. ) ;
#2516 = DIRECTION ( 'NONE',  ( -1.000000000000000000, 0.000000000000000000, -0.000000000000000000 ) ) ;
#2517 = ORIENTED_EDGE ( 'NONE', *, *, #1121, .T. ) ;
#2518 = DIRECTION ( 'NONE',  ( 0.000000000000000000, 0.000000000000000000, -1.000000000000000000 ) ) ;
#2519 = EDGE_CURVE ( 'NONE', #3534, #3048, #648, .T. ) ;
#2520 = ORIENTED_EDGE ( 'NONE', *, *, #603, .T. ) ;
#2521 = DIRECTION ( 'NONE',  ( -1.000000000000000000, -0.000000000000000000, -0.000000000000000000 ) ) ;
#2522 = AXIS2_PLACEMENT_3D ( 'NONE', #1991, #2827, #172 ) ;
#2523 = ORIENTED_EDGE ( 'NONE', *, *, #2920, .F. ) ;
#2524 = FACE_OUTER_BOUND ( 'NONE', #581, .T. ) ;
#2525 = CIRCLE ( 'NONE', #4653, 2.080499999999998906 ) ;
#2526 = LINE ( 'NONE', #3248, #421 ) ;
#2527 = ADVANCED_FACE ( 'NONE', ( #1189 ), #3441, .F. ) ;
#2528 = DIRECTION ( 'NONE',  ( 0.000000000000000000, 0.000000000000000000, 1.000000000000000000 ) ) ;
#2529 = VERTEX_POINT ( 'NONE', #2690 ) ;
#2530 = EDGE_CURVE ( 'NONE', #2364, #2493, #3089, .T. ) ;
#2531 = CARTESIAN_POINT ( 'NONE',  ( 12.70000000000000107, -10.07084749364648069, 27.26156772950202267 ) ) ;
#2532 = EDGE_LOOP ( 'NONE', ( #1049, #2769, #2556, #57 ) ) ;
#2533 = EDGE_CURVE ( 'NONE', #3164, #2450, #4268, .T. ) ;
#2534 = FACE_OUTER_BOUND ( 'NONE', #503, .T. ) ;
#2535 = DIRECTION ( 'NONE',  ( 0.000000000000000000, 0.000000000000000000, 1.000000000000000000 ) ) ;
#2536 = ORIENTED_EDGE ( 'NONE', *, *, #3457, .F. ) ;
#2537 = CARTESIAN_POINT ( 'NONE',  ( -9.525000000000002132, -22.22499999999999787, 0.000000000000000000 ) ) ;
#2538 = ORIENTED_EDGE ( 'NONE', *, *, #4510, .T. ) ;
#2539 = EDGE_CURVE ( 'NONE', #4082, #3408, #3400, .T. ) ;
#2540 = VECTOR ( 'NONE', #782, 1000.000000000000000 ) ;
#2541 = CARTESIAN_POINT ( 'NONE',  ( -12.69999999999999751, 0.000000000000000000, 65.99999999999998579 ) ) ;
#2542 = VECTOR ( 'NONE', #1537, 1000.000000000000000 ) ;
#2543 = VERTEX_POINT ( 'NONE', #2404 ) ;
#2544 = VECTOR ( 'NONE', #808, 1000.000000000000000 ) ;
#2545 = DIRECTION ( 'NONE',  ( 0.000000000000000000, 0.000000000000000000, 1.000000000000000000 ) ) ;
#2546 = CARTESIAN_POINT ( 'NONE',  ( 12.70000000000000107, 10.07084749364666365, 25.18106772950216765 ) ) ;
#2547 = ORIENTED_EDGE ( 'NONE', *, *, #3950, .T. ) ;
#2548 = DIRECTION ( 'NONE',  ( -1.000000000000000000, -0.000000000000000000, -0.000000000000000000 ) ) ;
#2549 = DIRECTION ( 'NONE',  ( -1.000000000000000000, -0.000000000000000000, -0.000000000000000000 ) ) ;
#2550 = DIRECTION ( 'NONE',  ( -0.000000000000000000, 1.000000000000000000, -0.000000000000000000 ) ) ;
#2551 = EDGE_LOOP ( 'NONE', ( #1491, #4637, #4793, #3818 ) ) ;
#2552 = CARTESIAN_POINT ( 'NONE',  ( 12.70000000000000107, -15.22687436074365230, 42.18837563695990411 ) ) ;
#2553 = EDGE_CURVE ( 'NONE', #1017, #4062, #871, .T. ) ;
#2554 = ADVANCED_FACE ( 'NONE', ( #3091 ), #3067, .T. ) ;
#2555 = CARTESIAN_POINT ( 'NONE',  ( 1.861463134703976303E-15, 22.22500000000000142, 61.00000000000001421 ) ) ;
#2556 = ORIENTED_EDGE ( 'NONE', *, *, #2231, .T. ) ;
#2557 = CYLINDRICAL_SURFACE ( 'NONE', #3913, 2.271000000000002128 ) ;
#2558 = DIRECTION ( 'NONE',  ( 0.000000000000000000, 0.000000000000000000, 1.000000000000000000 ) ) ;
#2559 = ORIENTED_EDGE ( 'NONE', *, *, #4210, .F. ) ;
#2560 = CARTESIAN_POINT ( 'NONE',  ( 12.70000000000000107, 15.22687436074368783, 34.01162436304024084 ) ) ;
#2561 = ORIENTED_EDGE ( 'NONE', *, *, #4150, .F. ) ;
#2562 = ADVANCED_FACE ( 'NONE', ( #2715 ), #849, .T. ) ;
#2563 = EDGE_CURVE ( 'NONE', #3183, #4341, #967, .T. ) ;
#2564 = CARTESIAN_POINT ( 'NONE',  ( 7.746038523653021987E-16, -22.22499999999999787, 50.79999999999999716 ) ) ;
#2565 = CIRCLE ( 'NONE', #600, 2.080499999999998906 ) ;
#2566 = VERTEX_POINT ( 'NONE', #4669 ) ;
#2567 = DIRECTION ( 'NONE',  ( 0.000000000000000000, 0.000000000000000000, 1.000000000000000000 ) ) ;
#2568 = CARTESIAN_POINT ( 'NONE',  ( -9.525000000000000355, 15.22687436074368783, 34.01162436304024084 ) ) ;
#2569 = AXIS2_PLACEMENT_3D ( 'NONE', #4691, #2452, #3955 ) ;
#2570 = VECTOR ( 'NONE', #4108, 1000.000000000000000 ) ;
#2571 = CARTESIAN_POINT ( 'NONE',  ( 0.000000000000000000, 25.40000000000000213, 12.69999999999999929 ) ) ;
#2572 = ORIENTED_EDGE ( 'NONE', *, *, #1355, .T. ) ;
#2573 = AXIS2_PLACEMENT_3D ( 'NONE', #327, #4812, #3356 ) ;
#2574 = AXIS2_PLACEMENT_3D ( 'NONE', #4876, #749, #1164 ) ;
#2575 = DIRECTION ( 'NONE',  ( 0.000000000000000000, 0.000000000000000000, 1.000000000000000000 ) ) ;
#2576 = AXIS2_PLACEMENT_3D ( 'NONE', #3213, #1339, #964 ) ;
#2577 = CARTESIAN_POINT ( 'NONE',  ( -9.525000000000000355, 3.577867169202164632E-15, 38.10000000000001563 ) ) ;
#2578 = CARTESIAN_POINT ( 'NONE',  ( -12.69999999999999751, 14.16298196909037088, 36.12517298397528975 ) ) ;
#2579 = ORIENTED_EDGE ( 'NONE', *, *, #4850, .F. ) ;
#2580 = CARTESIAN_POINT ( 'NONE',  ( 12.70000000000000107, -12.69999999999999929, 63.50000000000000000 ) ) ;
#2581 = CARTESIAN_POINT ( 'NONE',  ( 12.70000000000000107, 10.07084749364666365, 27.26156772950216833 ) ) ;
#2582 = CIRCLE ( 'NONE', #2975, 14.30000000000000071 ) ;
#2583 = EDGE_LOOP ( 'NONE', ( #1834, #4580 ) ) ;
#2584 = EDGE_CURVE ( 'NONE', #2241, #3601, #3718, .T. ) ;
#2585 = LINE ( 'NONE', #1173, #3039 ) ;
#2586 = CARTESIAN_POINT ( 'NONE',  ( -12.69999999999999751, 12.33648634557998314, 47.30376971111940776 ) ) ;
#2587 = FACE_OUTER_BOUND ( 'NONE', #1744, .T. ) ;
#2588 = ORIENTED_EDGE ( 'NONE', *, *, #4300, .F. ) ;
#2589 = FACE_OUTER_BOUND ( 'NONE', #3103, .T. ) ;
#2590 = ADVANCED_FACE ( 'NONE', ( #2328 ), #3850, .F. ) ;
#2591 = EDGE_CURVE ( 'NONE', #605, #96, #4349, .T. ) ;
#2592 = DIRECTION ( 'NONE',  ( -1.000000000000000000, 0.000000000000000000, 0.000000000000000000 ) ) ;
#2593 = ORIENTED_EDGE ( 'NONE', *, *, #963, .F. ) ;
#2594 = VERTEX_POINT ( 'NONE', #3956 ) ;
#2595 = CARTESIAN_POINT ( 'NONE',  ( -12.69999999999999751, -25.39999999999999503, 0.000000000000000000 ) ) ;
#2596 = DIRECTION ( 'NONE',  ( 0.000000000000000000, 1.000000000000000000, 0.000000000000000000 ) ) ;
#2597 = CARTESIAN_POINT ( 'NONE',  ( 12.70000000000000107, -14.13894155320104851, 32.01817428684736200 ) ) ;
#2598 = DIRECTION ( 'NONE',  ( 0.000000000000000000, -1.000000000000000000, 0.000000000000000000 ) ) ;
#2599 = EDGE_LOOP ( 'NONE', ( #1157, #1404, #2375, #1569 ) ) ;
#2600 = VERTEX_POINT ( 'NONE', #973 ) ;
#2601 = DIRECTION ( 'NONE',  ( 0.000000000000000000, 0.000000000000000000, 1.000000000000000000 ) ) ;
#2602 = AXIS2_PLACEMENT_3D ( 'NONE', #3498, #4331, #2464 ) ;
#2603 = FACE_OUTER_BOUND ( 'NONE', #3278, .T. ) ;
#2604 = ORIENTED_EDGE ( 'NONE', *, *, #3584, .F. ) ;
#2605 = CARTESIAN_POINT ( 'NONE',  ( -9.525000000000000355, 14.13894155320100943, 44.18182571315276874 ) ) ;
#2606 = CYLINDRICAL_SURFACE ( 'NONE', #4297, 2.499999999999988454 ) ;
#2607 = CIRCLE ( 'NONE', #638, 2.271000000000002128 ) ;
#2608 = ORIENTED_EDGE ( 'NONE', *, *, #358, .T. ) ;
#2609 = DIRECTION ( 'NONE',  ( -1.000000000000000000, -0.000000000000000000, -0.000000000000000000 ) ) ;
#2610 = CARTESIAN_POINT ( 'NONE',  ( -12.69999999999999751, 3.577867169202164632E-15, 38.10000000000001563 ) ) ;
#2611 = DIRECTION ( 'NONE',  ( -1.000000000000000000, -0.000000000000000000, -0.000000000000000000 ) ) ;
#2612 = ORIENTED_EDGE ( 'NONE', *, *, #1450, .T. ) ;
#2613 = DIRECTION ( 'NONE',  ( 0.000000000000000000, 0.000000000000000000, 1.000000000000000000 ) ) ;
#2614 = AXIS2_PLACEMENT_3D ( 'NONE', #3377, #7, #76 ) ;
#2615 = CARTESIAN_POINT ( 'NONE',  ( -12.69999999999999751, -11.15407434219252103, 49.24267219815796182 ) ) ;
#2616 = ORIENTED_EDGE ( 'NONE', *, *, #3645, .F. ) ;
#2617 = DIRECTION ( 'NONE',  ( 1.000000000000000000, 0.000000000000000000, 0.000000000000000000 ) ) ;
#2618 = EDGE_CURVE ( 'NONE', #1756, #700, #4694, .T. ) ;
#2619 = CARTESIAN_POINT ( 'NONE',  ( -12.69999999999999929, 12.69999999999999929, 63.50000000000000000 ) ) ;
#2620 = AXIS2_PLACEMENT_3D ( 'NONE', #65, #822, #2767 ) ;
#2621 = DIRECTION ( 'NONE',  ( -0.000000000000000000, 1.000000000000000000, -0.000000000000000000 ) ) ;
#2622 = ORIENTED_EDGE ( 'NONE', *, *, #1720, .T. ) ;
#2623 = CALENDAR_DATE ( 2024, 18, 9 ) ;
#2624 = ORIENTED_EDGE ( 'NONE', *, *, #3382, .F. ) ;
#2625 = CIRCLE ( 'NONE', #1521, 14.30000000000000071 ) ;
#2626 = CARTESIAN_POINT ( 'NONE',  ( 12.70000000000000107, -12.69999999999999929, 12.69999999999999929 ) ) ;
#2627 = CIRCLE ( 'NONE', #1994, 2.499999999999992006 ) ;
#2628 = CIRCLE ( 'NONE', #4512, 17.66250000000000497 ) ;
#2629 = DIRECTION ( 'NONE',  ( -0.000000000000000000, 1.000000000000000000, -0.000000000000000000 ) ) ;
#2630 = CARTESIAN_POINT ( 'NONE',  ( 12.70000000000000107, 5.371240620587830250, 51.35291568658563932 ) ) ;
#2631 = EDGE_LOOP ( 'NONE', ( #1351, #499 ) ) ;
#2632 = CARTESIAN_POINT ( 'NONE',  ( -12.69999999999999929, 12.69999999999999929, 12.69999999999999929 ) ) ;
#2633 = DIRECTION ( 'NONE',  ( 0.000000000000000000, 0.000000000000000000, 1.000000000000000000 ) ) ;
#2634 = CARTESIAN_POINT ( 'NONE',  ( 7.746038523653021987E-16, -22.22499999999999787, 53.29999999999998295 ) ) ;
#2635 = ORIENTED_EDGE ( 'NONE', *, *, #1836, .F. ) ;
#2636 = DIRECTION ( 'NONE',  ( 0.000000000000000000, 0.000000000000000000, 1.000000000000000000 ) ) ;
#2637 = CARTESIAN_POINT ( 'NONE',  ( 12.70000000000000107, 3.577867169202164632E-15, 38.10000000000001563 ) ) ;
#2638 = VERTEX_POINT ( 'NONE', #4721 ) ;
#2639 = CARTESIAN_POINT ( 'NONE',  ( 7.746038523653021987E-16, -22.22499999999999787, 38.09999999999999432 ) ) ;
#2640 = DIRECTION ( 'NONE',  ( 0.000000000000000000, 0.000000000000000000, 1.000000000000000000 ) ) ;
#2641 = ADVANCED_FACE ( 'NONE', ( #3564 ), #4347, .F. ) ;
#2642 = CIRCLE ( 'NONE', #373, 2.499999999999988454 ) ;
#2643 = ORIENTED_EDGE ( 'NONE', *, *, #1645, .T. ) ;
#2644 = ORIENTED_EDGE ( 'NONE', *, *, #4051, .F. ) ;
#2645 = EDGE_CURVE ( 'NONE', #4186, #2241, #237, .T. ) ;
#2646 = FACE_OUTER_BOUND ( 'NONE', #3077, .T. ) ;
#2647 = CIRCLE ( 'NONE', #3990, 2.080499999999998906 ) ;
#2648 = AXIS2_PLACEMENT_3D ( 'NONE', #1739, #217, #1347 ) ;
#2649 = DIRECTION ( 'NONE',  ( 0.000000000000000000, 0.000000000000000000, 1.000000000000000000 ) ) ;
#2650 = AXIS2_PLACEMENT_3D ( 'NONE', #2939, #2621, #1461 ) ;
#2651 = ORIENTED_EDGE ( 'NONE', *, *, #152, .T. ) ;
#2652 = DIRECTION ( 'NONE',  ( 0.000000000000000000, 8.338012381527556114E-16, -1.000000000000000000 ) ) ;
#2653 = ORIENTED_EDGE ( 'NONE', *, *, #47, .F. ) ;
#2654 = CARTESIAN_POINT ( 'NONE',  ( 12.70000000000000107, 4.072800018551152590, 22.86895216488212412 ) ) ;
#2655 = DIRECTION ( 'NONE',  ( 0.000000000000000000, 0.000000000000000000, -1.000000000000000000 ) ) ;
#2656 = CARTESIAN_POINT ( 'NONE',  ( -9.525000000000000355, 10.07084749364666365, 27.26156772950216833 ) ) ;
#2657 = EDGE_LOOP ( 'NONE', ( #3746, #1009 ) ) ;
#2658 = CARTESIAN_POINT ( 'NONE',  ( -12.69999999999999929, 0.000000000000000000, 63.50000000000000000 ) ) ;
#2659 = AXIS2_PLACEMENT_3D ( 'NONE', #763, #2345, #1156 ) ;
#2660 = DIRECTION ( 'NONE',  ( -1.000000000000000000, -0.000000000000000000, -0.000000000000000000 ) ) ;
#2661 = CARTESIAN_POINT ( 'NONE',  ( 12.70000000000000107, 3.577867169202164632E-15, 38.10000000000001563 ) ) ;
#2662 = ADVANCED_FACE ( 'NONE', ( #2818 ), #1715, .F. ) ;
#2663 = VERTEX_POINT ( 'NONE', #2454 ) ;
#2664 = LINE ( 'NONE', #449, #263 ) ;
#2665 = VERTEX_POINT ( 'NONE', #1736 ) ;
#2666 = DIRECTION ( 'NONE',  ( 0.000000000000000000, 0.000000000000000000, 1.000000000000000000 ) ) ;
#2667 = EDGE_CURVE ( 'NONE', #4186, #1704, #1363, .T. ) ;
#2668 = DIRECTION ( 'NONE',  ( 0.000000000000000000, -1.667602476305511223E-15, 1.000000000000000000 ) ) ;
#2669 = ORIENTED_EDGE ( 'NONE', *, *, #3975, .F. ) ;
#2670 = CARTESIAN_POINT ( 'NONE',  ( 0.000000000000000000, -22.22499999999999787, 12.69999999999999929 ) ) ;
#2671 = ORIENTED_EDGE ( 'NONE', *, *, #2591, .F. ) ;
#2672 = EDGE_CURVE ( 'NONE', #3308, #4299, #1986, .T. ) ;
#2673 = EDGE_CURVE ( 'NONE', #486, #899, #3253, .T. ) ;
#2674 = FACE_BOUND ( 'NONE', #4413, .T. ) ;
#2675 = CARTESIAN_POINT ( 'NONE',  ( -12.69999999999999751, -14.16298196909034779, 40.07482701602484099 ) ) ;
#2676 = ORIENTED_EDGE ( 'NONE', *, *, #152, .F. ) ;
#2677 = DIRECTION ( 'NONE',  ( 0.000000000000000000, 1.667602476305511223E-15, -1.000000000000000000 ) ) ;
#2678 = CARTESIAN_POINT ( 'NONE',  ( -9.525000000000000355, 14.16298196909033003, 40.07482701602503994 ) ) ;
#2679 = CIRCLE ( 'NONE', #3312, 2.080499999999998906 ) ;
#2680 = ADVANCED_FACE ( 'NONE', ( #579 ), #3588, .F. ) ;
#2681 = AXIS2_PLACEMENT_3D ( 'NONE', #1304, #3864, #2806 ) ;
#2682 = DIRECTION ( 'NONE',  ( -1.000000000000000000, -0.000000000000000000, -0.000000000000000000 ) ) ;
#2683 = ORIENTED_EDGE ( 'NONE', *, *, #2005, .F. ) ;
#2684 = DIRECTION ( 'NONE',  ( -1.000000000000000000, 0.000000000000000000, 0.000000000000000000 ) ) ;
#2685 = ORIENTED_EDGE ( 'NONE', *, *, #3975, .T. ) ;
#2686 = LINE ( 'NONE', #1952, #2542 ) ;
#2687 = ORIENTED_EDGE ( 'NONE', *, *, #787, .T. ) ;
#2688 = AXIS2_PLACEMENT_3D ( 'NONE', #3735, #3415, #3017 ) ;
#2689 = CARTESIAN_POINT ( 'NONE',  ( 9.525000000000000355, 14.16298196909033003, 40.07482701602503994 ) ) ;
#2690 = CARTESIAN_POINT ( 'NONE',  ( 1.861463134703976303E-15, -22.22499999999999787, 61.00000000000001421 ) ) ;
#2691 = EDGE_LOOP ( 'NONE', ( #1338, #1798, #4004, #4058 ) ) ;
#2692 = VECTOR ( 'NONE', #655, 1000.000000000000000 ) ;
#2693 = DIRECTION ( 'NONE',  ( -1.000000000000000000, -0.000000000000000000, -0.000000000000000000 ) ) ;
#2694 = ORIENTED_EDGE ( 'NONE', *, *, #4466, .F. ) ;
#2695 = AXIS2_PLACEMENT_3D ( 'NONE', #4375, #3270, #4750 ) ;
#2696 = CYLINDRICAL_SURFACE ( 'NONE', #48, 2.271000000000002128 ) ;
#2697 = DIRECTION ( 'NONE',  ( -0.000000000000000000, 1.000000000000000000, -0.000000000000000000 ) ) ;
#2698 = VERTEX_POINT ( 'NONE', #4361 ) ;
#2699 = DIRECTION ( 'NONE',  ( 1.000000000000000000, -0.000000000000000000, -0.000000000000000000 ) ) ;
#2700 = EDGE_CURVE ( 'NONE', #1998, #4403, #2317, .T. ) ;
#2701 = DIRECTION ( 'NONE',  ( -1.000000000000000000, -0.000000000000000000, -0.000000000000000000 ) ) ;
#2702 = CARTESIAN_POINT ( 'NONE',  ( 9.525000000000000355, 22.22500000000000142, 76.20000000000000284 ) ) ;
#2703 = EDGE_CURVE ( 'NONE', #684, #2771, #4431, .T. ) ;
#2704 = EDGE_CURVE ( 'NONE', #3780, #2600, #1403, .T. ) ;
#2705 = ADVANCED_FACE ( 'NONE', ( #1423 ), #3257, .T. ) ;
#2706 = EDGE_CURVE ( 'NONE', #4174, #3303, #4382, .T. ) ;
#2707 = DIRECTION ( 'NONE',  ( -1.000000000000000000, -0.000000000000000000, -0.000000000000000000 ) ) ;
#2708 = ORIENTED_EDGE ( 'NONE', *, *, #26, .F. ) ;
#2709 = DIRECTION ( 'NONE',  ( -1.000000000000000000, 0.000000000000000000, 0.000000000000000000 ) ) ;
#2710 = ORIENTED_EDGE ( 'NONE', *, *, #2618, .F. ) ;
#2711 = LINE ( 'NONE', #1905, #2472 ) ;
#2712 = ORIENTED_EDGE ( 'NONE', *, *, #2053, .T. ) ;
#2713 = DIRECTION ( 'NONE',  ( -1.000000000000000000, -0.000000000000000000, -0.000000000000000000 ) ) ;
#2714 = EDGE_CURVE ( 'NONE', #1590, #547, #2304, .T. ) ;
#2715 = FACE_OUTER_BOUND ( 'NONE', #593, .T. ) ;
#2716 = EDGE_LOOP ( 'NONE', ( #3537, #3145 ) ) ;
#2717 = VECTOR ( 'NONE', #1192, 1000.000000000000000 ) ;
#2718 = DIRECTION ( 'NONE',  ( -0.000000000000000000, 1.000000000000000000, -0.000000000000000000 ) ) ;
#2719 = ORIENTED_EDGE ( 'NONE', *, *, #1340, .T. ) ;
#2720 = VECTOR ( 'NONE', #306, 1000.000000000000000 ) ;
#2721 = CARTESIAN_POINT ( 'NONE',  ( -12.69999999999999929, 0.000000000000000000, 65.99999999999998579 ) ) ;
#2722 = AXIS2_PLACEMENT_3D ( 'NONE', #3338, #1089, #767 ) ;
#2723 = FACE_BOUND ( 'NONE', #510, .T. ) ;
#2724 = ORIENTED_EDGE ( 'NONE', *, *, #1685, .T. ) ;
#2725 = CARTESIAN_POINT ( 'NONE',  ( 9.525000000000000355, -12.69999999999999929, 12.69999999999999929 ) ) ;
#2726 = LINE ( 'NONE', #2415, #3633 ) ;
#2727 = CIRCLE ( 'NONE', #2184, 2.499999999999995115 ) ;
#2728 = VECTOR ( 'NONE', #1967, 1000.000000000000000 ) ;
#2729 = CARTESIAN_POINT ( 'NONE',  ( 12.70000000000000107, 12.33648634558017676, 28.89623028888087930 ) ) ;
#2730 = CYLINDRICAL_SURFACE ( 'NONE', #1620, 2.499999999999988454 ) ;
#2731 = DIRECTION ( 'NONE',  ( 0.000000000000000000, 0.000000000000000000, 1.000000000000000000 ) ) ;
#2732 = AXIS2_PLACEMENT_3D ( 'NONE', #1707, #594, #2189 ) ;
#2733 = DIRECTION ( 'NONE',  ( 0.000000000000000000, 0.000000000000000000, 1.000000000000000000 ) ) ;
#2734 = ADVANCED_FACE ( 'NONE', ( #1770 ), #1750, .F. ) ;
#2735 = ORIENTED_EDGE ( 'NONE', *, *, #562, .T. ) ;
#2736 = CYLINDRICAL_SURFACE ( 'NONE', #2341, 17.66250000000000497 ) ;
#2737 = EDGE_CURVE ( 'NONE', #1875, #2848, #2881, .T. ) ;
#2738 = AXIS2_PLACEMENT_3D ( 'NONE', #4164, #2319, #103 ) ;
#2739 = ORIENTED_EDGE ( 'NONE', *, *, #4093, .F. ) ;
#2740 = CARTESIAN_POINT ( 'NONE',  ( 9.525000000000000355, 8.791741348502629450, 26.82191132943933454 ) ) ;
#2741 = ORIENTED_EDGE ( 'NONE', *, *, #4150, .T. ) ;
#2742 = ORIENTED_EDGE ( 'NONE', *, *, #402, .T. ) ;
#2743 = DIRECTION ( 'NONE',  ( -1.000000000000000000, -0.000000000000000000, -0.000000000000000000 ) ) ;
#2744 = ORIENTED_EDGE ( 'NONE', *, *, #3851, .T. ) ;
#2745 = CARTESIAN_POINT ( 'NONE',  ( 12.70000000000000107, -5.371240620587821368, 51.35291568658563932 ) ) ;
#2746 = ORIENTED_EDGE ( 'NONE', *, *, #132, .T. ) ;
#2747 = DIRECTION ( 'NONE',  ( 0.000000000000000000, 0.000000000000000000, 1.000000000000000000 ) ) ;
#2748 = FACE_OUTER_BOUND ( 'NONE', #1963, .T. ) ;
#2749 = DIRECTION ( 'NONE',  ( -1.000000000000000000, -0.000000000000000000, -0.000000000000000000 ) ) ;
#2750 = VERTEX_POINT ( 'NONE', #4039 ) ;
#2751 = DIRECTION ( 'NONE',  ( 1.000000000000000000, 0.000000000000000000, 0.000000000000000000 ) ) ;
#2752 = CARTESIAN_POINT ( 'NONE',  ( -12.69999999999999751, -12.69999999999999929, 61.00000000000000711 ) ) ;
#2753 = DIRECTION ( 'NONE',  ( 0.000000000000000000, 0.000000000000000000, 1.000000000000000000 ) ) ;
#2754 = DIRECTION ( 'NONE',  ( -1.000000000000000000, -0.000000000000000000, -0.000000000000000000 ) ) ;
#2755 = CARTESIAN_POINT ( 'NONE',  ( 12.70000000000000107, 25.40000000000000213, 76.20000000000000284 ) ) ;
#2756 = CARTESIAN_POINT ( 'NONE',  ( 9.525000000000000355, 14.15672222192810992, 48.66177646900214881 ) ) ;
#2757 = ORIENTED_EDGE ( 'NONE', *, *, #3733, .F. ) ;
#2758 = CARTESIAN_POINT ( 'NONE',  ( 9.525000000000000355, 12.69999999999999929, 12.69999999999999929 ) ) ;
#2759 = AXIS2_PLACEMENT_3D ( 'NONE', #2571, #4437, #3658 ) ;
#2760 = DIRECTION ( 'NONE',  ( 1.000000000000000000, 0.000000000000000000, 0.000000000000000000 ) ) ;
#2761 = APPROVAL_PERSON_ORGANIZATION ( #3063, #3687, #4873 ) ;
#2762 = EDGE_LOOP ( 'NONE', ( #3984, #3082, #2559, #2074 ) ) ;
#2763 = EDGE_CURVE ( 'NONE', #764, #4645, #1992, .T. ) ;
#2764 = ADVANCED_FACE ( 'NONE', ( #2587 ), #1031, .T. ) ;
#2765 = ORIENTED_EDGE ( 'NONE', *, *, #2286, .F. ) ;
#2766 = AXIS2_PLACEMENT_3D ( 'NONE', #324, #4020, #4786 ) ;
#2767 = DIRECTION ( 'NONE',  ( 0.000000000000000000, 0.000000000000000000, -1.000000000000000000 ) ) ;
#2768 = ADVANCED_FACE ( 'NONE', ( #4733 ), #2514, .F. ) ;
#2769 = ORIENTED_EDGE ( 'NONE', *, *, #3093, .T. ) ;
#2770 = LINE ( 'NONE', #2384, #52 ) ;
#2771 = VERTEX_POINT ( 'NONE', #1453 ) ;
#2772 = CIRCLE ( 'NONE', #339, 2.080499999999998906 ) ;
#2773 = DIRECTION ( 'NONE',  ( -1.000000000000000000, 0.000000000000000000, 0.000000000000000000 ) ) ;
#2774 = DIRECTION ( 'NONE',  ( -1.000000000000000000, -0.000000000000000000, -0.000000000000000000 ) ) ;
#2775 = DIRECTION ( 'NONE',  ( 1.000000000000000000, 0.000000000000000000, 0.000000000000000000 ) ) ;
#2776 = VERTEX_POINT ( 'NONE', #2123 ) ;
#2777 = CARTESIAN_POINT ( 'NONE',  ( -12.69999999999999751, 3.577867169202164632E-15, 38.10000000000001563 ) ) ;
#2778 = DIRECTION ( 'NONE',  ( 0.000000000000000000, 0.000000000000000000, 1.000000000000000000 ) ) ;
#2779 = AXIS2_PLACEMENT_3D ( 'NONE', #4226, #4649, #1668 ) ;
#2780 = ORIENTED_EDGE ( 'NONE', *, *, #1224, .F. ) ;
#2781 = LINE ( 'NONE', #4684, #1776 ) ;
#2782 = AXIS2_PLACEMENT_3D ( 'NONE', #4495, #2629, #1495 ) ;
#2783 = CARTESIAN_POINT ( 'NONE',  ( 9.525000000000000355, -11.15407434219244465, 26.95732780184198774 ) ) ;
#2784 = DIRECTION ( 'NONE',  ( 0.000000000000000000, 0.000000000000000000, 1.000000000000000000 ) ) ;
#2785 = VERTEX_POINT ( 'NONE', #2856 ) ;
#2786 = FACE_OUTER_BOUND ( 'NONE', #804, .T. ) ;
#2787 = VECTOR ( 'NONE', #1743, 1000.000000000000000 ) ;
#2788 = LINE ( 'NONE', #3215, #1428 ) ;
#2789 = ORIENTED_EDGE ( 'NONE', *, *, #539, .T. ) ;
#2790 = VERTEX_POINT ( 'NONE', #4015 ) ;
#2791 = EDGE_CURVE ( 'NONE', #2450, #2435, #809, .T. ) ;
#2792 = CARTESIAN_POINT ( 'NONE',  ( 12.70000000000000107, 5.371240620587830250, 51.35291568658563932 ) ) ;
#2793 = ORIENTED_EDGE ( 'NONE', *, *, #1664, .T. ) ;
#2794 = DIRECTION ( 'NONE',  ( 0.000000000000000000, 0.000000000000000000, 1.000000000000000000 ) ) ;
#2795 = ORIENTED_EDGE ( 'NONE', *, *, #422, .T. ) ;
#2796 = DIRECTION ( 'NONE',  ( 0.000000000000000000, 0.000000000000000000, -1.000000000000000000 ) ) ;
#2797 = DIRECTION ( 'NONE',  ( 0.000000000000000000, 0.000000000000000000, 1.000000000000000000 ) ) ;
#2798 = VECTOR ( 'NONE', #3149, 1000.000000000000000 ) ;
#2799 = VERTEX_POINT ( 'NONE', #3325 ) ;
#2800 = CARTESIAN_POINT ( 'NONE',  ( 9.525000000000000355, -22.22499999999999787, 76.20000000000000284 ) ) ;
#2801 = DIRECTION ( 'NONE',  ( -1.000000000000000000, 0.000000000000000000, 0.000000000000000000 ) ) ;
#2802 = ORIENTED_EDGE ( 'NONE', *, *, #2171, .T. ) ;
#2803 = CIRCLE ( 'NONE', #4217, 2.499999999999992006 ) ;
#2804 = CIRCLE ( 'NONE', #834, 2.270999999999998575 ) ;
#2805 = DIRECTION ( 'NONE',  ( 1.000000000000000000, 0.000000000000000000, 0.000000000000000000 ) ) ;
#2806 = DIRECTION ( 'NONE',  ( 0.000000000000000000, 0.000000000000000000, -1.000000000000000000 ) ) ;
#2807 = DIRECTION ( 'NONE',  ( -1.000000000000000000, 0.000000000000000000, 0.000000000000000000 ) ) ;
#2808 = ORIENTED_EDGE ( 'NONE', *, *, #2117, .F. ) ;
#2809 = ORIENTED_EDGE ( 'NONE', *, *, #4692, .F. ) ;
#2810 = CIRCLE ( 'NONE', #446, 2.271000000000002128 ) ;
#2811 = CARTESIAN_POINT ( 'NONE',  ( 9.525000000000000355, 3.577867169202164632E-15, 38.10000000000001563 ) ) ;
#2812 = AXIS2_PLACEMENT_3D ( 'NONE', #470, #4342, #292 ) ;
#2813 = CARTESIAN_POINT ( 'NONE',  ( 12.70000000000000107, 12.33648634557998314, 47.30376971111940776 ) ) ;
#2814 = VERTEX_POINT ( 'NONE', #662 ) ;
#2815 = AXIS2_PLACEMENT_3D ( 'NONE', #2637, #1226, #2733 ) ;
#2816 = EDGE_LOOP ( 'NONE', ( #3986, #3852, #2877, #4658 ) ) ;
#2817 = CC_DESIGN_PERSON_AND_ORGANIZATION_ASSIGNMENT ( #3035, #13, ( #3787 ) ) ;
#2818 = FACE_OUTER_BOUND ( 'NONE', #4295, .T. ) ;
#2819 = ORIENTED_EDGE ( 'NONE', *, *, #787, .F. ) ;
#2820 = CARTESIAN_POINT ( 'NONE',  ( -12.69999999999999751, 0.000000000000000000, 63.50000000000000000 ) ) ;
#2821 = EDGE_CURVE ( 'NONE', #851, #1854, #1438, .T. ) ;
#2822 = EDGE_LOOP ( 'NONE', ( #627, #869 ) ) ;
#2823 = CARTESIAN_POINT ( 'NONE',  ( -9.525000000000000355, 3.577867169202164632E-15, 38.10000000000001563 ) ) ;
#2824 = CARTESIAN_POINT ( 'NONE',  ( -12.69999999999999751, -12.69999999999999929, 12.69999999999999929 ) ) ;
#2825 = ORIENTED_EDGE ( 'NONE', *, *, #4850, .T. ) ;
#2826 = CARTESIAN_POINT ( 'NONE',  ( -12.69999999999999751, 0.000000000000000000, 12.69999999999993356 ) ) ;
#2827 = DIRECTION ( 'NONE',  ( -1.000000000000000000, 0.000000000000000000, 0.000000000000000000 ) ) ;
#2828 = ORIENTED_EDGE ( 'NONE', *, *, #2052, .F. ) ;
#2829 = EDGE_CURVE ( 'NONE', #2055, #315, #4188, .T. ) ;
#2830 = DIRECTION ( 'NONE',  ( -1.000000000000000000, 0.000000000000000000, 0.000000000000000000 ) ) ;
#2831 = CARTESIAN_POINT ( 'NONE',  ( -9.525000000000002132, 22.22500000000000142, 76.20000000000000284 ) ) ;
#2832 = ORIENTED_EDGE ( 'NONE', *, *, #2204, .F. ) ;
#2833 = DIRECTION ( 'NONE',  ( 0.000000000000000000, 0.000000000000000000, 1.000000000000000000 ) ) ;
#2834 = ORIENTED_EDGE ( 'NONE', *, *, #1234, .T. ) ;
#2835 = ORIENTED_EDGE ( 'NONE', *, *, #3347, .F. ) ;
#2836 = EDGE_CURVE ( 'NONE', #4872, #3487, #3719, .T. ) ;
#2837 = DIRECTION ( 'NONE',  ( 0.000000000000000000, 1.667602476305511223E-15, -1.000000000000000000 ) ) ;
#2838 = CIRCLE ( 'NONE', #3237, 2.500000000000002220 ) ;
#2839 = DIRECTION ( 'NONE',  ( -1.000000000000000000, -0.000000000000000000, -0.000000000000000000 ) ) ;
#2840 = ORIENTED_EDGE ( 'NONE', *, *, #2763, .F. ) ;
#2841 = VECTOR ( 'NONE', #1218, 1000.000000000000000 ) ;
#2842 = LINE ( 'NONE', #1366, #2720 ) ;
#2843 = SECURITY_CLASSIFICATION ( '', '', #4556 ) ;
#2844 = CARTESIAN_POINT ( 'NONE',  ( -9.525000000000000355, -6.152699789198520897, 22.91892409761429406 ) ) ;
#2845 = ORIENTED_EDGE ( 'NONE', *, *, #1746, .T. ) ;
#2846 = AXIS2_PLACEMENT_3D ( 'NONE', #2449, #2760, #4263 ) ;
#2847 = DIRECTION ( 'NONE',  ( -1.000000000000000000, 0.000000000000000000, 0.000000000000000000 ) ) ;
#2848 = VERTEX_POINT ( 'NONE', #985 ) ;
#2849 = LINE ( 'NONE', #979, #1841 ) ;
#2850 = CARTESIAN_POINT ( 'NONE',  ( -12.69999999999999751, -4.072800018551144596, 22.86895216488212412 ) ) ;
#2851 = ORIENTED_EDGE ( 'NONE', *, *, #4066, .T. ) ;
#2852 = DIRECTION ( 'NONE',  ( -1.000000000000000000, -0.000000000000000000, -0.000000000000000000 ) ) ;
#2853 = ORIENTED_EDGE ( 'NONE', *, *, #3734, .F. ) ;
#2854 = CARTESIAN_POINT ( 'NONE',  ( -9.525000000000000355, -4.072800018551146373, 53.33104783511790714 ) ) ;
#2855 = ADVANCED_FACE ( 'NONE', ( #1916 ), #3052, .T. ) ;
#2856 = CARTESIAN_POINT ( 'NONE',  ( 12.70000000000000107, -2.068405620284290425, 20.55903068698950520 ) ) ;
#2857 = ORIENTED_EDGE ( 'NONE', *, *, #2318, .T. ) ;
#2858 = AXIS2_PLACEMENT_3D ( 'NONE', #737, #1527, #3350 ) ;
#2859 = CARTESIAN_POINT ( 'NONE',  ( 9.525000000000000355, 3.061616997868375253E-16, 10.19999999999994067 ) ) ;
#2860 = VERTEX_POINT ( 'NONE', #756 ) ;
#2861 = EDGE_CURVE ( 'NONE', #4174, #233, #2625, .T. ) ;
#2862 = VECTOR ( 'NONE', #1350, 1000.000000000000000 ) ;
#2863 = AXIS2_PLACEMENT_3D ( 'NONE', #75, #1574, #2613 ) ;
#2864 = EDGE_CURVE ( 'NONE', #2255, #2055, #183, .T. ) ;
#2865 = EDGE_CURVE ( 'NONE', #4258, #769, #4112, .T. ) ;
#2866 = DIRECTION ( 'NONE',  ( 0.000000000000000000, 0.000000000000000000, -1.000000000000000000 ) ) ;
#2867 = ORIENTED_EDGE ( 'NONE', *, *, #2231, .F. ) ;
#2868 = CARTESIAN_POINT ( 'NONE',  ( -12.69999999999999751, -12.69999999999999929, 15.19999999999999218 ) ) ;
#2869 = ORIENTED_EDGE ( 'NONE', *, *, #4370, .F. ) ;
#2870 = ADVANCED_FACE ( 'NONE', ( #1874 ), #3740, .T. ) ;
#2871 = CARTESIAN_POINT ( 'NONE',  ( -9.525000000000000355, 11.15407434219237004, 49.24267219815811814 ) ) ;
#2872 = ORIENTED_EDGE ( 'NONE', *, *, #4822, .F. ) ;
#2873 = DIRECTION ( 'NONE',  ( 0.000000000000000000, 0.000000000000000000, 1.000000000000000000 ) ) ;
#2874 = LINE ( 'NONE', #2161, #3963 ) ;
#2875 = ORIENTED_EDGE ( 'NONE', *, *, #4122, .T. ) ;
#2876 = FACE_BOUND ( 'NONE', #1692, .T. ) ;
#2877 = ORIENTED_EDGE ( 'NONE', *, *, #1894, .T. ) ;
#2878 = EDGE_CURVE ( 'NONE', #4782, #79, #4830, .T. ) ;
#2879 = VECTOR ( 'NONE', #1333, 1000.000000000000000 ) ;
#2880 = DIRECTION ( 'NONE',  ( 0.000000000000000000, 0.000000000000000000, 1.000000000000000000 ) ) ;
#2881 = LINE ( 'NONE', #1055, #2072 ) ;
#2882 = ORIENTED_EDGE ( 'NONE', *, *, #3587, .F. ) ;
#2883 = FACE_OUTER_BOUND ( 'NONE', #270, .T. ) ;
#2884 = ORIENTED_EDGE ( 'NONE', *, *, #2408, .T. ) ;
#2885 = VECTOR ( 'NONE', #802, 1000.000000000000000 ) ;
#2886 = AXIS2_PLACEMENT_3D ( 'NONE', #652, #1044, #1000 ) ;
#2887 = VECTOR ( 'NONE', #4765, 1000.000000000000000 ) ;
#2888 = CARTESIAN_POINT ( 'NONE',  ( 7.746038523653021987E-16, 22.22500000000000142, 50.79999999999999716 ) ) ;
#2889 = EDGE_LOOP ( 'NONE', ( #2235, #2579, #921, #4447 ) ) ;
#2890 = DIRECTION ( 'NONE',  ( 1.000000000000000000, 0.000000000000000000, 0.000000000000000000 ) ) ;
#2891 = AXIS2_PLACEMENT_3D ( 'NONE', #1971, #789, #2297 ) ;
#2892 = CIRCLE ( 'NONE', #762, 2.499999999999992006 ) ;
#2893 = EDGE_CURVE ( 'NONE', #4379, #3012, #4547, .T. ) ;
#2894 = VECTOR ( 'NONE', #2682, 1000.000000000000000 ) ;
#2895 = VERTEX_POINT ( 'NONE', #4860 ) ;
#2896 = ADVANCED_FACE ( 'NONE', ( #1478 ), #1500, .F. ) ;
#2897 = CYLINDRICAL_SURFACE ( 'NONE', #211, 14.30000000000000071 ) ;
#2898 = CARTESIAN_POINT ( 'NONE',  ( 12.70000000000000107, -14.16298196909033535, 36.12517298397507659 ) ) ;
#2899 = DIRECTION ( 'NONE',  ( 0.000000000000000000, 0.000000000000000000, 1.000000000000000000 ) ) ;
#2900 = EDGE_CURVE ( 'NONE', #260, #3346, #2469, .T. ) ;
#2901 = ORIENTED_EDGE ( 'NONE', *, *, #535, .T. ) ;
#2902 = CARTESIAN_POINT ( 'NONE',  ( 12.70000000000000107, -25.39999999999999503, 76.20000000000000284 ) ) ;
#2903 = ORIENTED_EDGE ( 'NONE', *, *, #4853, .F. ) ;
#2904 = FACE_OUTER_BOUND ( 'NONE', #524, .T. ) ;
#2905 = DIRECTION ( 'NONE',  ( 0.000000000000000000, 0.000000000000000000, 1.000000000000000000 ) ) ;
#2906 = ORIENTED_EDGE ( 'NONE', *, *, #4511, .T. ) ;
#2907 = DIRECTION ( 'NONE',  ( 0.000000000000000000, 0.000000000000000000, 1.000000000000000000 ) ) ;
#2908 = ORIENTED_EDGE ( 'NONE', *, *, #2667, .F. ) ;
#2909 = CARTESIAN_POINT ( 'NONE',  ( -12.69999999999999751, -4.072800018551144596, 53.33104783511790714 ) ) ;
#2910 = ORIENTED_EDGE ( 'NONE', *, *, #1519, .F. ) ;
#2911 = DIRECTION ( 'NONE',  ( 0.000000000000000000, 0.000000000000000000, 1.000000000000000000 ) ) ;
#2912 = DIRECTION ( 'NONE',  ( 0.000000000000000000, 0.000000000000000000, 1.000000000000000000 ) ) ;
#2913 = EDGE_CURVE ( 'NONE', #2600, #4333, #2772, .T. ) ;
#2914 = EDGE_CURVE ( 'NONE', #684, #1508, #72, .T. ) ;
#2915 = LINE ( 'NONE', #4412, #1506 ) ;
#2916 = VERTEX_POINT ( 'NONE', #2634 ) ;
#2917 = DIRECTION ( 'NONE',  ( 0.000000000000000000, 0.000000000000000000, 1.000000000000000000 ) ) ;
#2918 =( GEOMETRIC_REPRESENTATION_CONTEXT ( 3 ) GLOBAL_UNCERTAINTY_ASSIGNED_CONTEXT ( ( #1463 ) ) GLOBAL_UNIT_ASSIGNED_CONTEXT ( ( #1327, #4306, #4468 ) ) REPRESENTATION_CONTEXT ( 'NONE', 'WORKASPACE' ) );
#2919 = EDGE_CURVE ( 'NONE', #4536, #2966, #1598, .T. ) ;
#2920 = EDGE_CURVE ( 'NONE', #4619, #3147, #387, .T. ) ;
#2921 = DIRECTION ( 'NONE',  ( -1.000000000000000000, -0.000000000000000000, -0.000000000000000000 ) ) ;
#2922 = CARTESIAN_POINT ( 'NONE',  ( 12.70000000000000107, -4.072800018551144596, 53.33104783511790714 ) ) ;
#2923 = DIRECTION ( 'NONE',  ( 0.000000000000000000, 0.000000000000000000, 1.000000000000000000 ) ) ;
#2924 = FACE_OUTER_BOUND ( 'NONE', #4235, .T. ) ;
#2925 = VERTEX_POINT ( 'NONE', #3023 ) ;
#2926 = CARTESIAN_POINT ( 'NONE',  ( -12.69999999999999751, 3.577867169202164632E-15, 38.10000000000001563 ) ) ;
#2927 = CARTESIAN_POINT ( 'NONE',  ( 9.525000000000000355, 16.22354728284504333, 40.36214363188798160 ) ) ;
#2928 = ORIENTED_EDGE ( 'NONE', *, *, #3591, .F. ) ;
#2929 = CARTESIAN_POINT ( 'NONE',  ( 1.555301434917138433E-15, -22.22499999999999787, 63.50000000000000000 ) ) ;
#2930 = ORIENTED_EDGE ( 'NONE', *, *, #444, .F. ) ;
#2931 = AXIS2_PLACEMENT_3D ( 'NONE', #1587, #1565, #1956 ) ;
#2932 = AXIS2_PLACEMENT_3D ( 'NONE', #1938, #2611, #367 ) ;
#2933 = CARTESIAN_POINT ( 'NONE',  ( 12.70000000000000107, 2.068405620284300195, 20.55903068698950520 ) ) ;
#2934 = AXIS2_PLACEMENT_3D ( 'NONE', #2813, #4741, #2103 ) ;
#2935 = ORIENTED_EDGE ( 'NONE', *, *, #3521, .F. ) ;
#2936 = CIRCLE ( 'NONE', #3574, 14.30000000000000071 ) ;
#2937 = DIRECTION ( 'NONE',  ( -0.000000000000000000, 1.000000000000000000, -0.000000000000000000 ) ) ;
#2938 = LINE ( 'NONE', #2154, #1708 ) ;
#2939 = CARTESIAN_POINT ( 'NONE',  ( 0.000000000000000000, 25.40000000000000213, 12.69999999999999929 ) ) ;
#2940 = VECTOR ( 'NONE', #2492, 1000.000000000000000 ) ;
#2941 = CYLINDRICAL_SURFACE ( 'NONE', #2759, 2.499999999999992006 ) ;
#2942 = ORIENTED_EDGE ( 'NONE', *, *, #628, .F. ) ;
#2943 = EDGE_CURVE ( 'NONE', #861, #2121, #3486, .T. ) ;
#2944 = FACE_OUTER_BOUND ( 'NONE', #330, .T. ) ;
#2945 = DIRECTION ( 'NONE',  ( 0.000000000000000000, 0.000000000000000000, 1.000000000000000000 ) ) ;
#2946 = DIRECTION ( 'NONE',  ( 0.000000000000000000, 0.000000000000000000, 1.000000000000000000 ) ) ;
#2947 = VERTEX_POINT ( 'NONE', #2656 ) ;
#2948 = FACE_BOUND ( 'NONE', #4666, .T. ) ;
#2949 = FACE_BOUND ( 'NONE', #4305, .T. ) ;
#2950 = EDGE_LOOP ( 'NONE', ( #2547, #4181, #711, #2276 ) ) ;
#2951 = DIRECTION ( 'NONE',  ( -1.000000000000000000, 0.000000000000000000, 0.000000000000000000 ) ) ;
#2952 = DIRECTION ( 'NONE',  ( 1.000000000000000000, -0.000000000000000000, -0.000000000000000000 ) ) ;
#2953 = DIRECTION ( 'NONE',  ( -1.000000000000000000, -0.000000000000000000, -0.000000000000000000 ) ) ;
#2954 = ORIENTED_EDGE ( 'NONE', *, *, #4066, .F. ) ;
#2955 = DIRECTION ( 'NONE',  ( 1.000000000000000000, 0.000000000000000000, 0.000000000000000000 ) ) ;
#2956 = VERTEX_POINT ( 'NONE', #2289 ) ;
#2957 = CARTESIAN_POINT ( 'NONE',  ( 7.746038523653021987E-16, 25.40000000000000213, 53.29999999999998295 ) ) ;
#2958 = VECTOR ( 'NONE', #2774, 1000.000000000000000 ) ;
#2959 = ORIENTED_EDGE ( 'NONE', *, *, #3949, .T. ) ;
#2960 = CARTESIAN_POINT ( 'NONE',  ( 9.525000000000000355, 12.69999999999999929, 63.50000000000000000 ) ) ;
#2961 = CYLINDRICAL_SURFACE ( 'NONE', #837, 2.270999999999998575 ) ;
#2962 = CIRCLE ( 'NONE', #4533, 17.66250000000000142 ) ;
#2963 = CIRCLE ( 'NONE', #2102, 2.080499999999998906 ) ;
#2964 = ORIENTED_EDGE ( 'NONE', *, *, #3878, .F. ) ;
#2965 = DIRECTION ( 'NONE',  ( -1.000000000000000000, -0.000000000000000000, -0.000000000000000000 ) ) ;
#2966 = VERTEX_POINT ( 'NONE', #2675 ) ;
#2967 = AXIS2_PLACEMENT_3D ( 'NONE', #32, #3112, #862 ) ;
#2968 = AXIS2_PLACEMENT_3D ( 'NONE', #4472, #1093, #2601 ) ;
#2969 = DIRECTION ( 'NONE',  ( 0.000000000000000000, 0.000000000000000000, 1.000000000000000000 ) ) ;
#2970 = PRODUCT_RELATED_PRODUCT_CATEGORY ( 'detail', '', ( #4700 ) ) ;
#2971 = CARTESIAN_POINT ( 'NONE',  ( 12.70000000000000107, -12.69999999999999929, 15.19999999999999574 ) ) ;
#2972 = EDGE_LOOP ( 'NONE', ( #1666, #3708, #1951, #3064 ) ) ;
#2973 = DIRECTION ( 'NONE',  ( -1.000000000000000000, 0.000000000000000000, 0.000000000000000000 ) ) ;
#2974 = DIRECTION ( 'NONE',  ( -1.000000000000000000, -0.000000000000000000, -0.000000000000000000 ) ) ;
#2975 = AXIS2_PLACEMENT_3D ( 'NONE', #517, #2073, #885 ) ;
#2976 = EDGE_LOOP ( 'NONE', ( #70, #4362 ) ) ;
#2977 = FACE_OUTER_BOUND ( 'NONE', #73, .T. ) ;
#2978 = CARTESIAN_POINT ( 'NONE',  ( -12.69999999999999929, 0.000000000000000000, 12.69999999999993356 ) ) ;
#2979 = CARTESIAN_POINT ( 'NONE',  ( 12.70000000000000107, 6.152699789198528002, 53.28107590238573010 ) ) ;
#2980 = ORIENTED_EDGE ( 'NONE', *, *, #2706, .F. ) ;
#2981 = ADVANCED_FACE ( 'NONE', ( #3422 ), #3786, .F. ) ;
#2982 = CARTESIAN_POINT ( 'NONE',  ( 12.70000000000000107, 8.791741348502629450, 26.82191132943933454 ) ) ;
#2983 = EDGE_CURVE ( 'NONE', #4377, #2055, #803, .T. ) ;
#2984 = EDGE_CURVE ( 'NONE', #1247, #1238, #434, .T. ) ;
#2985 = LINE ( 'NONE', #1824, #3952 ) ;
#2986 = DIRECTION ( 'NONE',  ( 0.000000000000000000, 1.000000000000000000, 0.000000000000000000 ) ) ;
#2987 = DIRECTION ( 'NONE',  ( 0.000000000000000000, 0.000000000000000000, 1.000000000000000000 ) ) ;
#2988 = CARTESIAN_POINT ( 'NONE',  ( -12.69999999999999751, -12.69999999999999929, 65.99999999999998579 ) ) ;
#2989 = ORIENTED_EDGE ( 'NONE', *, *, #1535, .T. ) ;
#2990 = VERTEX_POINT ( 'NONE', #120 ) ;
#2991 = DIRECTION ( 'NONE',  ( 0.000000000000000000, 0.000000000000000000, 1.000000000000000000 ) ) ;
#2992 = AXIS2_PLACEMENT_3D ( 'NONE', #1996, #3181, #200 ) ;
#2993 = CYLINDRICAL_SURFACE ( 'NONE', #2782, 2.499999999999992006 ) ;
#2994 = LINE ( 'NONE', #1888, #2179 ) ;
#2995 = VECTOR ( 'NONE', #1413, 1000.000000000000000 ) ;
#2996 = ORIENTED_EDGE ( 'NONE', *, *, #4300, .T. ) ;
#2997 = DIRECTION ( 'NONE',  ( 1.000000000000000000, -0.000000000000000000, -0.000000000000000000 ) ) ;
#2998 = CARTESIAN_POINT ( 'NONE',  ( 12.70000000000000107, 8.791741348502393194, 49.37808867056088502 ) ) ;
#2999 = DIRECTION ( 'NONE',  ( 0.000000000000000000, 0.000000000000000000, 1.000000000000000000 ) ) ;
#3000 = ORIENTED_EDGE ( 'NONE', *, *, #2163, .F. ) ;
#3001 = CARTESIAN_POINT ( 'NONE',  ( 1.861463134703975909E-15, -25.39999999999999503, 22.90000000000000213 ) ) ;
#3002 = EDGE_CURVE ( 'NONE', #3346, #3143, #1757, .T. ) ;
#3003 = AXIS2_PLACEMENT_3D ( 'NONE', #3634, #4045, #2518 ) ;
#3004 = DIRECTION ( 'NONE',  ( 0.000000000000000000, 0.000000000000000000, -1.000000000000000000 ) ) ;
#3005 = EDGE_CURVE ( 'NONE', #2638, #4165, #4505, .T. ) ;
#3006 = ORIENTED_EDGE ( 'NONE', *, *, #2900, .T. ) ;
#3007 = CARTESIAN_POINT ( 'NONE',  ( 9.525000000000000355, -5.371240620587821368, 51.35291568658563932 ) ) ;
#3008 = DIRECTION ( 'NONE',  ( 0.000000000000000000, 1.667602476305511223E-15, -1.000000000000000000 ) ) ;
#3009 = AXIS2_PLACEMENT_3D ( 'NONE', #3885, #2337, #3522 ) ;
#3010 = DIRECTION ( 'NONE',  ( -1.000000000000000000, 0.000000000000000000, 0.000000000000000000 ) ) ;
#3011 = CIRCLE ( 'NONE', #3407, 2.080499999999998906 ) ;
#3012 = VERTEX_POINT ( 'NONE', #3835 ) ;
#3013 = VERTEX_POINT ( 'NONE', #4704 ) ;
#3014 = AXIS2_PLACEMENT_3D ( 'NONE', #4592, #3857, #3545 ) ;
#3015 = DIRECTION ( 'NONE',  ( 1.000000000000000000, 0.000000000000000000, 0.000000000000000000 ) ) ;
#3016 = AXIS2_PLACEMENT_3D ( 'NONE', #712, #4384, #987 ) ;
#3017 = DIRECTION ( 'NONE',  ( 0.000000000000000000, 0.000000000000000000, 1.000000000000000000 ) ) ;
#3018 = DIRECTION ( 'NONE',  ( -1.000000000000000000, -0.000000000000000000, -0.000000000000000000 ) ) ;
#3019 = ORIENTED_EDGE ( 'NONE', *, *, #2893, .F. ) ;
#3020 = DIRECTION ( 'NONE',  ( 0.000000000000000000, 0.000000000000000000, 1.000000000000000000 ) ) ;
#3021 = DIRECTION ( 'NONE',  ( 0.000000000000000000, 0.000000000000000000, 1.000000000000000000 ) ) ;
#3022 = APPLICATION_CONTEXT ( 'configuration controlled 3d designs of mechanical parts and assemblies' ) ;
#3023 = CARTESIAN_POINT ( 'NONE',  ( -9.525000000000000355, -14.15672222192825025, 48.66177646900194276 ) ) ;
#3024 = ORIENTED_EDGE ( 'NONE', *, *, #3254, .T. ) ;
#3025 = FACE_OUTER_BOUND ( 'NONE', #1210, .T. ) ;
#3026 = PRODUCT_DEFINITION ( 'UNKNOWN', '', #3787, #4469 ) ;
#3027 = DIRECTION ( 'NONE',  ( 1.000000000000000000, 0.000000000000000000, 0.000000000000000000 ) ) ;
#3028 = CYLINDRICAL_SURFACE ( 'NONE', #1484, 17.66250000000000497 ) ;
#3029 = EDGE_LOOP ( 'NONE', ( #3351, #2324, #1771, #3423 ) ) ;
#3030 = CARTESIAN_POINT ( 'NONE',  ( -12.69999999999999751, -8.791741348502467801, 26.82191132943921019 ) ) ;
#3031 = EDGE_CURVE ( 'NONE', #3755, #4705, #146, .T. ) ;
#3032 = AXIS2_PLACEMENT_3D ( 'NONE', #4710, #2830, #2880 ) ;
#3033 = ORIENTED_EDGE ( 'NONE', *, *, #3949, .F. ) ;
#3034 = DIRECTION ( 'NONE',  ( 0.000000000000000000, 0.000000000000000000, -1.000000000000000000 ) ) ;
#3035 = PERSON_AND_ORGANIZATION ( #2165, #3243 ) ;
#3036 = ORIENTED_EDGE ( 'NONE', *, *, #4671, .F. ) ;
#3037 = EDGE_CURVE ( 'NONE', #543, #4379, #2392, .T. ) ;
#3038 = CARTESIAN_POINT ( 'NONE',  ( -9.525000000000002132, 12.69999999999999929, 12.69999999999999929 ) ) ;
#3039 = VECTOR ( 'NONE', #1147, 1000.000000000000000 ) ;
#3040 = EDGE_CURVE ( 'NONE', #3151, #4811, #261, .T. ) ;
#3041 = CIRCLE ( 'NONE', #3992, 2.499999999999988454 ) ;
#3042 = CARTESIAN_POINT ( 'NONE',  ( -12.69999999999999929, 12.69999999999999929, 10.20000000000001172 ) ) ;
#3043 = CIRCLE ( 'NONE', #1391, 17.66250000000000497 ) ;
#3044 = AXIS2_PLACEMENT_3D ( 'NONE', #2597, #4097, #1857 ) ;
#3045 = ADVANCED_FACE ( 'NONE', ( #169, #2438, #4625, #555, #2041, #3495, #2723, #2388 ), #1325, .F. ) ;
#3046 = ORIENTED_EDGE ( 'NONE', *, *, #4636, .T. ) ;
#3047 = LINE ( 'NONE', #1845, #3214 ) ;
#3048 = VERTEX_POINT ( 'NONE', #1216 ) ;
#3049 = AXIS2_PLACEMENT_3D ( 'NONE', #442, #2709, #2347 ) ;
#3050 = EDGE_CURVE ( 'NONE', #3326, #1751, #4265, .T. ) ;
#3051 = DIRECTION ( 'NONE',  ( 0.000000000000000000, 0.000000000000000000, 1.000000000000000000 ) ) ;
#3052 = CYLINDRICAL_SURFACE ( 'NONE', #3647, 2.080499999999998906 ) ;
#3053 = ORIENTED_EDGE ( 'NONE', *, *, #1691, .T. ) ;
#3054 = CARTESIAN_POINT ( 'NONE',  ( 12.70000000000000107, 16.22354728284504333, 40.36214363188798160 ) ) ;
#3055 = CARTESIAN_POINT ( 'NONE',  ( 1.555301434917138038E-15, -22.22499999999999787, 25.39999999999999858 ) ) ;
#3056 = VECTOR ( 'NONE', #4402, 1000.000000000000000 ) ;
#3057 = EDGE_CURVE ( 'NONE', #3165, #2004, #4665, .T. ) ;
#3058 = CARTESIAN_POINT ( 'NONE',  ( 3.061616997868370815E-16, -22.22499999999999787, 10.20000000000000817 ) ) ;
#3059 = ORIENTED_EDGE ( 'NONE', *, *, #476, .F. ) ;
#3060 = CARTESIAN_POINT ( 'NONE',  ( -12.69999999999999751, 0.000000000000000000, 63.50000000000000000 ) ) ;
#3061 = ORIENTED_EDGE ( 'NONE', *, *, #2584, .T. ) ;
#3062 = DIRECTION ( 'NONE',  ( -1.000000000000000000, -0.000000000000000000, -0.000000000000000000 ) ) ;
#3063 = PERSON_AND_ORGANIZATION ( #2165, #3243 ) ;
#3064 = ORIENTED_EDGE ( 'NONE', *, *, #1292, .F. ) ;
#3065 = EDGE_CURVE ( 'NONE', #3656, #319, #1246, .T. ) ;
#3066 = ADVANCED_FACE ( 'NONE', ( #1646 ), #3150, .F. ) ;
#3067 = CYLINDRICAL_SURFACE ( 'NONE', #1907, 2.080499999999998906 ) ;
#3068 = EDGE_LOOP ( 'NONE', ( #2431, #2875, #942, #409 ) ) ;
#3069 = EDGE_CURVE ( 'NONE', #3509, #1501, #889, .T. ) ;
#3070 = CYLINDRICAL_SURFACE ( 'NONE', #1148, 2.080499999999998906 ) ;
#3071 = ORIENTED_EDGE ( 'NONE', *, *, #453, .F. ) ;
#3072 = EDGE_CURVE ( 'NONE', #4291, #2947, #1284, .T. ) ;
#3073 = EDGE_CURVE ( 'NONE', #2848, #4554, #29, .T. ) ;
#3074 = ADVANCED_FACE ( 'NONE', ( #3173 ), #4678, .F. ) ;
#3075 = CYLINDRICAL_SURFACE ( 'NONE', #4211, 2.080499999999998906 ) ;
#3076 = DIRECTION ( 'NONE',  ( 0.000000000000000000, 0.000000000000000000, 1.000000000000000000 ) ) ;
#3077 = EDGE_LOOP ( 'NONE', ( #1137, #4040, #4311, #4077 ) ) ;
#3078 = FACE_OUTER_BOUND ( 'NONE', #448, .T. ) ;
#3079 = LINE ( 'NONE', #4114, #3879 ) ;
#3080 = CIRCLE ( 'NONE', #4488, 17.66250000000000142 ) ;
#3081 = DIRECTION ( 'NONE',  ( 0.000000000000000000, 0.000000000000000000, 1.000000000000000000 ) ) ;
#3082 = ORIENTED_EDGE ( 'NONE', *, *, #3105, .F. ) ;
#3083 = CIRCLE ( 'NONE', #4106, 2.499999999999988454 ) ;
#3084 = CARTESIAN_POINT ( 'NONE',  ( 12.70000000000000107, 10.07084749364666365, 27.26156772950216833 ) ) ;
#3085 = VERTEX_POINT ( 'NONE', #4304 ) ;
#3086 = CARTESIAN_POINT ( 'NONE',  ( 9.525000000000000355, -16.22512784221249404, 31.12080715599139324 ) ) ;
#3087 = COORDINATED_UNIVERSAL_TIME_OFFSET ( 6, 0, .BEHIND. ) ;
#3088 = VERTEX_POINT ( 'NONE', #194 ) ;
#3089 = CIRCLE ( 'NONE', #1039, 2.271000000000002128 ) ;
#3090 = CARTESIAN_POINT ( 'NONE',  ( 12.70000000000000107, 4.072800018551153478, 53.33104783511791425 ) ) ;
#3091 = FACE_OUTER_BOUND ( 'NONE', #1186, .T. ) ;
#3092 = VECTOR ( 'NONE', #2144, 1000.000000000000000 ) ;
#3093 = EDGE_CURVE ( 'NONE', #4557, #177, #3199, .T. ) ;
#3094 = VERTEX_POINT ( 'NONE', #585 ) ;
#3095 = AXIS2_PLACEMENT_3D ( 'NONE', #3409, #2325, #1582 ) ;
#3096 = CIRCLE ( 'NONE', #1202, 2.499999999999995115 ) ;
#3097 = CARTESIAN_POINT ( 'NONE',  ( -12.69999999999999751, -5.371240620587816927, 24.84708431341438839 ) ) ;
#3098 = ORIENTED_EDGE ( 'NONE', *, *, #123, .T. ) ;
#3099 = CIRCLE ( 'NONE', #4044, 14.30000000000000071 ) ;
#3100 = ADVANCED_FACE ( 'NONE', ( #3624 ), #4825, .F. ) ;
#3101 = CYLINDRICAL_SURFACE ( 'NONE', #363, 2.271000000000002128 ) ;
#3102 = CARTESIAN_POINT ( 'NONE',  ( 12.70000000000000107, -14.13894155320108759, 44.18182571315256268 ) ) ;
#3103 = EDGE_LOOP ( 'NONE', ( #4584, #86, #2413, #1649 ) ) ;
#3104 = DIRECTION ( 'NONE',  ( 1.000000000000000000, 0.000000000000000000, 0.000000000000000000 ) ) ;
#3105 = EDGE_CURVE ( 'NONE', #1893, #1906, #4751, .T. ) ;
#3106 = FACE_BOUND ( 'NONE', #3896, .T. ) ;
#3107 = DIRECTION ( 'NONE',  ( 0.000000000000000000, 0.000000000000000000, 1.000000000000000000 ) ) ;
#3108 = CARTESIAN_POINT ( 'NONE',  ( 1.080765552152139773E-15, 22.22500000000000142, 35.60000000000000853 ) ) ;
#3109 = FACE_OUTER_BOUND ( 'NONE', #2532, .T. ) ;
#3110 = DIRECTION ( 'NONE',  ( -1.000000000000000000, -0.000000000000000000, -0.000000000000000000 ) ) ;
#3111 = ORIENTED_EDGE ( 'NONE', *, *, #92, .F. ) ;
#3112 = DIRECTION ( 'NONE',  ( -1.000000000000000000, -0.000000000000000000, -0.000000000000000000 ) ) ;
#3113 = VERTEX_POINT ( 'NONE', #1005 ) ;
#3114 = CARTESIAN_POINT ( 'NONE',  ( 12.70000000000000107, -6.152699789198520897, 22.91892409761429406 ) ) ;
#3115 = ORIENTED_EDGE ( 'NONE', *, *, #957, .F. ) ;
#3116 = ORIENTED_EDGE ( 'NONE', *, *, #3223, .T. ) ;
#3117 = AXIS2_PLACEMENT_3D ( 'NONE', #4163, #3426, #415 ) ;
#3118 = DIRECTION ( 'NONE',  ( 0.000000000000000000, 0.000000000000000000, 1.000000000000000000 ) ) ;
#3119 = EDGE_LOOP ( 'NONE', ( #2439, #4374 ) ) ;
#3120 = AXIS2_PLACEMENT_3D ( 'NONE', #1644, #3125, #3884 ) ;
#3121 = CIRCLE ( 'NONE', #2886, 14.30000000000000071 ) ;
#3122 = CARTESIAN_POINT ( 'NONE',  ( -9.525000000000002132, 12.69999999999999929, 10.20000000000000639 ) ) ;
#3123 = ORIENTED_EDGE ( 'NONE', *, *, #3733, .T. ) ;
#3124 = CIRCLE ( 'NONE', #4696, 17.66250000000000497 ) ;
#3125 = DIRECTION ( 'NONE',  ( -1.000000000000000000, -0.000000000000000000, -0.000000000000000000 ) ) ;
#3126 = VECTOR ( 'NONE', #1862, 1000.000000000000000 ) ;
#3127 = CARTESIAN_POINT ( 'NONE',  ( 12.70000000000000107, -6.152699789198520897, 22.91892409761429406 ) ) ;
#3128 = ORIENTED_EDGE ( 'NONE', *, *, #1329, .T. ) ;
#3129 = FACE_OUTER_BOUND ( 'NONE', #3383, .T. ) ;
#3130 = CARTESIAN_POINT ( 'NONE',  ( 1.555301434917138433E-15, -22.22499999999999787, 63.50000000000000000 ) ) ;
#3131 = CIRCLE ( 'NONE', #4701, 2.080499999999998906 ) ;
#3132 = AXIS2_PLACEMENT_3D ( 'NONE', #1530, #3027, #4527 ) ;
#3133 = DIRECTION ( 'NONE',  ( 0.000000000000000000, 0.000000000000000000, -1.000000000000000000 ) ) ;
#3134 = CYLINDRICAL_SURFACE ( 'NONE', #3510, 2.271000000000002128 ) ;
#3135 = EDGE_CURVE ( 'NONE', #3048, #3877, #2461, .T. ) ;
#3136 = FACE_OUTER_BOUND ( 'NONE', #1788, .T. ) ;
#3137 = CYLINDRICAL_SURFACE ( 'NONE', #66, 14.30000000000000071 ) ;
#3138 = ORIENTED_EDGE ( 'NONE', *, *, #1625, .T. ) ;
#3139 = DIRECTION ( 'NONE',  ( 1.000000000000000000, -0.000000000000000000, -0.000000000000000000 ) ) ;
#3140 = ORIENTED_EDGE ( 'NONE', *, *, #1006, .F. ) ;
#3141 = DIRECTION ( 'NONE',  ( -1.000000000000000000, -0.000000000000000000, -0.000000000000000000 ) ) ;
#3142 = EDGE_LOOP ( 'NONE', ( #3957, #435, #1398, #916 ) ) ;
#3143 = VERTEX_POINT ( 'NONE', #611 ) ;
#3144 = DIRECTION ( 'NONE',  ( 0.000000000000000000, 0.000000000000000000, 1.000000000000000000 ) ) ;
#3145 = ORIENTED_EDGE ( 'NONE', *, *, #4365, .T. ) ;
#3146 = CYLINDRICAL_SURFACE ( 'NONE', #2100, 2.499999999999988454 ) ;
#3147 = VERTEX_POINT ( 'NONE', #4726 ) ;
#3148 = DIRECTION ( 'NONE',  ( 0.000000000000000000, -6.670409905222044891E-15, -1.000000000000000000 ) ) ;
#3149 = DIRECTION ( 'NONE',  ( -0.000000000000000000, -1.000000000000000000, -0.000000000000000000 ) ) ;
#3150 = CYLINDRICAL_SURFACE ( 'NONE', #2779, 2.271000000000002128 ) ;
#3151 = VERTEX_POINT ( 'NONE', #1811 ) ;
#3152 = CARTESIAN_POINT ( 'NONE',  ( -9.525000000000000355, 5.371240620587830250, 51.35291568658563932 ) ) ;
#3153 = LINE ( 'NONE', #2752, #4809 ) ;
#3154 = VERTEX_POINT ( 'NONE', #632 ) ;
#3155 = DIRECTION ( 'NONE',  ( -1.000000000000000000, -0.000000000000000000, -0.000000000000000000 ) ) ;
#3156 = DIRECTION ( 'NONE',  ( 0.000000000000000000, 0.000000000000000000, 1.000000000000000000 ) ) ;
#3157 = VECTOR ( 'NONE', #729, 1000.000000000000000 ) ;
#3158 = CARTESIAN_POINT ( 'NONE',  ( -12.69999999999999751, 3.061616997868373773E-16, 61.00000000000000711 ) ) ;
#3159 = ORIENTED_EDGE ( 'NONE', *, *, #3284, .F. ) ;
#3160 = EDGE_CURVE ( 'NONE', #3318, #4258, #4683, .T. ) ;
#3161 = CARTESIAN_POINT ( 'NONE',  ( -9.525000000000002132, 22.22500000000000142, 76.20000000000000284 ) ) ;
#3162 = EDGE_CURVE ( 'NONE', #3777, #4565, #428, .T. ) ;
#3163 = CARTESIAN_POINT ( 'NONE',  ( -12.69999999999999751, 0.000000000000000000, 63.50000000000000000 ) ) ;
#3164 = VERTEX_POINT ( 'NONE', #3596 ) ;
#3165 = VERTEX_POINT ( 'NONE', #2850 ) ;
#3166 = CARTESIAN_POINT ( 'NONE',  ( -12.69999999999999751, -10.07084749364648069, 25.18106772950202199 ) ) ;
#3167 = VERTEX_POINT ( 'NONE', #4010 ) ;
#3168 = DIRECTION ( 'NONE',  ( -1.000000000000000000, -0.000000000000000000, -0.000000000000000000 ) ) ;
#3169 = ORIENTED_EDGE ( 'NONE', *, *, #1625, .F. ) ;
#3170 = VECTOR ( 'NONE', #1696, 1000.000000000000000 ) ;
#3171 = DIRECTION ( 'NONE',  ( 0.000000000000000000, 0.000000000000000000, 1.000000000000000000 ) ) ;
#3172 = AXIS2_PLACEMENT_3D ( 'NONE', #3114, #990, #545 ) ;
#3173 = FACE_OUTER_BOUND ( 'NONE', #4588, .T. ) ;
#3174 = ORIENTED_EDGE ( 'NONE', *, *, #1234, .F. ) ;
#3175 = CARTESIAN_POINT ( 'NONE',  ( 9.525000000000000355, -2.068405620284295310, 55.64096931301052251 ) ) ;
#3176 = FACE_OUTER_BOUND ( 'NONE', #650, .T. ) ;
#3177 = AXIS2_PLACEMENT_3D ( 'NONE', #3838, #2340, #4503 ) ;
#3178 = ORIENTED_EDGE ( 'NONE', *, *, #3793, .T. ) ;
#3179 = DIRECTION ( 'NONE',  ( 0.000000000000000000, 0.000000000000000000, -1.000000000000000000 ) ) ;
#3180 = VECTOR ( 'NONE', #1024, 1000.000000000000000 ) ;
#3181 = DIRECTION ( 'NONE',  ( -1.000000000000000000, -0.000000000000000000, -0.000000000000000000 ) ) ;
#3182 = DIRECTION ( 'NONE',  ( -1.000000000000000000, -0.000000000000000000, -0.000000000000000000 ) ) ;
#3183 = VERTEX_POINT ( 'NONE', #949 ) ;
#3184 = EDGE_CURVE ( 'NONE', #4554, #2138, #1059, .T. ) ;
#3185 = LINE ( 'NONE', #4446, #1716 ) ;
#3186 = AXIS2_PLACEMENT_3D ( 'NONE', #2509, #1787, #2899 ) ;
#3187 = LINE ( 'NONE', #159, #876 ) ;
#3188 = EDGE_CURVE ( 'NONE', #1820, #4565, #3226, .T. ) ;
#3189 = ORIENTED_EDGE ( 'NONE', *, *, #1805, .F. ) ;
#3190 = ORIENTED_EDGE ( 'NONE', *, *, #2394, .F. ) ;
#3191 = CARTESIAN_POINT ( 'NONE',  ( 12.70000000000000107, -12.33648634558010748, 47.30376971111923723 ) ) ;
#3192 = ORIENTED_EDGE ( 'NONE', *, *, #3283, .T. ) ;
#3193 = EDGE_CURVE ( 'NONE', #24, #2529, #2874, .T. ) ;
#3194 = EDGE_CURVE ( 'NONE', #2036, #2663, #27, .T. ) ;
#3195 = DIRECTION ( 'NONE',  ( -0.000000000000000000, 1.000000000000000000, -0.000000000000000000 ) ) ;
#3196 = VERTEX_POINT ( 'NONE', #3317 ) ;
#3197 = CARTESIAN_POINT ( 'NONE',  ( 9.525000000000000355, 4.072800018551153478, 53.33104783511791425 ) ) ;
#3198 = ADVANCED_FACE ( 'NONE', ( #2137 ), #3641, .F. ) ;
#3199 = LINE ( 'NONE', #2118, #2153 ) ;
#3200 = CIRCLE ( 'NONE', #1221, 2.080499999999998906 ) ;
#3201 = ORIENTED_EDGE ( 'NONE', *, *, #2530, .T. ) ;
#3202 = CARTESIAN_POINT ( 'NONE',  ( 12.70000000000000107, 14.15672222192810992, 48.66177646900214881 ) ) ;
#3203 = CARTESIAN_POINT ( 'NONE',  ( -9.525000000000002132, -22.22499999999999787, 76.20000000000000284 ) ) ;
#3204 = ORIENTED_EDGE ( 'NONE', *, *, #3950, .F. ) ;
#3205 = VECTOR ( 'NONE', #4878, 1000.000000000000000 ) ;
#3206 = DIRECTION ( 'NONE',  ( 0.000000000000000000, 0.000000000000000000, 1.000000000000000000 ) ) ;
#3207 = DIRECTION ( 'NONE',  ( 0.000000000000000000, 0.000000000000000000, -1.000000000000000000 ) ) ;
#3208 = CARTESIAN_POINT ( 'NONE',  ( 12.70000000000000107, 8.791741348502629450, 26.82191132943933454 ) ) ;
#3209 = ORIENTED_EDGE ( 'NONE', *, *, #223, .F. ) ;
#3210 = AXIS2_PLACEMENT_3D ( 'NONE', #1600, #3337, #3107 ) ;
#3211 = VERTEX_POINT ( 'NONE', #3271 ) ;
#3212 = AXIS2_PLACEMENT_3D ( 'NONE', #2626, #4102, #3804 ) ;
#3213 = CARTESIAN_POINT ( 'NONE',  ( 9.525000000000000355, 1.802455207620993427, 22.81440457572818303 ) ) ;
#3214 = VECTOR ( 'NONE', #1934, 1000.000000000000000 ) ;
#3215 = CARTESIAN_POINT ( 'NONE',  ( 12.70000000000000107, 11.15407434219260630, 26.95732780184214405 ) ) ;
#3216 = EDGE_LOOP ( 'NONE', ( #1653, #3392, #1206, #1228 ) ) ;
#3217 = CIRCLE ( 'NONE', #4785, 17.66250000000000497 ) ;
#3218 = CARTESIAN_POINT ( 'NONE',  ( 12.70000000000000107, 3.577867169202164632E-15, 38.10000000000001563 ) ) ;
#3219 = DIRECTION ( 'NONE',  ( -1.000000000000000000, -0.000000000000000000, -0.000000000000000000 ) ) ;
#3220 = EDGE_LOOP ( 'NONE', ( #724, #1773, #4724, #2989 ) ) ;
#3221 = DIRECTION ( 'NONE',  ( 0.000000000000000000, 0.000000000000000000, 1.000000000000000000 ) ) ;
#3222 = ORIENTED_EDGE ( 'NONE', *, *, #3621, .F. ) ;
#3223 = EDGE_CURVE ( 'NONE', #961, #2290, #4770, .T. ) ;
#3224 = DIRECTION ( 'NONE',  ( 1.000000000000000000, 0.000000000000000000, 0.000000000000000000 ) ) ;
#3225 = ADVANCED_FACE ( 'NONE', ( #4395 ), #3296, .T. ) ;
#3226 = LINE ( 'NONE', #1373, #2862 ) ;
#3227 = ORIENTED_EDGE ( 'NONE', *, *, #67, .T. ) ;
#3228 = DIRECTION ( 'NONE',  ( -1.000000000000000000, 0.000000000000000000, 0.000000000000000000 ) ) ;
#3229 = EDGE_CURVE ( 'NONE', #547, #2566, #4033, .T. ) ;
#3230 = EDGE_CURVE ( 'NONE', #1704, #3601, #1417, .T. ) ;
#3231 = EDGE_LOOP ( 'NONE', ( #1379, #622, #1191, #2520, #1369, #245, #3846, #3512, #1497, #2356, #4161, #2310, #872, #3322, #1753, #3614, #1577, #4221, #4593, #1319, #2465, #3516, #208, #4674, #1831, #1080, #4530, #4133, #4780, #81, #607, #2651, #641, #1850, #1254, #4799, #2906, #3363, #2059, #1796, #290 ) ) ;
#3232 = CARTESIAN_POINT ( 'NONE',  ( 12.70000000000000107, -12.33648634558004353, 28.89623028888070877 ) ) ;
#3233 = CARTESIAN_POINT ( 'NONE',  ( 12.70000000000000107, 10.07084749364666365, 25.18106772950216765 ) ) ;
#3234 = EDGE_LOOP ( 'NONE', ( #2572, #163 ) ) ;
#3235 = CARTESIAN_POINT ( 'NONE',  ( 12.70000000000000107, 11.15407434219237004, 49.24267219815811814 ) ) ;
#3236 = ORIENTED_EDGE ( 'NONE', *, *, #748, .F. ) ;
#3237 = AXIS2_PLACEMENT_3D ( 'NONE', #1352, #2852, #2923 ) ;
#3238 = EDGE_CURVE ( 'NONE', #4241, #1335, #2306, .T. ) ;
#3239 = CARTESIAN_POINT ( 'NONE',  ( -12.69999999999999751, 11.15407434219260630, 26.95732780184214405 ) ) ;
#3240 = EDGE_LOOP ( 'NONE', ( #865, #3098 ) ) ;
#3241 = AXIS2_PLACEMENT_3D ( 'NONE', #3054, #3451, #4251 ) ;
#3242 = FACE_OUTER_BOUND ( 'NONE', #3142, .T. ) ;
#3243 = ORGANIZATION ( 'UNSPECIFIED', 'UNSPECIFIED', '' ) ;
#3244 = CARTESIAN_POINT ( 'NONE',  ( 7.746038523653021987E-16, 25.40000000000000213, 38.09999999999999432 ) ) ;
#3245 = ORIENTED_EDGE ( 'NONE', *, *, #2878, .F. ) ;
#3246 = CYLINDRICAL_SURFACE ( 'NONE', #2019, 2.080499999999998906 ) ;
#3247 = ORIENTED_EDGE ( 'NONE', *, *, #3188, .F. ) ;
#3248 = CARTESIAN_POINT ( 'NONE',  ( -12.69999999999999751, -12.69999999999999929, 61.00000000000000711 ) ) ;
#3249 = DIRECTION ( 'NONE',  ( -0.000000000000000000, 1.000000000000000000, -0.000000000000000000 ) ) ;
#3250 = ORIENTED_EDGE ( 'NONE', *, *, #4643, .F. ) ;
#3251 = DIRECTION ( 'NONE',  ( -1.000000000000000000, -0.000000000000000000, -0.000000000000000000 ) ) ;
#3252 = ORIENTED_EDGE ( 'NONE', *, *, #4624, .F. ) ;
#3253 = CIRCLE ( 'NONE', #1686, 14.30000000000000071 ) ;
#3254 = EDGE_CURVE ( 'NONE', #605, #2698, #2002, .T. ) ;
#3255 = EDGE_CURVE ( 'NONE', #4341, #486, #3011, .T. ) ;
#3256 = CYLINDRICAL_SURFACE ( 'NONE', #2496, 2.271000000000002128 ) ;
#3257 = CYLINDRICAL_SURFACE ( 'NONE', #2149, 2.080499999999998906 ) ;
#3258 = ORIENTED_EDGE ( 'NONE', *, *, #3073, .F. ) ;
#3259 = VECTOR ( 'NONE', #3395, 1000.000000000000000 ) ;
#3260 = CARTESIAN_POINT ( 'NONE',  ( -9.525000000000000355, -2.068405620284290425, 20.55903068698950520 ) ) ;
#3261 = EDGE_LOOP ( 'NONE', ( #1289, #1939, #345, #4846 ) ) ;
#3262 = AXIS2_PLACEMENT_3D ( 'NONE', #2224, #1797, #320 ) ;
#3263 = CIRCLE ( 'NONE', #112, 17.66250000000000497 ) ;
#3264 = FACE_OUTER_BOUND ( 'NONE', #2273, .T. ) ;
#3265 = ORIENTED_EDGE ( 'NONE', *, *, #3550, .F. ) ;
#3266 = CARTESIAN_POINT ( 'NONE',  ( 12.70000000000000107, -14.13894155320104851, 32.01817428684736200 ) ) ;
#3267 = EDGE_CURVE ( 'NONE', #2771, #1017, #1838, .T. ) ;
#3268 = VERTEX_POINT ( 'NONE', #3507 ) ;
#3269 = CARTESIAN_POINT ( 'NONE',  ( 9.525000000000000355, 12.33648634558017676, 28.89623028888087930 ) ) ;
#3270 = DIRECTION ( 'NONE',  ( -1.000000000000000000, -0.000000000000000000, -0.000000000000000000 ) ) ;
#3271 = CARTESIAN_POINT ( 'NONE',  ( -9.525000000000000355, -11.15407434219252103, 49.24267219815796182 ) ) ;
#3272 = VERTEX_POINT ( 'NONE', #424 ) ;
#3273 = LINE ( 'NONE', #2552, #2056 ) ;
#3274 = ORIENTED_EDGE ( 'NONE', *, *, #4731, .F. ) ;
#3275 = CIRCLE ( 'NONE', #4768, 2.270999999999998575 ) ;
#3276 = CARTESIAN_POINT ( 'NONE',  ( 12.70000000000000107, -8.791741348502544184, 49.37808867056075712 ) ) ;
#3277 = DIRECTION ( 'NONE',  ( -0.000000000000000000, 1.000000000000000000, -0.000000000000000000 ) ) ;
#3278 = EDGE_LOOP ( 'NONE', ( #1989, #2403, #1275, #338 ) ) ;
#3279 = CARTESIAN_POINT ( 'NONE',  ( 1.555301434917138038E-15, 25.40000000000000213, 25.39999999999999858 ) ) ;
#3280 = ORIENTED_EDGE ( 'NONE', *, *, #419, .T. ) ;
#3281 = AXIS2_PLACEMENT_3D ( 'NONE', #1987, #460, #2796 ) ;
#3282 = CIRCLE ( 'NONE', #1780, 2.499999999999988454 ) ;
#3283 = EDGE_CURVE ( 'NONE', #2543, #3932, #2711, .T. ) ;
#3284 = EDGE_CURVE ( 'NONE', #639, #1926, #1444, .T. ) ;
#3285 = AXIS2_PLACEMENT_3D ( 'NONE', #1088, #3380, #99 ) ;
#3286 = CARTESIAN_POINT ( 'NONE',  ( 9.525000000000000355, -16.22512784221253312, 45.07919284400851723 ) ) ;
#3287 = ORIENTED_EDGE ( 'NONE', *, *, #3847, .F. ) ;
#3288 = DIRECTION ( 'NONE',  ( -1.000000000000000000, -0.000000000000000000, -0.000000000000000000 ) ) ;
#3289 = ADVANCED_FACE ( 'NONE', ( #1070 ), #4214, .F. ) ;
#3290 = CIRCLE ( 'NONE', #4783, 2.080499999999998906 ) ;
#3291 = CIRCLE ( 'NONE', #3899, 2.499999999999996891 ) ;
#3292 = CARTESIAN_POINT ( 'NONE',  ( 12.70000000000000107, -10.07084749364648069, 27.26156772950202267 ) ) ;
#3293 = ORIENTED_EDGE ( 'NONE', *, *, #1836, .T. ) ;
#3294 = CARTESIAN_POINT ( 'NONE',  ( 12.70000000000000107, 14.16298196909033003, 40.07482701602503994 ) ) ;
#3295 = FACE_OUTER_BOUND ( 'NONE', #150, .T. ) ;
#3296 = CYLINDRICAL_SURFACE ( 'NONE', #2151, 2.080499999999998906 ) ;
#3297 = ORIENTED_EDGE ( 'NONE', *, *, #2821, .T. ) ;
#3298 = LINE ( 'NONE', #1008, #4096 ) ;
#3299 = CARTESIAN_POINT ( 'NONE',  ( -12.69999999999999751, 3.577867169202164632E-15, 38.10000000000001563 ) ) ;
#3300 = ORIENTED_EDGE ( 'NONE', *, *, #4387, .T. ) ;
#3301 = DIRECTION ( 'NONE',  ( -0.000000000000000000, 1.000000000000000000, -0.000000000000000000 ) ) ;
#3302 = DIRECTION ( 'NONE',  ( -1.000000000000000000, 0.000000000000000000, 0.000000000000000000 ) ) ;
#3303 = VERTEX_POINT ( 'NONE', #2740 ) ;
#3304 = CARTESIAN_POINT ( 'NONE',  ( -12.69999999999999751, -12.33648634558010748, 47.30376971111923723 ) ) ;
#3305 = EDGE_LOOP ( 'NONE', ( #496, #2712, #203, #1151 ) ) ;
#3306 = ADVANCED_FACE ( 'NONE', ( #58 ), #1562, .F. ) ;
#3307 = LINE ( 'NONE', #2933, #1823 ) ;
#3308 = VERTEX_POINT ( 'NONE', #498 ) ;
#3309 = CARTESIAN_POINT ( 'NONE',  ( 7.746038523653021987E-16, 25.40000000000000213, 50.79999999999999716 ) ) ;
#3310 = CARTESIAN_POINT ( 'NONE',  ( 1.861463134703975514E-15, 25.40000000000000213, 22.90000000000000924 ) ) ;
#3311 = LINE ( 'NONE', #3935, #2995 ) ;
#3312 = AXIS2_PLACEMENT_3D ( 'NONE', #1675, #3971, #1252 ) ;
#3313 = VERTEX_POINT ( 'NONE', #4537 ) ;
#3314 = CARTESIAN_POINT ( 'NONE',  ( 12.70000000000000107, -2.068405620284295310, 55.64096931301052251 ) ) ;
#3315 = AXIS2_PLACEMENT_3D ( 'NONE', #148, #2699, #805 ) ;
#3316 = CARTESIAN_POINT ( 'NONE',  ( 9.525000000000000355, -6.152699789198520897, 22.91892409761429406 ) ) ;
#3317 = CARTESIAN_POINT ( 'NONE',  ( 12.70000000000000107, 2.068405620284300195, 20.55903068698950520 ) ) ;
#3318 = VERTEX_POINT ( 'NONE', #3776 ) ;
#3319 = AXIS2_PLACEMENT_3D ( 'NONE', #1016, #645, #1853 ) ;
#3320 = DIRECTION ( 'NONE',  ( 0.000000000000000000, 0.000000000000000000, 1.000000000000000000 ) ) ;
#3321 = DIRECTION ( 'NONE',  ( -1.000000000000000000, -0.000000000000000000, -0.000000000000000000 ) ) ;
#3322 = ORIENTED_EDGE ( 'NONE', *, *, #1714, .T. ) ;
#3323 = DIRECTION ( 'NONE',  ( 0.000000000000000000, 0.000000000000000000, 1.000000000000000000 ) ) ;
#3324 = CARTESIAN_POINT ( 'NONE',  ( -12.69999999999999751, -6.152699789198520897, 22.91892409761429406 ) ) ;
#3325 = CARTESIAN_POINT ( 'NONE',  ( 1.080765552152139379E-15, 25.40000000000000213, 35.60000000000000853 ) ) ;
#3326 = VERTEX_POINT ( 'NONE', #2299 ) ;
#3327 = CYLINDRICAL_SURFACE ( 'NONE', #4581, 14.30000000000000071 ) ;
#3328 = ORIENTED_EDGE ( 'NONE', *, *, #2791, .F. ) ;
#3329 = AXIS2_PLACEMENT_3D ( 'NONE', #2194, #4426, #4400 ) ;
#3330 = CYLINDRICAL_SURFACE ( 'NONE', #1978, 2.270999999999998575 ) ;
#3331 = AXIS2_PLACEMENT_3D ( 'NONE', #2428, #1657, #1341 ) ;
#3332 = CC_DESIGN_PERSON_AND_ORGANIZATION_ASSIGNMENT ( #1184, #723, ( #2843 ) ) ;
#3333 = VERTEX_POINT ( 'NONE', #2578 ) ;
#3334 = ORIENTED_EDGE ( 'NONE', *, *, #3005, .F. ) ;
#3335 = CIRCLE ( 'NONE', #4190, 2.499999999999988454 ) ;
#3336 = CARTESIAN_POINT ( 'NONE',  ( 3.061616997868371801E-16, 25.40000000000000213, 10.20000000000000817 ) ) ;
#3337 = DIRECTION ( 'NONE',  ( -1.000000000000000000, -0.000000000000000000, -0.000000000000000000 ) ) ;
#3338 = CARTESIAN_POINT ( 'NONE',  ( 1.555301434917138038E-15, 25.40000000000000213, 25.39999999999999858 ) ) ;
#3339 = ORIENTED_EDGE ( 'NONE', *, *, #3031, .F. ) ;
#3340 = VERTEX_POINT ( 'NONE', #4582 ) ;
#3341 = CARTESIAN_POINT ( 'NONE',  ( 12.70000000000000107, 15.22687436074360257, 42.18837563696011017 ) ) ;
#3342 = CYLINDRICAL_SURFACE ( 'NONE', #2688, 2.499999999999988454 ) ;
#3343 = ADVANCED_FACE ( 'NONE', ( #4145 ), #2352, .F. ) ;
#3344 = CARTESIAN_POINT ( 'NONE',  ( 9.525000000000000355, -4.072800018551144596, 53.33104783511790714 ) ) ;
#3345 = LINE ( 'NONE', #4854, #3826 ) ;
#3346 = VERTEX_POINT ( 'NONE', #1161 ) ;
#3347 = EDGE_CURVE ( 'NONE', #2329, #4548, #733, .T. ) ;
#3348 = CYLINDRICAL_SURFACE ( 'NONE', #1388, 2.080499999999998906 ) ;
#3349 = DIRECTION ( 'NONE',  ( -0.000000000000000000, 1.000000000000000000, -0.000000000000000000 ) ) ;
#3350 = DIRECTION ( 'NONE',  ( 0.000000000000000000, 0.000000000000000000, 1.000000000000000000 ) ) ;
#3351 = ORIENTED_EDGE ( 'NONE', *, *, #807, .F. ) ;
#3352 = DIRECTION ( 'NONE',  ( 0.000000000000000000, -5.002807428916533668E-15, 1.000000000000000000 ) ) ;
#3353 = DIRECTION ( 'NONE',  ( 0.000000000000000000, 0.000000000000000000, 1.000000000000000000 ) ) ;
#3354 = AXIS2_PLACEMENT_3D ( 'NONE', #926, #1617, #1961 ) ;
#3355 = CIRCLE ( 'NONE', #2336, 2.499999999999988454 ) ;
#3356 = DIRECTION ( 'NONE',  ( 0.000000000000000000, 0.000000000000000000, 1.000000000000000000 ) ) ;
#3357 = CARTESIAN_POINT ( 'NONE',  ( 12.70000000000000107, 3.577867169202164632E-15, 38.10000000000001563 ) ) ;
#3358 = CYLINDRICAL_SURFACE ( 'NONE', #2106, 14.30000000000000071 ) ;
#3359 = AXIS2_PLACEMENT_3D ( 'NONE', #3266, #4048, #4369 ) ;
#3360 = CIRCLE ( 'NONE', #1392, 2.271000000000002128 ) ;
#3361 = EDGE_LOOP ( 'NONE', ( #3444, #1365, #147, #377 ) ) ;
#3362 = COORDINATED_UNIVERSAL_TIME_OFFSET ( 6, 0, .BEHIND. ) ;
#3363 = ORIENTED_EDGE ( 'NONE', *, *, #3050, .T. ) ;
#3364 = VECTOR ( 'NONE', #1062, 1000.000000000000000 ) ;
#3365 = CIRCLE ( 'NONE', #529, 14.30000000000000071 ) ;
#3366 = CYLINDRICAL_SURFACE ( 'NONE', #1153, 2.499999999999992006 ) ;
#3367 = DIRECTION ( 'NONE',  ( -1.000000000000000000, -0.000000000000000000, -0.000000000000000000 ) ) ;
#3368 = EDGE_CURVE ( 'NONE', #293, #4270, #472, .T. ) ;
#3369 = DIRECTION ( 'NONE',  ( 0.000000000000000000, 0.000000000000000000, 1.000000000000000000 ) ) ;
#3370 = VERTEX_POINT ( 'NONE', #864 ) ;
#3371 = EDGE_CURVE ( 'NONE', #4000, #293, #577, .T. ) ;
#3372 = CARTESIAN_POINT ( 'NONE',  ( 12.70000000000000107, -8.791741348502544184, 49.37808867056075712 ) ) ;
#3373 = DIRECTION ( 'NONE',  ( 1.000000000000000000, 0.000000000000000000, 0.000000000000000000 ) ) ;
#3374 = DIRECTION ( 'NONE',  ( 1.000000000000000000, -0.000000000000000000, -0.000000000000000000 ) ) ;
#3375 = ORIENTED_EDGE ( 'NONE', *, *, #3188, .T. ) ;
#3376 = CARTESIAN_POINT ( 'NONE',  ( -12.69999999999999751, 12.69999999999999929, 63.50000000000000000 ) ) ;
#3377 = CARTESIAN_POINT ( 'NONE',  ( 7.746038523653021987E-16, 25.40000000000000213, 50.79999999999999716 ) ) ;
#3378 = ORIENTED_EDGE ( 'NONE', *, *, #4595, .T. ) ;
#3379 = FACE_OUTER_BOUND ( 'NONE', #3361, .T. ) ;
#3380 = DIRECTION ( 'NONE',  ( -1.000000000000000000, 0.000000000000000000, 0.000000000000000000 ) ) ;
#3381 = DIRECTION ( 'NONE',  ( -0.000000000000000000, 1.000000000000000000, -0.000000000000000000 ) ) ;
#3382 = EDGE_CURVE ( 'NONE', #928, #1732, #2664, .T. ) ;
#3383 = EDGE_LOOP ( 'NONE', ( #3886, #3046, #1563, #583 ) ) ;
#3384 = DATE_AND_TIME ( #450, #1902 ) ;
#3385 = ORIENTED_EDGE ( 'NONE', *, *, #3753, .T. ) ;
#3386 = DIRECTION ( 'NONE',  ( -1.000000000000000000, -0.000000000000000000, -0.000000000000000000 ) ) ;
#3387 = AXIS2_PLACEMENT_3D ( 'NONE', #3573, #197, #952 ) ;
#3388 = DIRECTION ( 'NONE',  ( 0.000000000000000000, 0.000000000000000000, -1.000000000000000000 ) ) ;
#3389 = EDGE_CURVE ( 'NONE', #4000, #3113, #2686, .T. ) ;
#3390 = DIRECTION ( 'NONE',  ( -0.000000000000000000, 1.000000000000000000, -0.000000000000000000 ) ) ;
#3391 = CIRCLE ( 'NONE', #714, 2.499999999999992006 ) ;
#3392 = ORIENTED_EDGE ( 'NONE', *, *, #443, .T. ) ;
#3393 = CARTESIAN_POINT ( 'NONE',  ( 9.525000000000000355, 3.577867169202164632E-15, 38.10000000000001563 ) ) ;
#3394 = CARTESIAN_POINT ( 'NONE',  ( 1.080765552152139379E-15, 25.40000000000000213, 35.60000000000000853 ) ) ;
#3395 = DIRECTION ( 'NONE',  ( -0.000000000000000000, -0.000000000000000000, -1.000000000000000000 ) ) ;
#3396 = CC_DESIGN_SECURITY_CLASSIFICATION ( #2843, ( #3787 ) ) ;
#3397 = VERTEX_POINT ( 'NONE', #3086 ) ;
#3398 = CARTESIAN_POINT ( 'NONE',  ( 12.70000000000000107, -10.07084749364648069, 25.18106772950202199 ) ) ;
#3399 = CIRCLE ( 'NONE', #1512, 2.080499999999998906 ) ;
#3400 = CIRCLE ( 'NONE', #1517, 2.499999999999988454 ) ;
#3401 = EDGE_CURVE ( 'NONE', #1756, #4086, #413, .T. ) ;
#3402 = DIRECTION ( 'NONE',  ( 0.000000000000000000, 0.000000000000000000, 1.000000000000000000 ) ) ;
#3403 = ADVANCED_FACE ( 'NONE', ( #110 ), #1610, .T. ) ;
#3404 = CYLINDRICAL_SURFACE ( 'NONE', #4386, 17.66250000000000497 ) ;
#3405 = VECTOR ( 'NONE', #1128, 1000.000000000000000 ) ;
#3406 = EDGE_CURVE ( 'NONE', #1175, #4557, #108, .T. ) ;
#3407 = AXIS2_PLACEMENT_3D ( 'NONE', #4168, #3062, #4441 ) ;
#3408 = VERTEX_POINT ( 'NONE', #890 ) ;
#3409 = CARTESIAN_POINT ( 'NONE',  ( -9.525000000000000355, 3.577867169202164632E-15, 38.10000000000001563 ) ) ;
#3410 = ORIENTED_EDGE ( 'NONE', *, *, #1864, .F. ) ;
#3411 = AXIS2_PLACEMENT_3D ( 'NONE', #4200, #1271, #2363 ) ;
#3412 = CARTESIAN_POINT ( 'NONE',  ( 12.70000000000000107, 4.072800018551153478, 53.33104783511791425 ) ) ;
#3413 = ADVANCED_FACE ( 'NONE', ( #968 ), #623, .F. ) ;
#3414 = VECTOR ( 'NONE', #4702, 1000.000000000000000 ) ;
#3415 = DIRECTION ( 'NONE',  ( -1.000000000000000000, -0.000000000000000000, -0.000000000000000000 ) ) ;
#3416 = ORIENTED_EDGE ( 'NONE', *, *, #3558, .F. ) ;
#3417 = EDGE_CURVE ( 'NONE', #1751, #3622, #2127, .T. ) ;
#3418 = CARTESIAN_POINT ( 'NONE',  ( 9.525000000000000355, -2.068405620284290425, 20.55903068698950520 ) ) ;
#3419 = EDGE_LOOP ( 'NONE', ( #4586, #115, #2622, #4364 ) ) ;
#3420 = CARTESIAN_POINT ( 'NONE',  ( 12.70000000000000107, -14.16298196909034779, 40.07482701602484099 ) ) ;
#3421 = AXIS2_PLACEMENT_3D ( 'NONE', #1724, #4418, #267 ) ;
#3422 = FACE_OUTER_BOUND ( 'NONE', #2131, .T. ) ;
#3423 = ORIENTED_EDGE ( 'NONE', *, *, #576, .T. ) ;
#3424 = CARTESIAN_POINT ( 'NONE',  ( 9.525000000000000355, 11.15407434219260630, 26.95732780184214405 ) ) ;
#3425 = DIRECTION ( 'NONE',  ( 0.000000000000000000, 0.000000000000000000, -1.000000000000000000 ) ) ;
#3426 = DIRECTION ( 'NONE',  ( -1.000000000000000000, 0.000000000000000000, 0.000000000000000000 ) ) ;
#3427 = CARTESIAN_POINT ( 'NONE',  ( -9.525000000000000355, -12.33648634558004353, 28.89623028888070877 ) ) ;
#3428 = DIRECTION ( 'NONE',  ( 0.000000000000000000, -1.000000000000000000, 0.000000000000000000 ) ) ;
#3429 = EDGE_CURVE ( 'NONE', #4811, #3370, #1045, .T. ) ;
#3430 = EDGE_CURVE ( 'NONE', #3871, #2433, #4319, .T. ) ;
#3431 = CIRCLE ( 'NONE', #1779, 14.30000000000000071 ) ;
#3432 = ORIENTED_EDGE ( 'NONE', *, *, #362, .T. ) ;
#3433 = DIRECTION ( 'NONE',  ( -0.000000000000000000, 1.000000000000000000, -0.000000000000000000 ) ) ;
#3434 = PERSON_AND_ORGANIZATION_ROLE ( 'design_owner' ) ;
#3435 = ORIENTED_EDGE ( 'NONE', *, *, #2315, .F. ) ;
#3436 = EDGE_CURVE ( 'NONE', #3625, #4619, #522, .T. ) ;
#3437 = ADVANCED_FACE ( 'NONE', ( #1310 ), #1258, .F. ) ;
#3438 = CARTESIAN_POINT ( 'NONE',  ( -12.69999999999999751, 0.000000000000000000, 12.69999999999993356 ) ) ;
#3439 = CIRCLE ( 'NONE', #3673, 2.271000000000002128 ) ;
#3440 = VECTOR ( 'NONE', #2457, 1000.000000000000000 ) ;
#3441 = CYLINDRICAL_SURFACE ( 'NONE', #4575, 17.66250000000000497 ) ;
#3442 = CIRCLE ( 'NONE', #2427, 2.271000000000002128 ) ;
#3443 = CIRCLE ( 'NONE', #4534, 2.080499999999998906 ) ;
#3444 = ORIENTED_EDGE ( 'NONE', *, *, #1382, .T. ) ;
#3445 = CARTESIAN_POINT ( 'NONE',  ( 12.70000000000000107, 12.69999999999999929, 66.00000000000000000 ) ) ;
#3446 = ORIENTED_EDGE ( 'NONE', *, *, #3002, .F. ) ;
#3447 = CIRCLE ( 'NONE', #4075, 17.66250000000000497 ) ;
#3448 = DIRECTION ( 'NONE',  ( -1.000000000000000000, -0.000000000000000000, -0.000000000000000000 ) ) ;
#3449 = DIRECTION ( 'NONE',  ( 0.000000000000000000, 0.000000000000000000, 1.000000000000000000 ) ) ;
#3450 = VERTEX_POINT ( 'NONE', #1637 ) ;
#3451 = DIRECTION ( 'NONE',  ( 1.000000000000000000, -0.000000000000000000, -0.000000000000000000 ) ) ;
#3452 = CYLINDRICAL_SURFACE ( 'NONE', #2863, 2.499999999999988454 ) ;
#3453 = CIRCLE ( 'NONE', #2738, 2.499999999999988454 ) ;
#3454 = LINE ( 'NONE', #4603, #3867 ) ;
#3455 = ORIENTED_EDGE ( 'NONE', *, *, #4417, .T. ) ;
#3456 = DIRECTION ( 'NONE',  ( -0.000000000000000000, 1.000000000000000000, -0.000000000000000000 ) ) ;
#3457 = EDGE_CURVE ( 'NONE', #3048, #3534, #4831, .T. ) ;
#3458 = ORIENTED_EDGE ( 'NONE', *, *, #1490, .F. ) ;
#3459 = CARTESIAN_POINT ( 'NONE',  ( 12.70000000000000107, 3.577867169202164632E-15, 55.76250000000001705 ) ) ;
#3460 = PERSON_AND_ORGANIZATION ( #2165, #3243 ) ;
#3461 = ORIENTED_EDGE ( 'NONE', *, *, #3587, .T. ) ;
#3462 = EDGE_CURVE ( 'NONE', #426, #684, #4496, .T. ) ;
#3463 = CARTESIAN_POINT ( 'NONE',  ( 7.746038523653021987E-16, 22.22500000000000142, 50.79999999999999716 ) ) ;
#3464 = ORIENTED_EDGE ( 'NONE', *, *, #831, .F. ) ;
#3465 = PLANE ( 'NONE',  #601 ) ;
#3466 = ORIENTED_EDGE ( 'NONE', *, *, #4301, .F. ) ;
#3467 = AXIS2_PLACEMENT_3D ( 'NONE', #3130, #2441, #1699 ) ;
#3468 = CARTESIAN_POINT ( 'NONE',  ( -9.525000000000000355, -14.13894155320104851, 32.01817428684736200 ) ) ;
#3469 = DIRECTION ( 'NONE',  ( 0.000000000000000000, 1.667602476305511223E-15, -1.000000000000000000 ) ) ;
#3470 = ORIENTED_EDGE ( 'NONE', *, *, #356, .T. ) ;
#3471 = CARTESIAN_POINT ( 'NONE',  ( -9.525000000000000355, 10.07084749364639542, 51.01893227049807678 ) ) ;
#3472 = DIRECTION ( 'NONE',  ( -1.000000000000000000, -0.000000000000000000, -0.000000000000000000 ) ) ;
#3473 = CIRCLE ( 'NONE', #3241, 2.080499999999998906 ) ;
#3474 = LINE ( 'NONE', #1881, #1227 ) ;
#3475 = CARTESIAN_POINT ( 'NONE',  ( 12.70000000000000107, 3.577867169202164632E-15, 38.10000000000001563 ) ) ;
#3476 = DIRECTION ( 'NONE',  ( 0.000000000000000000, 0.000000000000000000, 1.000000000000000000 ) ) ;
#3477 = FACE_OUTER_BOUND ( 'NONE', #3598, .T. ) ;
#3478 = ORIENTED_EDGE ( 'NONE', *, *, #1121, .F. ) ;
#3479 = DIRECTION ( 'NONE',  ( -1.000000000000000000, -0.000000000000000000, -0.000000000000000000 ) ) ;
#3480 = ORIENTED_EDGE ( 'NONE', *, *, #2900, .F. ) ;
#3481 = DIRECTION ( 'NONE',  ( 0.000000000000000000, 0.000000000000000000, 1.000000000000000000 ) ) ;
#3482 = VERTEX_POINT ( 'NONE', #4638 ) ;
#3483 = VECTOR ( 'NONE', #2481, 1000.000000000000000 ) ;
#3484 = EDGE_LOOP ( 'NONE', ( #191, #1658, #3227, #2515 ) ) ;
#3485 = CARTESIAN_POINT ( 'NONE',  ( -9.525000000000000355, 14.13894155320113555, 32.01817428684756095 ) ) ;
#3486 = CIRCLE ( 'NONE', #1278, 2.080499999999998906 ) ;
#3487 = VERTEX_POINT ( 'NONE', #3239 ) ;
#3488 = LINE ( 'NONE', #1567, #610 ) ;
#3489 = AXIS2_PLACEMENT_3D ( 'NONE', #3398, #758, #2248 ) ;
#3490 = CARTESIAN_POINT ( 'NONE',  ( 7.746038523653021987E-16, 22.22500000000000142, 38.09999999999999432 ) ) ;
#3491 = ORIENTED_EDGE ( 'NONE', *, *, #3728, .F. ) ;
#3492 = ADVANCED_FACE ( 'NONE', ( #1709 ), #3978, .T. ) ;
#3493 = AXIS2_PLACEMENT_3D ( 'NONE', #1742, #1003, #3595 ) ;
#3494 = DIRECTION ( 'NONE',  ( 0.000000000000000000, 0.000000000000000000, 1.000000000000000000 ) ) ;
#3495 = FACE_OUTER_BOUND ( 'NONE', #2385, .T. ) ;
#3496 = ORIENTED_EDGE ( 'NONE', *, *, #3050, .F. ) ;
#3497 = CARTESIAN_POINT ( 'NONE',  ( 9.525000000000000355, 10.07084749364666365, 25.18106772950216765 ) ) ;
#3498 = CARTESIAN_POINT ( 'NONE',  ( 1.555301434917138038E-15, 25.40000000000000213, 25.39999999999999858 ) ) ;
#3499 = EDGE_CURVE ( 'NONE', #1508, #2790, #484, .T. ) ;
#3500 = FACE_OUTER_BOUND ( 'NONE', #394, .T. ) ;
#3501 = DIRECTION ( 'NONE',  ( 0.000000000000000000, 0.000000000000000000, 1.000000000000000000 ) ) ;
#3502 = DIRECTION ( 'NONE',  ( 0.000000000000000000, 0.000000000000000000, -1.000000000000000000 ) ) ;
#3503 = DIRECTION ( 'NONE',  ( -1.000000000000000000, -0.000000000000000000, -0.000000000000000000 ) ) ;
#3504 = EDGE_LOOP ( 'NONE', ( #1639, #4577, #2853, #2218 ) ) ;
#3505 = DIRECTION ( 'NONE',  ( 0.000000000000000000, 1.667602476305511223E-15, 1.000000000000000000 ) ) ;
#3506 = ORIENTED_EDGE ( 'NONE', *, *, #4540, .F. ) ;
#3507 = CARTESIAN_POINT ( 'NONE',  ( 3.061616997868374760E-16, -25.39999999999999503, 10.20000000000000639 ) ) ;
#3508 = VERTEX_POINT ( 'NONE', #2401 ) ;
#3509 = VERTEX_POINT ( 'NONE', #3613 ) ;
#3510 = AXIS2_PLACEMENT_3D ( 'NONE', #2396, #4335, #1650 ) ;
#3511 = DIRECTION ( 'NONE',  ( 0.000000000000000000, 0.000000000000000000, -1.000000000000000000 ) ) ;
#3512 = ORIENTED_EDGE ( 'NONE', *, *, #658, .T. ) ;
#3513 = CIRCLE ( 'NONE', #4771, 2.499999999999988454 ) ;
#3514 = VECTOR ( 'NONE', #284, 1000.000000000000000 ) ;
#3515 = DIRECTION ( 'NONE',  ( -1.000000000000000000, -0.000000000000000000, -0.000000000000000000 ) ) ;
#3516 = ORIENTED_EDGE ( 'NONE', *, *, #153, .T. ) ;
#3517 = CARTESIAN_POINT ( 'NONE',  ( 1.861463134703975514E-15, 22.22500000000000142, 22.90000000000000568 ) ) ;
#3518 = AXIS2_PLACEMENT_3D ( 'NONE', #4719, #259, #1735 ) ;
#3519 = DIRECTION ( 'NONE',  ( 0.000000000000000000, 0.000000000000000000, -1.000000000000000000 ) ) ;
#3520 = AXIS2_PLACEMENT_3D ( 'NONE', #4859, #4159, #2633 ) ;
#3521 = EDGE_CURVE ( 'NONE', #3333, #3151, #644, .T. ) ;
#3522 = DIRECTION ( 'NONE',  ( 0.000000000000000000, 0.000000000000000000, -1.000000000000000000 ) ) ;
#3523 = ORIENTED_EDGE ( 'NONE', *, *, #1504, .T. ) ;
#3524 = LINE ( 'NONE', #2339, #953 ) ;
#3525 = CARTESIAN_POINT ( 'NONE',  ( 7.746038523653021987E-16, 22.22500000000000142, 40.59999999999998010 ) ) ;
#3526 = CIRCLE ( 'NONE', #1473, 2.499999999999992006 ) ;
#3527 = CIRCLE ( 'NONE', #1396, 2.499999999999996891 ) ;
#3528 = ORIENTED_EDGE ( 'NONE', *, *, #2198, .T. ) ;
#3529 = EDGE_CURVE ( 'NONE', #4062, #4264, #3399, .T. ) ;
#3530 = DIRECTION ( 'NONE',  ( 0.000000000000000000, 0.000000000000000000, 1.000000000000000000 ) ) ;
#3531 = CARTESIAN_POINT ( 'NONE',  ( 12.70000000000000107, -16.22354728284506820, 40.36214363188775422 ) ) ;
#3532 = AXIS2_PLACEMENT_3D ( 'NONE', #542, #4286, #3607 ) ;
#3533 = DIRECTION ( 'NONE',  ( 0.000000000000000000, 0.000000000000000000, 1.000000000000000000 ) ) ;
#3534 = VERTEX_POINT ( 'NONE', #3536 ) ;
#3535 = FACE_BOUND ( 'NONE', #258, .T. ) ;
#3536 = CARTESIAN_POINT ( 'NONE',  ( -9.525000000000002132, 12.69999999999999929, 61.00000000000000711 ) ) ;
#3537 = ORIENTED_EDGE ( 'NONE', *, *, #4370, .T. ) ;
#3538 = ORIENTED_EDGE ( 'NONE', *, *, #4088, .T. ) ;
#3539 = DIRECTION ( 'NONE',  ( 1.000000000000000000, 0.000000000000000000, 0.000000000000000000 ) ) ;
#3540 = EDGE_LOOP ( 'NONE', ( #2724, #4507, #3783, #2685 ) ) ;
#3541 = CARTESIAN_POINT ( 'NONE',  ( -9.525000000000000355, -5.371240620587821368, 51.35291568658563932 ) ) ;
#3542 = ORIENTED_EDGE ( 'NONE', *, *, #1808, .T. ) ;
#3543 = CYLINDRICAL_SURFACE ( 'NONE', #1626, 17.66250000000000497 ) ;
#3544 = EDGE_CURVE ( 'NONE', #2771, #2790, #3187, .T. ) ;
#3545 = DIRECTION ( 'NONE',  ( 0.000000000000000000, 0.000000000000000000, 1.000000000000000000 ) ) ;
#3546 = VERTEX_POINT ( 'NONE', #2477 ) ;
#3547 = CARTESIAN_POINT ( 'NONE',  ( -12.69999999999999751, 15.22687436074360257, 42.18837563696011017 ) ) ;
#3548 = CARTESIAN_POINT ( 'NONE',  ( -12.69999999999999751, 14.15672222192832841, 27.53822353099818443 ) ) ;
#3549 = ORIENTED_EDGE ( 'NONE', *, *, #4056, .T. ) ;
#3550 = EDGE_CURVE ( 'NONE', #1590, #4774, #2788, .T. ) ;
#3551 = DIRECTION ( 'NONE',  ( -0.000000000000000000, 1.000000000000000000, -0.000000000000000000 ) ) ;
#3552 = CARTESIAN_POINT ( 'NONE',  ( 12.70000000000000107, -12.33648634558010748, 47.30376971111923723 ) ) ;
#3553 = AXIS2_PLACEMENT_3D ( 'NONE', #124, #2391, #2091 ) ;
#3554 = CARTESIAN_POINT ( 'NONE',  ( 1.555301434917138433E-15, 25.40000000000000213, 63.50000000000000000 ) ) ;
#3555 = ORIENTED_EDGE ( 'NONE', *, *, #307, .T. ) ;
#3556 = FACE_BOUND ( 'NONE', #3119, .T. ) ;
#3557 = CIRCLE ( 'NONE', #4343, 2.499999999999988454 ) ;
#3558 = EDGE_CURVE ( 'NONE', #4851, #3881, #4290, .T. ) ;
#3559 = EDGE_CURVE ( 'NONE', #530, #3848, #2456, .T. ) ;
#3560 = DIRECTION ( 'NONE',  ( -1.000000000000000000, -0.000000000000000000, -0.000000000000000000 ) ) ;
#3561 = VERTEX_POINT ( 'NONE', #4405 ) ;
#3562 = ORIENTED_EDGE ( 'NONE', *, *, #323, .F. ) ;
#3563 = EDGE_CURVE ( 'NONE', #3482, #3397, #1115, .T. ) ;
#3564 = FACE_OUTER_BOUND ( 'NONE', #4422, .T. ) ;
#3565 = ORIENTED_EDGE ( 'NONE', *, *, #1019, .F. ) ;
#3566 = DIRECTION ( 'NONE',  ( 0.000000000000000000, -1.000000000000000000, 0.000000000000000000 ) ) ;
#3567 = ORIENTED_EDGE ( 'NONE', *, *, #4615, .T. ) ;
#3568 = DIRECTION ( 'NONE',  ( 0.000000000000000000, 8.338012381527556114E-16, -1.000000000000000000 ) ) ;
#3569 = VECTOR ( 'NONE', #234, 1000.000000000000000 ) ;
#3570 = CARTESIAN_POINT ( 'NONE',  ( 0.000000000000000000, 25.40000000000000213, 15.19999999999999218 ) ) ;
#3571 = EDGE_LOOP ( 'NONE', ( #2872, #4043, #2338, #1360 ) ) ;
#3572 = CARTESIAN_POINT ( 'NONE',  ( 9.525000000000000355, -12.33648634558004353, 28.89623028888070877 ) ) ;
#3573 = CARTESIAN_POINT ( 'NONE',  ( 12.70000000000000107, -12.69999999999999929, 63.50000000000000000 ) ) ;
#3574 = AXIS2_PLACEMENT_3D ( 'NONE', #98, #46, #2636 ) ;
#3575 = ORIENTED_EDGE ( 'NONE', *, *, #3429, .F. ) ;
#3576 = CARTESIAN_POINT ( 'NONE',  ( 0.000000000000000000, 22.22500000000000142, 12.69999999999999929 ) ) ;
#3577 = DIRECTION ( 'NONE',  ( -0.000000000000000000, -0.000000000000000000, -1.000000000000000000 ) ) ;
#3578 = LINE ( 'NONE', #3208, #3919 ) ;
#3579 = VERTEX_POINT ( 'NONE', #2615 ) ;
#3580 = ORIENTED_EDGE ( 'NONE', *, *, #2136, .T. ) ;
#3581 = CARTESIAN_POINT ( 'NONE',  ( -9.525000000000000355, 14.16298196909037088, 36.12517298397528975 ) ) ;
#3582 = CARTESIAN_POINT ( 'NONE',  ( -12.69999999999999751, 14.13894155320100943, 44.18182571315276874 ) ) ;
#3583 = ORIENTED_EDGE ( 'NONE', *, *, #2111, .F. ) ;
#3584 = EDGE_CURVE ( 'NONE', #4755, #1705, #17, .T. ) ;
#3585 = EDGE_CURVE ( 'NONE', #3408, #4082, #329, .T. ) ;
#3586 = LINE ( 'NONE', #3090, #759 ) ;
#3587 = EDGE_CURVE ( 'NONE', #1621, #639, #3083, .T. ) ;
#3588 = CYLINDRICAL_SURFACE ( 'NONE', #4262, 17.66250000000000497 ) ;
#3589 = ADVANCED_FACE ( 'NONE', ( #1457 ), #3655, .F. ) ;
#3590 = EDGE_CURVE ( 'NONE', #4735, #4544, #2985, .T. ) ;
#3591 = EDGE_CURVE ( 'NONE', #3196, #1312, #3307, .T. ) ;
#3592 = ORIENTED_EDGE ( 'NONE', *, *, #2667, .T. ) ;
#3593 = FACE_OUTER_BOUND ( 'NONE', #3504, .T. ) ;
#3594 = ORIENTED_EDGE ( 'NONE', *, *, #1340, .F. ) ;
#3595 = DIRECTION ( 'NONE',  ( 0.000000000000000000, -2.501403714458266834E-15, 1.000000000000000000 ) ) ;
#3596 = CARTESIAN_POINT ( 'NONE',  ( -9.525000000000002132, 12.69999999999999929, 15.19999999999999218 ) ) ;
#3597 = CIRCLE ( 'NONE', #995, 2.080499999999998906 ) ;
#3598 = EDGE_LOOP ( 'NONE', ( #3491, #4829, #1142, #915 ) ) ;
#3599 = AXIS2_PLACEMENT_3D ( 'NONE', #4273, #898, #1589 ) ;
#3600 = DIRECTION ( 'NONE',  ( 0.000000000000000000, 0.000000000000000000, 1.000000000000000000 ) ) ;
#3601 = VERTEX_POINT ( 'NONE', #2909 ) ;
#3602 = CLOSED_SHELL ( 'NONE', ( #4847, #2734, #931, #4006, #3289, #2641, #932, #4283, #918, #3074, #3922, #2896, #4237, #812, #2981, #54, #2416, #4203, #597, #3437, #4816, #4598, #506, #3343, #1899, #4791, #2662, #4484, #3225, #1852, #3413, #1190, #3045, #4454, #938, #4456, #4445, #3946, #616, #1842, #659, #4272, #3915, #2590, #4794, #1867, #2855, #3306, #4756, #1146, #513, #3731, #814, #3198, #992, #2076, #461, #243, #3492, #1430, #1320, #642, #62, #410, #3403, #1023, #894, #1774, #207, #1718, #3769, #455, #3928, #1689, #1661, #3066, #507, #4027, #966, #1106, #1132, #215, #2214, #2132, #1141, #2764, #1412, #3589, #1799, #4095, #2173, #2476, #2232, #2527, #768, #4173, #1999, #2705, #3665, #2030, #241, #308, #4121, #2562, #4090, #3771, #4600, #381, #3898, #2554, #2026, #2680, #1655, #2870, #4664, #1255, #1979, #1083, #83, #965, #3100, #3940, #1559, #923, #1297, #1166, #3816, #3763, #3704, #349, #2768, #286, #2350, #4310, #416, #1804 ) ) ;
#3603 = EDGE_CURVE ( 'NONE', #1704, #863, #955, .T. ) ;
#3604 = FACE_OUTER_BOUND ( 'NONE', #299, .T. ) ;
#3605 = DIRECTION ( 'NONE',  ( 0.000000000000000000, 0.000000000000000000, 1.000000000000000000 ) ) ;
#3606 = VERTEX_POINT ( 'NONE', #1408 ) ;
#3607 = DIRECTION ( 'NONE',  ( 0.000000000000000000, 0.000000000000000000, 1.000000000000000000 ) ) ;
#3608 = ORIENTED_EDGE ( 'NONE', *, *, #447, .F. ) ;
#3609 = CIRCLE ( 'NONE', #3828, 17.66250000000000142 ) ;
#3610 = AXIS2_PLACEMENT_3D ( 'NONE', #2443, #199, #3206 ) ;
#3611 = FACE_BOUND ( 'NONE', #838, .T. ) ;
#3612 = AXIS2_PLACEMENT_3D ( 'NONE', #1448, #1813, #2448 ) ;
#3613 = CARTESIAN_POINT ( 'NONE',  ( 1.555301434917138038E-15, 22.22500000000000142, 27.89999999999999147 ) ) ;
#3614 = ORIENTED_EDGE ( 'NONE', *, *, #3760, .T. ) ;
#3615 = AXIS2_PLACEMENT_3D ( 'NONE', #2494, #2169, #2516 ) ;
#3616 = CYLINDRICAL_SURFACE ( 'NONE', #3518, 17.66250000000000497 ) ;
#3617 = CARTESIAN_POINT ( 'NONE',  ( 12.70000000000000107, 14.16298196909037088, 36.12517298397528975 ) ) ;
#3618 = ORIENTED_EDGE ( 'NONE', *, *, #4411, .F. ) ;
#3619 = EDGE_CURVE ( 'NONE', #3893, #1998, #303, .T. ) ;
#3620 = FACE_OUTER_BOUND ( 'NONE', #254, .T. ) ;
#3621 = EDGE_CURVE ( 'NONE', #1209, #2916, #1748, .T. ) ;
#3622 = VERTEX_POINT ( 'NONE', #3286 ) ;
#3623 = CARTESIAN_POINT ( 'NONE',  ( 12.70000000000000107, -14.13894155320108759, 44.18182571315256268 ) ) ;
#3624 = FACE_OUTER_BOUND ( 'NONE', #1932, .T. ) ;
#3625 = VERTEX_POINT ( 'NONE', #4810 ) ;
#3626 = FACE_BOUND ( 'NONE', #4154, .T. ) ;
#3627 = ORIENTED_EDGE ( 'NONE', *, *, #4738, .F. ) ;
#3628 = LINE ( 'NONE', #3276, #4148 ) ;
#3629 = DIRECTION ( 'NONE',  ( -1.000000000000000000, -0.000000000000000000, -0.000000000000000000 ) ) ;
#3630 = ORIENTED_EDGE ( 'NONE', *, *, #4051, .T. ) ;
#3631 = DIRECTION ( 'NONE',  ( -1.000000000000000000, -0.000000000000000000, -0.000000000000000000 ) ) ;
#3632 = ORIENTED_EDGE ( 'NONE', *, *, #2673, .T. ) ;
#3633 = VECTOR ( 'NONE', #3888, 1000.000000000000000 ) ;
#3634 = CARTESIAN_POINT ( 'NONE',  ( -9.525000000000000355, 3.577867169202164632E-15, 38.10000000000001563 ) ) ;
#3635 = ORIENTED_EDGE ( 'NONE', *, *, #1535, .F. ) ;
#3636 = DIRECTION ( 'NONE',  ( 0.000000000000000000, 0.000000000000000000, 1.000000000000000000 ) ) ;
#3637 = EDGE_LOOP ( 'NONE', ( #3174, #4714, #3024, #1449 ) ) ;
#3638 = CIRCLE ( 'NONE', #1356, 2.499999999999988454 ) ;
#3639 = LINE ( 'NONE', #1719, #2331 ) ;
#3640 = DIRECTION ( 'NONE',  ( -1.000000000000000000, -0.000000000000000000, -0.000000000000000000 ) ) ;
#3641 = CYLINDRICAL_SURFACE ( 'NONE', #653, 14.30000000000000071 ) ;
#3642 = EDGE_LOOP ( 'NONE', ( #397, #775 ) ) ;
#3643 = FACE_BOUND ( 'NONE', #2050, .T. ) ;
#3644 = EDGE_CURVE ( 'NONE', #2495, #3737, #741, .T. ) ;
#3645 = EDGE_CURVE ( 'NONE', #3754, #4291, #1586, .T. ) ;
#3646 = EDGE_LOOP ( 'NONE', ( #3565, #4104, #14, #4398 ) ) ;
#3647 = AXIS2_PLACEMENT_3D ( 'NONE', #2979, #344, #3449 ) ;
#3648 = AXIS2_PLACEMENT_3D ( 'NONE', #3163, #940, #1364 ) ;
#3649 = CARTESIAN_POINT ( 'NONE',  ( 0.000000000000000000, 25.40000000000000213, 12.69999999999999929 ) ) ;
#3650 = CARTESIAN_POINT ( 'NONE',  ( -9.525000000000000355, 12.33648634557998314, 47.30376971111940776 ) ) ;
#3651 = EDGE_LOOP ( 'NONE', ( #3802, #1332, #2653, #1212 ) ) ;
#3652 = CARTESIAN_POINT ( 'NONE',  ( -12.69999999999999751, 1.802455207620993427, 22.81440457572818303 ) ) ;
#3653 = VERTEX_POINT ( 'NONE', #2957 ) ;
#3654 = EDGE_CURVE ( 'NONE', #4471, #3653, #3638, .T. ) ;
#3655 = CYLINDRICAL_SURFACE ( 'NONE', #2060, 17.66250000000000497 ) ;
#3656 = VERTEX_POINT ( 'NONE', #1755 ) ;
#3657 = DIRECTION ( 'NONE',  ( -0.000000000000000000, 1.000000000000000000, -0.000000000000000000 ) ) ;
#3658 = DIRECTION ( 'NONE',  ( 0.000000000000000000, 0.000000000000000000, 1.000000000000000000 ) ) ;
#3659 = ORIENTED_EDGE ( 'NONE', *, *, #444, .T. ) ;
#3660 = FACE_OUTER_BOUND ( 'NONE', #2145, .T. ) ;
#3661 = DIRECTION ( 'NONE',  ( 0.000000000000000000, 0.000000000000000000, 1.000000000000000000 ) ) ;
#3662 = DIRECTION ( 'NONE',  ( -1.000000000000000000, -0.000000000000000000, -0.000000000000000000 ) ) ;
#3663 = DIRECTION ( 'NONE',  ( -1.000000000000000000, -0.000000000000000000, -0.000000000000000000 ) ) ;
#3664 = VERTEX_POINT ( 'NONE', #3695 ) ;
#3665 = ADVANCED_FACE ( 'NONE', ( #3264 ), #3330, .F. ) ;
#3666 = AXIS2_PLACEMENT_3D ( 'NONE', #1560, #2598, #1513 ) ;
#3667 = CARTESIAN_POINT ( 'NONE',  ( 12.70000000000000107, -12.33648634558004353, 28.89623028888070877 ) ) ;
#3668 = DIRECTION ( 'NONE',  ( 0.000000000000000000, 0.000000000000000000, 1.000000000000000000 ) ) ;
#3669 = ORIENTED_EDGE ( 'NONE', *, *, #4457, .T. ) ;
#3670 = DIRECTION ( 'NONE',  ( -1.000000000000000000, 0.000000000000000000, 0.000000000000000000 ) ) ;
#3671 = ORIENTED_EDGE ( 'NONE', *, *, #3160, .F. ) ;
#3672 = CIRCLE ( 'NONE', #4296, 14.30000000000000071 ) ;
#3673 = AXIS2_PLACEMENT_3D ( 'NONE', #1038, #672, #2912 ) ;
#3674 = CIRCLE ( 'NONE', #4703, 2.080499999999998906 ) ;
#3675 = DIRECTION ( 'NONE',  ( 0.000000000000000000, -1.000000000000000000, 0.000000000000000000 ) ) ;
#3676 = ORIENTED_EDGE ( 'NONE', *, *, #276, .T. ) ;
#3677 = DIRECTION ( 'NONE',  ( -1.000000000000000000, -0.000000000000000000, -0.000000000000000000 ) ) ;
#3678 = DIRECTION ( 'NONE',  ( 0.000000000000000000, 0.000000000000000000, 1.000000000000000000 ) ) ;
#3679 = AXIS2_PLACEMENT_3D ( 'NONE', #2251, #3697, #2545 ) ;
#3680 = ORIENTED_EDGE ( 'NONE', *, *, #5, .F. ) ;
#3681 = DIRECTION ( 'NONE',  ( 0.000000000000000000, 0.000000000000000000, 1.000000000000000000 ) ) ;
#3682 = CARTESIAN_POINT ( 'NONE',  ( 12.70000000000000107, -1.802455207620986100, 22.81440457572818303 ) ) ;
#3683 = DIRECTION ( 'NONE',  ( -0.000000000000000000, 1.000000000000000000, -0.000000000000000000 ) ) ;
#3684 = FACE_BOUND ( 'NONE', #3642, .T. ) ;
#3685 = LINE ( 'NONE', #2581, #1082 ) ;
#3686 = ORIENTED_EDGE ( 'NONE', *, *, #1540, .F. ) ;
#3687 = APPROVAL ( #1928, 'UNSPECIFIED' ) ;
#3688 = LINE ( 'NONE', #3996, #4135 ) ;
#3689 = CARTESIAN_POINT ( 'NONE',  ( 1.555301434917138038E-15, -25.39999999999999503, 27.89999999999999503 ) ) ;
#3690 = DIRECTION ( 'NONE',  ( 0.000000000000000000, 0.000000000000000000, 1.000000000000000000 ) ) ;
#3691 = ORIENTED_EDGE ( 'NONE', *, *, #4535, .T. ) ;
#3692 = CYLINDRICAL_SURFACE ( 'NONE', #1839, 2.499999999999992006 ) ;
#3693 = VERTEX_POINT ( 'NONE', #348 ) ;
#3694 = EDGE_CURVE ( 'NONE', #4086, #4735, #4740, .T. ) ;
#3695 = CARTESIAN_POINT ( 'NONE',  ( 12.70000000000000107, 25.40000000000000213, 76.20000000000000284 ) ) ;
#3696 = ORIENTED_EDGE ( 'NONE', *, *, #4093, .T. ) ;
#3697 = DIRECTION ( 'NONE',  ( -0.000000000000000000, 1.000000000000000000, -0.000000000000000000 ) ) ;
#3698 = DIRECTION ( 'NONE',  ( 0.000000000000000000, 8.338012381527556114E-16, 1.000000000000000000 ) ) ;
#3699 = DIRECTION ( 'NONE',  ( 0.000000000000000000, 0.000000000000000000, 1.000000000000000000 ) ) ;
#3700 = EDGE_CURVE ( 'NONE', #543, #309, #2226, .T. ) ;
#3701 = ORIENTED_EDGE ( 'NONE', *, *, #963, .T. ) ;
#3702 = AXIS2_PLACEMENT_3D ( 'NONE', #4596, #2801, #2778 ) ;
#3703 = ORIENTED_EDGE ( 'NONE', *, *, #4308, .T. ) ;
#3704 = ADVANCED_FACE ( 'NONE', ( #3477 ), #1877, .F. ) ;
#3705 = DIRECTION ( 'NONE',  ( 0.000000000000000000, 0.000000000000000000, 1.000000000000000000 ) ) ;
#3706 = AXIS2_PLACEMENT_3D ( 'NONE', #829, #1990, #511 ) ;
#3707 = DIRECTION ( 'NONE',  ( 0.000000000000000000, 0.000000000000000000, 1.000000000000000000 ) ) ;
#3708 = ORIENTED_EDGE ( 'NONE', *, *, #1534, .T. ) ;
#3709 = AXIS2_PLACEMENT_3D ( 'NONE', #2564, #1775, #1800 ) ;
#3710 = LINE ( 'NONE', #4107, #3157 ) ;
#3711 = CARTESIAN_POINT ( 'NONE',  ( 12.70000000000000107, -12.69999999999999929, 61.00000000000000711 ) ) ;
#3712 = ORIENTED_EDGE ( 'NONE', *, *, #2737, .T. ) ;
#3713 = FACE_OUTER_BOUND ( 'NONE', #4407, .T. ) ;
#3714 = DIRECTION ( 'NONE',  ( 0.000000000000000000, 0.000000000000000000, -1.000000000000000000 ) ) ;
#3715 = DIRECTION ( 'NONE',  ( 0.000000000000000000, 0.000000000000000000, 1.000000000000000000 ) ) ;
#3716 = ORIENTED_EDGE ( 'NONE', *, *, #3267, .T. ) ;
#3717 = DIRECTION ( 'NONE',  ( 0.000000000000000000, 0.000000000000000000, 1.000000000000000000 ) ) ;
#3718 = CIRCLE ( 'NONE', #4416, 2.271000000000002128 ) ;
#3719 = CIRCLE ( 'NONE', #1676, 2.080499999999998906 ) ;
#3720 = CARTESIAN_POINT ( 'NONE',  ( 12.70000000000000107, -4.072800018551144596, 22.86895216488212412 ) ) ;
#3721 = ORIENTED_EDGE ( 'NONE', *, *, #779, .F. ) ;
#3722 = CIRCLE ( 'NONE', #736, 2.499999999999988454 ) ;
#3723 = DIRECTION ( 'NONE',  ( -1.000000000000000000, -0.000000000000000000, -0.000000000000000000 ) ) ;
#3724 = DIRECTION ( 'NONE',  ( 0.000000000000000000, 0.000000000000000000, 1.000000000000000000 ) ) ;
#3725 = CIRCLE ( 'NONE', #1604, 2.271000000000002128 ) ;
#3726 = CARTESIAN_POINT ( 'NONE',  ( -12.69999999999999751, 25.40000000000000213, 0.000000000000000000 ) ) ;
#3727 = ORIENTED_EDGE ( 'NONE', *, *, #1957, .T. ) ;
#3728 = EDGE_CURVE ( 'NONE', #646, #1209, #3454, .T. ) ;
#3729 = DATE_AND_TIME ( #4583, #643 ) ;
#3730 = ORIENTED_EDGE ( 'NONE', *, *, #4070, .F. ) ;
#3731 = ADVANCED_FACE ( 'NONE', ( #49 ), #1969, .F. ) ;
#3732 = DIRECTION ( 'NONE',  ( -1.000000000000000000, -0.000000000000000000, -0.000000000000000000 ) ) ;
#3733 = EDGE_CURVE ( 'NONE', #4730, #260, #4179, .T. ) ;
#3734 = EDGE_CURVE ( 'NONE', #1705, #861, #4259, .T. ) ;
#3735 = CARTESIAN_POINT ( 'NONE',  ( -12.69999999999999751, -12.69999999999999929, 63.50000000000000000 ) ) ;
#3736 = CYLINDRICAL_SURFACE ( 'NONE', #1937, 2.271000000000002128 ) ;
#3737 = VERTEX_POINT ( 'NONE', #30 ) ;
#3738 = DIRECTION ( 'NONE',  ( 0.000000000000000000, 0.000000000000000000, 1.000000000000000000 ) ) ;
#3739 = CYLINDRICAL_SURFACE ( 'NONE', #2025, 2.080499999999998906 ) ;
#3740 = CYLINDRICAL_SURFACE ( 'NONE', #2858, 2.080499999999998906 ) ;
#3741 = ORIENTED_EDGE ( 'NONE', *, *, #1504, .F. ) ;
#3742 = FACE_OUTER_BOUND ( 'NONE', #44, .T. ) ;
#3743 = EDGE_CURVE ( 'NONE', #3972, #2665, #3453, .T. ) ;
#3744 = CIRCLE ( 'NONE', #3117, 2.271000000000002128 ) ;
#3745 = CARTESIAN_POINT ( 'NONE',  ( 12.70000000000000107, -15.22687436074362388, 34.01162436304002767 ) ) ;
#3746 = ORIENTED_EDGE ( 'NONE', *, *, #2047, .F. ) ;
#3747 = AXIS2_PLACEMENT_3D ( 'NONE', #2008, #3515, #2085 ) ;
#3748 = CARTESIAN_POINT ( 'NONE',  ( 12.70000000000000107, -14.15672222192817387, 27.53822353099798192 ) ) ;
#3749 = CARTESIAN_POINT ( 'NONE',  ( -9.525000000000000355, 3.577867169202164632E-15, 38.10000000000001563 ) ) ;
#3750 = LINE ( 'NONE', #1882, #3757 ) ;
#3751 = AXIS2_PLACEMENT_3D ( 'NONE', #647, #3657, #280 ) ;
#3752 = CIRCLE ( 'NONE', #2650, 2.499999999999988454 ) ;
#3753 = EDGE_CURVE ( 'NONE', #1926, #4215, #533, .T. ) ;
#3754 = VERTEX_POINT ( 'NONE', #1576 ) ;
#3755 = VERTEX_POINT ( 'NONE', #3817 ) ;
#3756 = CIRCLE ( 'NONE', #1394, 2.499999999999995115 ) ;
#3757 = VECTOR ( 'NONE', #3381, 1000.000000000000000 ) ;
#3758 = DIRECTION ( 'NONE',  ( 1.000000000000000000, 0.000000000000000000, 0.000000000000000000 ) ) ;
#3759 = DIRECTION ( 'NONE',  ( 0.000000000000000000, 0.000000000000000000, -1.000000000000000000 ) ) ;
#3760 = EDGE_CURVE ( 'NONE', #4642, #1756, #925, .T. ) ;
#3761 = LINE ( 'NONE', #2309, #2570 ) ;
#3762 = ORIENTED_EDGE ( 'NONE', *, *, #1840, .F. ) ;
#3763 = ADVANCED_FACE ( 'NONE', ( #4576 ), #4506, .F. ) ;
#3764 = DIRECTION ( 'NONE',  ( 1.000000000000000000, -0.000000000000000000, -0.000000000000000000 ) ) ;
#3765 = DIRECTION ( 'NONE',  ( -1.000000000000000000, -0.000000000000000000, -0.000000000000000000 ) ) ;
#3766 = DIRECTION ( 'NONE',  ( 0.000000000000000000, -6.670409905222044891E-15, -1.000000000000000000 ) ) ;
#3767 = ORIENTED_EDGE ( 'NONE', *, *, #4601, .T. ) ;
#3768 = CYLINDRICAL_SURFACE ( 'NONE', #1441, 14.30000000000000071 ) ;
#3769 = ADVANCED_FACE ( 'NONE', ( #2249 ), #438, .T. ) ;
#3770 = FACE_OUTER_BOUND ( 'NONE', #2691, .T. ) ;
#3771 = ADVANCED_FACE ( 'NONE', ( #3770 ), #3028, .F. ) ;
#3772 = ORIENTED_EDGE ( 'NONE', *, *, #3430, .T. ) ;
#3773 = CARTESIAN_POINT ( 'NONE',  ( -9.525000000000000355, 16.22512784221244786, 45.07919284400875171 ) ) ;
#3774 = CARTESIAN_POINT ( 'NONE',  ( -9.525000000000000355, -8.791741348502544184, 49.37808867056075712 ) ) ;
#3775 = ORIENTED_EDGE ( 'NONE', *, *, #447, .T. ) ;
#3776 = CARTESIAN_POINT ( 'NONE',  ( 1.080765552152140168E-15, -25.39999999999999503, 35.60000000000000142 ) ) ;
#3777 = VERTEX_POINT ( 'NONE', #1133 ) ;
#3778 = DIRECTION ( 'NONE',  ( -1.000000000000000000, 0.000000000000000000, 0.000000000000000000 ) ) ;
#3779 = DIRECTION ( 'NONE',  ( 0.000000000000000000, 0.000000000000000000, 1.000000000000000000 ) ) ;
#3780 = VERTEX_POINT ( 'NONE', #3745 ) ;
#3781 = CARTESIAN_POINT ( 'NONE',  ( -12.69999999999999751, 12.69999999999999929, 10.20000000000000817 ) ) ;
#3782 = AXIS2_PLACEMENT_3D ( 'NONE', #541, #859, #3207 ) ;
#3783 = ORIENTED_EDGE ( 'NONE', *, *, #3847, .T. ) ;
#3784 = LINE ( 'NONE', #3372, #4059 ) ;
#3785 = DIRECTION ( 'NONE',  ( 0.000000000000000000, 0.000000000000000000, 1.000000000000000000 ) ) ;
#3786 = CYLINDRICAL_SURFACE ( 'NONE', #3876, 2.499999999999992006 ) ;
#3787 = PRODUCT_DEFINITION_FORMATION_WITH_SPECIFIED_SOURCE ( 'ANY', '', #4700, .NOT_KNOWN. ) ;
#3788 = ORIENTED_EDGE ( 'NONE', *, *, #957, .T. ) ;
#3789 = EDGE_CURVE ( 'NONE', #2776, #2799, #4076, .T. ) ;
#3790 = EDGE_CURVE ( 'NONE', #861, #350, #1946, .T. ) ;
#3791 = CARTESIAN_POINT ( 'NONE',  ( 12.70000000000000107, 6.152699789198528002, 22.91892409761429406 ) ) ;
#3792 = EDGE_CURVE ( 'NONE', #566, #2543, #4230, .T. ) ;
#3793 = EDGE_CURVE ( 'NONE', #3308, #899, #390, .T. ) ;
#3794 = CIRCLE ( 'NONE', #1591, 17.66250000000000142 ) ;
#3795 = DIRECTION ( 'NONE',  ( -0.000000000000000000, 1.000000000000000000, -0.000000000000000000 ) ) ;
#3796 = ORIENTED_EDGE ( 'NONE', *, *, #2198, .F. ) ;
#3797 = FACE_OUTER_BOUND ( 'NONE', #1687, .T. ) ;
#3798 = VECTOR ( 'NONE', #3812, 1000.000000000000000 ) ;
#3799 = VECTOR ( 'NONE', #1236, 1000.000000000000000 ) ;
#3800 = EDGE_LOOP ( 'NONE', ( #2170, #2152, #3464, #596 ) ) ;
#3801 = DIRECTION ( 'NONE',  ( 1.000000000000000000, 0.000000000000000000, 0.000000000000000000 ) ) ;
#3802 = ORIENTED_EDGE ( 'NONE', *, *, #3878, .T. ) ;
#3803 = CIRCLE ( 'NONE', #1681, 2.499999999999995115 ) ;
#3804 = DIRECTION ( 'NONE',  ( 0.000000000000000000, 0.000000000000000000, 1.000000000000000000 ) ) ;
#3805 = AXIS2_PLACEMENT_3D ( 'NONE', #3623, #3640, #3661 ) ;
#3806 = DIRECTION ( 'NONE',  ( 0.000000000000000000, 0.000000000000000000, -1.000000000000000000 ) ) ;
#3807 = ORIENTED_EDGE ( 'NONE', *, *, #2703, .T. ) ;
#3808 = CARTESIAN_POINT ( 'NONE',  ( -12.69999999999999929, -12.69999999999999929, 65.99999999999998579 ) ) ;
#3809 = VERTEX_POINT ( 'NONE', #3058 ) ;
#3810 = CYLINDRICAL_SURFACE ( 'NONE', #4137, 2.271000000000002128 ) ;
#3811 = AXIS2_PLACEMENT_3D ( 'NONE', #2824, #244, #678 ) ;
#3812 = DIRECTION ( 'NONE',  ( -1.000000000000000000, -0.000000000000000000, -0.000000000000000000 ) ) ;
#3813 = ORIENTED_EDGE ( 'NONE', *, *, #2437, .T. ) ;
#3814 = DIRECTION ( 'NONE',  ( -1.000000000000000000, -0.000000000000000000, -0.000000000000000000 ) ) ;
#3815 = FACE_OUTER_BOUND ( 'NONE', #930, .T. ) ;
#3816 = ADVANCED_FACE ( 'NONE', ( #4551 ), #1178, .F. ) ;
#3817 = CARTESIAN_POINT ( 'NONE',  ( 12.70000000000000107, -12.69999999999999929, 66.00000000000000000 ) ) ;
#3818 = ORIENTED_EDGE ( 'NONE', *, *, #1257, .T. ) ;
#3819 = DIRECTION ( 'NONE',  ( 0.000000000000000000, 1.667602476305511223E-15, -1.000000000000000000 ) ) ;
#3820 = VECTOR ( 'NONE', #4778, 1000.000000000000000 ) ;
#3821 = VERTEX_POINT ( 'NONE', #3892 ) ;
#3822 = CARTESIAN_POINT ( 'NONE',  ( 1.861463134703975909E-15, 25.40000000000000213, 61.00000000000001421 ) ) ;
#3823 = PERSON_AND_ORGANIZATION ( #2165, #3243 ) ;
#3824 = ORIENTED_EDGE ( 'NONE', *, *, #897, .F. ) ;
#3825 = VECTOR ( 'NONE', #1758, 1000.000000000000000 ) ;
#3826 = VECTOR ( 'NONE', #2242, 1000.000000000000000 ) ;
#3827 = FACE_OUTER_BOUND ( 'NONE', #4838, .T. ) ;
#3828 = AXIS2_PLACEMENT_3D ( 'NONE', #2274, #1827, #4047 ) ;
#3829 = VECTOR ( 'NONE', #3765, 1000.000000000000000 ) ;
#3830 = ORIENTED_EDGE ( 'NONE', *, *, #807, .T. ) ;
#3831 = CARTESIAN_POINT ( 'NONE',  ( 12.70000000000000107, 14.16298196909033003, 40.07482701602503994 ) ) ;
#3832 = ORIENTED_EDGE ( 'NONE', *, *, #1475, .T. ) ;
#3833 = CIRCLE ( 'NONE', #3612, 2.499999999999992006 ) ;
#3834 = DIRECTION ( 'NONE',  ( 0.000000000000000000, 0.000000000000000000, -1.000000000000000000 ) ) ;
#3835 = CARTESIAN_POINT ( 'NONE',  ( 9.525000000000000355, -5.371240620587816927, 24.84708431341438839 ) ) ;
#3836 = ORIENTED_EDGE ( 'NONE', *, *, #1895, .F. ) ;
#3837 = CYLINDRICAL_SURFACE ( 'NONE', #3948, 2.080499999999998906 ) ;
#3838 = CARTESIAN_POINT ( 'NONE',  ( 12.70000000000000107, 3.577867169202164632E-15, 38.10000000000001563 ) ) ;
#3839 = DIRECTION ( 'NONE',  ( 0.000000000000000000, 0.000000000000000000, 1.000000000000000000 ) ) ;
#3840 = CARTESIAN_POINT ( 'NONE',  ( 12.70000000000000107, -14.16298196909033535, 36.12517298397507659 ) ) ;
#3841 = CARTESIAN_POINT ( 'NONE',  ( 12.70000000000000107, -16.22354728284505399, 35.83785636811216335 ) ) ;
#3842 = ORIENTED_EDGE ( 'NONE', *, *, #2861, .F. ) ;
#3843 = DIRECTION ( 'NONE',  ( -1.000000000000000000, -0.000000000000000000, -0.000000000000000000 ) ) ;
#3844 = ORIENTED_EDGE ( 'NONE', *, *, #1534, .F. ) ;
#3845 = DIRECTION ( 'NONE',  ( 1.000000000000000000, 0.000000000000000000, 0.000000000000000000 ) ) ;
#3846 = ORIENTED_EDGE ( 'NONE', *, *, #2500, .T. ) ;
#3847 = EDGE_CURVE ( 'NONE', #2009, #3147, #1677, .T. ) ;
#3848 = VERTEX_POINT ( 'NONE', #4632 ) ;
#3849 = EDGE_CURVE ( 'NONE', #3622, #1238, #3217, .T. ) ;
#3850 = CYLINDRICAL_SURFACE ( 'NONE', #882, 2.271000000000002128 ) ;
#3851 = EDGE_CURVE ( 'NONE', #863, #1456, #2582, .T. ) ;
#3852 = ORIENTED_EDGE ( 'NONE', *, *, #453, .T. ) ;
#3853 = FACE_BOUND ( 'NONE', #1678, .T. ) ;
#3854 = VERTEX_POINT ( 'NONE', #1253 ) ;
#3855 = AXIS2_PLACEMENT_3D ( 'NONE', #2580, #291, #4728 ) ;
#3856 = CARTESIAN_POINT ( 'NONE',  ( -9.525000000000002132, 12.69999999999999929, 12.69999999999999929 ) ) ;
#3857 = DIRECTION ( 'NONE',  ( -1.000000000000000000, 0.000000000000000000, 0.000000000000000000 ) ) ;
#3858 = EDGE_LOOP ( 'NONE', ( #4016, #2795, #4125, #4621 ) ) ;
#3859 = CARTESIAN_POINT ( 'NONE',  ( 9.525000000000000355, 3.577867169202164632E-15, 38.10000000000001563 ) ) ;
#3860 = DIRECTION ( 'NONE',  ( -1.000000000000000000, -0.000000000000000000, -0.000000000000000000 ) ) ;
#3861 = VECTOR ( 'NONE', #1629, 1000.000000000000000 ) ;
#3862 = CARTESIAN_POINT ( 'NONE',  ( 12.70000000000000107, 2.068405620284298418, 55.64096931301052251 ) ) ;
#3863 = FACE_OUTER_BOUND ( 'NONE', #4389, .T. ) ;
#3864 = DIRECTION ( 'NONE',  ( 1.000000000000000000, 0.000000000000000000, 0.000000000000000000 ) ) ;
#3865 = DIRECTION ( 'NONE',  ( 0.000000000000000000, 0.000000000000000000, 1.000000000000000000 ) ) ;
#3866 = ORIENTED_EDGE ( 'NONE', *, *, #4815, .T. ) ;
#3867 = VECTOR ( 'NONE', #3795, 1000.000000000000000 ) ;
#3868 = CARTESIAN_POINT ( 'NONE',  ( 1.555301434917138038E-15, -25.39999999999999503, 25.39999999999999858 ) ) ;
#3869 = ORIENTED_EDGE ( 'NONE', *, *, #276, .F. ) ;
#3870 = DIRECTION ( 'NONE',  ( -1.000000000000000000, -0.000000000000000000, -0.000000000000000000 ) ) ;
#3871 = VERTEX_POINT ( 'NONE', #201 ) ;
#3872 = AXIS2_PLACEMENT_3D ( 'NONE', #4779, #250, #3690 ) ;
#3873 = ORIENTED_EDGE ( 'NONE', *, *, #836, .T. ) ;
#3874 = EDGE_CURVE ( 'NONE', #3508, #4498, #3973, .T. ) ;
#3875 = CARTESIAN_POINT ( 'NONE',  ( 12.70000000000000107, 6.152699789198528002, 53.28107590238573010 ) ) ;
#3876 = AXIS2_PLACEMENT_3D ( 'NONE', #43, #4180, #1195 ) ;
#3877 = VERTEX_POINT ( 'NONE', #2096 ) ;
#3878 = EDGE_CURVE ( 'NONE', #3397, #2600, #2114, .T. ) ;
#3879 = VECTOR ( 'NONE', #830, 1000.000000000000000 ) ;
#3880 = FACE_OUTER_BOUND ( 'NONE', #3571, .T. ) ;
#3881 = VERTEX_POINT ( 'NONE', #2756 ) ;
#3882 = AXIS2_PLACEMENT_3D ( 'NONE', #4725, #4326, #4769 ) ;
#3883 = DIRECTION ( 'NONE',  ( -0.000000000000000000, 1.000000000000000000, -0.000000000000000000 ) ) ;
#3884 = DIRECTION ( 'NONE',  ( 0.000000000000000000, 0.000000000000000000, 1.000000000000000000 ) ) ;
#3885 = CARTESIAN_POINT ( 'NONE',  ( -12.69999999999999751, -25.39999999999999503, 76.20000000000000284 ) ) ;
#3886 = ORIENTED_EDGE ( 'NONE', *, *, #2553, .F. ) ;
#3887 = CYLINDRICAL_SURFACE ( 'NONE', #3706, 17.66250000000000497 ) ;
#3888 = DIRECTION ( 'NONE',  ( -1.000000000000000000, -0.000000000000000000, -0.000000000000000000 ) ) ;
#3889 = ORIENTED_EDGE ( 'NONE', *, *, #748, .T. ) ;
#3890 = CARTESIAN_POINT ( 'NONE',  ( 9.525000000000000355, 3.577867169202164632E-15, 38.10000000000001563 ) ) ;
#3891 = CARTESIAN_POINT ( 'NONE',  ( 9.525000000000000355, 11.15407434219237004, 49.24267219815811814 ) ) ;
#3892 = CARTESIAN_POINT ( 'NONE',  ( 9.525000000000000355, -12.69999999999999929, 10.20000000000000639 ) ) ;
#3893 = VERTEX_POINT ( 'NONE', #1703 ) ;
#3894 = DIRECTION ( 'NONE',  ( -1.000000000000000000, -0.000000000000000000, -0.000000000000000000 ) ) ;
#3895 = CARTESIAN_POINT ( 'NONE',  ( -12.69999999999999751, -25.39999999999999503, 76.20000000000000284 ) ) ;
#3896 = EDGE_LOOP ( 'NONE', ( #2389, #2954 ) ) ;
#3897 = EDGE_LOOP ( 'NONE', ( #4, #3192, #3866, #2809 ) ) ;
#3898 = ADVANCED_FACE ( 'NONE', ( #2022 ), #3137, .F. ) ;
#3899 = AXIS2_PLACEMENT_3D ( 'NONE', #907, #3938, #3530 ) ;
#3900 = DIRECTION ( 'NONE',  ( 0.000000000000000000, 0.000000000000000000, 1.000000000000000000 ) ) ;
#3901 = ORIENTED_EDGE ( 'NONE', *, *, #571, .T. ) ;
#3902 = AXIS2_PLACEMENT_3D ( 'NONE', #1959, #3903, #2434 ) ;
#3903 = DIRECTION ( 'NONE',  ( -0.000000000000000000, 1.000000000000000000, -0.000000000000000000 ) ) ;
#3904 = ORIENTED_EDGE ( 'NONE', *, *, #1154, .F. ) ;
#3905 = DIRECTION ( 'NONE',  ( -1.000000000000000000, -0.000000000000000000, -0.000000000000000000 ) ) ;
#3906 = VECTOR ( 'NONE', #4574, 1000.000000000000000 ) ;
#3907 = DIRECTION ( 'NONE',  ( 0.000000000000000000, 0.000000000000000000, -1.000000000000000000 ) ) ;
#3908 = DIRECTION ( 'NONE',  ( 0.000000000000000000, -1.667602476305511223E-15, -1.000000000000000000 ) ) ;
#3909 = ORIENTED_EDGE ( 'NONE', *, *, #1720, .F. ) ;
#3910 = DIRECTION ( 'NONE',  ( -1.000000000000000000, 0.000000000000000000, 0.000000000000000000 ) ) ;
#3911 = CARTESIAN_POINT ( 'NONE',  ( -12.69999999999999751, 8.791741348502393194, 49.37808867056088502 ) ) ;
#3912 = CIRCLE ( 'NONE', #3049, 2.271000000000002128 ) ;
#3913 = AXIS2_PLACEMENT_3D ( 'NONE', #4449, #1054, #1011 ) ;
#3914 = ORIENTED_EDGE ( 'NONE', *, *, #2864, .F. ) ;
#3915 = ADVANCED_FACE ( 'NONE', ( #1305 ), #4257, .T. ) ;
#3916 = EDGE_CURVE ( 'NONE', #3854, #4403, #4315, .T. ) ;
#3917 = CARTESIAN_POINT ( 'NONE',  ( 12.70000000000000107, -12.69999999999999929, 10.20000000000000284 ) ) ;
#3918 = DIRECTION ( 'NONE',  ( -1.000000000000000000, -0.000000000000000000, -0.000000000000000000 ) ) ;
#3919 = VECTOR ( 'NONE', #4713, 1000.000000000000000 ) ;
#3920 = CARTESIAN_POINT ( 'NONE',  ( 12.70000000000000107, -16.22354728284506820, 40.36214363188775422 ) ) ;
#3921 = ORIENTED_EDGE ( 'NONE', *, *, #2201, .T. ) ;
#3922 = ADVANCED_FACE ( 'NONE', ( #1279 ), #935, .F. ) ;
#3923 = DIRECTION ( 'NONE',  ( 0.000000000000000000, -0.000000000000000000, -1.000000000000000000 ) ) ;
#3924 = EDGE_CURVE ( 'NONE', #3408, #3653, #909, .T. ) ;
#3925 = DIRECTION ( 'NONE',  ( 1.000000000000000000, 0.000000000000000000, 0.000000000000000000 ) ) ;
#3926 = ORIENTED_EDGE ( 'NONE', *, *, #1043, .F. ) ;
#3927 = ORIENTED_EDGE ( 'NONE', *, *, #1599, .F. ) ;
#3928 = ADVANCED_FACE ( 'NONE', ( #2445 ), #2371, .T. ) ;
#3929 = DIRECTION ( 'NONE',  ( 1.000000000000000000, 0.000000000000000000, 0.000000000000000000 ) ) ;
#3930 = ORIENTED_EDGE ( 'NONE', *, *, #3743, .F. ) ;
#3931 = FACE_OUTER_BOUND ( 'NONE', #2510, .T. ) ;
#3932 = VERTEX_POINT ( 'NONE', #2859 ) ;
#3933 = DIRECTION ( 'NONE',  ( 0.000000000000000000, 0.000000000000000000, 1.000000000000000000 ) ) ;
#3934 = CARTESIAN_POINT ( 'NONE',  ( 1.555301434917138433E-15, 25.40000000000000213, 63.50000000000000000 ) ) ;
#3935 = CARTESIAN_POINT ( 'NONE',  ( 12.70000000000000107, -16.22512784221253312, 45.07919284400851723 ) ) ;
#3936 = FACE_BOUND ( 'NONE', #4213, .T. ) ;
#3937 = ORIENTED_EDGE ( 'NONE', *, *, #2046, .T. ) ;
#3938 = DIRECTION ( 'NONE',  ( -1.000000000000000000, -0.000000000000000000, -0.000000000000000000 ) ) ;
#3939 = EDGE_CURVE ( 'NONE', #4291, #1013, #3578, .T. ) ;
#3940 = ADVANCED_FACE ( 'NONE', ( #960 ), #2470, .F. ) ;
#3941 = CARTESIAN_POINT ( 'NONE',  ( 9.525000000000000355, 16.22512784221258997, 31.12080715599162417 ) ) ;
#3942 = AXIS2_PLACEMENT_3D ( 'NONE', #3203, #4252, #4307 ) ;
#3943 = CARTESIAN_POINT ( 'NONE',  ( 9.525000000000000355, 3.577867169202164632E-15, 38.10000000000001563 ) ) ;
#3944 = ORIENTED_EDGE ( 'NONE', *, *, #2791, .T. ) ;
#3945 = VERTEX_POINT ( 'NONE', #3235 ) ;
#3946 = ADVANCED_FACE ( 'NONE', ( #4736, #860 ), #128, .T. ) ;
#3947 = FACE_OUTER_BOUND ( 'NONE', #4013, .T. ) ;
#3948 = AXIS2_PLACEMENT_3D ( 'NONE', #1273, #487, #2390 ) ;
#3949 = EDGE_CURVE ( 'NONE', #3094, #1588, #1400, .T. ) ;
#3950 = EDGE_CURVE ( 'NONE', #1906, #1734, #2033, .T. ) ;
#3951 = EDGE_CURVE ( 'NONE', #2990, #1732, #2430, .T. ) ;
#3952 = VECTOR ( 'NONE', #4388, 1000.000000000000000 ) ;
#3953 = DIRECTION ( 'NONE',  ( -1.000000000000000000, -0.000000000000000000, -0.000000000000000000 ) ) ;
#3954 = VERTEX_POINT ( 'NONE', #3260 ) ;
#3955 = DIRECTION ( 'NONE',  ( 0.000000000000000000, 0.000000000000000000, 1.000000000000000000 ) ) ;
#3956 = CARTESIAN_POINT ( 'NONE',  ( -12.69999999999999751, 15.22687436074368783, 34.01162436304024084 ) ) ;
#3957 = ORIENTED_EDGE ( 'NONE', *, *, #3347, .T. ) ;
#3958 = CIRCLE ( 'NONE', #1829, 2.271000000000002128 ) ;
#3959 = DIRECTION ( 'NONE',  ( 0.000000000000000000, 0.000000000000000000, -1.000000000000000000 ) ) ;
#3960 = ORIENTED_EDGE ( 'NONE', *, *, #2533, .T. ) ;
#3961 = AXIS2_PLACEMENT_3D ( 'NONE', #1359, #1818, #3605 ) ;
#3962 = LINE ( 'NONE', #1416, #3180 ) ;
#3963 = VECTOR ( 'NONE', #980, 1000.000000000000000 ) ;
#3964 = CARTESIAN_POINT ( 'NONE',  ( -9.525000000000000355, -14.13894155320108759, 44.18182571315256268 ) ) ;
#3965 = ORIENTED_EDGE ( 'NONE', *, *, #3430, .F. ) ;
#3966 = DIRECTION ( 'NONE',  ( -0.000000000000000000, 1.000000000000000000, -0.000000000000000000 ) ) ;
#3967 = CIRCLE ( 'NONE', #4508, 2.271000000000002128 ) ;
#3968 = AXIS2_PLACEMENT_3D ( 'NONE', #3682, #2549, #2485 ) ;
#3969 = EDGE_LOOP ( 'NONE', ( #2458, #4438, #2187, #1243 ) ) ;
#3970 = DIRECTION ( 'NONE',  ( 0.000000000000000000, 0.000000000000000000, -1.000000000000000000 ) ) ;
#3971 = DIRECTION ( 'NONE',  ( 1.000000000000000000, -0.000000000000000000, -0.000000000000000000 ) ) ;
#3972 = VERTEX_POINT ( 'NONE', #1014 ) ;
#3973 = LINE ( 'NONE', #155, #1950 ) ;
#3974 = ORIENTED_EDGE ( 'NONE', *, *, #1020, .T. ) ;
#3975 = EDGE_CURVE ( 'NONE', #3147, #3085, #621, .T. ) ;
#3976 = DIRECTION ( 'NONE',  ( 0.000000000000000000, -1.000000000000000000, 0.000000000000000000 ) ) ;
#3977 = EDGE_CURVE ( 'NONE', #4851, #2814, #811, .T. ) ;
#3978 = CYLINDRICAL_SURFACE ( 'NONE', #4568, 2.080499999999998906 ) ;
#3979 = EDGE_CURVE ( 'NONE', #3579, #2364, #3967, .T. ) ;
#3980 = ORIENTED_EDGE ( 'NONE', *, *, #452, .F. ) ;
#3981 = CARTESIAN_POINT ( 'NONE',  ( -12.69999999999999751, -12.69999999999999929, 12.69999999999999929 ) ) ;
#3982 = CARTESIAN_POINT ( 'NONE',  ( -9.525000000000000355, -16.22354728284506820, 40.36214363188775422 ) ) ;
#3983 = DIRECTION ( 'NONE',  ( -1.000000000000000000, -0.000000000000000000, -0.000000000000000000 ) ) ;
#3984 = ORIENTED_EDGE ( 'NONE', *, *, #1656, .T. ) ;
#3985 = CARTESIAN_POINT ( 'NONE',  ( 12.70000000000000107, -25.39999999999999503, 76.20000000000000284 ) ) ;
#3986 = ORIENTED_EDGE ( 'NONE', *, *, #2005, .T. ) ;
#3987 = LINE ( 'NONE', #2115, #4002 ) ;
#3988 = DIRECTION ( 'NONE',  ( -1.000000000000000000, -0.000000000000000000, -0.000000000000000000 ) ) ;
#3989 = DIRECTION ( 'NONE',  ( -1.000000000000000000, -0.000000000000000000, -0.000000000000000000 ) ) ;
#3990 = AXIS2_PLACEMENT_3D ( 'NONE', #4499, #3764, #1476 ) ;
#3991 = ORIENTED_EDGE ( 'NONE', *, *, #2379, .T. ) ;
#3992 = AXIS2_PLACEMENT_3D ( 'NONE', #360, #1868, #3369 ) ;
#3993 = FACE_OUTER_BOUND ( 'NONE', #4662, .T. ) ;
#3994 = ORIENTED_EDGE ( 'NONE', *, *, #1832, .F. ) ;
#3995 = AXIS2_PLACEMENT_3D ( 'NONE', #2610, #4111, #4479 ) ;
#3996 = CARTESIAN_POINT ( 'NONE',  ( 9.525000000000000355, -22.22499999999999787, 76.20000000000000284 ) ) ;
#3997 = DIRECTION ( 'NONE',  ( 0.000000000000000000, 0.000000000000000000, 1.000000000000000000 ) ) ;
#3998 = ORIENTED_EDGE ( 'NONE', *, *, #2919, .T. ) ;
#3999 = CARTESIAN_POINT ( 'NONE',  ( 9.525000000000000355, 0.000000000000000000, 63.50000000000000000 ) ) ;
#4000 = VERTEX_POINT ( 'NONE', #346 ) ;
#4001 = AXIS2_PLACEMENT_3D ( 'NONE', #9, #4868, #351 ) ;
#4002 = VECTOR ( 'NONE', #4676, 1000.000000000000000 ) ;
#4003 = CARTESIAN_POINT ( 'NONE',  ( 12.70000000000000107, 10.07084749364666365, 25.18106772950216765 ) ) ;
#4004 = ORIENTED_EDGE ( 'NONE', *, *, #3977, .F. ) ;
#4005 = CARTESIAN_POINT ( 'NONE',  ( -12.69999999999999751, -12.69999999999999929, 63.50000000000000000 ) ) ;
#4006 = ADVANCED_FACE ( 'NONE', ( #1481 ), #3692, .F. ) ;
#4007 = ORIENTED_EDGE ( 'NONE', *, *, #87, .F. ) ;
#4008 = FACE_OUTER_BOUND ( 'NONE', #3068, .T. ) ;
#4009 = LINE ( 'NONE', #2135, #1051 ) ;
#4010 = CARTESIAN_POINT ( 'NONE',  ( 9.525000000000000355, -8.791741348502467801, 26.82191132943921019 ) ) ;
#4011 = ORIENTED_EDGE ( 'NONE', *, *, #707, .F. ) ;
#4012 = DIRECTION ( 'NONE',  ( -1.000000000000000000, -0.000000000000000000, -0.000000000000000000 ) ) ;
#4013 = EDGE_LOOP ( 'NONE', ( #4109, #2104, #3528, #3033 ) ) ;
#4014 = CARTESIAN_POINT ( 'NONE',  ( 12.70000000000000107, -12.33648634558010748, 49.57476971111923802 ) ) ;
#4015 = CARTESIAN_POINT ( 'NONE',  ( -12.69999999999999751, 12.33648634557998314, 49.57476971111940856 ) ) ;
#4016 = ORIENTED_EDGE ( 'NONE', *, *, #123, .F. ) ;
#4017 = DIRECTION ( 'NONE',  ( 0.000000000000000000, 0.000000000000000000, -1.000000000000000000 ) ) ;
#4018 = EDGE_LOOP ( 'NONE', ( #2455, #3280, #4427, #1348 ) ) ;
#4019 = CIRCLE ( 'NONE', #634, 2.271000000000002128 ) ;
#4020 = DIRECTION ( 'NONE',  ( 1.000000000000000000, -0.000000000000000000, -0.000000000000000000 ) ) ;
#4021 = VERTEX_POINT ( 'NONE', #4042 ) ;
#4022 = AXIS2_PLACEMENT_3D ( 'NONE', #3572, #2208, #1040 ) ;
#4023 = DIRECTION ( 'NONE',  ( 0.000000000000000000, 0.000000000000000000, 1.000000000000000000 ) ) ;
#4024 = APPROVAL_PERSON_ORGANIZATION ( #2234, #4720, #4538 ) ;
#4025 = CARTESIAN_POINT ( 'NONE',  ( 9.525000000000000355, 0.000000000000000000, 12.69999999999993356 ) ) ;
#4026 = ORIENTED_EDGE ( 'NONE', *, *, #1949, .F. ) ;
#4027 = ADVANCED_FACE ( 'NONE', ( #2883 ), #3327, .F. ) ;
#4028 = AXIS2_PLACEMENT_3D ( 'NONE', #4839, #278, #1060 ) ;
#4029 = DIRECTION ( 'NONE',  ( 0.000000000000000000, 0.000000000000000000, 1.000000000000000000 ) ) ;
#4030 = DIRECTION ( 'NONE',  ( -1.000000000000000000, 0.000000000000000000, 0.000000000000000000 ) ) ;
#4031 = VECTOR ( 'NONE', #140, 1000.000000000000000 ) ;
#4032 = EDGE_CURVE ( 'NONE', #2947, #674, #4834, .T. ) ;
#4033 = LINE ( 'NONE', #1048, #2692 ) ;
#4034 = ORIENTED_EDGE ( 'NONE', *, *, #1139, .F. ) ;
#4035 = FACE_BOUND ( 'NONE', #2213, .T. ) ;
#4036 = ORIENTED_EDGE ( 'NONE', *, *, #3417, .T. ) ;
#4037 = VECTOR ( 'NONE', #1988, 1000.000000000000000 ) ;
#4038 = LINE ( 'NONE', #1769, #3820 ) ;
#4039 = CARTESIAN_POINT ( 'NONE',  ( 9.525000000000000355, 15.22687436074368783, 34.01162436304024084 ) ) ;
#4040 = ORIENTED_EDGE ( 'NONE', *, *, #3368, .T. ) ;
#4041 = AXIS2_PLACEMENT_3D ( 'NONE', #4278, #902, #3469 ) ;
#4042 = CARTESIAN_POINT ( 'NONE',  ( -9.525000000000000355, -14.16298196909034779, 40.07482701602484099 ) ) ;
#4043 = ORIENTED_EDGE ( 'NONE', *, *, #3002, .T. ) ;
#4044 = AXIS2_PLACEMENT_3D ( 'NONE', #1323, #3224, #1349 ) ;
#4045 = DIRECTION ( 'NONE',  ( 1.000000000000000000, 0.000000000000000000, 0.000000000000000000 ) ) ;
#4046 = ORIENTED_EDGE ( 'NONE', *, *, #1982, .F. ) ;
#4047 = DIRECTION ( 'NONE',  ( 0.000000000000000000, 0.000000000000000000, -1.000000000000000000 ) ) ;
#4048 = DIRECTION ( 'NONE',  ( -1.000000000000000000, 0.000000000000000000, 0.000000000000000000 ) ) ;
#4049 = ORIENTED_EDGE ( 'NONE', *, *, #4065, .T. ) ;
#4050 = DIRECTION ( 'NONE',  ( 1.000000000000000000, 0.000000000000000000, 0.000000000000000000 ) ) ;
#4051 = EDGE_CURVE ( 'NONE', #233, #2084, #274, .T. ) ;
#4052 = CARTESIAN_POINT ( 'NONE',  ( -12.69999999999999751, -2.068405620284295310, 55.64096931301052251 ) ) ;
#4053 = DIRECTION ( 'NONE',  ( -1.000000000000000000, -0.000000000000000000, -0.000000000000000000 ) ) ;
#4054 = ORIENTED_EDGE ( 'NONE', *, *, #2865, .T. ) ;
#4055 = FACE_BOUND ( 'NONE', #2227, .T. ) ;
#4056 = EDGE_CURVE ( 'NONE', #4329, #3272, #4668, .T. ) ;
#4057 = DIRECTION ( 'NONE',  ( -1.000000000000000000, -0.000000000000000000, -0.000000000000000000 ) ) ;
#4058 = ORIENTED_EDGE ( 'NONE', *, *, #3558, .T. ) ;
#4059 = VECTOR ( 'NONE', #71, 1000.000000000000000 ) ;
#4060 = CARTESIAN_POINT ( 'NONE',  ( 12.70000000000000107, -16.22512784221253312, 45.07919284400851723 ) ) ;
#4061 = CARTESIAN_POINT ( 'NONE',  ( 0.000000000000000000, 25.40000000000000213, 12.69999999999999929 ) ) ;
#4062 = VERTEX_POINT ( 'NONE', #664 ) ;
#4063 = LINE ( 'NONE', #690, #186 ) ;
#4064 = EDGE_LOOP ( 'NONE', ( #792, #2007 ) ) ;
#4065 = EDGE_CURVE ( 'NONE', #4021, #2487, #1367, .T. ) ;
#4066 = EDGE_CURVE ( 'NONE', #2529, #1409, #1759, .T. ) ;
#4067 = AXIS2_PLACEMENT_3D ( 'NONE', #4795, #1415, #2917 ) ;
#4068 = AXIS2_PLACEMENT_3D ( 'NONE', #2099, #3976, #3923 ) ;
#4069 = CIRCLE ( 'NONE', #1468, 2.499999999999988454 ) ;
#4070 = EDGE_CURVE ( 'NONE', #1751, #1247, #1680, .T. ) ;
#4071 = CARTESIAN_POINT ( 'NONE',  ( -9.525000000000002132, -22.22499999999999787, 76.20000000000000284 ) ) ;
#4072 = ORIENTED_EDGE ( 'NONE', *, *, #4032, .T. ) ;
#4073 = FACE_OUTER_BOUND ( 'NONE', #3305, .T. ) ;
#4074 = DIRECTION ( 'NONE',  ( -1.000000000000000000, -0.000000000000000000, -0.000000000000000000 ) ) ;
#4075 = AXIS2_PLACEMENT_3D ( 'NONE', #2811, #4318, #2078 ) ;
#4076 = CIRCLE ( 'NONE', #2659, 2.499999999999988454 ) ;
#4077 = ORIENTED_EDGE ( 'NONE', *, *, #3389, .F. ) ;
#4078 = DIRECTION ( 'NONE',  ( -1.000000000000000000, -0.000000000000000000, -0.000000000000000000 ) ) ;
#4079 = LINE ( 'NONE', #1810, #188 ) ;
#4080 = CARTESIAN_POINT ( 'NONE',  ( 1.555301434917138038E-15, 25.40000000000000213, 27.89999999999999147 ) ) ;
#4081 = CARTESIAN_POINT ( 'NONE',  ( 9.525000000000000355, 12.33648634557998314, 49.57476971111940856 ) ) ;
#4082 = VERTEX_POINT ( 'NONE', #1057 ) ;
#4083 = FACE_OUTER_BOUND ( 'NONE', #2506, .T. ) ;
#4084 = DIRECTION ( 'NONE',  ( 0.000000000000000000, 0.000000000000000000, 1.000000000000000000 ) ) ;
#4085 = DIRECTION ( 'NONE',  ( -1.000000000000000000, -0.000000000000000000, -0.000000000000000000 ) ) ;
#4086 = VERTEX_POINT ( 'NONE', #2560 ) ;
#4087 = DIRECTION ( 'NONE',  ( 0.000000000000000000, 0.000000000000000000, 1.000000000000000000 ) ) ;
#4088 = EDGE_CURVE ( 'NONE', #3534, #2956, #4063, .T. ) ;
#4089 = DIRECTION ( 'NONE',  ( 0.000000000000000000, 0.000000000000000000, 1.000000000000000000 ) ) ;
#4090 = ADVANCED_FACE ( 'NONE', ( #2589 ), #2196, .F. ) ;
#4091 = EDGE_LOOP ( 'NONE', ( #3169, #4282, #2113, #2624 ) ) ;
#4092 = LINE ( 'NONE', #3748, #445 ) ;
#4093 = EDGE_CURVE ( 'NONE', #764, #2665, #389, .T. ) ;
#4094 = CARTESIAN_POINT ( 'NONE',  ( 12.70000000000000107, 3.577867169202164632E-15, 38.10000000000001563 ) ) ;
#4095 = ADVANCED_FACE ( 'NONE', ( #3025 ), #1177, .T. ) ;
#4096 = VECTOR ( 'NONE', #3663, 1000.000000000000000 ) ;
#4097 = DIRECTION ( 'NONE',  ( -1.000000000000000000, -0.000000000000000000, -0.000000000000000000 ) ) ;
#4098 = ORIENTED_EDGE ( 'NONE', *, *, #4566, .T. ) ;
#4099 = APPROVAL_DATE_TIME ( #1208, #2460 ) ;
#4100 = AXIS2_PLACEMENT_3D ( 'NONE', #4025, #171, #1806 ) ;
#4101 = ORIENTED_EDGE ( 'NONE', *, *, #2437, .F. ) ;
#4102 = DIRECTION ( 'NONE',  ( -1.000000000000000000, -0.000000000000000000, -0.000000000000000000 ) ) ;
#4103 = LINE ( 'NONE', #4542, #33 ) ;
#4104 = ORIENTED_EDGE ( 'NONE', *, *, #1321, .F. ) ;
#4105 = EDGE_CURVE ( 'NONE', #2916, #1209, #3335, .T. ) ;
#4106 = AXIS2_PLACEMENT_3D ( 'NONE', #715, #3675, #2150 ) ;
#4107 = CARTESIAN_POINT ( 'NONE',  ( 12.70000000000000107, 8.791741348502393194, 49.37808867056088502 ) ) ;
#4108 = DIRECTION ( 'NONE',  ( -1.000000000000000000, -0.000000000000000000, -0.000000000000000000 ) ) ;
#4109 = ORIENTED_EDGE ( 'NONE', *, *, #1480, .F. ) ;
#4110 = DIRECTION ( 'NONE',  ( -1.000000000000000000, -0.000000000000000000, -0.000000000000000000 ) ) ;
#4111 = DIRECTION ( 'NONE',  ( 1.000000000000000000, 0.000000000000000000, 0.000000000000000000 ) ) ;
#4112 = LINE ( 'NONE', #23, #574 ) ;
#4113 = ORIENTED_EDGE ( 'NONE', *, *, #3429, .T. ) ;
#4114 = CARTESIAN_POINT ( 'NONE',  ( 7.746038523653021987E-16, 25.40000000000000213, 53.29999999999998295 ) ) ;
#4115 = AXIS2_PLACEMENT_3D ( 'NONE', #3191, #3983, #602 ) ;
#4116 = AXIS2_PLACEMENT_3D ( 'NONE', #4569, #2697, #710 ) ;
#4117 = CARTESIAN_POINT ( 'NONE',  ( 12.70000000000000107, -10.07084749364648069, 25.18106772950202199 ) ) ;
#4118 = CARTESIAN_POINT ( 'NONE',  ( 12.70000000000000107, 3.577867169202164632E-15, 38.10000000000001563 ) ) ;
#4119 = DIRECTION ( 'NONE',  ( -1.000000000000000000, -0.000000000000000000, -0.000000000000000000 ) ) ;
#4120 = CIRCLE ( 'NONE', #4358, 2.499999999999992006 ) ;
#4121 = ADVANCED_FACE ( 'NONE', ( #3815 ), #3768, .F. ) ;
#4122 = EDGE_CURVE ( 'NONE', #3854, #3893, #3096, .T. ) ;
#4123 = ORIENTED_EDGE ( 'NONE', *, *, #1840, .T. ) ;
#4124 = DATE_TIME_ROLE ( 'creation_date' ) ;
#4125 = ORIENTED_EDGE ( 'NONE', *, *, #264, .T. ) ;
#4126 = CARTESIAN_POINT ( 'NONE',  ( 9.525000000000000355, -12.33648634558010748, 47.30376971111923723 ) ) ;
#4127 = CARTESIAN_POINT ( 'NONE',  ( 7.746038523653021987E-16, 25.40000000000000213, 50.79999999999999716 ) ) ;
#4128 = VERTEX_POINT ( 'NONE', #2678 ) ;
#4129 = EDGE_CURVE ( 'NONE', #3303, #2084, #2936, .T. ) ;
#4130 = CARTESIAN_POINT ( 'NONE',  ( 9.525000000000000355, -14.16298196909034779, 40.07482701602484099 ) ) ;
#4131 = DIRECTION ( 'NONE',  ( 0.000000000000000000, -1.667602476305511223E-15, -1.000000000000000000 ) ) ;
#4132 = DIRECTION ( 'NONE',  ( -1.000000000000000000, 0.000000000000000000, 0.000000000000000000 ) ) ;
#4133 = ORIENTED_EDGE ( 'NONE', *, *, #3037, .T. ) ;
#4134 = FACE_OUTER_BOUND ( 'NONE', #248, .T. ) ;
#4135 = VECTOR ( 'NONE', #1728, 1000.000000000000000 ) ;
#4136 = DIRECTION ( 'NONE',  ( 0.000000000000000000, 0.000000000000000000, 1.000000000000000000 ) ) ;
#4137 = AXIS2_PLACEMENT_3D ( 'NONE', #4478, #2609, #1847 ) ;
#4138 = ORIENTED_EDGE ( 'NONE', *, *, #1068, .T. ) ;
#4139 = AXIS2_PLACEMENT_3D ( 'NONE', #2820, #1784, #3681 ) ;
#4140 = CARTESIAN_POINT ( 'NONE',  ( -12.69999999999999751, -12.69999999999999929, 15.19999999999999218 ) ) ;
#4141 = CARTESIAN_POINT ( 'NONE',  ( 12.70000000000000107, 3.577867169202164632E-15, 38.10000000000001563 ) ) ;
#4142 = AXIS2_PLACEMENT_3D ( 'NONE', #2619, #4843, #328 ) ;
#4143 = CIRCLE ( 'NONE', #4218, 2.271000000000002128 ) ;
#4144 = EDGE_LOOP ( 'NONE', ( #1092, #1170 ) ) ;
#4145 = FACE_OUTER_BOUND ( 'NONE', #268, .T. ) ;
#4146 = DATE_AND_TIME ( #1538, #4410 ) ;
#4147 = ORIENTED_EDGE ( 'NONE', *, *, #3368, .F. ) ;
#4148 = VECTOR ( 'NONE', #316, 1000.000000000000000 ) ;
#4149 = CYLINDRICAL_SURFACE ( 'NONE', #839, 2.271000000000002128 ) ;
#4150 = EDGE_CURVE ( 'NONE', #2405, #3113, #1127, .T. ) ;
#4151 = EDGE_CURVE ( 'NONE', #134, #1801, #2627, .T. ) ;
#4152 = DIRECTION ( 'NONE',  ( 1.000000000000000000, 0.000000000000000000, 0.000000000000000000 ) ) ;
#4153 = AXIS2_PLACEMENT_3D ( 'NONE', #3652, #2146, #1033 ) ;
#4154 = EDGE_LOOP ( 'NONE', ( #4845, #2793 ) ) ;
#4155 = FACE_OUTER_BOUND ( 'NONE', #3216, .T. ) ;
#4156 = VERTEX_POINT ( 'NONE', #2271 ) ;
#4157 = EDGE_CURVE ( 'NONE', #4403, #1998, #3722, .T. ) ;
#4158 = DIRECTION ( 'NONE',  ( -1.000000000000000000, -0.000000000000000000, -0.000000000000000000 ) ) ;
#4159 = DIRECTION ( 'NONE',  ( -1.000000000000000000, -0.000000000000000000, -0.000000000000000000 ) ) ;
#4160 = CARTESIAN_POINT ( 'NONE',  ( -12.69999999999999751, -16.22354728284506820, 40.36214363188775422 ) ) ;
#4161 = ORIENTED_EDGE ( 'NONE', *, *, #1519, .T. ) ;
#4162 = CARTESIAN_POINT ( 'NONE',  ( -12.69999999999999929, -12.69999999999999929, 15.19999999999998863 ) ) ;
#4163 = CARTESIAN_POINT ( 'NONE',  ( 12.70000000000000107, 12.33648634557998314, 47.30376971111940776 ) ) ;
#4164 = CARTESIAN_POINT ( 'NONE',  ( 9.525000000000000355, 12.69999999999999929, 63.50000000000000000 ) ) ;
#4165 = VERTEX_POINT ( 'NONE', #4162 ) ;
#4166 = DIRECTION ( 'NONE',  ( 0.000000000000000000, 0.000000000000000000, -1.000000000000000000 ) ) ;
#4167 = EDGE_LOOP ( 'NONE', ( #2930, #3930 ) ) ;
#4168 = CARTESIAN_POINT ( 'NONE',  ( -12.69999999999999751, -10.07084749364648069, 25.18106772950202199 ) ) ;
#4169 = VERTEX_POINT ( 'NONE', #784 ) ;
#4170 = CARTESIAN_POINT ( 'NONE',  ( -9.525000000000002132, 0.000000000000000000, 15.19999999999992646 ) ) ;
#4171 = VECTOR ( 'NONE', #4012, 1000.000000000000000 ) ;
#4172 = DIRECTION ( 'NONE',  ( 0.000000000000000000, 1.000000000000000000, 0.000000000000000000 ) ) ;
#4173 = ADVANCED_FACE ( 'NONE', ( #4134 ), #2291, .T. ) ;
#4174 = VERTEX_POINT ( 'NONE', #2982 ) ;
#4175 = CARTESIAN_POINT ( 'NONE',  ( 12.70000000000000107, -2.068405620284290425, 20.55903068698950520 ) ) ;
#4176 = VECTOR ( 'NONE', #2314, 1000.000000000000000 ) ;
#4177 = EDGE_LOOP ( 'NONE', ( #3901, #325 ) ) ;
#4178 = CARTESIAN_POINT ( 'NONE',  ( 9.525000000000000355, 12.69999999999999929, 15.19999999999999218 ) ) ;
#4179 = CIRCLE ( 'NONE', #561, 2.271000000000002128 ) ;
#4180 = DIRECTION ( 'NONE',  ( -1.000000000000000000, -0.000000000000000000, -0.000000000000000000 ) ) ;
#4181 = ORIENTED_EDGE ( 'NONE', *, *, #1808, .F. ) ;
#4182 = FACE_OUTER_BOUND ( 'NONE', #8, .T. ) ;
#4183 = DIRECTION ( 'NONE',  ( 0.000000000000000000, 1.000000000000000000, 0.000000000000000000 ) ) ;
#4184 = AXIS2_PLACEMENT_3D ( 'NONE', #4126, #4823, #2281 ) ;
#4185 = DIRECTION ( 'NONE',  ( -1.000000000000000000, -0.000000000000000000, -0.000000000000000000 ) ) ;
#4186 = VERTEX_POINT ( 'NONE', #4550 ) ;
#4187 = CYLINDRICAL_SURFACE ( 'NONE', #528, 2.499999999999988454 ) ;
#4188 = CIRCLE ( 'NONE', #2236, 2.080499999999998906 ) ;
#4189 = ORIENTED_EDGE ( 'NONE', *, *, #4663, .T. ) ;
#4190 = AXIS2_PLACEMENT_3D ( 'NONE', #411, #1876, #2316 ) ;
#4191 = DIRECTION ( 'NONE',  ( -1.000000000000000000, -0.000000000000000000, -0.000000000000000000 ) ) ;
#4192 = PERSON_AND_ORGANIZATION_ROLE ( 'creator' ) ;
#4193 = ORIENTED_EDGE ( 'NONE', *, *, #4248, .T. ) ;
#4194 = CARTESIAN_POINT ( 'NONE',  ( -9.525000000000000355, -12.33648634558010748, 47.30376971111923723 ) ) ;
#4195 = VERTEX_POINT ( 'NONE', #1552 ) ;
#4196 = EDGE_CURVE ( 'NONE', #3340, #4851, #1602, .T. ) ;
#4197 = CYLINDRICAL_SURFACE ( 'NONE', #3902, 2.499999999999988454 ) ;
#4198 = ORIENTED_EDGE ( 'NONE', *, *, #2530, .F. ) ;
#4199 = DIRECTION ( 'NONE',  ( 0.000000000000000000, 1.667602476305511223E-15, -1.000000000000000000 ) ) ;
#4200 = CARTESIAN_POINT ( 'NONE',  ( 1.555301434917138038E-15, 22.22500000000000142, 25.39999999999999858 ) ) ;
#4201 = ORIENTED_EDGE ( 'NONE', *, *, #1292, .T. ) ;
#4202 = DIRECTION ( 'NONE',  ( 0.000000000000000000, 0.000000000000000000, 1.000000000000000000 ) ) ;
#4203 = ADVANCED_FACE ( 'NONE', ( #1104 ), #3452, .F. ) ;
#4204 = DIRECTION ( 'NONE',  ( -1.000000000000000000, 0.000000000000000000, 0.000000000000000000 ) ) ;
#4205 = DIRECTION ( 'NONE',  ( -0.000000000000000000, -0.000000000000000000, -1.000000000000000000 ) ) ;
#4206 = CARTESIAN_POINT ( 'NONE',  ( 12.70000000000000107, 14.13894155320100943, 44.18182571315276874 ) ) ;
#4207 = ORIENTED_EDGE ( 'NONE', *, *, #4559, .T. ) ;
#4208 = EDGE_CURVE ( 'NONE', #1267, #2916, #3079, .T. ) ;
#4209 = FACE_OUTER_BOUND ( 'NONE', #1021, .T. ) ;
#4210 = EDGE_CURVE ( 'NONE', #2044, #1893, #414, .T. ) ;
#4211 = AXIS2_PLACEMENT_3D ( 'NONE', #21, #3448, #4546 ) ;
#4212 = CIRCLE ( 'NONE', #996, 2.499999999999992006 ) ;
#4213 = EDGE_LOOP ( 'NONE', ( #1326, #3222 ) ) ;
#4214 = CYLINDRICAL_SURFACE ( 'NONE', #340, 2.499999999999988454 ) ;
#4215 = VERTEX_POINT ( 'NONE', #739 ) ;
#4216 = LINE ( 'NONE', #2868, #2101 ) ;
#4217 = AXIS2_PLACEMENT_3D ( 'NONE', #2252, #2596, #3724 ) ;
#4218 = AXIS2_PLACEMENT_3D ( 'NONE', #2586, #2193, #2 ) ;
#4219 = CARTESIAN_POINT ( 'NONE',  ( 12.70000000000000107, -6.152699789198520897, 22.91892409761429406 ) ) ;
#4220 = CIRCLE ( 'NONE', #2504, 14.30000000000000071 ) ;
#4221 = ORIENTED_EDGE ( 'NONE', *, *, #3694, .T. ) ;
#4222 = DIRECTION ( 'NONE',  ( 0.000000000000000000, 0.000000000000000000, 1.000000000000000000 ) ) ;
#4223 = EDGE_LOOP ( 'NONE', ( #3071, #717, #3960, #3944 ) ) ;
#4224 = CIRCLE ( 'NONE', #2576, 2.271000000000002128 ) ;
#4225 = CARTESIAN_POINT ( 'NONE',  ( -9.525000000000000355, -16.22354728284505399, 35.83785636811216335 ) ) ;
#4226 = CARTESIAN_POINT ( 'NONE',  ( 12.70000000000000107, -12.33648634558010748, 47.30376971111923723 ) ) ;
#4227 = ORIENTED_EDGE ( 'NONE', *, *, #2206, .T. ) ;
#4228 = CARTESIAN_POINT ( 'NONE',  ( 12.70000000000000107, 10.07084749364639542, 51.01893227049807678 ) ) ;
#4229 = CARTESIAN_POINT ( 'NONE',  ( -9.525000000000000355, -12.33648634558010748, 49.57476971111923802 ) ) ;
#4230 = CIRCLE ( 'NONE', #1240, 2.499999999999996891 ) ;
#4231 = DIRECTION ( 'NONE',  ( -0.000000000000000000, -0.000000000000000000, -1.000000000000000000 ) ) ;
#4232 = DIRECTION ( 'NONE',  ( -1.000000000000000000, -0.000000000000000000, -0.000000000000000000 ) ) ;
#4233 = DIRECTION ( 'NONE',  ( 0.000000000000000000, 0.000000000000000000, -1.000000000000000000 ) ) ;
#4234 = CARTESIAN_POINT ( 'NONE',  ( 1.555301434917138433E-15, 25.40000000000000213, 63.50000000000000000 ) ) ;
#4235 = EDGE_LOOP ( 'NONE', ( #1034, #2353, #90, #3767 ) ) ;
#4236 = DIRECTION ( 'NONE',  ( 0.000000000000000000, 0.000000000000000000, 1.000000000000000000 ) ) ;
#4237 = ADVANCED_FACE ( 'NONE', ( #3742 ), #369, .F. ) ;
#4238 = ORIENTED_EDGE ( 'NONE', *, *, #2286, .T. ) ;
#4239 = CARTESIAN_POINT ( 'NONE',  ( 12.70000000000000107, 3.577867169202164632E-15, 38.10000000000001563 ) ) ;
#4240 = ORIENTED_EDGE ( 'NONE', *, *, #1878, .F. ) ;
#4241 = VERTEX_POINT ( 'NONE', #3001 ) ;
#4242 = CARTESIAN_POINT ( 'NONE',  ( -12.69999999999999751, -14.15672222192825025, 48.66177646900194276 ) ) ;
#4243 = ORIENTED_EDGE ( 'NONE', *, *, #4334, .T. ) ;
#4244 = FACE_BOUND ( 'NONE', #924, .T. ) ;
#4245 = ORIENTED_EDGE ( 'NONE', *, *, #4444, .F. ) ;
#4246 = AXIS2_PLACEMENT_3D ( 'NONE', #1766, #2120, #1050 ) ;
#4247 = CARTESIAN_POINT ( 'NONE',  ( 9.525000000000000355, 5.371240620587829362, 24.84708431341438839 ) ) ;
#4248 = EDGE_CURVE ( 'NONE', #4462, #4817, #2130, .T. ) ;
#4249 = CARTESIAN_POINT ( 'NONE',  ( -12.69999999999999929, -12.69999999999999929, 12.69999999999999929 ) ) ;
#4250 = EDGE_LOOP ( 'NONE', ( #1826, #2313, #2168, #2687 ) ) ;
#4251 = DIRECTION ( 'NONE',  ( 0.000000000000000000, 0.000000000000000000, 1.000000000000000000 ) ) ;
#4252 = DIRECTION ( 'NONE',  ( 0.000000000000000000, 1.000000000000000000, 0.000000000000000000 ) ) ;
#4253 = AXIS2_PLACEMENT_3D ( 'NONE', #1651, #127, #4233 ) ;
#4254 = LINE ( 'NONE', #3862, #1553 ) ;
#4255 = LINE ( 'NONE', #883, #2879 ) ;
#4256 = CARTESIAN_POINT ( 'NONE',  ( -12.69999999999999929, -12.69999999999999929, 63.50000000000000000 ) ) ;
#4257 = CYLINDRICAL_SURFACE ( 'NONE', #4470, 2.080499999999998906 ) ;
#4258 = VERTEX_POINT ( 'NONE', #4281 ) ;
#4259 = CIRCLE ( 'NONE', #2815, 14.30000000000000071 ) ;
#4260 = EDGE_CURVE ( 'NONE', #1001, #731, #3153, .T. ) ;
#4261 = DIRECTION ( 'NONE',  ( -1.000000000000000000, 0.000000000000000000, 0.000000000000000000 ) ) ;
#4262 = AXIS2_PLACEMENT_3D ( 'NONE', #212, #4085, #2094 ) ;
#4263 = DIRECTION ( 'NONE',  ( 0.000000000000000000, 0.000000000000000000, -1.000000000000000000 ) ) ;
#4264 = VERTEX_POINT ( 'NONE', #3911 ) ;
#4265 = CIRCLE ( 'NONE', #1910, 2.270999999999995467 ) ;
#4266 = VERTEX_POINT ( 'NONE', #4229 ) ;
#4267 = AXIS2_PLACEMENT_3D ( 'NONE', #3964, #4355, #2486 ) ;
#4268 = LINE ( 'NONE', #895, #180 ) ;
#4269 = AXIS2_PLACEMENT_3D ( 'NONE', #3934, #1298, #2797 ) ;
#4270 = VERTEX_POINT ( 'NONE', #2366 ) ;
#4271 = EDGE_CURVE ( 'NONE', #260, #3183, #1597, .T. ) ;
#4272 = ADVANCED_FACE ( 'NONE', ( #1219, #4652, #4628, #3936, #3106, #488 ), #1249, .T. ) ;
#4273 = CARTESIAN_POINT ( 'NONE',  ( 12.70000000000000107, -10.07084749364648069, 25.18106772950202199 ) ) ;
#4274 = ORIENTED_EDGE ( 'NONE', *, *, #1482, .T. ) ;
#4275 = CIRCLE ( 'NONE', #580, 14.30000000000000071 ) ;
#4276 = CARTESIAN_POINT ( 'NONE',  ( -12.69999999999999751, 6.152699789198528002, 22.91892409761429406 ) ) ;
#4277 = EDGE_CURVE ( 'NONE', #4156, #2860, #1028, .T. ) ;
#4278 = CARTESIAN_POINT ( 'NONE',  ( -9.525000000000000355, 10.07084749364666365, 25.18106772950216765 ) ) ;
#4279 = EDGE_LOOP ( 'NONE', ( #1241, #494, #1472, #1585 ) ) ;
#4280 = DIRECTION ( 'NONE',  ( 0.000000000000000000, 0.000000000000000000, -1.000000000000000000 ) ) ;
#4281 = CARTESIAN_POINT ( 'NONE',  ( 7.746038523653021987E-16, -25.39999999999999503, 40.59999999999998721 ) ) ;
#4282 = ORIENTED_EDGE ( 'NONE', *, *, #87, .T. ) ;
#4283 = ADVANCED_FACE ( 'NONE', ( #537 ), #1274, .F. ) ;
#4284 = FACE_OUTER_BOUND ( 'NONE', #4018, .T. ) ;
#4285 = CARTESIAN_POINT ( 'NONE',  ( 12.70000000000000107, 5.371240620587829362, 24.84708431341438839 ) ) ;
#4286 = DIRECTION ( 'NONE',  ( -1.000000000000000000, -0.000000000000000000, -0.000000000000000000 ) ) ;
#4287 = VERTEX_POINT ( 'NONE', #3548 ) ;
#4288 = EDGE_CURVE ( 'NONE', #615, #4705, #247, .T. ) ;
#4289 = FACE_BOUND ( 'NONE', #4144, .T. ) ;
#4290 = LINE ( 'NONE', #595, #721 ) ;
#4291 = VERTEX_POINT ( 'NONE', #880 ) ;
#4292 = ORIENTED_EDGE ( 'NONE', *, *, #1020, .F. ) ;
#4293 = CIRCLE ( 'NONE', #210, 2.271000000000002128 ) ;
#4294 = DIRECTION ( 'NONE',  ( 1.000000000000000000, 0.000000000000000000, 0.000000000000000000 ) ) ;
#4295 = EDGE_LOOP ( 'NONE', ( #4562, #36, #404, #936 ) ) ;
#4296 = AXIS2_PLACEMENT_3D ( 'NONE', #4677, #2387, #3933 ) ;
#4297 = AXIS2_PLACEMENT_3D ( 'NONE', #1143, #4520, #403 ) ;
#4298 = FACE_BOUND ( 'NONE', #4064, .T. ) ;
#4299 = VERTEX_POINT ( 'NONE', #1671 ) ;
#4300 = EDGE_CURVE ( 'NONE', #2594, #3333, #11, .T. ) ;
#4301 = EDGE_CURVE ( 'NONE', #1747, #1854, #2726, .T. ) ;
#4302 = DIRECTION ( 'NONE',  ( 0.000000000000000000, 0.000000000000000000, 1.000000000000000000 ) ) ;
#4303 = AXIS2_PLACEMENT_3D ( 'NONE', #1477, #1452, #781 ) ;
#4304 = CARTESIAN_POINT ( 'NONE',  ( -9.525000000000002132, -22.22499999999999787, 0.000000000000000000 ) ) ;
#4305 = EDGE_LOOP ( 'NONE', ( #3115, #113 ) ) ;
#4306 =( NAMED_UNIT ( * ) PLANE_ANGLE_UNIT ( ) SI_UNIT ( $, .RADIAN. ) );
#4307 = DIRECTION ( 'NONE',  ( 0.000000000000000000, -0.000000000000000000, 1.000000000000000000 ) ) ;
#4308 = EDGE_CURVE ( 'NONE', #1001, #4745, #1345, .T. ) ;
#4309 = AXIS2_PLACEMENT_3D ( 'NONE', #4118, #3894, #1158 ) ;
#4310 = ADVANCED_FACE ( 'NONE', ( #3176 ), #2015, .F. ) ;
#4311 = ORIENTED_EDGE ( 'NONE', *, *, #1282, .F. ) ;
#4312 = FACE_OUTER_BOUND ( 'NONE', #619, .T. ) ;
#4313 = DIRECTION ( 'NONE',  ( -1.000000000000000000, -0.000000000000000000, -0.000000000000000000 ) ) ;
#4314 = AXIS2_PLACEMENT_3D ( 'NONE', #3920, #565, #493 ) ;
#4315 = LINE ( 'NONE', #3158, #4712 ) ;
#4316 = ORIENTED_EDGE ( 'NONE', *, *, #255, .T. ) ;
#4317 = ORIENTED_EDGE ( 'NONE', *, *, #3229, .T. ) ;
#4318 = DIRECTION ( 'NONE',  ( -1.000000000000000000, 0.000000000000000000, 0.000000000000000000 ) ) ;
#4319 = LINE ( 'NONE', #3895, #3569 ) ;
#4320 = ORIENTED_EDGE ( 'NONE', *, *, #3462, .T. ) ;
#4321 = ORIENTED_EDGE ( 'NONE', *, *, #3654, .F. ) ;
#4322 = DIRECTION ( 'NONE',  ( 1.000000000000000000, 0.000000000000000000, 0.000000000000000000 ) ) ;
#4323 = ORIENTED_EDGE ( 'NONE', *, *, #1470, .F. ) ;
#4324 = DIRECTION ( 'NONE',  ( -1.000000000000000000, -0.000000000000000000, -0.000000000000000000 ) ) ;
#4325 = ORIENTED_EDGE ( 'NONE', *, *, #4208, .F. ) ;
#4326 = DIRECTION ( 'NONE',  ( -1.000000000000000000, -0.000000000000000000, -0.000000000000000000 ) ) ;
#4327 = EDGE_CURVE ( 'NONE', #2750, #4544, #4019, .T. ) ;
#4328 = DIRECTION ( 'NONE',  ( 0.000000000000000000, 0.000000000000000000, 1.000000000000000000 ) ) ;
#4329 = VERTEX_POINT ( 'NONE', #929 ) ;
#4330 = CARTESIAN_POINT ( 'NONE',  ( -9.525000000000000355, 6.152699789198528002, 53.28107590238573010 ) ) ;
#4331 = DIRECTION ( 'NONE',  ( -0.000000000000000000, 1.000000000000000000, -0.000000000000000000 ) ) ;
#4332 = CIRCLE ( 'NONE', #790, 2.080499999999998906 ) ;
#4333 = VERTEX_POINT ( 'NONE', #1623 ) ;
#4334 = EDGE_CURVE ( 'NONE', #1409, #2529, #474, .T. ) ;
#4335 = DIRECTION ( 'NONE',  ( -1.000000000000000000, -0.000000000000000000, -0.000000000000000000 ) ) ;
#4336 = CARTESIAN_POINT ( 'NONE',  ( -12.69999999999999751, 0.000000000000000000, 12.69999999999993356 ) ) ;
#4337 = CIRCLE ( 'NONE', #1575, 2.271000000000002128 ) ;
#4338 = ORIENTED_EDGE ( 'NONE', *, *, #3499, .F. ) ;
#4339 = DIRECTION ( 'NONE',  ( -0.000000000000000000, 1.000000000000000000, -0.000000000000000000 ) ) ;
#4340 = ORIENTED_EDGE ( 'NONE', *, *, #2348, .T. ) ;
#4341 = VERTEX_POINT ( 'NONE', #149 ) ;
#4342 = DIRECTION ( 'NONE',  ( -1.000000000000000000, -0.000000000000000000, -0.000000000000000000 ) ) ;
#4343 = AXIS2_PLACEMENT_3D ( 'NONE', #4256, #884, #4549 ) ;
#4344 = DIRECTION ( 'NONE',  ( 0.000000000000000000, 0.000000000000000000, -1.000000000000000000 ) ) ;
#4345 = ORIENTED_EDGE ( 'NONE', *, *, #2348, .F. ) ;
#4346 = FACE_OUTER_BOUND ( 'NONE', #4879, .T. ) ;
#4347 = CYLINDRICAL_SURFACE ( 'NONE', #801, 2.499999999999988454 ) ;
#4348 = VERTEX_POINT ( 'NONE', #3525 ) ;
#4349 = CIRCLE ( 'NONE', #2230, 2.271000000000002128 ) ;
#4350 = CYLINDRICAL_SURFACE ( 'NONE', #681, 14.30000000000000071 ) ;
#4351 = ORIENTED_EDGE ( 'NONE', *, *, #1293, .F. ) ;
#4352 = AXIS2_PLACEMENT_3D ( 'NONE', #1795, #230, #3997 ) ;
#4353 = DIRECTION ( 'NONE',  ( -1.000000000000000000, -0.000000000000000000, -0.000000000000000000 ) ) ;
#4354 = VECTOR ( 'NONE', #572, 1000.000000000000000 ) ;
#4355 = DIRECTION ( 'NONE',  ( 1.000000000000000000, 0.000000000000000000, 0.000000000000000000 ) ) ;
#4356 = ORIENTED_EDGE ( 'NONE', *, *, #1985, .F. ) ;
#4357 = DIRECTION ( 'NONE',  ( 1.000000000000000000, 0.000000000000000000, 0.000000000000000000 ) ) ;
#4358 = AXIS2_PLACEMENT_3D ( 'NONE', #1543, #400, #3759 ) ;
#4359 = ORIENTED_EDGE ( 'NONE', *, *, #3700, .T. ) ;
#4360 = CARTESIAN_POINT ( 'NONE',  ( 9.525000000000000355, -10.07084749364648069, 25.18106772950202199 ) ) ;
#4361 = CARTESIAN_POINT ( 'NONE',  ( -12.69999999999999751, 16.22512784221258997, 31.12080715599162417 ) ) ;
#4362 = ORIENTED_EDGE ( 'NONE', *, *, #4366, .T. ) ;
#4363 = DIRECTION ( 'NONE',  ( 0.000000000000000000, 0.000000000000000000, 1.000000000000000000 ) ) ;
#4364 = ORIENTED_EDGE ( 'NONE', *, *, #1443, .F. ) ;
#4365 = EDGE_CURVE ( 'NONE', #825, #3755, #947, .T. ) ;
#4366 = EDGE_CURVE ( 'NONE', #4645, #764, #4560, .T. ) ;
#4367 = DIRECTION ( 'NONE',  ( 0.000000000000000000, 0.000000000000000000, -1.000000000000000000 ) ) ;
#4368 = ORIENTED_EDGE ( 'NONE', *, *, #4411, .T. ) ;
#4369 = DIRECTION ( 'NONE',  ( 0.000000000000000000, 0.000000000000000000, 1.000000000000000000 ) ) ;
#4370 = EDGE_CURVE ( 'NONE', #3755, #825, #1260, .T. ) ;
#4371 = ORIENTED_EDGE ( 'NONE', *, *, #3093, .F. ) ;
#4372 = DIRECTION ( 'NONE',  ( 0.000000000000000000, 0.000000000000000000, 1.000000000000000000 ) ) ;
#4373 = CIRCLE ( 'NONE', #4618, 2.271000000000002128 ) ;
#4374 = ORIENTED_EDGE ( 'NONE', *, *, #3753, .F. ) ;
#4375 = CARTESIAN_POINT ( 'NONE',  ( 12.70000000000000107, -16.22354728284506820, 40.36214363188775422 ) ) ;
#4376 = DIRECTION ( 'NONE',  ( -1.000000000000000000, -0.000000000000000000, -0.000000000000000000 ) ) ;
#4377 = VERTEX_POINT ( 'NONE', #2139 ) ;
#4378 = CARTESIAN_POINT ( 'NONE',  ( 12.70000000000000107, 12.69999999999999929, 63.50000000000000000 ) ) ;
#4379 = VERTEX_POINT ( 'NONE', #1399 ) ;
#4380 = CIRCLE ( 'NONE', #2262, 2.080499999999998906 ) ;
#4381 = CARTESIAN_POINT ( 'NONE',  ( 1.861463134703975514E-15, -22.22499999999999787, 22.90000000000000568 ) ) ;
#4382 = LINE ( 'NONE', #4835, #3092 ) ;
#4383 = EDGE_LOOP ( 'NONE', ( #2038, #4049, #818, #3250 ) ) ;
#4384 = DIRECTION ( 'NONE',  ( -1.000000000000000000, -0.000000000000000000, -0.000000000000000000 ) ) ;
#4385 = ORIENTED_EDGE ( 'NONE', *, *, #3382, .T. ) ;
#4386 = AXIS2_PLACEMENT_3D ( 'NONE', #2661, #1608, #1633 ) ;
#4387 = EDGE_CURVE ( 'NONE', #928, #60, #2838, .T. ) ;
#4388 = DIRECTION ( 'NONE',  ( -1.000000000000000000, -0.000000000000000000, -0.000000000000000000 ) ) ;
#4389 = EDGE_LOOP ( 'NONE', ( #1904, #946, #463, #2447 ) ) ;
#4390 = DIRECTION ( 'NONE',  ( 1.000000000000000000, 0.000000000000000000, 0.000000000000000000 ) ) ;
#4391 = EDGE_CURVE ( 'NONE', #1335, #134, #4420, .T. ) ;
#4392 = ORIENTED_EDGE ( 'NONE', *, *, #1505, .T. ) ;
#4393 = DIRECTION ( 'NONE',  ( -1.000000000000000000, -0.000000000000000000, -0.000000000000000000 ) ) ;
#4394 = DIRECTION ( 'NONE',  ( -1.000000000000000000, -0.000000000000000000, -0.000000000000000000 ) ) ;
#4395 = FACE_OUTER_BOUND ( 'NONE', #846, .T. ) ;
#4396 = ORIENTED_EDGE ( 'NONE', *, *, #3916, .T. ) ;
#4397 = DIRECTION ( 'NONE',  ( 0.000000000000000000, 0.000000000000000000, 1.000000000000000000 ) ) ;
#4398 = ORIENTED_EDGE ( 'NONE', *, *, #2394, .T. ) ;
#4399 = DIRECTION ( 'NONE',  ( 0.000000000000000000, 0.000000000000000000, 1.000000000000000000 ) ) ;
#4400 = DIRECTION ( 'NONE',  ( 0.000000000000000000, 0.000000000000000000, 1.000000000000000000 ) ) ;
#4401 = VERTEX_POINT ( 'NONE', #226 ) ;
#4402 = DIRECTION ( 'NONE',  ( -0.000000000000000000, -1.000000000000000000, -0.000000000000000000 ) ) ;
#4403 = VERTEX_POINT ( 'NONE', #2162 ) ;
#4404 = AXIS2_PLACEMENT_3D ( 'NONE', #336, #1096, #1469 ) ;
#4405 = CARTESIAN_POINT ( 'NONE',  ( 9.525000000000000355, 0.000000000000000000, 15.19999999999992468 ) ) ;
#4406 = EDGE_CURVE ( 'NONE', #4705, #615, #1897, .T. ) ;
#4407 = EDGE_LOOP ( 'NONE', ( #3775, #3635, #3478, #3772 ) ) ;
#4408 = LINE ( 'NONE', #4140, #761 ) ;
#4409 = DIRECTION ( 'NONE',  ( 0.000000000000000000, 0.000000000000000000, -1.000000000000000000 ) ) ;
#4410 = LOCAL_TIME ( 14, 49, 46.00000000000000000, #1583 ) ;
#4411 = EDGE_CURVE ( 'NONE', #3848, #3777, #1726, .T. ) ;
#4412 = CARTESIAN_POINT ( 'NONE',  ( 12.70000000000000107, 14.15672222192832841, 27.53822353099818443 ) ) ;
#4413 = EDGE_LOOP ( 'NONE', ( #2742, #1846 ) ) ;
#4414 = CYLINDRICAL_SURFACE ( 'NONE', #4139, 2.499999999999988454 ) ;
#4415 = CARTESIAN_POINT ( 'NONE',  ( 12.70000000000000107, 3.577867169202164632E-15, 38.10000000000001563 ) ) ;
#4416 = AXIS2_PLACEMENT_3D ( 'NONE', #1290, #4294, #919 ) ;
#4417 = EDGE_CURVE ( 'NONE', #3211, #3579, #3298, .T. ) ;
#4418 = DIRECTION ( 'NONE',  ( -1.000000000000000000, 0.000000000000000000, 0.000000000000000000 ) ) ;
#4419 = EDGE_CURVE ( 'NONE', #4735, #4855, #1737, .T. ) ;
#4420 = LINE ( 'NONE', #4080, #1105 ) ;
#4421 = CARTESIAN_POINT ( 'NONE',  ( 12.70000000000000107, -5.371240620587821368, 51.35291568658563932 ) ) ;
#4422 = EDGE_LOOP ( 'NONE', ( #3671, #560, #3470, #354 ) ) ;
#4423 = AXIS2_PLACEMENT_3D ( 'NONE', #1378, #318, #2535 ) ;
#4424 = EDGE_CURVE ( 'NONE', #2799, #2776, #2451, .T. ) ;
#4425 = DIRECTION ( 'NONE',  ( 1.000000000000000000, 0.000000000000000000, 0.000000000000000000 ) ) ;
#4426 = DIRECTION ( 'NONE',  ( 1.000000000000000000, -0.000000000000000000, -0.000000000000000000 ) ) ;
#4427 = ORIENTED_EDGE ( 'NONE', *, *, #4821, .T. ) ;
#4428 = DIRECTION ( 'NONE',  ( -1.000000000000000000, 0.000000000000000000, 0.000000000000000000 ) ) ;
#4429 = ORIENTED_EDGE ( 'NONE', *, *, #4820, .T. ) ;
#4430 = AXIS2_PLACEMENT_3D ( 'NONE', #3316, #774, #2668 ) ;
#4431 = CIRCLE ( 'NONE', #192, 2.271000000000002128 ) ;
#4432 = DIRECTION ( 'NONE',  ( -1.000000000000000000, -0.000000000000000000, -0.000000000000000000 ) ) ;
#4433 = ORIENTED_EDGE ( 'NONE', *, *, #1920, .F. ) ;
#4434 = DIRECTION ( 'NONE',  ( -1.000000000000000000, -0.000000000000000000, -0.000000000000000000 ) ) ;
#4435 = CYLINDRICAL_SURFACE ( 'NONE', #138, 2.499999999999988454 ) ;
#4436 = CYLINDRICAL_SURFACE ( 'NONE', #3044, 2.271000000000002128 ) ;
#4437 = DIRECTION ( 'NONE',  ( -0.000000000000000000, 1.000000000000000000, -0.000000000000000000 ) ) ;
#4438 = ORIENTED_EDGE ( 'NONE', *, *, #628, .T. ) ;
#4439 = DIRECTION ( 'NONE',  ( -1.000000000000000000, -0.000000000000000000, -0.000000000000000000 ) ) ;
#4440 = DIRECTION ( 'NONE',  ( 0.000000000000000000, 0.000000000000000000, -1.000000000000000000 ) ) ;
#4441 = DIRECTION ( 'NONE',  ( 0.000000000000000000, 0.000000000000000000, -1.000000000000000000 ) ) ;
#4442 = ORIENTED_EDGE ( 'NONE', *, *, #2172, .F. ) ;
#4443 = PLANE ( 'NONE',  #4404 ) ;
#4444 = EDGE_CURVE ( 'NONE', #4548, #2329, #393, .T. ) ;
#4445 = ADVANCED_FACE ( 'NONE', ( #3993, #2511 ), #613, .F. ) ;
#4446 = CARTESIAN_POINT ( 'NONE',  ( 12.70000000000000107, 16.22512784221244786, 45.07919284400875171 ) ) ;
#4447 = ORIENTED_EDGE ( 'NONE', *, *, #3590, .T. ) ;
#4448 = EDGE_CURVE ( 'NONE', #2663, #4536, #3273, .T. ) ;
#4449 = CARTESIAN_POINT ( 'NONE',  ( 12.70000000000000107, -14.13894155320104851, 32.01817428684736200 ) ) ;
#4450 = VECTOR ( 'NONE', #3195, 1000.000000000000000 ) ;
#4451 = DIRECTION ( 'NONE',  ( 1.000000000000000000, 0.000000000000000000, 0.000000000000000000 ) ) ;
#4452 = DIRECTION ( 'NONE',  ( 1.000000000000000000, -0.000000000000000000, -0.000000000000000000 ) ) ;
#4453 = ORIENTED_EDGE ( 'NONE', *, *, #153, .F. ) ;
#4454 = ADVANCED_FACE ( 'NONE', ( #3626, #246, #4773, #4752, #4055, #2188, #1375, #4827 ), #657, .F. ) ;
#4455 = DIRECTION ( 'NONE',  ( 0.000000000000000000, 1.000000000000000000, 0.000000000000000000 ) ) ;
#4456 = ADVANCED_FACE ( 'NONE', ( #2876, #3643, #4035, #3684, #682, #313, #1812, #2948 ), #4443, .T. ) ;
#4457 = EDGE_CURVE ( 'NONE', #3561, #3932, #4646, .T. ) ;
#4458 = AXIS2_PLACEMENT_3D ( 'NONE', #970, #4390, #4409 ) ;
#4459 = AXIS2_PLACEMENT_3D ( 'NONE', #4620, #2718, #2794 ) ;
#4460 = AXIS2_PLACEMENT_3D ( 'NONE', #2258, #3758, #379 ) ;
#4461 = CARTESIAN_POINT ( 'NONE',  ( 12.70000000000000107, 12.33648634558017676, 28.89623028888087930 ) ) ;
#4462 = VERTEX_POINT ( 'NONE', #3344 ) ;
#4463 = DIRECTION ( 'NONE',  ( -1.000000000000000000, 0.000000000000000000, 0.000000000000000000 ) ) ;
#4464 = CYLINDRICAL_SURFACE ( 'NONE', #2178, 2.499999999999988454 ) ;
#4465 = CIRCLE ( 'NONE', #2344, 2.499999999999988454 ) ;
#4466 = EDGE_CURVE ( 'NONE', #136, #3313, #3710, .T. ) ;
#4467 = EDGE_LOOP ( 'NONE', ( #3140, #2910, #1883, #4840 ) ) ;
#4468 =( NAMED_UNIT ( * ) SI_UNIT ( $, .STERADIAN. ) SOLID_ANGLE_UNIT ( ) );
#4469 = DESIGN_CONTEXT ( 'detailed design', #3022, 'design' ) ;
#4470 = AXIS2_PLACEMENT_3D ( 'NONE', #1997, #1652, #1336 ) ;
#4471 = VERTEX_POINT ( 'NONE', #4852 ) ;
#4472 = CARTESIAN_POINT ( 'NONE',  ( 12.70000000000000107, 3.577867169202164632E-15, 38.10000000000001563 ) ) ;
#4473 = CARTESIAN_POINT ( 'NONE',  ( -12.69999999999999929, 12.69999999999999929, 15.19999999999998863 ) ) ;
#4474 = ORIENTED_EDGE ( 'NONE', *, *, #3789, .F. ) ;
#4475 = CARTESIAN_POINT ( 'NONE',  ( 9.525000000000000355, 0.000000000000000000, 12.69999999999993356 ) ) ;
#4476 = CARTESIAN_POINT ( 'NONE',  ( -12.69999999999999929, -12.69999999999999929, 61.00000000000001421 ) ) ;
#4477 = ORIENTED_EDGE ( 'NONE', *, *, #3591, .T. ) ;
#4478 = CARTESIAN_POINT ( 'NONE',  ( 12.70000000000000107, 1.802455207620993427, 53.38559542427184823 ) ) ;
#4479 = DIRECTION ( 'NONE',  ( 0.000000000000000000, 0.000000000000000000, -1.000000000000000000 ) ) ;
#4480 = DIRECTION ( 'NONE',  ( -0.000000000000000000, 1.000000000000000000, -0.000000000000000000 ) ) ;
#4481 = ORIENTED_EDGE ( 'NONE', *, *, #3238, .F. ) ;
#4482 = DIRECTION ( 'NONE',  ( 0.000000000000000000, 0.000000000000000000, 1.000000000000000000 ) ) ;
#4483 = EDGE_CURVE ( 'NONE', #1727, #426, #4337, .T. ) ;
#4484 = ADVANCED_FACE ( 'NONE', ( #3136 ), #516, .F. ) ;
#4485 = DIRECTION ( 'NONE',  ( -1.000000000000000000, -0.000000000000000000, -0.000000000000000000 ) ) ;
#4486 = CARTESIAN_POINT ( 'NONE',  ( 12.70000000000000107, 10.07084749364639542, 51.01893227049807678 ) ) ;
#4487 = FACE_OUTER_BOUND ( 'NONE', #1738, .T. ) ;
#4488 = AXIS2_PLACEMENT_3D ( 'NONE', #958, #1702, #3502 ) ;
#4489 = DIRECTION ( 'NONE',  ( 1.000000000000000000, 0.000000000000000000, 0.000000000000000000 ) ) ;
#4490 = ORIENTED_EDGE ( 'NONE', *, *, #2046, .F. ) ;
#4491 = MECHANICAL_CONTEXT ( 'NONE', #1101, 'mechanical' ) ;
#4492 = EDGE_LOOP ( 'NONE', ( #1960, #4545 ) ) ;
#4493 = CARTESIAN_POINT ( 'NONE',  ( 12.70000000000000107, -12.33648634558010748, 47.30376971111923723 ) ) ;
#4494 = LOCAL_TIME ( 14, 49, 46.00000000000000000, #59 ) ;
#4495 = CARTESIAN_POINT ( 'NONE',  ( 1.555301434917138038E-15, 25.40000000000000213, 25.39999999999999858 ) ) ;
#4496 = CIRCLE ( 'NONE', #94, 17.66250000000000497 ) ;
#4497 = FACE_OUTER_BOUND ( 'NONE', #1532, .T. ) ;
#4498 = VERTEX_POINT ( 'NONE', #4656 ) ;
#4499 = CARTESIAN_POINT ( 'NONE',  ( 9.525000000000000355, 16.22354728284508951, 35.83785636811239073 ) ) ;
#4500 = CARTESIAN_POINT ( 'NONE',  ( -12.69999999999999751, 3.577867169202164632E-15, 38.10000000000001563 ) ) ;
#4501 = CARTESIAN_POINT ( 'NONE',  ( 12.70000000000000107, 14.15672222192810992, 48.66177646900214881 ) ) ;
#4502 = ORIENTED_EDGE ( 'NONE', *, *, #362, .F. ) ;
#4503 = DIRECTION ( 'NONE',  ( 0.000000000000000000, 0.000000000000000000, 1.000000000000000000 ) ) ;
#4504 = AXIS2_PLACEMENT_3D ( 'NONE', #4194, #4561, #4641 ) ;
#4505 = CIRCLE ( 'NONE', #265, 2.499999999999988454 ) ;
#4506 = CYLINDRICAL_SURFACE ( 'NONE', #1322, 2.499999999999988454 ) ;
#4507 = ORIENTED_EDGE ( 'NONE', *, *, #2315, .T. ) ;
#4508 = AXIS2_PLACEMENT_3D ( 'NONE', #3304, #1821, #4017 ) ;
#4509 = CYLINDRICAL_SURFACE ( 'NONE', #4001, 2.271000000000002128 ) ;
#4510 = EDGE_CURVE ( 'NONE', #893, #1782, #1605, .T. ) ;
#4511 = EDGE_CURVE ( 'NONE', #1893, #3326, #4332, .T. ) ;
#4512 = AXIS2_PLACEMENT_3D ( 'NONE', #727, #4152, #3388 ) ;
#4513 = CARTESIAN_POINT ( 'NONE',  ( -12.69999999999999751, 14.13894155320113555, 32.01817428684756095 ) ) ;
#4514 = VERTEX_POINT ( 'NONE', #3891 ) ;
#4515 = ORIENTED_EDGE ( 'NONE', *, *, #1599, .T. ) ;
#4516 = EDGE_CURVE ( 'NONE', #136, #3945, #2679, .T. ) ;
#4517 = DIRECTION ( 'NONE',  ( 1.000000000000000000, 0.000000000000000000, 0.000000000000000000 ) ) ;
#4518 = CARTESIAN_POINT ( 'NONE',  ( -12.69999999999999751, -25.39999999999999503, 0.000000000000000000 ) ) ;
#4519 = ORIENTED_EDGE ( 'NONE', *, *, #3700, .F. ) ;
#4520 = DIRECTION ( 'NONE',  ( -1.000000000000000000, -0.000000000000000000, -0.000000000000000000 ) ) ;
#4521 = ORIENTED_EDGE ( 'NONE', *, *, #4790, .F. ) ;
#4522 = CARTESIAN_POINT ( 'NONE',  ( -12.69999999999999751, -25.39999999999999503, 76.20000000000000284 ) ) ;
#4523 = CARTESIAN_POINT ( 'NONE',  ( 7.746038523653021987E-16, -25.39999999999999503, 53.29999999999999005 ) ) ;
#4524 = CARTESIAN_POINT ( 'NONE',  ( 12.70000000000000107, -6.152699789198520897, 53.28107590238573010 ) ) ;
#4525 = ORIENTED_EDGE ( 'NONE', *, *, #178, .T. ) ;
#4526 = DIRECTION ( 'NONE',  ( 0.000000000000000000, 0.000000000000000000, -1.000000000000000000 ) ) ;
#4527 = DIRECTION ( 'NONE',  ( 0.000000000000000000, 0.000000000000000000, -1.000000000000000000 ) ) ;
#4528 = DIRECTION ( 'NONE',  ( 0.000000000000000000, 0.000000000000000000, 1.000000000000000000 ) ) ;
#4529 = CIRCLE ( 'NONE', #2259, 2.499999999999992006 ) ;
#4530 = ORIENTED_EDGE ( 'NONE', *, *, #1172, .T. ) ;
#4531 = CIRCLE ( 'NONE', #1071, 2.080499999999998906 ) ;
#4532 = DIRECTION ( 'NONE',  ( 0.000000000000000000, 0.000000000000000000, 1.000000000000000000 ) ) ;
#4533 = AXIS2_PLACEMENT_3D ( 'NONE', #3749, #4869, #3133 ) ;
#4534 = AXIS2_PLACEMENT_3D ( 'NONE', #1848, #2952, #3021 ) ;
#4535 = EDGE_CURVE ( 'NONE', #1958, #273, #154, .T. ) ;
#4536 = VERTEX_POINT ( 'NONE', #2021 ) ;
#4537 = CARTESIAN_POINT ( 'NONE',  ( 9.525000000000000355, 8.791741348502393194, 49.37808867056088502 ) ) ;
#4538 = APPROVAL_ROLE ( '' ) ;
#4539 = ORIENTED_EDGE ( 'NONE', *, *, #4818, .T. ) ;
#4540 = EDGE_CURVE ( 'NONE', #4165, #2638, #322, .T. ) ;
#4541 = DIRECTION ( 'NONE',  ( 0.000000000000000000, 0.000000000000000000, 1.000000000000000000 ) ) ;
#4542 = CARTESIAN_POINT ( 'NONE',  ( 9.525000000000000355, -22.22499999999999787, 0.000000000000000000 ) ) ;
#4543 = AXIS2_PLACEMENT_3D ( 'NONE', #4760, #1851, #3352 ) ;
#4544 = VERTEX_POINT ( 'NONE', #3941 ) ;
#4545 = ORIENTED_EDGE ( 'NONE', *, *, #4157, .F. ) ;
#4546 = DIRECTION ( 'NONE',  ( 0.000000000000000000, 0.000000000000000000, 1.000000000000000000 ) ) ;
#4547 = LINE ( 'NONE', #2246, #2540 ) ;
#4548 = VERTEX_POINT ( 'NONE', #4685 ) ;
#4549 = DIRECTION ( 'NONE',  ( 0.000000000000000000, 0.000000000000000000, 1.000000000000000000 ) ) ;
#4550 = CARTESIAN_POINT ( 'NONE',  ( -9.525000000000000355, -2.068405620284295310, 55.64096931301052251 ) ) ;
#4551 = FACE_OUTER_BOUND ( 'NONE', #4570, .T. ) ;
#4552 = DIRECTION ( 'NONE',  ( 0.000000000000000000, 0.000000000000000000, 1.000000000000000000 ) ) ;
#4553 = EDGE_CURVE ( 'NONE', #4270, #2241, #3080, .T. ) ;
#4554 = VERTEX_POINT ( 'NONE', #2397 ) ;
#4555 = DIRECTION ( 'NONE',  ( -1.000000000000000000, -0.000000000000000000, -0.000000000000000000 ) ) ;
#4556 = SECURITY_CLASSIFICATION_LEVEL ( 'unclassified' ) ;
#4557 = VERTEX_POINT ( 'NONE', #2467 ) ;
#4558 = LINE ( 'NONE', #1187, #55 ) ;
#4559 = EDGE_CURVE ( 'NONE', #4266, #2925, #867, .T. ) ;
#4560 = CIRCLE ( 'NONE', #2292, 2.500000000000002220 ) ;
#4561 = DIRECTION ( 'NONE',  ( 1.000000000000000000, 0.000000000000000000, 0.000000000000000000 ) ) ;
#4562 = ORIENTED_EDGE ( 'NONE', *, *, #1171, .F. ) ;
#4563 = CARTESIAN_POINT ( 'NONE',  ( 12.70000000000000107, 16.22354728284504333, 40.36214363188798160 ) ) ;
#4564 = AXIS2_PLACEMENT_3D ( 'NONE', #1225, #564, #2731 ) ;
#4565 = VERTEX_POINT ( 'NONE', #2783 ) ;
#4566 = EDGE_CURVE ( 'NONE', #3754, #2285, #2369, .T. ) ;
#4567 = FACE_OUTER_BOUND ( 'NONE', #2950, .T. ) ;
#4568 = AXIS2_PLACEMENT_3D ( 'NONE', #4003, #3560, #4661 ) ;
#4569 = CARTESIAN_POINT ( 'NONE',  ( 1.555301434917138038E-15, 25.40000000000000213, 25.39999999999999858 ) ) ;
#4570 = EDGE_LOOP ( 'NONE', ( #635, #1007, #3727, #4243 ) ) ;
#4571 = DIRECTION ( 'NONE',  ( 0.000000000000000000, 0.000000000000000000, 1.000000000000000000 ) ) ;
#4572 = DIRECTION ( 'NONE',  ( 1.000000000000000000, 0.000000000000000000, 0.000000000000000000 ) ) ;
#4573 = EDGE_CURVE ( 'NONE', #1456, #3211, #1898, .T. ) ;
#4574 = DIRECTION ( 'NONE',  ( -1.000000000000000000, -0.000000000000000000, -0.000000000000000000 ) ) ;
#4575 = AXIS2_PLACEMENT_3D ( 'NONE', #1640, #1613, #3118 ) ;
#4576 = FACE_OUTER_BOUND ( 'NONE', #4612, .T. ) ;
#4577 = ORIENTED_EDGE ( 'NONE', *, *, #3790, .F. ) ;
#4578 = DIRECTION ( 'NONE',  ( -1.000000000000000000, -0.000000000000000000, -0.000000000000000000 ) ) ;
#4579 = AXIS2_PLACEMENT_3D ( 'NONE', #1102, #2312, #2221 ) ;
#4580 = ORIENTED_EDGE ( 'NONE', *, *, #477, .F. ) ;
#4581 = AXIS2_PLACEMENT_3D ( 'NONE', #1380, #4862, #4363 ) ;
#4582 = CARTESIAN_POINT ( 'NONE',  ( 12.70000000000000107, 12.33648634557998314, 49.57476971111940856 ) ) ;
#4583 = CALENDAR_DATE ( 2024, 18, 9 ) ;
#4584 = ORIENTED_EDGE ( 'NONE', *, *, #2864, .T. ) ;
#4585 = CIRCLE ( 'NONE', #2239, 2.271000000000002128 ) ;
#4586 = ORIENTED_EDGE ( 'NONE', *, *, #3254, .F. ) ;
#4587 = CARTESIAN_POINT ( 'NONE',  ( 12.70000000000000107, 11.15407434219237004, 49.24267219815811814 ) ) ;
#4588 = EDGE_LOOP ( 'NONE', ( #3458, #4826, #2851, #2283 ) ) ;
#4589 = FACE_OUTER_BOUND ( 'NONE', #1879, .T. ) ;
#4590 = ORIENTED_EDGE ( 'NONE', *, *, #535, .F. ) ;
#4591 = DIRECTION ( 'NONE',  ( -1.000000000000000000, -0.000000000000000000, -0.000000000000000000 ) ) ;
#4592 = CARTESIAN_POINT ( 'NONE',  ( 9.525000000000000355, 3.577867169202164632E-15, 38.10000000000001563 ) ) ;
#4593 = ORIENTED_EDGE ( 'NONE', *, *, #4419, .T. ) ;
#4594 = DIRECTION ( 'NONE',  ( -1.000000000000000000, -0.000000000000000000, -0.000000000000000000 ) ) ;
#4595 = EDGE_CURVE ( 'NONE', #680, #4128, #1584, .T. ) ;
#4596 = CARTESIAN_POINT ( 'NONE',  ( 9.525000000000000355, -1.802455207620986100, 53.38559542427184823 ) ) ;
#4597 = FACE_OUTER_BOUND ( 'NONE', #854, .T. ) ;
#4598 = ADVANCED_FACE ( 'NONE', ( #3109 ), #4711, .F. ) ;
#4599 = CARTESIAN_POINT ( 'NONE',  ( -12.69999999999999751, -14.13894155320108759, 44.18182571315256268 ) ) ;
#4600 = ADVANCED_FACE ( 'NONE', ( #908 ), #4602, .F. ) ;
#4601 = EDGE_CURVE ( 'NONE', #3664, #3606, #2071, .T. ) ;
#4602 = CYLINDRICAL_SURFACE ( 'NONE', #4564, 2.271000000000002128 ) ;
#4603 = CARTESIAN_POINT ( 'NONE',  ( 1.080765552152139379E-15, 25.40000000000000213, 48.30000000000001137 ) ) ;
#4604 = ORIENTED_EDGE ( 'NONE', *, *, #3939, .T. ) ;
#4605 = CIRCLE ( 'NONE', #359, 2.080499999999998906 ) ;
#4606 = DIRECTION ( 'NONE',  ( 1.000000000000000000, 0.000000000000000000, 0.000000000000000000 ) ) ;
#4607 = AXIS2_PLACEMENT_3D ( 'NONE', #3393, #2244, #3738 ) ;
#4608 = AXIS2_PLACEMENT_3D ( 'NONE', #4698, #3168, #4222 ) ;
#4609 = ORIENTED_EDGE ( 'NONE', *, *, #2354, .F. ) ;
#4610 = CARTESIAN_POINT ( 'NONE',  ( -9.525000000000002132, -12.69999999999999929, 12.69999999999999929 ) ) ;
#4611 = EDGE_LOOP ( 'NONE', ( #2942, #4072, #1730, #170 ) ) ;
#4612 = EDGE_LOOP ( 'NONE', ( #3159, #1421, #4123, #2735 ) ) ;
#4613 = AXIS2_PLACEMENT_3D ( 'NONE', #857, #489, #2393 ) ;
#4614 = AXIS2_PLACEMENT_3D ( 'NONE', #1100, #4451, #2655 ) ;
#4615 = EDGE_CURVE ( 'NONE', #426, #3370, #2421, .T. ) ;
#4616 = CARTESIAN_POINT ( 'NONE',  ( -12.69999999999999751, -12.33648634558010748, 47.30376971111923723 ) ) ;
#4617 = AXIS2_PLACEMENT_3D ( 'NONE', #2960, #4463, #2911 ) ;
#4618 = AXIS2_PLACEMENT_3D ( 'NONE', #4513, #4489, #1114 ) ;
#4619 = VERTEX_POINT ( 'NONE', #2831 ) ;
#4620 = CARTESIAN_POINT ( 'NONE',  ( 1.555301434917138038E-15, 25.40000000000000213, 25.39999999999999858 ) ) ;
#4621 = ORIENTED_EDGE ( 'NONE', *, *, #3874, .F. ) ;
#4622 = LINE ( 'NONE', #4647, #1871 ) ;
#4623 = CARTESIAN_POINT ( 'NONE',  ( 12.70000000000000107, 3.577867169202164632E-15, 38.10000000000001563 ) ) ;
#4624 = EDGE_CURVE ( 'NONE', #731, #798, #3557, .T. ) ;
#4625 = FACE_BOUND ( 'NONE', #4639, .T. ) ;
#4626 = ORIENTED_EDGE ( 'NONE', *, *, #3436, .T. ) ;
#4627 = CARTESIAN_POINT ( 'NONE',  ( 12.70000000000000107, 14.16298196909033003, 40.07482701602503994 ) ) ;
#4628 = FACE_BOUND ( 'NONE', #2657, .T. ) ;
#4629 = CARTESIAN_POINT ( 'NONE',  ( 12.70000000000000107, 14.13894155320113555, 32.01817428684756095 ) ) ;
#4630 = CARTESIAN_POINT ( 'NONE',  ( -12.69999999999999751, 4.072800018551152590, 22.86895216488212412 ) ) ;
#4631 = CARTESIAN_POINT ( 'NONE',  ( 12.70000000000000107, 16.22512784221244786, 45.07919284400875171 ) ) ;
#4632 = CARTESIAN_POINT ( 'NONE',  ( 12.70000000000000107, -10.07084749364648069, 27.26156772950202267 ) ) ;
#4633 = ORIENTED_EDGE ( 'NONE', *, *, #1746, .F. ) ;
#4634 = FACE_OUTER_BOUND ( 'NONE', #1374, .T. ) ;
#4635 = EDGE_CURVE ( 'NONE', #2566, #3303, #2525, .T. ) ;
#4636 = EDGE_CURVE ( 'NONE', #1017, #3450, #1424, .T. ) ;
#4637 = ORIENTED_EDGE ( 'NONE', *, *, #3590, .F. ) ;
#4638 = CARTESIAN_POINT ( 'NONE',  ( 9.525000000000000355, -14.15672222192817387, 27.53822353099798192 ) ) ;
#4639 = EDGE_LOOP ( 'NONE', ( #3506, #3334 ) ) ;
#4640 = ORIENTED_EDGE ( 'NONE', *, *, #2318, .F. ) ;
#4641 = DIRECTION ( 'NONE',  ( 0.000000000000000000, 0.000000000000000000, -1.000000000000000000 ) ) ;
#4642 = VERTEX_POINT ( 'NONE', #4627 ) ;
#4643 = EDGE_CURVE ( 'NONE', #2966, #3546, #2453, .T. ) ;
#4644 = FACE_BOUND ( 'NONE', #4167, .T. ) ;
#4645 = VERTEX_POINT ( 'NONE', #1551 ) ;
#4646 = CIRCLE ( 'NONE', #552, 2.499999999999992006 ) ;
#4647 = CARTESIAN_POINT ( 'NONE',  ( 12.70000000000000107, 14.16298196909037088, 36.12517298397528975 ) ) ;
#4648 = CARTESIAN_POINT ( 'NONE',  ( 12.70000000000000107, -2.068405620284290425, 20.55903068698950520 ) ) ;
#4649 = DIRECTION ( 'NONE',  ( -1.000000000000000000, -0.000000000000000000, -0.000000000000000000 ) ) ;
#4650 = ORIENTED_EDGE ( 'NONE', *, *, #3792, .F. ) ;
#4651 = CARTESIAN_POINT ( 'NONE',  ( -9.525000000000000355, -14.15672222192817387, 27.53822353099798192 ) ) ;
#4652 = FACE_BOUND ( 'NONE', #2191, .T. ) ;
#4653 = AXIS2_PLACEMENT_3D ( 'NONE', #3497, #2414, #4571 ) ;
#4654 = ORIENTED_EDGE ( 'NONE', *, *, #1382, .F. ) ;
#4655 = CARTESIAN_POINT ( 'NONE',  ( 12.70000000000000107, -12.33648634558010748, 49.57476971111923802 ) ) ;
#4656 = CARTESIAN_POINT ( 'NONE',  ( 0.000000000000000000, -22.22499999999999787, 15.19999999999999218 ) ) ;
#4657 = DIRECTION ( 'NONE',  ( -1.000000000000000000, 0.000000000000000000, 0.000000000000000000 ) ) ;
#4658 = ORIENTED_EDGE ( 'NONE', *, *, #2533, .F. ) ;
#4659 = DIRECTION ( 'NONE',  ( 0.000000000000000000, -1.000000000000000000, 0.000000000000000000 ) ) ;
#4660 = AXIS2_PLACEMENT_3D ( 'NONE', #3166, #2357, #1931 ) ;
#4661 = DIRECTION ( 'NONE',  ( 0.000000000000000000, 0.000000000000000000, 1.000000000000000000 ) ) ;
#4662 = EDGE_LOOP ( 'NONE', ( #706, #2608, #4189, #2517 ) ) ;
#4663 = EDGE_CURVE ( 'NONE', #573, #3871, #904, .T. ) ;
#4664 = ADVANCED_FACE ( 'NONE', ( #4182 ), #122, .F. ) ;
#4665 = CIRCLE ( 'NONE', #412, 2.271000000000002128 ) ;
#4666 = EDGE_LOOP ( 'NONE', ( #978, #2333, #2908, #4356, #368, #4590, #418, #3844, #1566, #1700, #4875, #2062, #2095, #238, #2320, #2090, #2671, #1981, #4722, #1090, #567, #2616, #275, #240, #3209, #1036, #1458, #3000, #3446, #3480, #2757, #800, #4046, #4490, #1272, #4323, #2124, #228, #2270, #2003, #1075 ) ) ;
#4667 = VECTOR ( 'NONE', #395, 1000.000000000000000 ) ;
#4668 = CIRCLE ( 'NONE', #972, 14.30000000000000071 ) ;
#4669 = CARTESIAN_POINT ( 'NONE',  ( 9.525000000000000355, 10.07084749364666365, 27.26156772950216833 ) ) ;
#4670 = EDGE_CURVE ( 'NONE', #1612, #3821, #1248, .T. ) ;
#4671 = EDGE_CURVE ( 'NONE', #2895, #3183, #2293, .T. ) ;
#4672 = ORIENTED_EDGE ( 'NONE', *, *, #4731, .T. ) ;
#4673 = CYLINDRICAL_SURFACE ( 'NONE', #4459, 2.499999999999992006 ) ;
#4674 = ORIENTED_EDGE ( 'NONE', *, *, #1293, .T. ) ;
#4675 = CIRCLE ( 'NONE', #4754, 2.499999999999993339 ) ;
#4676 = DIRECTION ( 'NONE',  ( -1.000000000000000000, -0.000000000000000000, -0.000000000000000000 ) ) ;
#4677 = CARTESIAN_POINT ( 'NONE',  ( 9.525000000000000355, 3.577867169202164632E-15, 38.10000000000001563 ) ) ;
#4678 = CYLINDRICAL_SURFACE ( 'NONE', #4269, 2.499999999999988454 ) ;
#4679 = ORIENTED_EDGE ( 'NONE', *, *, #3728, .T. ) ;
#4680 = CYLINDRICAL_SURFACE ( 'NONE', #478, 2.499999999999992006 ) ;
#4681 = CARTESIAN_POINT ( 'NONE',  ( 9.525000000000000355, 14.13894155320113555, 32.01817428684756095 ) ) ;
#4682 = EDGE_LOOP ( 'NONE', ( #3680, #3252 ) ) ;
#4683 = CIRCLE ( 'NONE', #1924, 2.499999999999995115 ) ;
#4684 = CARTESIAN_POINT ( 'NONE',  ( -9.525000000000002132, -22.22499999999999787, 0.000000000000000000 ) ) ;
#4685 = CARTESIAN_POINT ( 'NONE',  ( -9.525000000000002132, -12.69999999999999929, 10.20000000000000639 ) ) ;
#4686 = CARTESIAN_POINT ( 'NONE',  ( 7.746038523653021987E-16, 25.40000000000000213, 53.29999999999998295 ) ) ;
#4687 = ORIENTED_EDGE ( 'NONE', *, *, #2282, .T. ) ;
#4688 = FACE_BOUND ( 'NONE', #4737, .T. ) ;
#4689 = DIRECTION ( 'NONE',  ( 1.000000000000000000, 0.000000000000000000, 0.000000000000000000 ) ) ;
#4690 = ORIENTED_EDGE ( 'NONE', *, *, #3563, .T. ) ;
#4691 = CARTESIAN_POINT ( 'NONE',  ( -12.69999999999999929, -12.69999999999999929, 63.50000000000000000 ) ) ;
#4692 = EDGE_CURVE ( 'NONE', #566, #3561, #3524, .T. ) ;
#4693 = AXIS2_PLACEMENT_3D ( 'NONE', #1422, #271, #4757 ) ;
#4694 = LINE ( 'NONE', #3617, #102 ) ;
#4695 = ORIENTED_EDGE ( 'NONE', *, *, #4566, .F. ) ;
#4696 = AXIS2_PLACEMENT_3D ( 'NONE', #3218, #1018, #4023 ) ;
#4697 = AXIS2_PLACEMENT_3D ( 'NONE', #751, #730, #1568 ) ;
#4698 = CARTESIAN_POINT ( 'NONE',  ( -12.69999999999999751, 12.69999999999999929, 63.50000000000000000 ) ) ;
#4699 = ORIENTED_EDGE ( 'NONE', *, *, #1435, .T. ) ;
#4700 = PRODUCT ( 'REV-21-3558', 'REV-21-3558', '', ( #4491 ) ) ;
#4701 = AXIS2_PLACEMENT_3D ( 'NONE', #392, #4842, #1903 ) ;
#4702 = DIRECTION ( 'NONE',  ( -1.000000000000000000, -0.000000000000000000, -0.000000000000000000 ) ) ;
#4703 = AXIS2_PLACEMENT_3D ( 'NONE', #3324, #4833, #4131 ) ;
#4704 = CARTESIAN_POINT ( 'NONE',  ( 12.70000000000000107, -25.39999999999999503, 0.000000000000000000 ) ) ;
#4705 = VERTEX_POINT ( 'NONE', #1197 ) ;
#4706 = CARTESIAN_POINT ( 'NONE',  ( 12.70000000000000107, -16.22512784221249404, 31.12080715599139324 ) ) ;
#4707 = DIRECTION ( 'NONE',  ( 1.000000000000000000, 0.000000000000000000, 0.000000000000000000 ) ) ;
#4708 = AXIS2_PLACEMENT_3D ( 'NONE', #3161, #4659, #4801 ) ;
#4709 = ORIENTED_EDGE ( 'NONE', *, *, #301, .T. ) ;
#4710 = CARTESIAN_POINT ( 'NONE',  ( 9.525000000000000355, 3.577867169202164632E-15, 38.10000000000001563 ) ) ;
#4711 = CYLINDRICAL_SURFACE ( 'NONE', #2217, 2.499999999999992006 ) ;
#4712 = VECTOR ( 'NONE', #3503, 1000.000000000000000 ) ;
#4713 = DIRECTION ( 'NONE',  ( -1.000000000000000000, -0.000000000000000000, -0.000000000000000000 ) ) ;
#4714 = ORIENTED_EDGE ( 'NONE', *, *, #2381, .T. ) ;
#4715 = ORIENTED_EDGE ( 'NONE', *, *, #4803, .T. ) ;
#4716 = DIRECTION ( 'NONE',  ( -1.000000000000000000, -0.000000000000000000, -0.000000000000000000 ) ) ;
#4717 = DIRECTION ( 'NONE',  ( -1.000000000000000000, -0.000000000000000000, -0.000000000000000000 ) ) ;
#4718 = ORIENTED_EDGE ( 'NONE', *, *, #4288, .T. ) ;
#4719 = CARTESIAN_POINT ( 'NONE',  ( 12.70000000000000107, 3.577867169202164632E-15, 38.10000000000001563 ) ) ;
#4720 = APPROVAL ( #1860, 'UNSPECIFIED' ) ;
#4721 = CARTESIAN_POINT ( 'NONE',  ( -12.69999999999999929, -12.69999999999999929, 10.20000000000001172 ) ) ;
#4722 = ORIENTED_EDGE ( 'NONE', *, *, #1475, .F. ) ;
#4723 = CARTESIAN_POINT ( 'NONE',  ( -12.69999999999999751, 8.791741348502629450, 26.82191132943933454 ) ) ;
#4724 = ORIENTED_EDGE ( 'NONE', *, *, #1084, .F. ) ;
#4725 = CARTESIAN_POINT ( 'NONE',  ( 12.70000000000000107, 3.577867169202164632E-15, 38.10000000000001563 ) ) ;
#4726 = CARTESIAN_POINT ( 'NONE',  ( -9.525000000000002132, 22.22500000000000142, 0.000000000000000000 ) ) ;
#4727 = ORIENTED_EDGE ( 'NONE', *, *, #725, .F. ) ;
#4728 = DIRECTION ( 'NONE',  ( 0.000000000000000000, 0.000000000000000000, 1.000000000000000000 ) ) ;
#4729 = VECTOR ( 'NONE', #1277, 1000.000000000000000 ) ;
#4730 = VERTEX_POINT ( 'NONE', #4651 ) ;
#4731 = EDGE_CURVE ( 'NONE', #3821, #1086, #3391, .T. ) ;
#4732 = CARTESIAN_POINT ( 'NONE',  ( 12.70000000000000107, 14.13894155320100943, 44.18182571315276874 ) ) ;
#4733 = FACE_OUTER_BOUND ( 'NONE', #2110, .T. ) ;
#4734 = CIRCLE ( 'NONE', #3315, 2.080499999999998906 ) ;
#4735 = VERTEX_POINT ( 'NONE', #464 ) ;
#4736 = FACE_OUTER_BOUND ( 'NONE', #2057, .T. ) ;
#4737 = EDGE_LOOP ( 'NONE', ( #3245, #2298 ) ) ;
#4738 = EDGE_CURVE ( 'NONE', #2138, #4401, #4734, .T. ) ;
#4739 = LOCAL_TIME ( 14, 49, 46.00000000000000000, #3087 ) ;
#4740 = CIRCLE ( 'NONE', #2380, 2.271000000000002128 ) ;
#4741 = DIRECTION ( 'NONE',  ( -1.000000000000000000, -0.000000000000000000, -0.000000000000000000 ) ) ;
#4742 = VERTEX_POINT ( 'NONE', #3152 ) ;
#4743 = CARTESIAN_POINT ( 'NONE',  ( 12.70000000000000107, 11.15407434219237004, 49.24267219815811814 ) ) ;
#4744 = CARTESIAN_POINT ( 'NONE',  ( 12.70000000000000107, -2.068405620284295310, 55.64096931301052251 ) ) ;
#4745 = VERTEX_POINT ( 'NONE', #1622 ) ;
#4746 = AXIS2_PLACEMENT_3D ( 'NONE', #2844, #548, #2058 ) ;
#4747 = CARTESIAN_POINT ( 'NONE',  ( 12.70000000000000107, -12.33648634558010748, 49.57476971111923802 ) ) ;
#4748 = ORIENTED_EDGE ( 'NONE', *, *, #4692, .T. ) ;
#4749 = AXIS2_PLACEMENT_3D ( 'NONE', #296, #2167, #3668 ) ;
#4750 = DIRECTION ( 'NONE',  ( 0.000000000000000000, 0.000000000000000000, 1.000000000000000000 ) ) ;
#4751 = LINE ( 'NONE', #288, #668 ) ;
#4752 = FACE_BOUND ( 'NONE', #2716, .T. ) ;
#4753 = AXIS2_PLACEMENT_3D ( 'NONE', #1919, #1529, #4526 ) ;
#4754 = AXIS2_PLACEMENT_3D ( 'NONE', #1442, #1120, #2945 ) ;
#4755 = VERTEX_POINT ( 'NONE', #1940 ) ;
#4756 = ADVANCED_FACE ( 'NONE', ( #3129 ), #1964, .T. ) ;
#4757 = DIRECTION ( 'NONE',  ( 0.000000000000000000, 0.000000000000000000, 1.000000000000000000 ) ) ;
#4758 = DIRECTION ( 'NONE',  ( -1.000000000000000000, -0.000000000000000000, -0.000000000000000000 ) ) ;
#4759 = ORIENTED_EDGE ( 'NONE', *, *, #2199, .F. ) ;
#4760 = CARTESIAN_POINT ( 'NONE',  ( 9.525000000000000355, -16.22354728284506820, 40.36214363188775422 ) ) ;
#4761 = ORIENTED_EDGE ( 'NONE', *, *, #630, .T. ) ;
#4762 = EDGE_CURVE ( 'NONE', #4377, #4642, #3473, .T. ) ;
#4763 = DIRECTION ( 'NONE',  ( 0.000000000000000000, 0.000000000000000000, 1.000000000000000000 ) ) ;
#4764 = ORIENTED_EDGE ( 'NONE', *, *, #2480, .T. ) ;
#4765 = DIRECTION ( 'NONE',  ( -1.000000000000000000, -0.000000000000000000, -0.000000000000000000 ) ) ;
#4766 = ORIENTED_EDGE ( 'NONE', *, *, #1165, .F. ) ;
#4767 = CARTESIAN_POINT ( 'NONE',  ( 12.70000000000000107, 3.577867169202164632E-15, 38.10000000000001563 ) ) ;
#4768 = AXIS2_PLACEMENT_3D ( 'NONE', #2087, #1722, #2039 ) ;
#4769 = DIRECTION ( 'NONE',  ( 0.000000000000000000, 0.000000000000000000, 1.000000000000000000 ) ) ;
#4770 = LINE ( 'NONE', #1397, #1522 ) ;
#4771 = AXIS2_PLACEMENT_3D ( 'NONE', #2632, #4110, #734 ) ;
#4772 = ORIENTED_EDGE ( 'NONE', *, *, #4151, .F. ) ;
#4773 = FACE_BOUND ( 'NONE', #1346, .T. ) ;
#4774 = VERTEX_POINT ( 'NONE', #3424 ) ;
#4775 = AXIS2_PLACEMENT_3D ( 'NONE', #4629, #1250, #2987 ) ;
#4776 = CIRCLE ( 'NONE', #216, 2.080499999999998906 ) ;
#4777 = CC_DESIGN_PERSON_AND_ORGANIZATION_ASSIGNMENT ( #1492, #3434, ( #4700 ) ) ;
#4778 = DIRECTION ( 'NONE',  ( -1.000000000000000000, -0.000000000000000000, -0.000000000000000000 ) ) ;
#4779 = CARTESIAN_POINT ( 'NONE',  ( -12.69999999999999929, 0.000000000000000000, 63.50000000000000000 ) ) ;
#4780 = ORIENTED_EDGE ( 'NONE', *, *, #1832, .T. ) ;
#4781 = DIRECTION ( 'NONE',  ( 0.000000000000000000, 0.000000000000000000, -1.000000000000000000 ) ) ;
#4782 = VERTEX_POINT ( 'NONE', #855 ) ;
#4783 = AXIS2_PLACEMENT_3D ( 'NONE', #817, #4578, #3819 ) ;
#4784 = CIRCLE ( 'NONE', #1858, 2.080499999999998906 ) ;
#4785 = AXIS2_PLACEMENT_3D ( 'NONE', #3943, #4657, #3533 ) ;
#4786 = DIRECTION ( 'NONE',  ( 0.000000000000000000, 0.000000000000000000, 1.000000000000000000 ) ) ;
#4787 = EDGE_LOOP ( 'NONE', ( #1116, #1970, #2164, #3889 ) ) ;
#4788 = CYLINDRICAL_SURFACE ( 'NONE', #692, 2.499999999999988454 ) ;
#4789 = CARTESIAN_POINT ( 'NONE',  ( 12.70000000000000107, -4.072800018551144596, 53.33104783511790714 ) ) ;
#4790 = EDGE_CURVE ( 'NONE', #3881, #2255, #1185, .T. ) ;
#4791 = ADVANCED_FACE ( 'NONE', ( #1573 ), #3837, .T. ) ;
#4792 = DIRECTION ( 'NONE',  ( -1.000000000000000000, 0.000000000000000000, 0.000000000000000000 ) ) ;
#4793 = ORIENTED_EDGE ( 'NONE', *, *, #3694, .F. ) ;
#4794 = ADVANCED_FACE ( 'NONE', ( #3078 ), #3887, .F. ) ;
#4795 = CARTESIAN_POINT ( 'NONE',  ( 12.70000000000000107, -10.07084749364656950, 51.01893227049793467 ) ) ;
#4796 = CYLINDRICAL_SURFACE ( 'NONE', #3968, 2.271000000000002128 ) ;
#4797 = CARTESIAN_POINT ( 'NONE',  ( 12.70000000000000107, -10.07084749364648069, 25.18106772950202199 ) ) ;
#4798 = EDGE_CURVE ( 'NONE', #432, #1514, #2607, .T. ) ;
#4799 = ORIENTED_EDGE ( 'NONE', *, *, #4210, .T. ) ;
#4800 = CARTESIAN_POINT ( 'NONE',  ( 12.70000000000000107, 3.577867169202164632E-15, 38.10000000000001563 ) ) ;
#4801 = DIRECTION ( 'NONE',  ( 0.000000000000000000, -0.000000000000000000, -1.000000000000000000 ) ) ;
#4802 = VERTEX_POINT ( 'NONE', #4706 ) ;
#4803 = EDGE_CURVE ( 'NONE', #4742, #1973, #2222, .T. ) ;
#4804 = DIRECTION ( 'NONE',  ( -1.000000000000000000, -0.000000000000000000, -0.000000000000000000 ) ) ;
#4805 = DIRECTION ( 'NONE',  ( 0.000000000000000000, 0.000000000000000000, 1.000000000000000000 ) ) ;
#4806 = ORIENTED_EDGE ( 'NONE', *, *, #3031, .T. ) ;
#4807 = CARTESIAN_POINT ( 'NONE',  ( -12.69999999999999751, 3.577867169202164632E-15, 38.10000000000001563 ) ) ;
#4808 = ORIENTED_EDGE ( 'NONE', *, *, #1330, .F. ) ;
#4809 = VECTOR ( 'NONE', #3860, 1000.000000000000000 ) ;
#4810 = CARTESIAN_POINT ( 'NONE',  ( 9.525000000000000355, 22.22500000000000142, 76.20000000000000284 ) ) ;
#4811 = VERTEX_POINT ( 'NONE', #3547 ) ;
#4812 = DIRECTION ( 'NONE',  ( -1.000000000000000000, -0.000000000000000000, -0.000000000000000000 ) ) ;
#4813 = CARTESIAN_POINT ( 'NONE',  ( 9.525000000000000355, 6.152699789198528002, 22.91892409761429406 ) ) ;
#4814 = VECTOR ( 'NONE', #694, 1000.000000000000000 ) ;
#4815 = EDGE_CURVE ( 'NONE', #3932, #3561, #89, .T. ) ;
#4816 = ADVANCED_FACE ( 'NONE', ( #1065 ), #4680, .F. ) ;
#4817 = VERTEX_POINT ( 'NONE', #3175 ) ;
#4818 = EDGE_CURVE ( 'NONE', #4348, #2776, #649, .T. ) ;
#4819 = CYLINDRICAL_SURFACE ( 'NONE', #4067, 2.080499999999998906 ) ;
#4820 = EDGE_CURVE ( 'NONE', #3737, #3088, #673, .T. ) ;
#4821 = EDGE_CURVE ( 'NONE', #2036, #3693, #3311, .T. ) ;
#4822 = EDGE_CURVE ( 'NONE', #3346, #4341, #699, .T. ) ;
#4823 = DIRECTION ( 'NONE',  ( -1.000000000000000000, 0.000000000000000000, 0.000000000000000000 ) ) ;
#4824 = CIRCLE ( 'NONE', #4184, 2.271000000000002128 ) ;
#4825 = CYLINDRICAL_SURFACE ( 'NONE', #3811, 2.499999999999992006 ) ;
#4826 = ORIENTED_EDGE ( 'NONE', *, *, #3193, .T. ) ;
#4827 = FACE_BOUND ( 'NONE', #3231, .T. ) ;
#4828 = CARTESIAN_POINT ( 'NONE',  ( 9.525000000000000355, -12.69999999999999929, 61.00000000000000711 ) ) ;
#4829 = ORIENTED_EDGE ( 'NONE', *, *, #402, .F. ) ;
#4830 = CIRCLE ( 'NONE', #4116, 2.499999999999988454 ) ;
#4831 = CIRCLE ( 'NONE', #887, 2.499999999999995115 ) ;
#4832 = DIRECTION ( 'NONE',  ( -1.000000000000000000, -0.000000000000000000, -0.000000000000000000 ) ) ;
#4833 = DIRECTION ( 'NONE',  ( -1.000000000000000000, -0.000000000000000000, -0.000000000000000000 ) ) ;
#4834 = CIRCLE ( 'NONE', #3016, 2.080499999999998906 ) ;
#4835 = CARTESIAN_POINT ( 'NONE',  ( 12.70000000000000107, 8.791741348502629450, 26.82191132943933454 ) ) ;
#4836 = ORIENTED_EDGE ( 'NONE', *, *, #3135, .F. ) ;
#4837 = CARTESIAN_POINT ( 'NONE',  ( 12.70000000000000107, 5.371240620587829362, 24.84708431341438839 ) ) ;
#4838 = EDGE_LOOP ( 'NONE', ( #950, #3019, #788, #4359 ) ) ;
#4839 = CARTESIAN_POINT ( 'NONE',  ( -9.525000000000000355, -6.152699789198520897, 53.28107590238573010 ) ) ;
#4840 = ORIENTED_EDGE ( 'NONE', *, *, #300, .T. ) ;
#4841 = ORIENTED_EDGE ( 'NONE', *, *, #3283, .F. ) ;
#4842 = DIRECTION ( 'NONE',  ( -1.000000000000000000, -0.000000000000000000, -0.000000000000000000 ) ) ;
#4843 = DIRECTION ( 'NONE',  ( -1.000000000000000000, -0.000000000000000000, -0.000000000000000000 ) ) ;
#4844 = DIRECTION ( 'NONE',  ( 0.000000000000000000, 8.338012381527556114E-16, 1.000000000000000000 ) ) ;
#4845 = ORIENTED_EDGE ( 'NONE', *, *, #976, .T. ) ;
#4846 = ORIENTED_EDGE ( 'NONE', *, *, #3790, .T. ) ;
#4847 = ADVANCED_FACE ( 'NONE', ( #1436 ), #2941, .F. ) ;
#4848 = DIRECTION ( 'NONE',  ( -1.000000000000000000, 0.000000000000000000, 0.000000000000000000 ) ) ;
#4849 = CARTESIAN_POINT ( 'NONE',  ( -9.525000000000002132, -12.69999999999999929, 15.19999999999999218 ) ) ;
#4850 = EDGE_CURVE ( 'NONE', #4855, #401, #2915, .T. ) ;
#4851 = VERTEX_POINT ( 'NONE', #3202 ) ;
#4852 = CARTESIAN_POINT ( 'NONE',  ( 1.080765552152139379E-15, 25.40000000000000213, 48.30000000000001137 ) ) ;
#4853 = EDGE_CURVE ( 'NONE', #4565, #3482, #396, .T. ) ;
#4854 = CARTESIAN_POINT ( 'NONE',  ( -9.525000000000002132, -22.22499999999999787, 76.20000000000000284 ) ) ;
#4855 = VERTEX_POINT ( 'NONE', #282 ) ;
#4856 = VECTOR ( 'NONE', #4158, 1000.000000000000000 ) ;
#4857 = FACE_BOUND ( 'NONE', #213, .T. ) ;
#4858 = VECTOR ( 'NONE', #1242, 1000.000000000000000 ) ;
#4859 = CARTESIAN_POINT ( 'NONE',  ( -12.69999999999999751, 12.69999999999999929, 12.69999999999999929 ) ) ;
#4860 = CARTESIAN_POINT ( 'NONE',  ( -12.69999999999999751, -14.15672222192817387, 27.53822353099798192 ) ) ;
#4861 = ORIENTED_EDGE ( 'NONE', *, *, #599, .T. ) ;
#4862 = DIRECTION ( 'NONE',  ( -1.000000000000000000, -0.000000000000000000, -0.000000000000000000 ) ) ;
#4863 = AXIS2_PLACEMENT_3D ( 'NONE', #3038, #4517, #1518 ) ;
#4864 = VECTOR ( 'NONE', #2937, 1000.000000000000000 ) ;
#4865 = CIRCLE ( 'NONE', #2412, 2.500000000000002220 ) ;
#4866 = DIRECTION ( 'NONE',  ( 0.000000000000000000, 0.000000000000000000, -1.000000000000000000 ) ) ;
#4867 = ORIENTED_EDGE ( 'NONE', *, *, #307, .F. ) ;
#4868 = DIRECTION ( 'NONE',  ( -1.000000000000000000, -0.000000000000000000, -0.000000000000000000 ) ) ;
#4869 = DIRECTION ( 'NONE',  ( 1.000000000000000000, 0.000000000000000000, 0.000000000000000000 ) ) ;
#4870 = AXIS2_PLACEMENT_3D ( 'NONE', #1790, #4716, #2837 ) ;
#4871 = FACE_OUTER_BOUND ( 'NONE', #783, .T. ) ;
#4872 = VERTEX_POINT ( 'NONE', #1781 ) ;
#4873 = APPROVAL_ROLE ( '' ) ;
#4874 = AXIS2_PLACEMENT_3D ( 'NONE', #2049, #2807, #1630 ) ;
#4875 = ORIENTED_EDGE ( 'NONE', *, *, #2703, .F. ) ;
#4876 = CARTESIAN_POINT ( 'NONE',  ( 12.70000000000000107, 3.577867169202164632E-15, 38.10000000000001563 ) ) ;
#4877 = DIRECTION ( 'NONE',  ( 0.000000000000000000, 3.752105571687400449E-15, -1.000000000000000000 ) ) ;
#4878 = DIRECTION ( 'NONE',  ( -1.000000000000000000, -0.000000000000000000, -0.000000000000000000 ) ) ;
#4879 = EDGE_LOOP ( 'NONE', ( #1237, #2869, #4806, #475 ) ) ;
ENDSEC;
END-ISO-10303-21;
