ISO-10303-21;
HEADER;
FILE_DESCRIPTION (( 'STEP AP203' ),
    '1' );
FILE_NAME ('REV-21-3560.STEP',
    '2024-09-18T19:50:18',
    ( '' ),
    ( '' ),
    'SwSTEP 2.0',
    'SolidWorks 2022',
    '' );
FILE_SCHEMA (( 'CONFIG_CONTROL_DESIGN' ));
ENDSEC;

DATA;
#1 = DIRECTION ( 'NONE',  ( -1.000000000000000000, -0.000000000000000000, -0.000000000000000000 ) ) ;
#2 = CARTESIAN_POINT ( 'NONE',  ( 12.70000000000000107, 4.072800018551152590, 22.86895216488212412 ) ) ;
#3 = CARTESIAN_POINT ( 'NONE',  ( 9.525000000000000355, 11.15407434219237004, 150.8426721981581125 ) ) ;
#4 = EDGE_CURVE ( 'NONE', #521, #8250, #676, .T. ) ;
#5 = DIRECTION ( 'NONE',  ( -0.000000000000000000, -0.000000000000000000, -1.000000000000000000 ) ) ;
#6 = DIRECTION ( 'NONE',  ( 0.000000000000000000, 0.000000000000000000, 1.000000000000000000 ) ) ;
#7 = DIRECTION ( 'NONE',  ( 0.000000000000000000, 0.000000000000000000, 1.000000000000000000 ) ) ;
#8 = AXIS2_PLACEMENT_3D ( 'NONE', #10526, #2012, #2761 ) ;
#9 = FACE_OUTER_BOUND ( 'NONE', #4047, .T. ) ;
#10 = FACE_OUTER_BOUND ( 'NONE', #6223, .T. ) ;
#11 = PERSON ( 'UNSPECIFIED', 'UNSPECIFIED', 'UNSPECIFIED', ('UNSPECIFIED'), ('UNSPECIFIED'), ('UNSPECIFIED') ) ;
#12 = DIRECTION ( 'NONE',  ( 0.000000000000000000, 0.000000000000000000, 1.000000000000000000 ) ) ;
#13 = ORIENTED_EDGE ( 'NONE', *, *, #10031, .F. ) ;
#14 = ORIENTED_EDGE ( 'NONE', *, *, #9281, .T. ) ;
#15 = ORIENTED_EDGE ( 'NONE', *, *, #1984, .F. ) ;
#16 = EDGE_CURVE ( 'NONE', #2099, #4740, #9169, .T. ) ;
#17 = ADVANCED_FACE ( 'NONE', ( #4511 ), #7723, .F. ) ;
#18 = AXIS2_PLACEMENT_3D ( 'NONE', #87, #3991, #11827 ) ;
#19 = EDGE_LOOP ( 'NONE', ( #2952, #2649, #5709, #11769 ) ) ;
#20 = ORIENTED_EDGE ( 'NONE', *, *, #12138, .F. ) ;
#21 = DIRECTION ( 'NONE',  ( 0.000000000000000000, 0.000000000000000000, 1.000000000000000000 ) ) ;
#22 = CALENDAR_DATE ( 2024, 18, 9 ) ;
#23 = DIRECTION ( 'NONE',  ( 0.000000000000000000, 0.000000000000000000, 1.000000000000000000 ) ) ;
#24 = CARTESIAN_POINT ( 'NONE',  ( 9.525000000000000355, 12.33648634557998314, 47.30376971111940776 ) ) ;
#25 = CARTESIAN_POINT ( 'NONE',  ( 12.70000000000000107, 16.22512784221244786, 146.6791928440087247 ) ) ;
#26 = DIRECTION ( 'NONE',  ( -1.000000000000000000, -0.000000000000000000, -0.000000000000000000 ) ) ;
#27 = CIRCLE ( 'NONE', #3703, 2.271000000000002128 ) ;
#28 = CYLINDRICAL_SURFACE ( 'NONE', #595, 2.271000000000009234 ) ;
#29 = ORIENTED_EDGE ( 'NONE', *, *, #10357, .F. ) ;
#30 = ORIENTED_EDGE ( 'NONE', *, *, #1711, .T. ) ;
#31 = ORIENTED_EDGE ( 'NONE', *, *, #2663, .F. ) ;
#32 = EDGE_CURVE ( 'NONE', #12056, #11962, #7134, .T. ) ;
#33 = ORIENTED_EDGE ( 'NONE', *, *, #4672, .F. ) ;
#34 = CARTESIAN_POINT ( 'NONE',  ( 9.525000000000000355, 3.577867169202164632E-15, 139.7000000000000171 ) ) ;
#35 = DIRECTION ( 'NONE',  ( 0.000000000000000000, 0.000000000000000000, -1.000000000000000000 ) ) ;
#36 = AXIS2_PLACEMENT_3D ( 'NONE', #2992, #12559, #9727 ) ;
#37 = DIRECTION ( 'NONE',  ( -1.000000000000000000, 0.000000000000000000, -0.000000000000000000 ) ) ;
#38 = CARTESIAN_POINT ( 'NONE',  ( -12.69999999999999751, 25.40000000000000213, 0.000000000000000000 ) ) ;
#39 = DIRECTION ( 'NONE',  ( 0.000000000000000000, 0.000000000000000000, 1.000000000000000000 ) ) ;
#40 = CARTESIAN_POINT ( 'NONE',  ( 9.525000000000000355, -1.802455207620986100, 73.61440457572818730 ) ) ;
#41 = DIRECTION ( 'NONE',  ( -1.000000000000000000, 0.000000000000000000, 0.000000000000000000 ) ) ;
#42 = ORIENTED_EDGE ( 'NONE', *, *, #5548, .T. ) ;
#43 = AXIS2_PLACEMENT_3D ( 'NONE', #12632, #5765, #9670 ) ;
#44 = AXIS2_PLACEMENT_3D ( 'NONE', #3812, #10803, #3041 ) ;
#45 = EDGE_LOOP ( 'NONE', ( #11951, #5357 ) ) ;
#46 = ORIENTED_EDGE ( 'NONE', *, *, #3053, .F. ) ;
#47 = EDGE_CURVE ( 'NONE', #10320, #9140, #174, .T. ) ;
#48 = ORIENTED_EDGE ( 'NONE', *, *, #9159, .T. ) ;
#49 = LINE ( 'NONE', #10944, #216 ) ;
#50 = CARTESIAN_POINT ( 'NONE',  ( 12.70000000000000107, -15.22687436074362388, 135.6116243630400220 ) ) ;
#51 = AXIS2_PLACEMENT_3D ( 'NONE', #9586, #10359, #11519 ) ;
#52 = CIRCLE ( 'NONE', #5172, 2.499999999999988454 ) ;
#53 = DIRECTION ( 'NONE',  ( 1.000000000000000000, 0.000000000000000000, 0.000000000000000000 ) ) ;
#54 = DIRECTION ( 'NONE',  ( -1.000000000000000000, -0.000000000000000000, -0.000000000000000000 ) ) ;
#55 = CARTESIAN_POINT ( 'NONE',  ( 12.70000000000000107, 15.22687436074368783, 84.81162436304023799 ) ) ;
#56 = DIRECTION ( 'NONE',  ( 0.000000000000000000, 1.000000000000000000, 0.000000000000000000 ) ) ;
#57 = EDGE_LOOP ( 'NONE', ( #1212, #8536, #8949, #7807 ) ) ;
#58 = EDGE_CURVE ( 'NONE', #7397, #3083, #9576, .T. ) ;
#59 = AXIS2_PLACEMENT_3D ( 'NONE', #7088, #10328, #3237 ) ;
#60 = CIRCLE ( 'NONE', #2085, 2.271000000000009234 ) ;
#61 = EDGE_CURVE ( 'NONE', #8250, #6823, #11431, .T. ) ;
#62 = DIRECTION ( 'NONE',  ( 0.000000000000000000, 0.000000000000000000, 1.000000000000000000 ) ) ;
#63 = ORIENTED_EDGE ( 'NONE', *, *, #10267, .F. ) ;
#64 = ORIENTED_EDGE ( 'NONE', *, *, #6445, .F. ) ;
#65 = ORIENTED_EDGE ( 'NONE', *, *, #3040, .T. ) ;
#66 = DIRECTION ( 'NONE',  ( -1.000000000000000000, -0.000000000000000000, -0.000000000000000000 ) ) ;
#67 = DIRECTION ( 'NONE',  ( 0.000000000000000000, 0.000000000000000000, 1.000000000000000000 ) ) ;
#68 = DIRECTION ( 'NONE',  ( -1.000000000000000000, 0.000000000000000000, 0.000000000000000000 ) ) ;
#69 = CARTESIAN_POINT ( 'NONE',  ( 12.70000000000000107, 3.577867169202164632E-15, 38.10000000000001563 ) ) ;
#70 = LINE ( 'NONE', #10708, #8682 ) ;
#71 = AXIS2_PLACEMENT_3D ( 'NONE', #4175, #3978, #5072 ) ;
#72 = CARTESIAN_POINT ( 'NONE',  ( -9.525000000000000355, 12.33648634557998314, 98.10376971111941202 ) ) ;
#73 = DIRECTION ( 'NONE',  ( -1.000000000000000000, 0.000000000000000000, 0.000000000000000000 ) ) ;
#74 = DIRECTION ( 'NONE',  ( 0.000000000000000000, 0.000000000000000000, 1.000000000000000000 ) ) ;
#75 = DIRECTION ( 'NONE',  ( 0.000000000000000000, 0.000000000000000000, 1.000000000000000000 ) ) ;
#76 = EDGE_CURVE ( 'NONE', #5678, #9721, #8551, .T. ) ;
#77 = DIRECTION ( 'NONE',  ( 1.000000000000000000, 0.000000000000000000, 0.000000000000000000 ) ) ;
#78 = EDGE_CURVE ( 'NONE', #290, #6823, #7469, .T. ) ;
#79 = EDGE_CURVE ( 'NONE', #3422, #8844, #2224, .T. ) ;
#80 = EDGE_LOOP ( 'NONE', ( #1621, #84, #6696, #7030 ) ) ;
#81 = ORIENTED_EDGE ( 'NONE', *, *, #12396, .F. ) ;
#82 = CIRCLE ( 'NONE', #11334, 2.500000000000002220 ) ;
#83 = VERTEX_POINT ( 'NONE', #12598 ) ;
#84 = ORIENTED_EDGE ( 'NONE', *, *, #11067, .F. ) ;
#85 = DIRECTION ( 'NONE',  ( -1.000000000000000000, 0.000000000000000000, 0.000000000000000000 ) ) ;
#86 = APPLICATION_PROTOCOL_DEFINITION ( 'international standard', 'config_control_design', 1994, #9524 ) ;
#87 = CARTESIAN_POINT ( 'NONE',  ( 12.70000000000000107, -16.22354728284505399, 137.4378563681121364 ) ) ;
#88 = DIRECTION ( 'NONE',  ( 0.000000000000000000, 0.000000000000000000, 1.000000000000000000 ) ) ;
#89 = CARTESIAN_POINT ( 'NONE',  ( 7.746038523653021987E-16, 22.22500000000000142, 91.39999999999997726 ) ) ;
#90 = FACE_OUTER_BOUND ( 'NONE', #6727, .T. ) ;
#91 = CYLINDRICAL_SURFACE ( 'NONE', #9720, 2.270999999999995467 ) ;
#92 = AXIS2_PLACEMENT_3D ( 'NONE', #1997, #901, #1096 ) ;
#93 = CARTESIAN_POINT ( 'NONE',  ( 12.70000000000000107, 14.15672222192832841, 78.33822353099817803 ) ) ;
#94 = ORIENTED_EDGE ( 'NONE', *, *, #5229, .T. ) ;
#95 = EDGE_CURVE ( 'NONE', #5775, #6675, #3548, .T. ) ;
#96 = ORIENTED_EDGE ( 'NONE', *, *, #7666, .T. ) ;
#97 = EDGE_LOOP ( 'NONE', ( #802, #5080, #467, #12535 ) ) ;
#98 = EDGE_CURVE ( 'NONE', #4698, #12345, #2013, .T. ) ;
#99 = ORIENTED_EDGE ( 'NONE', *, *, #2920, .T. ) ;
#100 = CARTESIAN_POINT ( 'NONE',  ( 7.746038523653021987E-16, -22.22499999999999787, 152.3999999999999773 ) ) ;
#101 = VECTOR ( 'NONE', #6589, 1000.000000000000000 ) ;
#102 = FACE_BOUND ( 'NONE', #6078, .T. ) ;
#103 = CARTESIAN_POINT ( 'NONE',  ( 12.70000000000000107, -14.16298196909033535, 86.92517298397507375 ) ) ;
#104 = DIRECTION ( 'NONE',  ( -1.000000000000000000, 0.000000000000000000, 0.000000000000000000 ) ) ;
#105 = DIRECTION ( 'NONE',  ( -1.000000000000000000, 0.000000000000000000, 0.000000000000000000 ) ) ;
#106 = DIRECTION ( 'NONE',  ( -1.000000000000000000, -0.000000000000000000, -0.000000000000000000 ) ) ;
#107 = EDGE_CURVE ( 'NONE', #1698, #6028, #9374, .T. ) ;
#108 = VERTEX_POINT ( 'NONE', #11639 ) ;
#109 = CIRCLE ( 'NONE', #2556, 2.080499999999998906 ) ;
#110 = ORIENTED_EDGE ( 'NONE', *, *, #7777, .F. ) ;
#111 = ORIENTED_EDGE ( 'NONE', *, *, #7905, .F. ) ;
#112 = ORIENTED_EDGE ( 'NONE', *, *, #5336, .F. ) ;
#113 = LINE ( 'NONE', #6082, #4099 ) ;
#114 = DIRECTION ( 'NONE',  ( 1.000000000000000000, 0.000000000000000000, 0.000000000000000000 ) ) ;
#115 = VECTOR ( 'NONE', #271, 1000.000000000000000 ) ;
#116 = CARTESIAN_POINT ( 'NONE',  ( 12.70000000000000107, -11.15407434219244465, 26.95732780184198774 ) ) ;
#117 = DIRECTION ( 'NONE',  ( -1.000000000000000000, -0.000000000000000000, -0.000000000000000000 ) ) ;
#118 = EDGE_CURVE ( 'NONE', #9119, #3845, #10401, .T. ) ;
#119 = DIRECTION ( 'NONE',  ( -1.000000000000000000, -0.000000000000000000, -0.000000000000000000 ) ) ;
#120 = VECTOR ( 'NONE', #968, 1000.000000000000000 ) ;
#121 = CYLINDRICAL_SURFACE ( 'NONE', #2770, 2.499999999999988454 ) ;
#122 = ORIENTED_EDGE ( 'NONE', *, *, #11197, .T. ) ;
#123 = AXIS2_PLACEMENT_3D ( 'NONE', #11793, #8704, #2998 ) ;
#124 = CARTESIAN_POINT ( 'NONE',  ( -9.525000000000000355, 3.577867169202164632E-15, 38.10000000000001563 ) ) ;
#125 = ORIENTED_EDGE ( 'NONE', *, *, #12023, .F. ) ;
#126 = ORIENTED_EDGE ( 'NONE', *, *, #7413, .F. ) ;
#127 = ORIENTED_EDGE ( 'NONE', *, *, #4406, .T. ) ;
#128 = CIRCLE ( 'NONE', #10361, 2.080499999999985139 ) ;
#129 = DIRECTION ( 'NONE',  ( -1.000000000000000000, -0.000000000000000000, -0.000000000000000000 ) ) ;
#130 = CIRCLE ( 'NONE', #10766, 17.66249999999999787 ) ;
#131 = CARTESIAN_POINT ( 'NONE',  ( 12.70000000000000107, 3.577867169202164632E-15, 88.90000000000000568 ) ) ;
#132 = DIRECTION ( 'NONE',  ( 0.000000000000000000, 0.000000000000000000, 1.000000000000000000 ) ) ;
#133 = AXIS2_PLACEMENT_3D ( 'NONE', #11564, #5481, #7529 ) ;
#134 = CARTESIAN_POINT ( 'NONE',  ( 1.555301434917138038E-15, 25.40000000000000213, 76.19999999999998863 ) ) ;
#135 = ADVANCED_FACE ( 'NONE', ( #1632 ), #9643, .F. ) ;
#136 = CARTESIAN_POINT ( 'NONE',  ( -9.525000000000000355, -15.22687436074362388, 84.81162436304001062 ) ) ;
#137 = LINE ( 'NONE', #10004, #4920 ) ;
#138 = CARTESIAN_POINT ( 'NONE',  ( -9.525000000000000355, -10.07084749364656950, 152.6189322704979361 ) ) ;
#139 = CARTESIAN_POINT ( 'NONE',  ( 12.70000000000000107, -14.16298196909034779, 141.6748270160248637 ) ) ;
#140 = AXIS2_PLACEMENT_3D ( 'NONE', #351, #3153, #5086 ) ;
#141 = DIRECTION ( 'NONE',  ( -0.000000000000000000, 1.000000000000000000, -0.000000000000000000 ) ) ;
#142 = EDGE_LOOP ( 'NONE', ( #8293, #10101, #6422, #3830 ) ) ;
#143 = ORIENTED_EDGE ( 'NONE', *, *, #4606, .F. ) ;
#144 = ORIENTED_EDGE ( 'NONE', *, *, #2106, .F. ) ;
#145 = EDGE_CURVE ( 'NONE', #6760, #8360, #9381, .T. ) ;
#146 = CIRCLE ( 'NONE', #5471, 2.080499999999998906 ) ;
#147 = EDGE_LOOP ( 'NONE', ( #3186, #2084, #2054, #6809 ) ) ;
#148 = ORIENTED_EDGE ( 'NONE', *, *, #564, .F. ) ;
#149 = DIRECTION ( 'NONE',  ( 0.000000000000000000, 0.000000000000000000, 1.000000000000000000 ) ) ;
#150 = PERSON_AND_ORGANIZATION_ROLE ( 'design_supplier' ) ;
#151 = DIRECTION ( 'NONE',  ( 0.000000000000000000, -1.250701857229133378E-14, -1.000000000000000000 ) ) ;
#152 = EDGE_CURVE ( 'NONE', #6346, #1259, #5084, .T. ) ;
#153 = DIRECTION ( 'NONE',  ( 1.000000000000000000, 0.000000000000000000, 0.000000000000000000 ) ) ;
#154 = CARTESIAN_POINT ( 'NONE',  ( 12.70000000000000107, -8.791741348502467801, 77.62191132943921446 ) ) ;
#155 = EDGE_CURVE ( 'NONE', #9258, #8250, #3240, .T. ) ;
#156 = CIRCLE ( 'NONE', #1991, 2.080499999999998906 ) ;
#157 = DIRECTION ( 'NONE',  ( -1.000000000000000000, -0.000000000000000000, -0.000000000000000000 ) ) ;
#158 = DIRECTION ( 'NONE',  ( 0.000000000000000000, 0.000000000000000000, 1.000000000000000000 ) ) ;
#159 = ORIENTED_EDGE ( 'NONE', *, *, #3508, .F. ) ;
#160 = ORIENTED_EDGE ( 'NONE', *, *, #526, .T. ) ;
#161 = ORIENTED_EDGE ( 'NONE', *, *, #7937, .T. ) ;
#162 = ORIENTED_EDGE ( 'NONE', *, *, #7217, .T. ) ;
#163 = CARTESIAN_POINT ( 'NONE',  ( 12.70000000000000107, -6.152699789198520897, 53.28107590238573010 ) ) ;
#164 = CIRCLE ( 'NONE', #10190, 2.271000000000002128 ) ;
#165 = EDGE_CURVE ( 'NONE', #11884, #9902, #11231, .T. ) ;
#166 = DIRECTION ( 'NONE',  ( -1.000000000000000000, 0.000000000000000000, 0.000000000000000000 ) ) ;
#167 = CARTESIAN_POINT ( 'NONE',  ( 9.525000000000000355, 3.577867169202164632E-15, 88.90000000000000568 ) ) ;
#168 = CARTESIAN_POINT ( 'NONE',  ( 9.525000000000000355, 3.061616997868370815E-16, 61.00000000000000711 ) ) ;
#169 = FACE_OUTER_BOUND ( 'NONE', #9480, .T. ) ;
#170 = PLANE ( 'NONE',  #6332 ) ;
#171 = EDGE_CURVE ( 'NONE', #5171, #10619, #7975, .T. ) ;
#172 = CARTESIAN_POINT ( 'NONE',  ( 12.70000000000000107, 3.577867169202164632E-15, 139.7000000000000171 ) ) ;
#173 = ORIENTED_EDGE ( 'NONE', *, *, #8666, .F. ) ;
#174 = CIRCLE ( 'NONE', #12454, 2.080499999999985139 ) ;
#175 = ORIENTED_EDGE ( 'NONE', *, *, #2186, .T. ) ;
#176 = ADVANCED_BREP_SHAPE_REPRESENTATION ( 'REV-21-3560', ( #510, #10985 ), #8726 ) ;
#177 = EDGE_LOOP ( 'NONE', ( #4141, #990, #8568, #2331, #6303, #3401, #10897, #5889, #5805, #12589, #5394, #3771, #7738, #7301, #4424, #3098, #3646, #4243, #10995, #9086, #2362, #9090, #7237, #11717, #2211, #10290, #8860, #7130, #12491, #3086, #4697, #11539, #5675, #11902, #3144, #2445, #7854, #4805, #1856, #6299, #7377 ) ) ;
#178 = ORIENTED_EDGE ( 'NONE', *, *, #8051, .T. ) ;
#179 = ORIENTED_EDGE ( 'NONE', *, *, #694, .F. ) ;
#180 = EDGE_CURVE ( 'NONE', #6314, #6595, #8555, .T. ) ;
#181 = CARTESIAN_POINT ( 'NONE',  ( 9.525000000000000355, -5.371240620587818704, 152.9529156865856407 ) ) ;
#182 = FACE_OUTER_BOUND ( 'NONE', #4192, .T. ) ;
#183 = CIRCLE ( 'NONE', #12270, 2.080499999999998906 ) ;
#184 = LINE ( 'NONE', #9668, #3513 ) ;
#185 = CARTESIAN_POINT ( 'NONE',  ( 12.70000000000000107, -5.371240620587821368, 51.35291568658563932 ) ) ;
#186 = DIRECTION ( 'NONE',  ( -1.000000000000000000, -0.000000000000000000, -0.000000000000000000 ) ) ;
#187 = ORIENTED_EDGE ( 'NONE', *, *, #4496, .F. ) ;
#188 = AXIS2_PLACEMENT_3D ( 'NONE', #11700, #3871, #857 ) ;
#189 = AXIS2_PLACEMENT_3D ( 'NONE', #9295, #3409, #4369 ) ;
#190 = DIRECTION ( 'NONE',  ( -1.000000000000000000, -0.000000000000000000, -0.000000000000000000 ) ) ;
#191 = ORIENTED_EDGE ( 'NONE', *, *, #3254, .F. ) ;
#192 = ORIENTED_EDGE ( 'NONE', *, *, #3930, .F. ) ;
#193 = ADVANCED_FACE ( 'NONE', ( #6947 ), #7914, .F. ) ;
#194 = ORIENTED_EDGE ( 'NONE', *, *, #9340, .F. ) ;
#195 = CIRCLE ( 'NONE', #4288, 2.500000000000002220 ) ;
#196 = DIRECTION ( 'NONE',  ( 0.000000000000000000, 0.000000000000000000, 1.000000000000000000 ) ) ;
#197 = CARTESIAN_POINT ( 'NONE',  ( 12.70000000000000107, 15.22687436074360257, 42.18837563696011017 ) ) ;
#198 = DIRECTION ( 'NONE',  ( -1.000000000000000000, -0.000000000000000000, -0.000000000000000000 ) ) ;
#199 = DIRECTION ( 'NONE',  ( 0.000000000000000000, 0.000000000000000000, 1.000000000000000000 ) ) ;
#200 = AXIS2_PLACEMENT_3D ( 'NONE', #917, #4829, #986 ) ;
#201 = CARTESIAN_POINT ( 'NONE',  ( -12.69999999999999751, 16.22512784221244786, 95.87919284400875597 ) ) ;
#202 = CARTESIAN_POINT ( 'NONE',  ( 1.555301434917138433E-15, 22.22500000000000142, 65.99999999999998579 ) ) ;
#203 = FACE_OUTER_BOUND ( 'NONE', #57, .T. ) ;
#204 = CARTESIAN_POINT ( 'NONE',  ( 12.70000000000000107, 3.577867169202164632E-15, 139.7000000000000171 ) ) ;
#205 = CARTESIAN_POINT ( 'NONE',  ( 12.70000000000000107, 3.577867169202164632E-15, 38.10000000000001563 ) ) ;
#206 = CARTESIAN_POINT ( 'NONE',  ( 12.70000000000000107, -14.13894155320108759, 145.7818257131525570 ) ) ;
#207 = EDGE_LOOP ( 'NONE', ( #6985, #2202, #1107, #8219 ) ) ;
#208 = ORIENTED_EDGE ( 'NONE', *, *, #926, .T. ) ;
#209 = VERTEX_POINT ( 'NONE', #11834 ) ;
#210 = AXIS2_PLACEMENT_3D ( 'NONE', #6293, #12309, #6472 ) ;
#211 = EDGE_CURVE ( 'NONE', #5272, #10320, #3027, .T. ) ;
#212 = CIRCLE ( 'NONE', #4470, 2.080499999999998906 ) ;
#213 = VERTEX_POINT ( 'NONE', #1054 ) ;
#214 = EDGE_LOOP ( 'NONE', ( #11168, #7189, #5208, #4679 ) ) ;
#215 = PERSON_AND_ORGANIZATION ( #11, #11815 ) ;
#216 = VECTOR ( 'NONE', #2162, 1000.000000000000000 ) ;
#217 = DIRECTION ( 'NONE',  ( -0.000000000000000000, 1.000000000000000000, -0.000000000000000000 ) ) ;
#218 = CARTESIAN_POINT ( 'NONE',  ( 9.525000000000000355, 22.22500000000000142, 177.8000000000000114 ) ) ;
#219 = LINE ( 'NONE', #4058, #2787 ) ;
#220 = DIRECTION ( 'NONE',  ( -1.000000000000000000, -0.000000000000000000, -0.000000000000000000 ) ) ;
#221 = DIRECTION ( 'NONE',  ( 0.000000000000000000, 0.000000000000000000, -1.000000000000000000 ) ) ;
#222 = VERTEX_POINT ( 'NONE', #4963 ) ;
#223 = CIRCLE ( 'NONE', #9848, 2.080499999999985139 ) ;
#224 = VERTEX_POINT ( 'NONE', #8996 ) ;
#225 = VERTEX_POINT ( 'NONE', #5802 ) ;
#226 = ADVANCED_FACE ( 'NONE', ( #8807 ), #2903, .F. ) ;
#227 = VERTEX_POINT ( 'NONE', #2966 ) ;
#228 = EDGE_CURVE ( 'NONE', #10787, #6709, #5696, .T. ) ;
#229 = CARTESIAN_POINT ( 'NONE',  ( -12.69999999999999751, -25.39999999999999503, 177.8000000000000114 ) ) ;
#230 = DIRECTION ( 'NONE',  ( 0.000000000000000000, 0.000000000000000000, -1.000000000000000000 ) ) ;
#231 = LINE ( 'NONE', #9128, #11078 ) ;
#232 = DIRECTION ( 'NONE',  ( 0.000000000000000000, 0.000000000000000000, 1.000000000000000000 ) ) ;
#233 = FACE_OUTER_BOUND ( 'NONE', #8873, .T. ) ;
#234 = CIRCLE ( 'NONE', #7394, 14.30000000000000071 ) ;
#235 = CARTESIAN_POINT ( 'NONE',  ( 12.70000000000000107, -2.068405620284290425, 122.1590306869894960 ) ) ;
#236 = ORIENTED_EDGE ( 'NONE', *, *, #1406, .T. ) ;
#237 = ORIENTED_EDGE ( 'NONE', *, *, #7578, .F. ) ;
#238 = ADVANCED_FACE ( 'NONE', ( #7013 ), #4129, .F. ) ;
#239 = VERTEX_POINT ( 'NONE', #6057 ) ;
#240 = ORIENTED_EDGE ( 'NONE', *, *, #1732, .T. ) ;
#241 = CIRCLE ( 'NONE', #8621, 2.499999999999993339 ) ;
#242 = EDGE_CURVE ( 'NONE', #209, #7584, #11643, .T. ) ;
#243 = CARTESIAN_POINT ( 'NONE',  ( 9.525000000000000355, 0.000000000000000000, 15.19999999999992468 ) ) ;
#244 = LINE ( 'NONE', #11852, #7583 ) ;
#245 = FACE_OUTER_BOUND ( 'NONE', #5453, .T. ) ;
#246 = DIRECTION ( 'NONE',  ( 0.000000000000000000, 0.000000000000000000, -1.000000000000000000 ) ) ;
#247 = CARTESIAN_POINT ( 'NONE',  ( -12.69999999999999751, 12.69999999999999929, 165.0999999999999943 ) ) ;
#248 = CARTESIAN_POINT ( 'NONE',  ( 7.746038523653021987E-16, 22.22500000000000142, 154.8999999999999773 ) ) ;
#249 = DIRECTION ( 'NONE',  ( -1.000000000000000000, -0.000000000000000000, -0.000000000000000000 ) ) ;
#250 = CIRCLE ( 'NONE', #12327, 17.66249999999999787 ) ;
#251 = AXIS2_PLACEMENT_3D ( 'NONE', #10353, #11447, #12232 ) ;
#252 = DIRECTION ( 'NONE',  ( -1.000000000000000000, -0.000000000000000000, -0.000000000000000000 ) ) ;
#253 = ADVANCED_FACE ( 'NONE', ( #3997 ), #5867, .T. ) ;
#254 = ORIENTED_EDGE ( 'NONE', *, *, #5216, .T. ) ;
#255 = EDGE_CURVE ( 'NONE', #9851, #11010, #6117, .T. ) ;
#256 = EDGE_CURVE ( 'NONE', #10913, #239, #3874, .T. ) ;
#257 = DIRECTION ( 'NONE',  ( 0.000000000000000000, 0.000000000000000000, 1.000000000000000000 ) ) ;
#258 = ORIENTED_EDGE ( 'NONE', *, *, #9665, .T. ) ;
#259 = ORIENTED_EDGE ( 'NONE', *, *, #9978, .F. ) ;
#260 = AXIS2_PLACEMENT_3D ( 'NONE', #1771, #7418, #6516 ) ;
#261 = AXIS2_PLACEMENT_3D ( 'NONE', #5303, #9205, #5365 ) ;
#262 = VERTEX_POINT ( 'NONE', #988 ) ;
#263 = FACE_OUTER_BOUND ( 'NONE', #1574, .T. ) ;
#264 = CYLINDRICAL_SURFACE ( 'NONE', #3303, 14.30000000000000071 ) ;
#265 = CARTESIAN_POINT ( 'NONE',  ( 12.70000000000000107, 25.40000000000000213, 177.8000000000000114 ) ) ;
#266 = DIRECTION ( 'NONE',  ( -1.000000000000000000, -0.000000000000000000, -0.000000000000000000 ) ) ;
#267 = CARTESIAN_POINT ( 'NONE',  ( 12.70000000000000107, 6.152699789198528002, 53.28107590238573010 ) ) ;
#268 = DIRECTION ( 'NONE',  ( 0.000000000000000000, 0.000000000000000000, -1.000000000000000000 ) ) ;
#269 = FACE_OUTER_BOUND ( 'NONE', #4590, .T. ) ;
#270 = EDGE_CURVE ( 'NONE', #5789, #5272, #11704, .T. ) ;
#271 = DIRECTION ( 'NONE',  ( -1.000000000000000000, -0.000000000000000000, -0.000000000000000000 ) ) ;
#272 = ADVANCED_FACE ( 'NONE', ( #4903 ), #28, .F. ) ;
#273 = AXIS2_PLACEMENT_3D ( 'NONE', #3424, #7333, #11251 ) ;
#274 = CYLINDRICAL_SURFACE ( 'NONE', #1010, 2.499999999999988454 ) ;
#275 = ORIENTED_EDGE ( 'NONE', *, *, #5356, .F. ) ;
#276 = VERTEX_POINT ( 'NONE', #1117 ) ;
#277 = ORIENTED_EDGE ( 'NONE', *, *, #6564, .F. ) ;
#278 = ORIENTED_EDGE ( 'NONE', *, *, #98, .F. ) ;
#279 = ORIENTED_EDGE ( 'NONE', *, *, #11841, .F. ) ;
#280 = CARTESIAN_POINT ( 'NONE',  ( 1.555301434917138433E-15, 25.40000000000000213, 114.2999999999999972 ) ) ;
#281 = VECTOR ( 'NONE', #3271, 1000.000000000000000 ) ;
#282 = CALENDAR_DATE ( 2024, 18, 9 ) ;
#283 = CARTESIAN_POINT ( 'NONE',  ( -12.69999999999999751, 4.072800018551152590, 124.4689521648821113 ) ) ;
#284 = DIRECTION ( 'NONE',  ( 0.000000000000000000, 0.000000000000000000, -1.000000000000000000 ) ) ;
#285 = DIRECTION ( 'NONE',  ( 0.000000000000000000, 0.000000000000000000, 1.000000000000000000 ) ) ;
#286 = CARTESIAN_POINT ( 'NONE',  ( 12.70000000000000107, -6.152699789198520897, 53.28107590238573010 ) ) ;
#287 = EDGE_CURVE ( 'NONE', #4873, #9777, #6722, .T. ) ;
#288 = CARTESIAN_POINT ( 'NONE',  ( 12.70000000000000107, -4.072800018551146373, 104.1310478351178972 ) ) ;
#289 = CIRCLE ( 'NONE', #4573, 2.500000000000002220 ) ;
#290 = VERTEX_POINT ( 'NONE', #5345 ) ;
#291 = VERTEX_POINT ( 'NONE', #6313 ) ;
#292 = EDGE_LOOP ( 'NONE', ( #8538, #2618, #2875, #3861 ) ) ;
#293 = DIRECTION ( 'NONE',  ( -1.000000000000000000, -0.000000000000000000, -0.000000000000000000 ) ) ;
#294 = CARTESIAN_POINT ( 'NONE',  ( 12.70000000000000107, -16.22354728284505399, 35.83785636811216335 ) ) ;
#295 = DIRECTION ( 'NONE',  ( -0.000000000000000000, -0.000000000000000000, -1.000000000000000000 ) ) ;
#296 = CARTESIAN_POINT ( 'NONE',  ( 12.70000000000000107, 10.07084749364666365, 78.06156772950215839 ) ) ;
#297 = CIRCLE ( 'NONE', #92, 2.080499999999998906 ) ;
#298 = DIRECTION ( 'NONE',  ( 0.000000000000000000, 0.000000000000000000, 1.000000000000000000 ) ) ;
#299 = DIRECTION ( 'NONE',  ( -1.000000000000000000, 0.000000000000000000, 0.000000000000000000 ) ) ;
#300 = EDGE_CURVE ( 'NONE', #6495, #12601, #2327, .T. ) ;
#301 = ORIENTED_EDGE ( 'NONE', *, *, #11939, .T. ) ;
#302 = ORIENTED_EDGE ( 'NONE', *, *, #4294, .T. ) ;
#303 = ORIENTED_EDGE ( 'NONE', *, *, #11633, .F. ) ;
#304 = VERTEX_POINT ( 'NONE', #4317 ) ;
#305 = AXIS2_PLACEMENT_3D ( 'NONE', #8512, #9346, #1718 ) ;
#306 = EDGE_CURVE ( 'NONE', #10760, #5775, #3643, .T. ) ;
#307 = DIRECTION ( 'NONE',  ( -1.000000000000000000, 0.000000000000000000, 0.000000000000000000 ) ) ;
#308 = CARTESIAN_POINT ( 'NONE',  ( 9.525000000000000355, -5.371240620587823145, 102.1529156865856294 ) ) ;
#309 = CYLINDRICAL_SURFACE ( 'NONE', #1873, 17.66250000000000497 ) ;
#310 = LINE ( 'NONE', #6211, #5641 ) ;
#311 = EDGE_CURVE ( 'NONE', #4366, #7397, #9589, .T. ) ;
#312 = DIRECTION ( 'NONE',  ( -1.000000000000000000, -0.000000000000000000, -0.000000000000000000 ) ) ;
#313 = EDGE_CURVE ( 'NONE', #9778, #6934, #1003, .T. ) ;
#314 = AXIS2_PLACEMENT_3D ( 'NONE', #9054, #354, #4376 ) ;
#315 = DIRECTION ( 'NONE',  ( -1.000000000000000000, -0.000000000000000000, -0.000000000000000000 ) ) ;
#316 = EDGE_CURVE ( 'NONE', #8604, #2868, #6126, .T. ) ;
#317 = DIRECTION ( 'NONE',  ( 1.000000000000000000, 0.000000000000000000, 0.000000000000000000 ) ) ;
#318 = ORIENTED_EDGE ( 'NONE', *, *, #9330, .T. ) ;
#319 = FACE_OUTER_BOUND ( 'NONE', #7884, .T. ) ;
#320 = EDGE_LOOP ( 'NONE', ( #7094, #6342, #677, #6510 ) ) ;
#321 = ORIENTED_EDGE ( 'NONE', *, *, #7625, .F. ) ;
#322 = VERTEX_POINT ( 'NONE', #288 ) ;
#323 = CARTESIAN_POINT ( 'NONE',  ( 12.70000000000000107, 14.16298196909037088, 86.92517298397528691 ) ) ;
#324 = FACE_OUTER_BOUND ( 'NONE', #2839, .T. ) ;
#325 = EDGE_CURVE ( 'NONE', #9124, #1560, #11241, .T. ) ;
#326 = CIRCLE ( 'NONE', #4821, 14.30000000000000782 ) ;
#327 = DIRECTION ( 'NONE',  ( -1.000000000000000000, 0.000000000000000000, 0.000000000000000000 ) ) ;
#328 = CYLINDRICAL_SURFACE ( 'NONE', #700, 2.271000000000002128 ) ;
#329 = DIRECTION ( 'NONE',  ( -0.000000000000000000, 1.000000000000000000, -0.000000000000000000 ) ) ;
#330 = CARTESIAN_POINT ( 'NONE',  ( -12.69999999999999751, 3.577867169202164632E-15, 38.10000000000001563 ) ) ;
#331 = DIRECTION ( 'NONE',  ( 0.000000000000000000, 0.000000000000000000, 1.000000000000000000 ) ) ;
#332 = EDGE_CURVE ( 'NONE', #4905, #4164, #3654, .T. ) ;
#333 = CIRCLE ( 'NONE', #9953, 2.499999999999988454 ) ;
#334 = DIRECTION ( 'NONE',  ( 0.000000000000000000, 0.000000000000000000, 1.000000000000000000 ) ) ;
#335 = CIRCLE ( 'NONE', #7487, 2.080499999999985139 ) ;
#336 = PRODUCT_DEFINITION_SHAPE ( 'NONE', 'NONE',  #11575 ) ;
#337 = DIRECTION ( 'NONE',  ( 0.000000000000000000, 0.000000000000000000, -1.000000000000000000 ) ) ;
#338 = CIRCLE ( 'NONE', #8712, 2.270999999999995467 ) ;
#339 = AXIS2_PLACEMENT_3D ( 'NONE', #9896, #1113, #3091 ) ;
#340 = EDGE_LOOP ( 'NONE', ( #3419, #3341 ) ) ;
#341 = ORIENTED_EDGE ( 'NONE', *, *, #5290, .T. ) ;
#342 = ORIENTED_EDGE ( 'NONE', *, *, #10400, .T. ) ;
#343 = ORIENTED_EDGE ( 'NONE', *, *, #8814, .F. ) ;
#344 = AXIS2_PLACEMENT_3D ( 'NONE', #12159, #7149, #11065 ) ;
#345 = ADVANCED_FACE ( 'NONE', ( #4377 ), #7328, .F. ) ;
#346 = VECTOR ( 'NONE', #12635, 1000.000000000000000 ) ;
#347 = LINE ( 'NONE', #6240, #3268 ) ;
#348 = DIRECTION ( 'NONE',  ( 0.000000000000000000, 0.000000000000000000, 1.000000000000000000 ) ) ;
#349 = CARTESIAN_POINT ( 'NONE',  ( 12.70000000000000107, -12.69999999999999929, 61.00000000000000711 ) ) ;
#350 = CARTESIAN_POINT ( 'NONE',  ( 9.525000000000000355, -12.33648634558010748, 148.9037697111192244 ) ) ;
#351 = CARTESIAN_POINT ( 'NONE',  ( -12.69999999999999929, 0.000000000000000000, 12.69999999999993356 ) ) ;
#352 = CC_DESIGN_APPROVAL ( #2482, ( #12022 ) ) ;
#353 = AXIS2_PLACEMENT_3D ( 'NONE', #11955, #2260, #4124 ) ;
#354 = DIRECTION ( 'NONE',  ( -1.000000000000000000, -0.000000000000000000, -0.000000000000000000 ) ) ;
#355 = VECTOR ( 'NONE', #435, 1000.000000000000000 ) ;
#356 = CARTESIAN_POINT ( 'NONE',  ( -9.525000000000000355, -12.33648634558010748, 148.9037697111192244 ) ) ;
#357 = ORIENTED_EDGE ( 'NONE', *, *, #12066, .T. ) ;
#358 = EDGE_LOOP ( 'NONE', ( #6000, #2789, #1617, #8279 ) ) ;
#359 = ORIENTED_EDGE ( 'NONE', *, *, #5978, .F. ) ;
#360 = ORIENTED_EDGE ( 'NONE', *, *, #12208, .T. ) ;
#361 = DIRECTION ( 'NONE',  ( -1.000000000000000000, -0.000000000000000000, -0.000000000000000000 ) ) ;
#362 = EDGE_CURVE ( 'NONE', #3169, #1937, #2232, .T. ) ;
#363 = LINE ( 'NONE', #10155, #5888 ) ;
#364 = CYLINDRICAL_SURFACE ( 'NONE', #10446, 17.66250000000000497 ) ;
#365 = CIRCLE ( 'NONE', #3620, 2.271000000000002128 ) ;
#366 = CARTESIAN_POINT ( 'NONE',  ( -9.525000000000000355, 3.577867169202164632E-15, 88.90000000000000568 ) ) ;
#367 = VECTOR ( 'NONE', #2611, 1000.000000000000000 ) ;
#368 = DIRECTION ( 'NONE',  ( 0.000000000000000000, 0.000000000000000000, 1.000000000000000000 ) ) ;
#369 = EDGE_LOOP ( 'NONE', ( #12669, #10548, #3296, #12640 ) ) ;
#370 = ORIENTED_EDGE ( 'NONE', *, *, #1527, .F. ) ;
#371 = VERTEX_POINT ( 'NONE', #2456 ) ;
#372 = AXIS2_PLACEMENT_3D ( 'NONE', #12379, #9236, #11415 ) ;
#373 = VERTEX_POINT ( 'NONE', #6375 ) ;
#374 = EDGE_CURVE ( 'NONE', #9631, #981, #5706, .T. ) ;
#375 = DIRECTION ( 'NONE',  ( -1.000000000000000000, -0.000000000000000000, -0.000000000000000000 ) ) ;
#376 = DIRECTION ( 'NONE',  ( -1.000000000000000000, -0.000000000000000000, -0.000000000000000000 ) ) ;
#377 = CARTESIAN_POINT ( 'NONE',  ( 9.525000000000000355, -16.22354728284505399, 137.4378563681121364 ) ) ;
#378 = DIRECTION ( 'NONE',  ( 1.000000000000000000, -0.000000000000000000, -0.000000000000000000 ) ) ;
#379 = CARTESIAN_POINT ( 'NONE',  ( 7.746038523653021987E-16, -25.39999999999999503, 91.39999999999997726 ) ) ;
#380 = CC_DESIGN_PERSON_AND_ORGANIZATION_ASSIGNMENT ( #215, #150, ( #12022 ) ) ;
#381 = ORIENTED_EDGE ( 'NONE', *, *, #9230, .F. ) ;
#382 = ORIENTED_EDGE ( 'NONE', *, *, #9681, .T. ) ;
#383 = EDGE_CURVE ( 'NONE', #7597, #224, #418, .T. ) ;
#384 = VECTOR ( 'NONE', #10731, 1000.000000000000000 ) ;
#385 = ORIENTED_EDGE ( 'NONE', *, *, #3613, .T. ) ;
#386 = DIRECTION ( 'NONE',  ( -0.000000000000000000, 1.000000000000000000, -0.000000000000000000 ) ) ;
#387 = ADVANCED_FACE ( 'NONE', ( #11121 ), #7075, .F. ) ;
#388 = CARTESIAN_POINT ( 'NONE',  ( 9.525000000000000355, 5.371240620587830250, 102.1529156865856294 ) ) ;
#389 = CARTESIAN_POINT ( 'NONE',  ( 1.555301434917138038E-15, 25.40000000000000213, 25.39999999999999858 ) ) ;
#390 = CARTESIAN_POINT ( 'NONE',  ( 12.70000000000000107, 3.577867169202164632E-15, 88.90000000000000568 ) ) ;
#391 = CARTESIAN_POINT ( 'NONE',  ( 12.70000000000000107, 16.22354728284508951, 86.63785636811238078 ) ) ;
#392 = DIRECTION ( 'NONE',  ( 0.000000000000000000, 0.000000000000000000, 1.000000000000000000 ) ) ;
#393 = FACE_OUTER_BOUND ( 'NONE', #10864, .T. ) ;
#394 = CARTESIAN_POINT ( 'NONE',  ( 1.555301434917138038E-15, -25.39999999999999503, 129.5000000000000000 ) ) ;
#395 = AXIS2_PLACEMENT_3D ( 'NONE', #7465, #4449, #1566 ) ;
#396 = AXIS2_PLACEMENT_3D ( 'NONE', #10276, #8168, #4438 ) ;
#397 = EDGE_CURVE ( 'NONE', #1777, #2741, #1432, .T. ) ;
#398 = CARTESIAN_POINT ( 'NONE',  ( 9.525000000000000355, 3.577867169202164632E-15, 139.7000000000000171 ) ) ;
#399 = EDGE_LOOP ( 'NONE', ( #9260, #4392, #11707, #12059 ) ) ;
#400 = ORIENTED_EDGE ( 'NONE', *, *, #9271, .T. ) ;
#401 = VERTEX_POINT ( 'NONE', #3292 ) ;
#402 = ORIENTED_EDGE ( 'NONE', *, *, #12319, .T. ) ;
#403 = EDGE_LOOP ( 'NONE', ( #8069, #8710, #9801, #7255 ) ) ;
#404 = DIRECTION ( 'NONE',  ( -0.000000000000000000, 1.000000000000000000, -0.000000000000000000 ) ) ;
#405 = EDGE_CURVE ( 'NONE', #1554, #8896, #7752, .T. ) ;
#406 = CIRCLE ( 'NONE', #2039, 14.30000000000000071 ) ;
#407 = AXIS2_PLACEMENT_3D ( 'NONE', #3982, #7895, #5008 ) ;
#408 = CARTESIAN_POINT ( 'NONE',  ( 0.000000000000000000, 25.40000000000000213, 12.69999999999999929 ) ) ;
#409 = DIRECTION ( 'NONE',  ( 0.000000000000000000, 0.000000000000000000, 1.000000000000000000 ) ) ;
#410 = DIRECTION ( 'NONE',  ( -1.000000000000000000, -0.000000000000000000, -0.000000000000000000 ) ) ;
#411 = CARTESIAN_POINT ( 'NONE',  ( 12.70000000000000107, 3.577867169202164632E-15, 88.90000000000000568 ) ) ;
#412 = DIRECTION ( 'NONE',  ( -1.000000000000000000, -0.000000000000000000, -0.000000000000000000 ) ) ;
#413 = CARTESIAN_POINT ( 'NONE',  ( -12.69999999999999751, 3.061616997868373773E-16, 10.19999999999994245 ) ) ;
#414 = VECTOR ( 'NONE', #3009, 1000.000000000000000 ) ;
#415 = CARTESIAN_POINT ( 'NONE',  ( 9.525000000000000355, 4.072800018551153478, 53.33104783511791425 ) ) ;
#416 = CIRCLE ( 'NONE', #7786, 2.080500000000013117 ) ;
#417 = EDGE_CURVE ( 'NONE', #5062, #5422, #7341, .T. ) ;
#418 = LINE ( 'NONE', #12266, #7144 ) ;
#419 = CIRCLE ( 'NONE', #4487, 2.271000000000002128 ) ;
#420 = ORIENTED_EDGE ( 'NONE', *, *, #10023, .T. ) ;
#421 = ORIENTED_EDGE ( 'NONE', *, *, #4212, .F. ) ;
#422 = AXIS2_PLACEMENT_3D ( 'NONE', #4472, #1465, #512 ) ;
#423 = ORIENTED_EDGE ( 'NONE', *, *, #10784, .F. ) ;
#424 = ORIENTED_EDGE ( 'NONE', *, *, #5373, .T. ) ;
#425 = CARTESIAN_POINT ( 'NONE',  ( 12.70000000000000107, -1.802455207620986100, 73.61440457572818730 ) ) ;
#426 = LINE ( 'NONE', #5352, #8750 ) ;
#427 = LINE ( 'NONE', #8111, #11808 ) ;
#428 = DIRECTION ( 'NONE',  ( -1.000000000000000000, -0.000000000000000000, -0.000000000000000000 ) ) ;
#429 = EDGE_CURVE ( 'NONE', #7191, #2825, #2831, .T. ) ;
#430 = VERTEX_POINT ( 'NONE', #12089 ) ;
#431 = EDGE_LOOP ( 'NONE', ( #10594, #4515, #2462, #11183 ) ) ;
#432 = ORIENTED_EDGE ( 'NONE', *, *, #923, .F. ) ;
#433 = ORIENTED_EDGE ( 'NONE', *, *, #11857, .T. ) ;
#434 = ORIENTED_EDGE ( 'NONE', *, *, #6661, .T. ) ;
#435 = DIRECTION ( 'NONE',  ( -1.000000000000000000, -0.000000000000000000, -0.000000000000000000 ) ) ;
#436 = VECTOR ( 'NONE', #295, 1000.000000000000000 ) ;
#437 = DIRECTION ( 'NONE',  ( 0.000000000000000000, 0.000000000000000000, -1.000000000000000000 ) ) ;
#438 = DIRECTION ( 'NONE',  ( -0.000000000000000000, 1.000000000000000000, -0.000000000000000000 ) ) ;
#439 = LINE ( 'NONE', #4340, #2842 ) ;
#440 = CARTESIAN_POINT ( 'NONE',  ( -12.69999999999999751, -8.791741348502467801, 26.82191132943921019 ) ) ;
#441 = CARTESIAN_POINT ( 'NONE',  ( 12.70000000000000107, -8.791741348502544184, 49.37808867056075712 ) ) ;
#442 = CARTESIAN_POINT ( 'NONE',  ( -12.69999999999999751, -10.07084749364648069, 75.98106772950202981 ) ) ;
#443 = CARTESIAN_POINT ( 'NONE',  ( 12.70000000000000107, 16.22512784221244786, 45.07919284400875171 ) ) ;
#444 = EDGE_CURVE ( 'NONE', #1399, #6966, #2031, .T. ) ;
#445 = ORIENTED_EDGE ( 'NONE', *, *, #691, .T. ) ;
#446 = VECTOR ( 'NONE', #2365, 1000.000000000000000 ) ;
#447 = ORIENTED_EDGE ( 'NONE', *, *, #3824, .F. ) ;
#448 = ORIENTED_EDGE ( 'NONE', *, *, #2566, .T. ) ;
#449 = CARTESIAN_POINT ( 'NONE',  ( 12.70000000000000107, -12.33648634558010748, 100.3747697111192281 ) ) ;
#450 = DIRECTION ( 'NONE',  ( -1.000000000000000000, -0.000000000000000000, -0.000000000000000000 ) ) ;
#451 = AXIS2_PLACEMENT_3D ( 'NONE', #1878, #9698, #3282 ) ;
#452 = AXIS2_PLACEMENT_3D ( 'NONE', #1203, #9325, #1581 ) ;
#453 = FACE_OUTER_BOUND ( 'NONE', #7900, .T. ) ;
#454 = DIRECTION ( 'NONE',  ( 0.000000000000000000, 0.000000000000000000, 1.000000000000000000 ) ) ;
#455 = DIRECTION ( 'NONE',  ( 0.000000000000000000, 0.000000000000000000, 1.000000000000000000 ) ) ;
#456 = LINE ( 'NONE', #9098, #6958 ) ;
#457 = LINE ( 'NONE', #519, #11961 ) ;
#458 = CARTESIAN_POINT ( 'NONE',  ( 12.70000000000000107, 11.15407434219260630, 128.5573278018421490 ) ) ;
#459 = EDGE_CURVE ( 'NONE', #11867, #2557, #5503, .T. ) ;
#460 = EDGE_CURVE ( 'NONE', #5205, #8175, #12463, .T. ) ;
#461 = VERTEX_POINT ( 'NONE', #2753 ) ;
#462 = VECTOR ( 'NONE', #4928, 1000.000000000000000 ) ;
#463 = AXIS2_PLACEMENT_3D ( 'NONE', #3747, #7665, #6701 ) ;
#464 = ORIENTED_EDGE ( 'NONE', *, *, #10559, .T. ) ;
#465 = ORIENTED_EDGE ( 'NONE', *, *, #9568, .T. ) ;
#466 = ORIENTED_EDGE ( 'NONE', *, *, #9242, .F. ) ;
#467 = ORIENTED_EDGE ( 'NONE', *, *, #4480, .T. ) ;
#468 = DIRECTION ( 'NONE',  ( -1.000000000000000000, 0.000000000000000000, 0.000000000000000000 ) ) ;
#469 = CARTESIAN_POINT ( 'NONE',  ( 12.70000000000000107, -10.07084749364648069, 126.7810677295020128 ) ) ;
#470 = CARTESIAN_POINT ( 'NONE',  ( -12.69999999999999751, -10.07084749364648069, 27.26156772950202267 ) ) ;
#471 = DIRECTION ( 'NONE',  ( 0.000000000000000000, 0.000000000000000000, 1.000000000000000000 ) ) ;
#472 = EDGE_CURVE ( 'NONE', #10319, #262, #12680, .T. ) ;
#473 = LINE ( 'NONE', #9178, #4695 ) ;
#474 = CIRCLE ( 'NONE', #3532, 17.66250000000000497 ) ;
#475 = CYLINDRICAL_SURFACE ( 'NONE', #4403, 2.080499999999985139 ) ;
#476 = ADVANCED_FACE ( 'NONE', ( #3535 ), #7392, .T. ) ;
#477 = EDGE_CURVE ( 'NONE', #1727, #7659, #12387, .T. ) ;
#478 = DIRECTION ( 'NONE',  ( -1.000000000000000000, 0.000000000000000000, 0.000000000000000000 ) ) ;
#479 = ORIENTED_EDGE ( 'NONE', *, *, #3290, .T. ) ;
#480 = ORIENTED_EDGE ( 'NONE', *, *, #362, .F. ) ;
#481 = VERTEX_POINT ( 'NONE', #720 ) ;
#482 = AXIS2_PLACEMENT_3D ( 'NONE', #8407, #11910, #11973 ) ;
#483 = AXIS2_PLACEMENT_3D ( 'NONE', #3795, #4051, #2072 ) ;
#484 = ORIENTED_EDGE ( 'NONE', *, *, #3417, .T. ) ;
#485 = ORIENTED_EDGE ( 'NONE', *, *, #9227, .T. ) ;
#486 = CARTESIAN_POINT ( 'NONE',  ( -12.69999999999999751, 14.15672222192832841, 78.33822353099817803 ) ) ;
#487 = FACE_OUTER_BOUND ( 'NONE', #12302, .T. ) ;
#488 = DIRECTION ( 'NONE',  ( 0.000000000000000000, 0.000000000000000000, 1.000000000000000000 ) ) ;
#489 = EDGE_CURVE ( 'NONE', #7977, #8729, #4896, .T. ) ;
#490 = DIRECTION ( 'NONE',  ( -1.000000000000000000, -0.000000000000000000, -0.000000000000000000 ) ) ;
#491 = AXIS2_PLACEMENT_3D ( 'NONE', #4799, #11407, #3640 ) ;
#492 = EDGE_CURVE ( 'NONE', #8175, #6095, #5094, .T. ) ;
#493 = ORIENTED_EDGE ( 'NONE', *, *, #5959, .T. ) ;
#494 = ORIENTED_EDGE ( 'NONE', *, *, #1323, .F. ) ;
#495 = ADVANCED_FACE ( 'NONE', ( #4498 ), #5655, .F. ) ;
#496 = ORIENTED_EDGE ( 'NONE', *, *, #3628, .T. ) ;
#497 = ORIENTED_EDGE ( 'NONE', *, *, #770, .T. ) ;
#498 = ORIENTED_EDGE ( 'NONE', *, *, #4229, .F. ) ;
#499 = AXIS2_PLACEMENT_3D ( 'NONE', #11343, #12311, #1722 ) ;
#500 = CARTESIAN_POINT ( 'NONE',  ( 12.70000000000000107, -11.15407434219244465, 26.95732780184198774 ) ) ;
#501 = FACE_OUTER_BOUND ( 'NONE', #12282, .T. ) ;
#502 = LINE ( 'NONE', #4399, #7157 ) ;
#503 = DIRECTION ( 'NONE',  ( -1.000000000000000000, -0.000000000000000000, -0.000000000000000000 ) ) ;
#504 = EDGE_CURVE ( 'NONE', #9170, #5269, #6550, .T. ) ;
#505 = CARTESIAN_POINT ( 'NONE',  ( 9.525000000000000355, 3.577867169202164632E-15, 88.90000000000000568 ) ) ;
#506 = CYLINDRICAL_SURFACE ( 'NONE', #4036, 2.499999999999992006 ) ;
#507 = ORIENTED_EDGE ( 'NONE', *, *, #12568, .T. ) ;
#508 = CIRCLE ( 'NONE', #7663, 2.080499999999998906 ) ;
#509 = EDGE_LOOP ( 'NONE', ( #4194, #3967, #3694, #11459 ) ) ;
#510 = MANIFOLD_SOLID_BREP ( 'LPattern1', #8765 ) ;
#511 = VERTEX_POINT ( 'NONE', #11488 ) ;
#512 = DIRECTION ( 'NONE',  ( 0.000000000000000000, 0.000000000000000000, 1.000000000000000000 ) ) ;
#513 = DIRECTION ( 'NONE',  ( -1.000000000000000000, 0.000000000000000000, 0.000000000000000000 ) ) ;
#514 = ADVANCED_FACE ( 'NONE', ( #1808 ), #9628, .F. ) ;
#515 = DIRECTION ( 'NONE',  ( -1.000000000000000000, -0.000000000000000000, -0.000000000000000000 ) ) ;
#516 = DIRECTION ( 'NONE',  ( 0.000000000000000000, 0.000000000000000000, 1.000000000000000000 ) ) ;
#517 = CARTESIAN_POINT ( 'NONE',  ( 12.70000000000000107, -10.07084749364648069, 75.98106772950202981 ) ) ;
#518 = PLANE ( 'NONE',  #1027 ) ;
#519 = CARTESIAN_POINT ( 'NONE',  ( 9.525000000000000355, -22.22499999999999787, 0.000000000000000000 ) ) ;
#520 = CARTESIAN_POINT ( 'NONE',  ( 12.70000000000000107, 16.22512784221244786, 95.87919284400875597 ) ) ;
#521 = VERTEX_POINT ( 'NONE', #2573 ) ;
#522 = ORIENTED_EDGE ( 'NONE', *, *, #1382, .T. ) ;
#523 = VERTEX_POINT ( 'NONE', #8409 ) ;
#524 = ORIENTED_EDGE ( 'NONE', *, *, #10002, .F. ) ;
#525 = ORIENTED_EDGE ( 'NONE', *, *, #4967, .T. ) ;
#526 = EDGE_CURVE ( 'NONE', #5934, #4787, #12329, .T. ) ;
#527 = DIRECTION ( 'NONE',  ( 0.000000000000000000, 0.000000000000000000, -1.000000000000000000 ) ) ;
#528 = CARTESIAN_POINT ( 'NONE',  ( 12.70000000000000107, -8.791741348502467801, 77.62191132943921446 ) ) ;
#529 = DIRECTION ( 'NONE',  ( -1.000000000000000000, 0.000000000000000000, 0.000000000000000000 ) ) ;
#530 = CARTESIAN_POINT ( 'NONE',  ( -12.69999999999999751, -12.69999999999999929, 65.99999999999998579 ) ) ;
#531 = VECTOR ( 'NONE', #8083, 1000.000000000000000 ) ;
#532 = CARTESIAN_POINT ( 'NONE',  ( 1.555301434917138038E-15, 25.40000000000000213, 27.89999999999998792 ) ) ;
#533 = DIRECTION ( 'NONE',  ( 0.000000000000000000, 0.000000000000000000, -1.000000000000000000 ) ) ;
#534 = LINE ( 'NONE', #3478, #3787 ) ;
#535 = AXIS2_PLACEMENT_3D ( 'NONE', #8716, #9747, #5179 ) ;
#536 = CIRCLE ( 'NONE', #5654, 2.080499999999998906 ) ;
#537 = EDGE_CURVE ( 'NONE', #4224, #10589, #11441, .T. ) ;
#538 = CARTESIAN_POINT ( 'NONE',  ( 9.525000000000000355, -12.33648634558004353, 79.69623028888069882 ) ) ;
#539 = ORIENTED_EDGE ( 'NONE', *, *, #543, .F. ) ;
#540 = AXIS2_PLACEMENT_3D ( 'NONE', #3443, #7480, #1586 ) ;
#541 = ORIENTED_EDGE ( 'NONE', *, *, #11913, .T. ) ;
#542 = VERTEX_POINT ( 'NONE', #6611 ) ;
#543 = EDGE_CURVE ( 'NONE', #621, #4101, #8566, .T. ) ;
#544 = ORIENTED_EDGE ( 'NONE', *, *, #2858, .F. ) ;
#545 = ORIENTED_EDGE ( 'NONE', *, *, #2346, .T. ) ;
#546 = CARTESIAN_POINT ( 'NONE',  ( 12.70000000000000107, -15.22687436074362388, 84.81162436304001062 ) ) ;
#547 = EDGE_CURVE ( 'NONE', #5755, #9497, #1553, .T. ) ;
#548 = DIRECTION ( 'NONE',  ( -1.000000000000000000, -0.000000000000000000, -0.000000000000000000 ) ) ;
#549 = ADVANCED_FACE ( 'NONE', ( #7643, #11556, #11303, #9492, #2515, #10393, #1615, #5531, #9432, #4560, #8473, #5075, #12583, #3923, #2950, #11691 ), #2003, .F. ) ;
#550 = VECTOR ( 'NONE', #410, 1000.000000000000000 ) ;
#551 = DIRECTION ( 'NONE',  ( 0.000000000000000000, 0.000000000000000000, 1.000000000000000000 ) ) ;
#552 = DIRECTION ( 'NONE',  ( 0.000000000000000000, 0.000000000000000000, -1.000000000000000000 ) ) ;
#553 = CIRCLE ( 'NONE', #5866, 2.499999999999996891 ) ;
#554 = AXIS2_PLACEMENT_3D ( 'NONE', #2248, #10964, #11877 ) ;
#555 = ORIENTED_EDGE ( 'NONE', *, *, #10427, .F. ) ;
#556 = ORIENTED_EDGE ( 'NONE', *, *, #4936, .T. ) ;
#557 = CIRCLE ( 'NONE', #7716, 2.080499999999998906 ) ;
#558 = ORIENTED_EDGE ( 'NONE', *, *, #1651, .T. ) ;
#559 = EDGE_CURVE ( 'NONE', #5331, #3601, #6741, .T. ) ;
#560 = ORIENTED_EDGE ( 'NONE', *, *, #8575, .T. ) ;
#561 = VECTOR ( 'NONE', #9781, 1000.000000000000000 ) ;
#562 = AXIS2_PLACEMENT_3D ( 'NONE', #11469, #7371, #3569 ) ;
#563 = LINE ( 'NONE', #5681, #10577 ) ;
#564 = EDGE_CURVE ( 'NONE', #5348, #6049, #2426, .T. ) ;
#565 = CYLINDRICAL_SURFACE ( 'NONE', #9254, 2.499999999999988454 ) ;
#566 = CARTESIAN_POINT ( 'NONE',  ( 3.061616997868374760E-16, -25.39999999999999503, 10.20000000000000639 ) ) ;
#567 = CARTESIAN_POINT ( 'NONE',  ( 9.525000000000000355, -1.802455207620986100, 104.1855954242718525 ) ) ;
#568 = CYLINDRICAL_SURFACE ( 'NONE', #7219, 2.080499999999998906 ) ;
#569 = CARTESIAN_POINT ( 'NONE',  ( 7.746038523653021987E-16, 25.40000000000000213, 88.89999999999999147 ) ) ;
#570 = CIRCLE ( 'NONE', #5480, 17.66250000000000142 ) ;
#571 = EDGE_LOOP ( 'NONE', ( #12684, #3255 ) ) ;
#572 = ADVANCED_FACE ( 'NONE', ( #6044 ), #4045, .T. ) ;
#573 = DIRECTION ( 'NONE',  ( 0.000000000000000000, 0.000000000000000000, 1.000000000000000000 ) ) ;
#574 = EDGE_LOOP ( 'NONE', ( #10395, #4875, #3681, #4693 ) ) ;
#575 = ORIENTED_EDGE ( 'NONE', *, *, #3697, .T. ) ;
#576 = LINE ( 'NONE', #323, #10431 ) ;
#577 = DIRECTION ( 'NONE',  ( 0.000000000000000000, 0.000000000000000000, 1.000000000000000000 ) ) ;
#578 = CIRCLE ( 'NONE', #2807, 2.271000000000002128 ) ;
#579 = CARTESIAN_POINT ( 'NONE',  ( 9.525000000000000355, 2.068405620284298418, 157.2409693130105097 ) ) ;
#580 = CARTESIAN_POINT ( 'NONE',  ( -12.69999999999999751, 3.577867169202164632E-15, 139.7000000000000171 ) ) ;
#581 = DIRECTION ( 'NONE',  ( -1.000000000000000000, -0.000000000000000000, -0.000000000000000000 ) ) ;
#582 = CARTESIAN_POINT ( 'NONE',  ( 12.70000000000000107, -14.15672222192817387, 78.33822353099797908 ) ) ;
#583 = CARTESIAN_POINT ( 'NONE',  ( -12.69999999999999751, 0.000000000000000000, 114.2999999999999972 ) ) ;
#584 = ADVANCED_FACE ( 'NONE', ( #9757 ), #11626, .T. ) ;
#585 = AXIS2_PLACEMENT_3D ( 'NONE', #4710, #5673, #861 ) ;
#586 = ORIENTED_EDGE ( 'NONE', *, *, #9758, .F. ) ;
#587 = ORIENTED_EDGE ( 'NONE', *, *, #155, .F. ) ;
#588 = VERTEX_POINT ( 'NONE', #11882 ) ;
#589 = VERTEX_POINT ( 'NONE', #9943 ) ;
#590 = FACE_OUTER_BOUND ( 'NONE', #6835, .T. ) ;
#591 = CARTESIAN_POINT ( 'NONE',  ( -12.69999999999999751, -16.22512784221249404, 132.7208071559913947 ) ) ;
#592 = CARTESIAN_POINT ( 'NONE',  ( 12.70000000000000107, -5.371240620587816927, 24.84708431341438839 ) ) ;
#593 = AXIS2_PLACEMENT_3D ( 'NONE', #2367, #9279, #11029 ) ;
#594 = DIRECTION ( 'NONE',  ( 0.000000000000000000, 0.000000000000000000, 1.000000000000000000 ) ) ;
#595 = AXIS2_PLACEMENT_3D ( 'NONE', #3936, #2080, #8040 ) ;
#596 = DIRECTION ( 'NONE',  ( -0.000000000000000000, 1.000000000000000000, -0.000000000000000000 ) ) ;
#597 = DIRECTION ( 'NONE',  ( -1.000000000000000000, 0.000000000000000000, 0.000000000000000000 ) ) ;
#598 = CARTESIAN_POINT ( 'NONE',  ( -9.525000000000000355, -14.13894155320104851, 133.6181742868473634 ) ) ;
#599 = CARTESIAN_POINT ( 'NONE',  ( -12.69999999999999751, -12.69999999999999929, 114.2999999999999972 ) ) ;
#600 = EDGE_CURVE ( 'NONE', #7737, #7596, #4079, .T. ) ;
#601 = ORIENTED_EDGE ( 'NONE', *, *, #9858, .T. ) ;
#602 = ORIENTED_EDGE ( 'NONE', *, *, #4548, .F. ) ;
#603 = CIRCLE ( 'NONE', #395, 2.080500000000013117 ) ;
#604 = AXIS2_PLACEMENT_3D ( 'NONE', #2312, #11039, #11947 ) ;
#605 = ORIENTED_EDGE ( 'NONE', *, *, #2406, .T. ) ;
#606 = ORIENTED_EDGE ( 'NONE', *, *, #2160, .F. ) ;
#607 = CARTESIAN_POINT ( 'NONE',  ( 12.70000000000000107, -14.16298196909034779, 40.07482701602484099 ) ) ;
#608 = CARTESIAN_POINT ( 'NONE',  ( -9.525000000000000355, -12.33648634558010748, 49.57476971111923802 ) ) ;
#609 = AXIS2_PLACEMENT_3D ( 'NONE', #131, #3133, #8254 ) ;
#610 = FACE_OUTER_BOUND ( 'NONE', #5024, .T. ) ;
#611 = FACE_BOUND ( 'NONE', #6786, .T. ) ;
#612 = CARTESIAN_POINT ( 'NONE',  ( -12.69999999999999751, 14.13894155320100943, 94.98182571315275879 ) ) ;
#613 = AXIS2_PLACEMENT_3D ( 'NONE', #10791, #4187, #2014 ) ;
#614 = CIRCLE ( 'NONE', #2447, 2.270999999999995467 ) ;
#615 = CARTESIAN_POINT ( 'NONE',  ( 12.70000000000000107, -14.16298196909033535, 86.92517298397507375 ) ) ;
#616 = EDGE_CURVE ( 'NONE', #11933, #6250, #11248, .T. ) ;
#617 = ORIENTED_EDGE ( 'NONE', *, *, #107, .T. ) ;
#618 = AXIS2_PLACEMENT_3D ( 'NONE', #9217, #2303, #8265 ) ;
#619 = EDGE_CURVE ( 'NONE', #461, #3052, #1620, .T. ) ;
#620 = ORIENTED_EDGE ( 'NONE', *, *, #7268, .F. ) ;
#621 = VERTEX_POINT ( 'NONE', #10911 ) ;
#622 = VERTEX_POINT ( 'NONE', #3081 ) ;
#623 = AXIS2_PLACEMENT_3D ( 'NONE', #8080, #11942, #3139 ) ;
#624 = CARTESIAN_POINT ( 'NONE',  ( 12.70000000000000107, 12.33648634557998314, 148.9037697111193950 ) ) ;
#625 = FACE_OUTER_BOUND ( 'NONE', #5535, .T. ) ;
#626 = CARTESIAN_POINT ( 'NONE',  ( 12.70000000000000107, 3.577867169202164632E-15, 38.10000000000001563 ) ) ;
#627 = DIRECTION ( 'NONE',  ( 0.000000000000000000, 0.000000000000000000, 1.000000000000000000 ) ) ;
#628 = CIRCLE ( 'NONE', #1237, 2.499999999999988454 ) ;
#629 = DIRECTION ( 'NONE',  ( 0.000000000000000000, -0.000000000000000000, -1.000000000000000000 ) ) ;
#630 = DIRECTION ( 'NONE',  ( -0.000000000000000000, 1.000000000000000000, -0.000000000000000000 ) ) ;
#631 = EDGE_LOOP ( 'NONE', ( #3388, #10617, #10216, #7277 ) ) ;
#632 = EDGE_CURVE ( 'NONE', #4839, #9837, #5717, .T. ) ;
#633 = EDGE_CURVE ( 'NONE', #3708, #12177, #3017, .T. ) ;
#634 = CARTESIAN_POINT ( 'NONE',  ( 12.70000000000000107, 14.15672222192832841, 129.1382235309981752 ) ) ;
#635 = AXIS2_PLACEMENT_3D ( 'NONE', #7694, #8587, #9482 ) ;
#636 = ORIENTED_EDGE ( 'NONE', *, *, #11005, .T. ) ;
#637 = ORIENTED_EDGE ( 'NONE', *, *, #10719, .F. ) ;
#638 = FACE_OUTER_BOUND ( 'NONE', #10458, .T. ) ;
#639 = DIRECTION ( 'NONE',  ( -1.000000000000000000, 0.000000000000000000, 0.000000000000000000 ) ) ;
#640 = DIRECTION ( 'NONE',  ( -1.000000000000000000, -0.000000000000000000, -0.000000000000000000 ) ) ;
#641 = ADVANCED_FACE ( 'NONE', ( #1871 ), #1102, .T. ) ;
#642 = DIRECTION ( 'NONE',  ( 1.000000000000000000, 0.000000000000000000, 0.000000000000000000 ) ) ;
#643 = FACE_OUTER_BOUND ( 'NONE', #2742, .T. ) ;
#644 = CIRCLE ( 'NONE', #1257, 2.080499999999985139 ) ;
#645 = CARTESIAN_POINT ( 'NONE',  ( 1.555301434917138433E-15, 25.40000000000000213, 165.0999999999999943 ) ) ;
#646 = CARTESIAN_POINT ( 'NONE',  ( 12.70000000000000107, 5.371240620587830250, 152.9529156865856407 ) ) ;
#647 = EDGE_CURVE ( 'NONE', #10137, #2843, #977, .T. ) ;
#648 = DIRECTION ( 'NONE',  ( 1.000000000000000000, -0.000000000000000000, -0.000000000000000000 ) ) ;
#649 = ORIENTED_EDGE ( 'NONE', *, *, #7454, .F. ) ;
#650 = ORIENTED_EDGE ( 'NONE', *, *, #9846, .T. ) ;
#651 = AXIS2_PLACEMENT_3D ( 'NONE', #377, #7164, #2288 ) ;
#652 = ORIENTED_EDGE ( 'NONE', *, *, #2748, .F. ) ;
#653 = ORIENTED_EDGE ( 'NONE', *, *, #492, .T. ) ;
#654 = CARTESIAN_POINT ( 'NONE',  ( 12.70000000000000107, 0.000000000000000000, 165.0999999999999943 ) ) ;
#655 = CARTESIAN_POINT ( 'NONE',  ( 12.70000000000000107, 16.22512784221258997, 81.92080715599162488 ) ) ;
#656 = CARTESIAN_POINT ( 'NONE',  ( 7.746038523653021987E-16, -22.22499999999999787, 88.89999999999999147 ) ) ;
#657 = ADVANCED_FACE ( 'NONE', ( #1167 ), #4818, .F. ) ;
#658 = CARTESIAN_POINT ( 'NONE',  ( -9.525000000000000355, -14.13894155320104851, 82.81817428684736626 ) ) ;
#659 = DIRECTION ( 'NONE',  ( -1.000000000000000000, -0.000000000000000000, -0.000000000000000000 ) ) ;
#660 = CARTESIAN_POINT ( 'NONE',  ( 12.70000000000000107, 5.371240620587830250, 102.1529156865856294 ) ) ;
#661 = AXIS2_PLACEMENT_3D ( 'NONE', #7746, #2045, #7810 ) ;
#662 = CIRCLE ( 'NONE', #463, 2.270999999999995467 ) ;
#663 = DIRECTION ( 'NONE',  ( 0.000000000000000000, 0.000000000000000000, 1.000000000000000000 ) ) ;
#664 = ORIENTED_EDGE ( 'NONE', *, *, #11224, .T. ) ;
#665 = VERTEX_POINT ( 'NONE', #7772 ) ;
#666 = ORIENTED_EDGE ( 'NONE', *, *, #5439, .F. ) ;
#667 = VERTEX_POINT ( 'NONE', #2888 ) ;
#668 = DIRECTION ( 'NONE',  ( 0.000000000000000000, 0.000000000000000000, 1.000000000000000000 ) ) ;
#669 = CIRCLE ( 'NONE', #8646, 2.499999999999988454 ) ;
#670 = CARTESIAN_POINT ( 'NONE',  ( -9.525000000000000355, -14.16298196909033535, 86.92517298397507375 ) ) ;
#671 = CARTESIAN_POINT ( 'NONE',  ( -12.69999999999999751, 12.69999999999999929, 61.00000000000000711 ) ) ;
#672 = CARTESIAN_POINT ( 'NONE',  ( -9.525000000000000355, 3.577867169202164632E-15, 139.7000000000000171 ) ) ;
#673 = EDGE_CURVE ( 'NONE', #10938, #9594, #1214, .T. ) ;
#674 = DIRECTION ( 'NONE',  ( 1.000000000000000000, 0.000000000000000000, 0.000000000000000000 ) ) ;
#675 = CARTESIAN_POINT ( 'NONE',  ( 9.525000000000000355, 1.802455207620993427, 124.4144045757281845 ) ) ;
#676 = LINE ( 'NONE', #4771, #4056 ) ;
#677 = ORIENTED_EDGE ( 'NONE', *, *, #11915, .F. ) ;
#678 = AXIS2_PLACEMENT_3D ( 'NONE', #11758, #914, #4957 ) ;
#679 = ORIENTED_EDGE ( 'NONE', *, *, #10289, .T. ) ;
#680 = EDGE_LOOP ( 'NONE', ( #895, #6552 ) ) ;
#681 = CYLINDRICAL_SURFACE ( 'NONE', #7506, 14.30000000000000782 ) ;
#682 = CYLINDRICAL_SURFACE ( 'NONE', #251, 2.271000000000002128 ) ;
#683 = CARTESIAN_POINT ( 'NONE',  ( 12.70000000000000107, 3.577867169202164632E-15, 139.7000000000000171 ) ) ;
#684 = DIRECTION ( 'NONE',  ( 0.000000000000000000, 0.000000000000000000, 1.000000000000000000 ) ) ;
#685 = EDGE_CURVE ( 'NONE', #5550, #4698, #7766, .T. ) ;
#686 = AXIS2_PLACEMENT_3D ( 'NONE', #1598, #8516, #12563 ) ;
#687 = DIRECTION ( 'NONE',  ( -1.000000000000000000, -0.000000000000000000, -0.000000000000000000 ) ) ;
#688 = DIRECTION ( 'NONE',  ( -1.000000000000000000, 0.000000000000000000, 0.000000000000000000 ) ) ;
#689 = VERTEX_POINT ( 'NONE', #10970 ) ;
#690 = EDGE_LOOP ( 'NONE', ( #3617, #12389, #1712, #5744 ) ) ;
#691 = EDGE_CURVE ( 'NONE', #11489, #6710, #5314, .T. ) ;
#692 = AXIS2_PLACEMENT_3D ( 'NONE', #8224, #2387, #471 ) ;
#693 = VERTEX_POINT ( 'NONE', #3337 ) ;
#694 = EDGE_CURVE ( 'NONE', #4740, #2099, #8571, .T. ) ;
#695 = CARTESIAN_POINT ( 'NONE',  ( 7.746038523653021987E-16, -25.39999999999999503, 38.09999999999999432 ) ) ;
#696 = DIRECTION ( 'NONE',  ( 0.000000000000000000, 0.000000000000000000, 1.000000000000000000 ) ) ;
#697 = ADVANCED_FACE ( 'NONE', ( #2605 ), #274, .F. ) ;
#698 = EDGE_CURVE ( 'NONE', #304, #9045, #2252, .T. ) ;
#699 = CARTESIAN_POINT ( 'NONE',  ( 1.555301434917138038E-15, 25.40000000000000213, 76.19999999999998863 ) ) ;
#700 = AXIS2_PLACEMENT_3D ( 'NONE', #10001, #5323, #454 ) ;
#701 = CARTESIAN_POINT ( 'NONE',  ( -12.69999999999999751, 25.40000000000000213, 177.8000000000000114 ) ) ;
#702 = FACE_OUTER_BOUND ( 'NONE', #11124, .T. ) ;
#703 = DIRECTION ( 'NONE',  ( 0.000000000000000000, 0.000000000000000000, 1.000000000000000000 ) ) ;
#704 = CARTESIAN_POINT ( 'NONE',  ( 12.70000000000000107, 10.07084749364666365, 126.7810677295021549 ) ) ;
#705 = ORIENTED_EDGE ( 'NONE', *, *, #1222, .T. ) ;
#706 = DIRECTION ( 'NONE',  ( 0.000000000000000000, 0.000000000000000000, 1.000000000000000000 ) ) ;
#707 = VERTEX_POINT ( 'NONE', #8084 ) ;
#708 = VERTEX_POINT ( 'NONE', #5330 ) ;
#709 = AXIS2_PLACEMENT_3D ( 'NONE', #6312, #11959, #5404 ) ;
#710 = ORIENTED_EDGE ( 'NONE', *, *, #2197, .T. ) ;
#711 = CARTESIAN_POINT ( 'NONE',  ( -12.69999999999999751, -1.802455207620986100, 154.9855954242718497 ) ) ;
#712 = CYLINDRICAL_SURFACE ( 'NONE', #6949, 2.080499999999985139 ) ;
#713 = EDGE_CURVE ( 'NONE', #6918, #1534, #4481, .T. ) ;
#714 = DIRECTION ( 'NONE',  ( -1.000000000000000000, 0.000000000000000000, 0.000000000000000000 ) ) ;
#715 = CARTESIAN_POINT ( 'NONE',  ( -9.525000000000002132, 0.000000000000000000, 116.7999999999999829 ) ) ;
#716 = DIRECTION ( 'NONE',  ( 0.000000000000000000, 0.000000000000000000, 1.000000000000000000 ) ) ;
#717 = CYLINDRICAL_SURFACE ( 'NONE', #1900, 2.270999999999995467 ) ;
#718 = DIRECTION ( 'NONE',  ( -1.000000000000000000, 0.000000000000000000, 0.000000000000000000 ) ) ;
#719 = CIRCLE ( 'NONE', #11368, 2.499999999999995115 ) ;
#720 = CARTESIAN_POINT ( 'NONE',  ( 1.555301434917138433E-15, -25.39999999999999503, 116.7999999999999829 ) ) ;
#721 = ORIENTED_EDGE ( 'NONE', *, *, #3726, .T. ) ;
#722 = ORIENTED_EDGE ( 'NONE', *, *, #10332, .F. ) ;
#723 = ORIENTED_EDGE ( 'NONE', *, *, #5083, .F. ) ;
#724 = EDGE_CURVE ( 'NONE', #11007, #1667, #2837, .T. ) ;
#725 = ORIENTED_EDGE ( 'NONE', *, *, #2173, .T. ) ;
#726 = ORIENTED_EDGE ( 'NONE', *, *, #2707, .T. ) ;
#727 = CARTESIAN_POINT ( 'NONE',  ( 1.080765552152139379E-15, 25.40000000000000213, 99.10000000000000853 ) ) ;
#728 = CIRCLE ( 'NONE', #3387, 14.30000000000000782 ) ;
#729 = DIRECTION ( 'NONE',  ( 1.000000000000000000, 0.000000000000000000, 0.000000000000000000 ) ) ;
#730 = DIRECTION ( 'NONE',  ( -1.000000000000000000, -0.000000000000000000, -0.000000000000000000 ) ) ;
#731 = DIRECTION ( 'NONE',  ( 0.000000000000000000, 0.000000000000000000, 1.000000000000000000 ) ) ;
#732 = DIRECTION ( 'NONE',  ( 0.000000000000000000, 0.000000000000000000, 1.000000000000000000 ) ) ;
#733 = CARTESIAN_POINT ( 'NONE',  ( 9.525000000000000355, 4.072800018551152590, 73.66895216488211418 ) ) ;
#734 = AXIS2_PLACEMENT_3D ( 'NONE', #8880, #11776, #5033 ) ;
#735 = CIRCLE ( 'NONE', #11592, 2.080499999999998906 ) ;
#736 = DIRECTION ( 'NONE',  ( -1.000000000000000000, -0.000000000000000000, -0.000000000000000000 ) ) ;
#737 = AXIS2_PLACEMENT_3D ( 'NONE', #9864, #6718, #5831 ) ;
#738 = VERTEX_POINT ( 'NONE', #1416 ) ;
#739 = EDGE_LOOP ( 'NONE', ( #7379, #5390, #11767, #2053 ) ) ;
#740 = ORIENTED_EDGE ( 'NONE', *, *, #4389, .T. ) ;
#741 = EDGE_CURVE ( 'NONE', #11696, #6868, #7562, .T. ) ;
#742 = AXIS2_PLACEMENT_3D ( 'NONE', #2353, #11328, #5367 ) ;
#743 = VERTEX_POINT ( 'NONE', #9101 ) ;
#744 = FACE_BOUND ( 'NONE', #7409, .T. ) ;
#745 = DIRECTION ( 'NONE',  ( -1.000000000000000000, -0.000000000000000000, -0.000000000000000000 ) ) ;
#746 = AXIS2_PLACEMENT_3D ( 'NONE', #1751, #10341, #3607 ) ;
#747 = CARTESIAN_POINT ( 'NONE',  ( 12.70000000000000107, 10.07084749364666365, 25.18106772950216765 ) ) ;
#748 = CARTESIAN_POINT ( 'NONE',  ( -9.525000000000000355, 8.791741348502393194, 49.37808867056088502 ) ) ;
#749 = DIRECTION ( 'NONE',  ( 1.000000000000000000, 0.000000000000000000, 0.000000000000000000 ) ) ;
#750 = CARTESIAN_POINT ( 'NONE',  ( 9.525000000000000355, -4.072800018551144596, 22.86895216488212412 ) ) ;
#751 = CARTESIAN_POINT ( 'NONE',  ( 12.70000000000000107, 12.33648634558017676, 130.4962302888808949 ) ) ;
#752 = AXIS2_PLACEMENT_3D ( 'NONE', #3850, #7761, #5908 ) ;
#753 = AXIS2_PLACEMENT_3D ( 'NONE', #7007, #10018, #4055 ) ;
#754 = VERTEX_POINT ( 'NONE', #7249 ) ;
#755 = ORIENTED_EDGE ( 'NONE', *, *, #10956, .F. ) ;
#756 = AXIS2_PLACEMENT_3D ( 'NONE', #3374, #10236, #7162 ) ;
#757 = ORIENTED_EDGE ( 'NONE', *, *, #7839, .F. ) ;
#758 = EDGE_CURVE ( 'NONE', #11490, #6091, #4301, .T. ) ;
#759 = ORIENTED_EDGE ( 'NONE', *, *, #12555, .T. ) ;
#760 = CARTESIAN_POINT ( 'NONE',  ( 12.70000000000000107, 16.22354728284504333, 91.16214363188798586 ) ) ;
#761 = CARTESIAN_POINT ( 'NONE',  ( -12.69999999999999929, 12.69999999999999929, 61.00000000000001421 ) ) ;
#762 = AXIS2_PLACEMENT_3D ( 'NONE', #3487, #8544, #2466 ) ;
#763 = DIRECTION ( 'NONE',  ( 0.000000000000000000, 0.000000000000000000, -1.000000000000000000 ) ) ;
#764 = CARTESIAN_POINT ( 'NONE',  ( 12.70000000000000107, 8.791741348502393194, 100.1780886705608822 ) ) ;
#765 = CARTESIAN_POINT ( 'NONE',  ( -12.69999999999999751, 2.068405620284298418, 55.64096931301052251 ) ) ;
#766 = DIRECTION ( 'NONE',  ( -1.000000000000000000, -0.000000000000000000, -0.000000000000000000 ) ) ;
#767 = DIRECTION ( 'NONE',  ( -1.000000000000000000, -0.000000000000000000, -0.000000000000000000 ) ) ;
#768 = ORIENTED_EDGE ( 'NONE', *, *, #9701, .T. ) ;
#769 = EDGE_CURVE ( 'NONE', #4101, #5155, #9816, .T. ) ;
#770 = EDGE_CURVE ( 'NONE', #10075, #11458, #9395, .T. ) ;
#771 = LINE ( 'NONE', #2806, #10888 ) ;
#772 = AXIS2_PLACEMENT_3D ( 'NONE', #3525, #10206, #3408 ) ;
#773 = ORIENTED_EDGE ( 'NONE', *, *, #10468, .F. ) ;
#774 = ORIENTED_EDGE ( 'NONE', *, *, #7467, .F. ) ;
#775 = ORIENTED_EDGE ( 'NONE', *, *, #1976, .T. ) ;
#776 = FACE_OUTER_BOUND ( 'NONE', #4427, .T. ) ;
#777 = CARTESIAN_POINT ( 'NONE',  ( 12.70000000000000107, 12.33648634557998314, 47.30376971111940776 ) ) ;
#778 = CARTESIAN_POINT ( 'NONE',  ( 12.70000000000000107, 10.07084749364666365, 75.98106772950217191 ) ) ;
#779 = CARTESIAN_POINT ( 'NONE',  ( 12.70000000000000107, 5.371240620587829362, 126.4470843134143934 ) ) ;
#780 = DIRECTION ( 'NONE',  ( 1.000000000000000000, 0.000000000000000000, 0.000000000000000000 ) ) ;
#781 = DIRECTION ( 'NONE',  ( 0.000000000000000000, 0.000000000000000000, 1.000000000000000000 ) ) ;
#782 = DIRECTION ( 'NONE',  ( 1.000000000000000000, -0.000000000000000000, -0.000000000000000000 ) ) ;
#783 = AXIS2_PLACEMENT_3D ( 'NONE', #1885, #11960, #1182 ) ;
#784 = DIRECTION ( 'NONE',  ( 0.000000000000000000, 0.000000000000000000, -1.000000000000000000 ) ) ;
#785 = ORIENTED_EDGE ( 'NONE', *, *, #7866, .T. ) ;
#786 = ADVANCED_FACE ( 'NONE', ( #10425 ), #3209, .F. ) ;
#787 = VERTEX_POINT ( 'NONE', #8980 ) ;
#788 = ORIENTED_EDGE ( 'NONE', *, *, #8298, .T. ) ;
#789 = ORIENTED_EDGE ( 'NONE', *, *, #6524, .F. ) ;
#790 = CARTESIAN_POINT ( 'NONE',  ( -9.525000000000000355, 14.16298196909033003, 90.87482701602503710 ) ) ;
#791 = AXIS2_PLACEMENT_3D ( 'NONE', #11580, #7864, #5685 ) ;
#792 = VECTOR ( 'NONE', #12518, 1000.000000000000000 ) ;
#793 = DIRECTION ( 'NONE',  ( 0.000000000000000000, 0.000000000000000000, 1.000000000000000000 ) ) ;
#794 = DIRECTION ( 'NONE',  ( 0.000000000000000000, 0.000000000000000000, 1.000000000000000000 ) ) ;
#795 = CARTESIAN_POINT ( 'NONE',  ( -9.525000000000000355, 11.15407434219237004, 49.24267219815811814 ) ) ;
#796 = CARTESIAN_POINT ( 'NONE',  ( 12.70000000000000107, 10.07084749364666365, 75.98106772950217191 ) ) ;
#797 = EDGE_CURVE ( 'NONE', #12317, #1667, #12132, .T. ) ;
#798 = AXIS2_PLACEMENT_3D ( 'NONE', #10342, #3545, #2468 ) ;
#799 = CARTESIAN_POINT ( 'NONE',  ( 12.70000000000000107, -14.15672222192825025, 150.2617764690019442 ) ) ;
#800 = CIRCLE ( 'NONE', #7352, 2.080500000000013117 ) ;
#801 = EDGE_LOOP ( 'NONE', ( #3305, #10443, #160, #11109 ) ) ;
#802 = ORIENTED_EDGE ( 'NONE', *, *, #6489, .T. ) ;
#803 = ORIENTED_EDGE ( 'NONE', *, *, #8023, .F. ) ;
#804 = AXIS2_PLACEMENT_3D ( 'NONE', #3969, #11739, #11802 ) ;
#805 = ORIENTED_EDGE ( 'NONE', *, *, #9736, .T. ) ;
#806 = DIRECTION ( 'NONE',  ( 0.000000000000000000, 0.000000000000000000, 1.000000000000000000 ) ) ;
#807 = DIRECTION ( 'NONE',  ( 0.000000000000000000, -1.667602476305511223E-15, 1.000000000000000000 ) ) ;
#808 = LINE ( 'NONE', #3624, #10844 ) ;
#809 = CARTESIAN_POINT ( 'NONE',  ( 9.525000000000000355, 3.061616997868362434E-16, 162.5999999999999943 ) ) ;
#810 = AXIS2_PLACEMENT_3D ( 'NONE', #10645, #5644, #9553 ) ;
#811 = CARTESIAN_POINT ( 'NONE',  ( 9.525000000000000355, -12.69999999999999929, 116.7999999999999829 ) ) ;
#812 = DIRECTION ( 'NONE',  ( -1.000000000000000000, -0.000000000000000000, -0.000000000000000000 ) ) ;
#813 = EDGE_CURVE ( 'NONE', #5710, #961, #7188, .T. ) ;
#814 = DIRECTION ( 'NONE',  ( -1.000000000000000000, -0.000000000000000000, -0.000000000000000000 ) ) ;
#815 = VERTEX_POINT ( 'NONE', #5268 ) ;
#816 = VERTEX_POINT ( 'NONE', #1353 ) ;
#817 = CIRCLE ( 'NONE', #7986, 2.080500000000013117 ) ;
#818 = ORIENTED_EDGE ( 'NONE', *, *, #4396, .F. ) ;
#819 = ORIENTED_EDGE ( 'NONE', *, *, #6916, .F. ) ;
#820 = CIRCLE ( 'NONE', #618, 2.499999999999988454 ) ;
#821 = DIRECTION ( 'NONE',  ( 0.000000000000000000, 0.000000000000000000, 1.000000000000000000 ) ) ;
#822 = CARTESIAN_POINT ( 'NONE',  ( -12.69999999999999751, -12.33648634558010748, 151.1747697111192394 ) ) ;
#823 = DIRECTION ( 'NONE',  ( -1.000000000000000000, -0.000000000000000000, -0.000000000000000000 ) ) ;
#824 = EDGE_CURVE ( 'NONE', #12031, #7340, #12356, .T. ) ;
#825 = DIRECTION ( 'NONE',  ( 1.000000000000000000, 0.000000000000000000, 0.000000000000000000 ) ) ;
#826 = CARTESIAN_POINT ( 'NONE',  ( 1.555301434917138433E-15, 22.22500000000000142, 167.5999999999999943 ) ) ;
#827 = CARTESIAN_POINT ( 'NONE',  ( 9.525000000000000355, 3.577867169202164632E-15, 38.10000000000001563 ) ) ;
#828 = CARTESIAN_POINT ( 'NONE',  ( -12.69999999999999751, -2.068405620284295310, 106.4409693130105268 ) ) ;
#829 = ORIENTED_EDGE ( 'NONE', *, *, #4593, .T. ) ;
#830 = CIRCLE ( 'NONE', #9632, 14.30000000000000782 ) ;
#831 = VERTEX_POINT ( 'NONE', #11394 ) ;
#832 = VERTEX_POINT ( 'NONE', #3562 ) ;
#833 = ORIENTED_EDGE ( 'NONE', *, *, #4548, .T. ) ;
#834 = CARTESIAN_POINT ( 'NONE',  ( 12.70000000000000107, 15.22687436074360257, 42.18837563696011017 ) ) ;
#835 = LINE ( 'NONE', #11741, #2603 ) ;
#836 = AXIS2_PLACEMENT_3D ( 'NONE', #8878, #3043, #6066 ) ;
#837 = CARTESIAN_POINT ( 'NONE',  ( -12.69999999999999751, 12.33648634558017676, 28.89623028888087930 ) ) ;
#838 = DIRECTION ( 'NONE',  ( 0.000000000000000000, 0.000000000000000000, -1.000000000000000000 ) ) ;
#839 = LINE ( 'NONE', #9488, #11978 ) ;
#840 = EDGE_CURVE ( 'NONE', #9058, #3111, #10621, .T. ) ;
#841 = DIRECTION ( 'NONE',  ( 0.000000000000000000, 0.000000000000000000, -1.000000000000000000 ) ) ;
#842 = CYLINDRICAL_SURFACE ( 'NONE', #6343, 17.66249999999999787 ) ;
#843 = CYLINDRICAL_SURFACE ( 'NONE', #11945, 17.66249999999999787 ) ;
#844 = CARTESIAN_POINT ( 'NONE',  ( 12.70000000000000107, -5.371240620587821368, 51.35291568658563932 ) ) ;
#845 = DIRECTION ( 'NONE',  ( -1.000000000000000000, -0.000000000000000000, -0.000000000000000000 ) ) ;
#846 = VERTEX_POINT ( 'NONE', #8024 ) ;
#847 = VECTOR ( 'NONE', #3327, 1000.000000000000000 ) ;
#848 = ORIENTED_EDGE ( 'NONE', *, *, #11282, .F. ) ;
#849 = EDGE_LOOP ( 'NONE', ( #1131, #12405, #5656, #9791 ) ) ;
#850 = EDGE_CURVE ( 'NONE', #9494, #4444, #5513, .T. ) ;
#851 = ORIENTED_EDGE ( 'NONE', *, *, #7468, .T. ) ;
#852 = ORIENTED_EDGE ( 'NONE', *, *, #12032, .F. ) ;
#853 = CARTESIAN_POINT ( 'NONE',  ( -9.525000000000000355, -1.802455207620986100, 104.1855954242718525 ) ) ;
#854 = CARTESIAN_POINT ( 'NONE',  ( 12.70000000000000107, -2.068405620284290425, 122.1590306869894960 ) ) ;
#855 = CARTESIAN_POINT ( 'NONE',  ( -12.69999999999999751, 3.061616997868373773E-16, 162.5999999999999943 ) ) ;
#856 = EDGE_CURVE ( 'NONE', #1680, #7046, #1912, .T. ) ;
#857 = DIRECTION ( 'NONE',  ( 0.000000000000000000, 0.000000000000000000, 1.000000000000000000 ) ) ;
#858 = VECTOR ( 'NONE', #1012, 1000.000000000000000 ) ;
#859 = CARTESIAN_POINT ( 'NONE',  ( -9.525000000000000355, 3.577867169202164632E-15, 139.7000000000000171 ) ) ;
#860 = EDGE_CURVE ( 'NONE', #12332, #3169, #3257, .T. ) ;
#861 = DIRECTION ( 'NONE',  ( 0.000000000000000000, 0.000000000000000000, 1.000000000000000000 ) ) ;
#862 = ORIENTED_EDGE ( 'NONE', *, *, #2965, .F. ) ;
#863 = EDGE_LOOP ( 'NONE', ( #4202, #3124 ) ) ;
#864 = ORIENTED_EDGE ( 'NONE', *, *, #10145, .T. ) ;
#865 = VECTOR ( 'NONE', #4845, 1000.000000000000000 ) ;
#866 = ORIENTED_EDGE ( 'NONE', *, *, #78, .T. ) ;
#867 = DIRECTION ( 'NONE',  ( -0.000000000000000000, 1.000000000000000000, -0.000000000000000000 ) ) ;
#868 = CARTESIAN_POINT ( 'NONE',  ( -12.69999999999999751, 3.577867169202164632E-15, 88.90000000000000568 ) ) ;
#869 = DIRECTION ( 'NONE',  ( 0.000000000000000000, 0.000000000000000000, 1.000000000000000000 ) ) ;
#870 = CARTESIAN_POINT ( 'NONE',  ( 12.70000000000000107, 14.13894155320113555, 82.81817428684756521 ) ) ;
#871 = DIRECTION ( 'NONE',  ( -0.000000000000000000, 1.000000000000000000, -0.000000000000000000 ) ) ;
#872 = ADVANCED_FACE ( 'NONE', ( #10692 ), #4868, .F. ) ;
#873 = DIRECTION ( 'NONE',  ( 0.000000000000000000, 0.000000000000000000, 1.000000000000000000 ) ) ;
#874 = AXIS2_PLACEMENT_3D ( 'NONE', #6738, #11622, #11689 ) ;
#875 = CIRCLE ( 'NONE', #9882, 2.270999999999995467 ) ;
#876 = VERTEX_POINT ( 'NONE', #4311 ) ;
#877 = ORIENTED_EDGE ( 'NONE', *, *, #4803, .T. ) ;
#878 = VERTEX_POINT ( 'NONE', #12321 ) ;
#879 = EDGE_LOOP ( 'NONE', ( #8424, #5039, #2022, #11477 ) ) ;
#880 = EDGE_CURVE ( 'NONE', #3985, #6935, #4489, .T. ) ;
#881 = CIRCLE ( 'NONE', #3539, 2.499999999999988454 ) ;
#882 = CYLINDRICAL_SURFACE ( 'NONE', #2853, 2.499999999999992006 ) ;
#883 = CYLINDRICAL_SURFACE ( 'NONE', #10671, 2.270999999999995467 ) ;
#884 = DIRECTION ( 'NONE',  ( 0.000000000000000000, 0.000000000000000000, 1.000000000000000000 ) ) ;
#885 = DIRECTION ( 'NONE',  ( -0.000000000000000000, 1.000000000000000000, -0.000000000000000000 ) ) ;
#886 = LINE ( 'NONE', #3570, #8630 ) ;
#887 = DIRECTION ( 'NONE',  ( -1.000000000000000000, 0.000000000000000000, 0.000000000000000000 ) ) ;
#888 = CARTESIAN_POINT ( 'NONE',  ( 1.555301434917138038E-15, 25.40000000000000213, 78.69999999999997442 ) ) ;
#889 = ORIENTED_EDGE ( 'NONE', *, *, #2412, .T. ) ;
#890 = CIRCLE ( 'NONE', #11137, 2.271000000000002128 ) ;
#891 = CARTESIAN_POINT ( 'NONE',  ( -9.525000000000000355, 14.13894155320100943, 94.98182571315275879 ) ) ;
#892 = ORIENTED_EDGE ( 'NONE', *, *, #10470, .F. ) ;
#893 = ORIENTED_EDGE ( 'NONE', *, *, #7817, .F. ) ;
#894 = EDGE_CURVE ( 'NONE', #1325, #3809, #12081, .T. ) ;
#895 = ORIENTED_EDGE ( 'NONE', *, *, #632, .F. ) ;
#896 = CYLINDRICAL_SURFACE ( 'NONE', #10258, 2.500000000000002220 ) ;
#897 = AXIS2_PLACEMENT_3D ( 'NONE', #10646, #11550, #12513 ) ;
#898 = FACE_OUTER_BOUND ( 'NONE', #10891, .T. ) ;
#899 = CYLINDRICAL_SURFACE ( 'NONE', #4620, 2.080499999999998906 ) ;
#900 = DIRECTION ( 'NONE',  ( 0.000000000000000000, 0.000000000000000000, 1.000000000000000000 ) ) ;
#901 = DIRECTION ( 'NONE',  ( 1.000000000000000000, -0.000000000000000000, -0.000000000000000000 ) ) ;
#902 = DIRECTION ( 'NONE',  ( -1.000000000000000000, 0.000000000000000000, 0.000000000000000000 ) ) ;
#903 = CARTESIAN_POINT ( 'NONE',  ( -9.525000000000000355, 5.371240620587829362, 75.64708431341438200 ) ) ;
#904 = DIRECTION ( 'NONE',  ( 0.000000000000000000, 0.000000000000000000, 1.000000000000000000 ) ) ;
#905 = DIRECTION ( 'NONE',  ( 0.000000000000000000, 0.000000000000000000, -1.000000000000000000 ) ) ;
#906 = DIRECTION ( 'NONE',  ( -1.000000000000000000, -0.000000000000000000, -0.000000000000000000 ) ) ;
#907 = AXIS2_PLACEMENT_3D ( 'NONE', #5196, #1224, #11283 ) ;
#908 = EDGE_LOOP ( 'NONE', ( #4712, #11610, #9153, #8274 ) ) ;
#909 = ORIENTED_EDGE ( 'NONE', *, *, #850, .F. ) ;
#910 = ORIENTED_EDGE ( 'NONE', *, *, #9483, .F. ) ;
#911 = EDGE_CURVE ( 'NONE', #8237, #6387, #12198, .T. ) ;
#912 = EDGE_LOOP ( 'NONE', ( #943, #11261, #12315, #3035 ) ) ;
#913 = ORIENTED_EDGE ( 'NONE', *, *, #10326, .F. ) ;
#914 = DIRECTION ( 'NONE',  ( 1.000000000000000000, 0.000000000000000000, 0.000000000000000000 ) ) ;
#915 = DIRECTION ( 'NONE',  ( 1.000000000000000000, -0.000000000000000000, -0.000000000000000000 ) ) ;
#916 = AXIS2_PLACEMENT_3D ( 'NONE', #2610, #1595, #763 ) ;
#917 = CARTESIAN_POINT ( 'NONE',  ( 12.70000000000000107, -1.802455207620986100, 22.81440457572818303 ) ) ;
#918 = CARTESIAN_POINT ( 'NONE',  ( -9.525000000000002132, 12.69999999999999929, 61.00000000000000711 ) ) ;
#919 = DIRECTION ( 'NONE',  ( 0.000000000000000000, 0.000000000000000000, 1.000000000000000000 ) ) ;
#920 = ORIENTED_EDGE ( 'NONE', *, *, #8650, .F. ) ;
#921 = EDGE_LOOP ( 'NONE', ( #4513, #2471, #12681, #5359 ) ) ;
#922 = ORIENTED_EDGE ( 'NONE', *, *, #2542, .F. ) ;
#923 = EDGE_CURVE ( 'NONE', #8524, #12005, #4904, .T. ) ;
#924 = AXIS2_PLACEMENT_3D ( 'NONE', #10452, #1614, #4436 ) ;
#925 = EDGE_LOOP ( 'NONE', ( #12140, #4788 ) ) ;
#926 = EDGE_CURVE ( 'NONE', #6326, #7319, #11451, .T. ) ;
#927 = DIRECTION ( 'NONE',  ( 0.000000000000000000, 0.000000000000000000, 1.000000000000000000 ) ) ;
#928 = CARTESIAN_POINT ( 'NONE',  ( -12.69999999999999751, 3.577867169202164632E-15, 139.7000000000000171 ) ) ;
#929 = AXIS2_PLACEMENT_3D ( 'NONE', #8063, #10050, #3181 ) ;
#930 = CARTESIAN_POINT ( 'NONE',  ( 12.70000000000000107, 14.13894155320113555, 32.01817428684756095 ) ) ;
#931 = DIRECTION ( 'NONE',  ( 0.000000000000000000, 0.000000000000000000, 1.000000000000000000 ) ) ;
#932 = CARTESIAN_POINT ( 'NONE',  ( 12.70000000000000107, -1.802455207620986100, 22.81440457572818303 ) ) ;
#933 = CARTESIAN_POINT ( 'NONE',  ( 12.70000000000000107, 6.152699789198528002, 104.0810759023857344 ) ) ;
#934 = CARTESIAN_POINT ( 'NONE',  ( 9.525000000000000355, 10.07084749364639542, 152.6189322704980782 ) ) ;
#935 = CIRCLE ( 'NONE', #8104, 2.270999999999995467 ) ;
#936 = EDGE_CURVE ( 'NONE', #4333, #8235, #800, .T. ) ;
#937 = ORIENTED_EDGE ( 'NONE', *, *, #1780, .T. ) ;
#938 = AXIS2_PLACEMENT_3D ( 'NONE', #1126, #7862, #10807 ) ;
#940 = ORIENTED_EDGE ( 'NONE', *, *, #11750, .F. ) ;
#939 = CIRCLE ( 'NONE', #3804, 2.500000000000002220 ) ;
#941 = ORIENTED_EDGE ( 'NONE', *, *, #58, .F. ) ;
#942 = ADVANCED_FACE ( 'NONE', ( #11352 ), #1362, .F. ) ;
#943 = ORIENTED_EDGE ( 'NONE', *, *, #1036, .T. ) ;
#944 = AXIS2_PLACEMENT_3D ( 'NONE', #11135, #9974, #6131 ) ;
#945 = VECTOR ( 'NONE', #767, 1000.000000000000000 ) ;
#946 = CARTESIAN_POINT ( 'NONE',  ( -9.525000000000000355, -14.16298196909034779, 40.07482701602484099 ) ) ;
#947 = LINE ( 'NONE', #6908, #6782 ) ;
#948 = AXIS2_PLACEMENT_3D ( 'NONE', #4939, #1923, #4877 ) ;
#949 = CIRCLE ( 'NONE', #5876, 2.271000000000002128 ) ;
#950 = FACE_OUTER_BOUND ( 'NONE', #9014, .T. ) ;
#951 = LINE ( 'NONE', #7811, #8328 ) ;
#952 = DIRECTION ( 'NONE',  ( 0.000000000000000000, 0.000000000000000000, 1.000000000000000000 ) ) ;
#953 = CARTESIAN_POINT ( 'NONE',  ( 12.70000000000000107, -1.802455207620986100, 53.38559542427184823 ) ) ;
#954 = VECTOR ( 'NONE', #6631, 1000.000000000000000 ) ;
#955 = DIRECTION ( 'NONE',  ( 0.000000000000000000, 0.000000000000000000, 1.000000000000000000 ) ) ;
#956 = EDGE_CURVE ( 'NONE', #1071, #9045, #5106, .T. ) ;
#957 = ORIENTED_EDGE ( 'NONE', *, *, #10653, .T. ) ;
#958 = AXIS2_PLACEMENT_3D ( 'NONE', #1014, #2044, #9797 ) ;
#959 = CARTESIAN_POINT ( 'NONE',  ( 7.746038523653021987E-16, 25.40000000000000213, 40.59999999999998010 ) ) ;
#960 = ORIENTED_EDGE ( 'NONE', *, *, #10931, .T. ) ;
#961 = VERTEX_POINT ( 'NONE', #591 ) ;
#962 = ORIENTED_EDGE ( 'NONE', *, *, #1476, .F. ) ;
#963 = CARTESIAN_POINT ( 'NONE',  ( 9.525000000000000355, 10.07084749364666365, 126.7810677295021549 ) ) ;
#964 = AXIS2_PLACEMENT_3D ( 'NONE', #11433, #10402, #12275 ) ;
#965 = CIRCLE ( 'NONE', #562, 2.080499999999998906 ) ;
#966 =( LENGTH_UNIT ( ) NAMED_UNIT ( * ) SI_UNIT ( .MILLI., .METRE. ) );
#967 = CYLINDRICAL_SURFACE ( 'NONE', #5486, 2.500000000000002220 ) ;
#968 = DIRECTION ( 'NONE',  ( -1.000000000000000000, -0.000000000000000000, -0.000000000000000000 ) ) ;
#969 = CYLINDRICAL_SURFACE ( 'NONE', #11673, 17.66249999999999787 ) ;
#970 = CARTESIAN_POINT ( 'NONE',  ( 9.525000000000000355, -5.371240620587816927, 24.84708431341438839 ) ) ;
#971 = FACE_OUTER_BOUND ( 'NONE', #9476, .T. ) ;
#972 = FACE_OUTER_BOUND ( 'NONE', #1964, .T. ) ;
#973 = FACE_OUTER_BOUND ( 'NONE', #2533, .T. ) ;
#974 = DIRECTION ( 'NONE',  ( -1.000000000000000000, -0.000000000000000000, -0.000000000000000000 ) ) ;
#975 = EDGE_CURVE ( 'NONE', #9170, #9027, #1433, .T. ) ;
#976 = AXIS2_PLACEMENT_3D ( 'NONE', #6382, #7401, #11369 ) ;
#977 = LINE ( 'NONE', #9691, #6735 ) ;
#978 = ORIENTED_EDGE ( 'NONE', *, *, #1090, .F. ) ;
#979 = ORIENTED_EDGE ( 'NONE', *, *, #11270, .F. ) ;
#980 = VERTEX_POINT ( 'NONE', #10268 ) ;
#981 = VERTEX_POINT ( 'NONE', #3526 ) ;
#982 = ORIENTED_EDGE ( 'NONE', *, *, #8395, .T. ) ;
#983 = DIRECTION ( 'NONE',  ( 0.000000000000000000, 0.000000000000000000, 1.000000000000000000 ) ) ;
#984 = DATE_TIME_ROLE ( 'creation_date' ) ;
#985 = CARTESIAN_POINT ( 'NONE',  ( 9.525000000000000355, 16.22354728284504333, 40.36214363188798160 ) ) ;
#986 = DIRECTION ( 'NONE',  ( 0.000000000000000000, 0.000000000000000000, 1.000000000000000000 ) ) ;
#987 = DIRECTION ( 'NONE',  ( 1.000000000000000000, 0.000000000000000000, 0.000000000000000000 ) ) ;
#988 = CARTESIAN_POINT ( 'NONE',  ( 1.861463134703974331E-15, -22.22499999999999787, 162.5999999999999943 ) ) ;
#989 = EDGE_LOOP ( 'NONE', ( #1439, #2606 ) ) ;
#990 = ORIENTED_EDGE ( 'NONE', *, *, #7300, .F. ) ;
#991 = ORIENTED_EDGE ( 'NONE', *, *, #9242, .T. ) ;
#992 = AXIS2_PLACEMENT_3D ( 'NONE', #9774, #2141, #9898 ) ;
#993 = EDGE_LOOP ( 'NONE', ( #7028, #5207, #12489, #11992 ) ) ;
#994 = DIRECTION ( 'NONE',  ( -0.000000000000000000, 1.000000000000000000, -0.000000000000000000 ) ) ;
#995 = DIRECTION ( 'NONE',  ( 0.000000000000000000, 0.000000000000000000, -1.000000000000000000 ) ) ;
#996 = DIRECTION ( 'NONE',  ( 0.000000000000000000, 0.000000000000000000, 1.000000000000000000 ) ) ;
#997 = DIRECTION ( 'NONE',  ( -1.000000000000000000, -0.000000000000000000, -0.000000000000000000 ) ) ;
#998 = CARTESIAN_POINT ( 'NONE',  ( 12.70000000000000107, -14.16298196909034779, 40.07482701602484099 ) ) ;
#999 = CARTESIAN_POINT ( 'NONE',  ( 12.70000000000000107, 14.15672222192810992, 150.2617764690021147 ) ) ;
#1000 = DIRECTION ( 'NONE',  ( 0.000000000000000000, 0.000000000000000000, 1.000000000000000000 ) ) ;
#1001 = CIRCLE ( 'NONE', #5923, 2.080499999999998906 ) ;
#1002 = EDGE_CURVE ( 'NONE', #7270, #5772, #347, .T. ) ;
#1003 = CIRCLE ( 'NONE', #1611, 2.270999999999998575 ) ;
#1004 = EDGE_CURVE ( 'NONE', #10102, #1824, #614, .T. ) ;
#1005 = ORIENTED_EDGE ( 'NONE', *, *, #1956, .T. ) ;
#1006 = EDGE_LOOP ( 'NONE', ( #11351, #8157, #10086, #9215 ) ) ;
#1007 = VERTEX_POINT ( 'NONE', #11295 ) ;
#1008 = ORIENTED_EDGE ( 'NONE', *, *, #8883, .T. ) ;
#1009 = CIRCLE ( 'NONE', #1629, 2.271000000000009234 ) ;
#1010 = AXIS2_PLACEMENT_3D ( 'NONE', #6233, #2194, #3143 ) ;
#1011 = DIRECTION ( 'NONE',  ( 0.000000000000000000, 0.000000000000000000, -1.000000000000000000 ) ) ;
#1012 = DIRECTION ( 'NONE',  ( -1.000000000000000000, -0.000000000000000000, -0.000000000000000000 ) ) ;
#1013 = AXIS2_PLACEMENT_3D ( 'NONE', #5683, #5747, #9393 ) ;
#1014 = CARTESIAN_POINT ( 'NONE',  ( 12.70000000000000107, 3.577867169202164632E-15, 88.90000000000000568 ) ) ;
#1015 = DIRECTION ( 'NONE',  ( 0.000000000000000000, 0.000000000000000000, 1.000000000000000000 ) ) ;
#1016 = ADVANCED_FACE ( 'NONE', ( #5398 ), #3284, .F. ) ;
#1017 = DIRECTION ( 'NONE',  ( -1.000000000000000000, -0.000000000000000000, -0.000000000000000000 ) ) ;
#1018 = LINE ( 'NONE', #4930, #10980 ) ;
#1019 = VECTOR ( 'NONE', #581, 1000.000000000000000 ) ;
#1020 = ORIENTED_EDGE ( 'NONE', *, *, #4943, .F. ) ;
#1021 = AXIS2_PLACEMENT_3D ( 'NONE', #6991, #2183, #8903 ) ;
#1022 = LINE ( 'NONE', #8775, #6673 ) ;
#1023 = VERTEX_POINT ( 'NONE', #528 ) ;
#1024 = ORIENTED_EDGE ( 'NONE', *, *, #2363, .T. ) ;
#1025 = VERTEX_POINT ( 'NONE', #11112 ) ;
#1026 = CARTESIAN_POINT ( 'NONE',  ( -12.69999999999999751, -12.33648634558010748, 47.30376971111923723 ) ) ;
#1027 = AXIS2_PLACEMENT_3D ( 'NONE', #1411, #6230, #9223 ) ;
#1028 = CARTESIAN_POINT ( 'NONE',  ( -12.69999999999999751, 15.22687436074368783, 34.01162436304024084 ) ) ;
#1029 = LINE ( 'NONE', #1924, #7325 ) ;
#1030 = DIRECTION ( 'NONE',  ( -1.000000000000000000, -0.000000000000000000, -0.000000000000000000 ) ) ;
#1031 = DIRECTION ( 'NONE',  ( 1.000000000000000000, -0.000000000000000000, -0.000000000000000000 ) ) ;
#1032 = DIRECTION ( 'NONE',  ( 0.000000000000000000, 0.000000000000000000, 1.000000000000000000 ) ) ;
#1033 = FACE_OUTER_BOUND ( 'NONE', #2743, .T. ) ;
#1034 = CIRCLE ( 'NONE', #8200, 2.271000000000002128 ) ;
#1035 = FACE_OUTER_BOUND ( 'NONE', #3191, .T. ) ;
#1036 = EDGE_CURVE ( 'NONE', #4485, #276, #8379, .T. ) ;
#1037 = DIRECTION ( 'NONE',  ( -0.000000000000000000, 1.000000000000000000, -0.000000000000000000 ) ) ;
#1038 = ADVANCED_FACE ( 'NONE', ( #6424 ), #9174, .F. ) ;
#1039 = DIRECTION ( 'NONE',  ( -1.000000000000000000, -0.000000000000000000, -0.000000000000000000 ) ) ;
#1040 = ORIENTED_EDGE ( 'NONE', *, *, #11788, .T. ) ;
#1041 = VERTEX_POINT ( 'NONE', #9237 ) ;
#1042 = ORIENTED_EDGE ( 'NONE', *, *, #8142, .T. ) ;
#1043 = VECTOR ( 'NONE', #5776, 1000.000000000000000 ) ;
#1044 = ORIENTED_EDGE ( 'NONE', *, *, #155, .T. ) ;
#1045 = VERTEX_POINT ( 'NONE', #6305 ) ;
#1046 = CARTESIAN_POINT ( 'NONE',  ( 9.525000000000000355, 4.072800018551153478, 104.1310478351179114 ) ) ;
#1047 = EDGE_CURVE ( 'NONE', #108, #10320, #8222, .T. ) ;
#1048 = PERSON_AND_ORGANIZATION_ROLE ( 'classification_officer' ) ;
#1049 = CARTESIAN_POINT ( 'NONE',  ( -12.69999999999999751, 3.577867169202164632E-15, 106.5625000000000000 ) ) ;
#1050 = DIRECTION ( 'NONE',  ( 0.000000000000000000, 0.000000000000000000, 1.000000000000000000 ) ) ;
#1051 = FACE_OUTER_BOUND ( 'NONE', #7948, .T. ) ;
#1052 = DIRECTION ( 'NONE',  ( -1.000000000000000000, -0.000000000000000000, -0.000000000000000000 ) ) ;
#1053 = VECTOR ( 'NONE', #5506, 1000.000000000000000 ) ;
#1054 = CARTESIAN_POINT ( 'NONE',  ( -12.69999999999999751, -11.15407434219244465, 26.95732780184198774 ) ) ;
#1055 = ORIENTED_EDGE ( 'NONE', *, *, #12455, .T. ) ;
#1056 = VERTEX_POINT ( 'NONE', #1424 ) ;
#1057 = EDGE_LOOP ( 'NONE', ( #3370, #7455 ) ) ;
#1058 = ORIENTED_EDGE ( 'NONE', *, *, #11240, .T. ) ;
#1059 = DIRECTION ( 'NONE',  ( 1.000000000000000000, -0.000000000000000000, -0.000000000000000000 ) ) ;
#1060 = ADVANCED_FACE ( 'NONE', ( #5339 ), #12576, .F. ) ;
#1061 = DIRECTION ( 'NONE',  ( 1.000000000000000000, 0.000000000000000000, 0.000000000000000000 ) ) ;
#1062 = LINE ( 'NONE', #6957, #436 ) ;
#1063 = FACE_OUTER_BOUND ( 'NONE', #6724, .T. ) ;
#1064 = CARTESIAN_POINT ( 'NONE',  ( 12.70000000000000107, 3.577867169202164632E-15, 88.90000000000000568 ) ) ;
#1065 = CARTESIAN_POINT ( 'NONE',  ( 12.70000000000000107, 3.577867169202164632E-15, 38.10000000000001563 ) ) ;
#1066 = CARTESIAN_POINT ( 'NONE',  ( 12.70000000000000107, 3.577867169202164632E-15, 38.10000000000001563 ) ) ;
#1067 = ORIENTED_EDGE ( 'NONE', *, *, #7202, .T. ) ;
#1068 = VECTOR ( 'NONE', #3182, 1000.000000000000000 ) ;
#1069 = VECTOR ( 'NONE', #2912, 1000.000000000000000 ) ;
#1070 = ORIENTED_EDGE ( 'NONE', *, *, #3361, .F. ) ;
#1071 = VERTEX_POINT ( 'NONE', #2746 ) ;
#1072 = ORIENTED_EDGE ( 'NONE', *, *, #1253, .T. ) ;
#1073 = ADVANCED_FACE ( 'NONE', ( #8465 ), #712, .T. ) ;
#1074 = DIRECTION ( 'NONE',  ( 0.000000000000000000, 0.000000000000000000, -1.000000000000000000 ) ) ;
#1075 = CARTESIAN_POINT ( 'NONE',  ( 12.70000000000000107, -14.15672222192817387, 78.33822353099797908 ) ) ;
#1076 = AXIS2_PLACEMENT_3D ( 'NONE', #2094, #6770, #8882 ) ;
#1077 = AXIS2_PLACEMENT_3D ( 'NONE', #6128, #1313, #6253 ) ;
#1078 = CARTESIAN_POINT ( 'NONE',  ( 1.080765552152139773E-15, -22.22499999999999787, 86.40000000000000568 ) ) ;
#1079 = DIRECTION ( 'NONE',  ( 0.000000000000000000, 0.000000000000000000, 1.000000000000000000 ) ) ;
#1080 = LINE ( 'NONE', #7943, #11184 ) ;
#1081 = DIRECTION ( 'NONE',  ( -1.000000000000000000, -0.000000000000000000, -0.000000000000000000 ) ) ;
#1082 = EDGE_CURVE ( 'NONE', #11754, #6915, #5521, .T. ) ;
#1083 = ORIENTED_EDGE ( 'NONE', *, *, #4835, .F. ) ;
#1084 = VECTOR ( 'NONE', #2688, 1000.000000000000000 ) ;
#1085 = ADVANCED_FACE ( 'NONE', ( #3716 ), #9425, .F. ) ;
#1086 = AXIS2_PLACEMENT_3D ( 'NONE', #6872, #8862, #11697 ) ;
#1087 = DIRECTION ( 'NONE',  ( -1.000000000000000000, 0.000000000000000000, 0.000000000000000000 ) ) ;
#1088 = ORIENTED_EDGE ( 'NONE', *, *, #11585, .F. ) ;
#1089 = VERTEX_POINT ( 'NONE', #11618 ) ;
#1090 = EDGE_CURVE ( 'NONE', #511, #11198, #9826, .T. ) ;
#1091 = EDGE_LOOP ( 'NONE', ( #2694, #2342, #7815, #11289 ) ) ;
#1092 = DIRECTION ( 'NONE',  ( 1.000000000000000000, -0.000000000000000000, -0.000000000000000000 ) ) ;
#1093 = EDGE_CURVE ( 'NONE', #542, #9276, #5583, .T. ) ;
#1094 = CARTESIAN_POINT ( 'NONE',  ( -12.69999999999999751, 5.371240620587829362, 24.84708431341438839 ) ) ;
#1095 = DIRECTION ( 'NONE',  ( 0.000000000000000000, 0.000000000000000000, 1.000000000000000000 ) ) ;
#1096 = DIRECTION ( 'NONE',  ( 0.000000000000000000, 0.000000000000000000, 1.000000000000000000 ) ) ;
#1097 = DIRECTION ( 'NONE',  ( 0.000000000000000000, 0.000000000000000000, 1.000000000000000000 ) ) ;
#1098 = DIRECTION ( 'NONE',  ( -1.000000000000000000, -0.000000000000000000, -0.000000000000000000 ) ) ;
#1099 = DIRECTION ( 'NONE',  ( 1.000000000000000000, 0.000000000000000000, 0.000000000000000000 ) ) ;
#1100 = DIRECTION ( 'NONE',  ( -1.000000000000000000, -0.000000000000000000, -0.000000000000000000 ) ) ;
#1101 = EDGE_CURVE ( 'NONE', #5422, #5062, #12698, .T. ) ;
#1102 = CYLINDRICAL_SURFACE ( 'NONE', #10218, 2.080499999999985139 ) ;
#1103 = ORIENTED_EDGE ( 'NONE', *, *, #6683, .F. ) ;
#1104 = EDGE_LOOP ( 'NONE', ( #1420, #7710 ) ) ;
#1105 = ORIENTED_EDGE ( 'NONE', *, *, #8183, .F. ) ;
#1106 = VECTOR ( 'NONE', #5212, 1000.000000000000000 ) ;
#1107 = ORIENTED_EDGE ( 'NONE', *, *, #4272, .T. ) ;
#1108 = EDGE_LOOP ( 'NONE', ( #1537, #11316 ) ) ;
#1109 = CARTESIAN_POINT ( 'NONE',  ( 1.080765552152139379E-15, 25.40000000000000213, 86.40000000000000568 ) ) ;
#1110 = ADVANCED_FACE ( 'NONE', ( #6663 ), #9684, .F. ) ;
#1111 = CARTESIAN_POINT ( 'NONE',  ( -12.69999999999999751, 8.791741348502629450, 128.4219113294393253 ) ) ;
#1112 = DIRECTION ( 'NONE',  ( -1.000000000000000000, -0.000000000000000000, -0.000000000000000000 ) ) ;
#1113 = DIRECTION ( 'NONE',  ( -0.000000000000000000, 1.000000000000000000, -0.000000000000000000 ) ) ;
#1114 = DIRECTION ( 'NONE',  ( 0.000000000000000000, 0.000000000000000000, 1.000000000000000000 ) ) ;
#1115 = CIRCLE ( 'NONE', #5820, 2.499999999999996891 ) ;
#1116 = EDGE_CURVE ( 'NONE', #3111, #2545, #4295, .T. ) ;
#1117 = CARTESIAN_POINT ( 'NONE',  ( -9.525000000000000355, -10.07084749364648069, 128.8615677295020134 ) ) ;
#1118 = ORIENTED_EDGE ( 'NONE', *, *, #6121, .T. ) ;
#1119 = VERTEX_POINT ( 'NONE', #10447 ) ;
#1120 = ORIENTED_EDGE ( 'NONE', *, *, #3814, .F. ) ;
#1121 = CARTESIAN_POINT ( 'NONE',  ( -12.69999999999999751, 3.577867169202164632E-15, 139.7000000000000171 ) ) ;
#1122 = CIRCLE ( 'NONE', #305, 2.499999999999988454 ) ;
#1123 = FACE_OUTER_BOUND ( 'NONE', #1510, .T. ) ;
#1124 = CARTESIAN_POINT ( 'NONE',  ( 12.70000000000000107, 3.577867169202164632E-15, 38.10000000000001563 ) ) ;
#1125 = CARTESIAN_POINT ( 'NONE',  ( -9.525000000000000355, 14.13894155320100943, 145.7818257131527560 ) ) ;
#1126 = CARTESIAN_POINT ( 'NONE',  ( 12.70000000000000107, -12.33648634558010748, 47.30376971111923723 ) ) ;
#1127 = FACE_BOUND ( 'NONE', #5691, .T. ) ;
#1128 = CARTESIAN_POINT ( 'NONE',  ( 9.525000000000000355, -14.13894155320104851, 32.01817428684736200 ) ) ;
#1129 = ADVANCED_FACE ( 'NONE', ( #7572 ), #1607, .T. ) ;
#1130 = EDGE_LOOP ( 'NONE', ( #466, #4204, #7173, #11250 ) ) ;
#1131 = ORIENTED_EDGE ( 'NONE', *, *, #11941, .F. ) ;
#1132 = ORIENTED_EDGE ( 'NONE', *, *, #9186, .T. ) ;
#1133 = ORIENTED_EDGE ( 'NONE', *, *, #11777, .T. ) ;
#1134 = ORIENTED_EDGE ( 'NONE', *, *, #6345, .F. ) ;
#1135 = DIRECTION ( 'NONE',  ( 1.000000000000000000, 0.000000000000000000, 0.000000000000000000 ) ) ;
#1136 = CARTESIAN_POINT ( 'NONE',  ( 9.525000000000000355, 16.22512784221258997, 81.92080715599162488 ) ) ;
#1137 = AXIS2_PLACEMENT_3D ( 'NONE', #11034, #10197, #3206 ) ;
#1138 = CYLINDRICAL_SURFACE ( 'NONE', #5884, 2.270999999999998575 ) ;
#1139 = DIRECTION ( 'NONE',  ( -1.000000000000000000, -0.000000000000000000, -0.000000000000000000 ) ) ;
#1140 = CARTESIAN_POINT ( 'NONE',  ( 1.080765552152137604E-15, 25.40000000000000213, 137.1999999999999886 ) ) ;
#1141 = AXIS2_PLACEMENT_3D ( 'NONE', #4075, #2977, #5943 ) ;
#1142 = AXIS2_PLACEMENT_3D ( 'NONE', #10953, #4163, #7111 ) ;
#1143 = CARTESIAN_POINT ( 'NONE',  ( 9.525000000000000355, 16.22512784221258997, 31.12080715599162417 ) ) ;
#1144 = ADVANCED_FACE ( 'NONE', ( #12648 ), #2622, .F. ) ;
#1145 = ORIENTED_EDGE ( 'NONE', *, *, #5865, .T. ) ;
#1146 = AXIS2_PLACEMENT_3D ( 'NONE', #9604, #2047, #9800 ) ;
#1147 = LINE ( 'NONE', #5833, #10351 ) ;
#1148 = ORIENTED_EDGE ( 'NONE', *, *, #9728, .F. ) ;
#1149 = VERTEX_POINT ( 'NONE', #1863 ) ;
#1150 = ORIENTED_EDGE ( 'NONE', *, *, #3996, .F. ) ;
#1151 = CIRCLE ( 'NONE', #12627, 2.080499999999998906 ) ;
#1152 = DIRECTION ( 'NONE',  ( -1.000000000000000000, 0.000000000000000000, 0.000000000000000000 ) ) ;
#1153 = AXIS2_PLACEMENT_3D ( 'NONE', #1277, #3258, #7174 ) ;
#1154 = DIRECTION ( 'NONE',  ( 1.000000000000000000, -0.000000000000000000, -0.000000000000000000 ) ) ;
#1155 = CARTESIAN_POINT ( 'NONE',  ( 12.70000000000000107, 8.791741348502629450, 77.62191132943932814 ) ) ;
#1156 = DIRECTION ( 'NONE',  ( -1.000000000000000000, -0.000000000000000000, -0.000000000000000000 ) ) ;
#1157 = CIRCLE ( 'NONE', #3817, 2.271000000000002128 ) ;
#1158 = LINE ( 'NONE', #5068, #1318 ) ;
#1159 = VECTOR ( 'NONE', #6736, 1000.000000000000000 ) ;
#1160 = DIRECTION ( 'NONE',  ( -1.000000000000000000, -0.000000000000000000, -0.000000000000000000 ) ) ;
#1161 = CARTESIAN_POINT ( 'NONE',  ( 9.525000000000000355, 10.07084749364666365, 78.06156772950215839 ) ) ;
#1162 = CARTESIAN_POINT ( 'NONE',  ( 12.70000000000000107, -15.22687436074365230, 92.98837563695990127 ) ) ;
#1163 = DIRECTION ( 'NONE',  ( 0.000000000000000000, -1.000000000000000000, 0.000000000000000000 ) ) ;
#1164 = ADVANCED_FACE ( 'NONE', ( #11483 ), #11416, .T. ) ;
#1165 = ADVANCED_FACE ( 'NONE', ( #8591 ), #4811, .F. ) ;
#1166 = AXIS2_PLACEMENT_3D ( 'NONE', #4557, #8470, #3799 ) ;
#1167 = FACE_OUTER_BOUND ( 'NONE', #6419, .T. ) ;
#1168 = ORIENTED_EDGE ( 'NONE', *, *, #5489, .F. ) ;
#1169 = AXIS2_PLACEMENT_3D ( 'NONE', #11773, #1061, #4972 ) ;
#1170 = EDGE_LOOP ( 'NONE', ( #10848, #6579, #10229, #11087 ) ) ;
#1171 = ORIENTED_EDGE ( 'NONE', *, *, #9330, .F. ) ;
#1172 = AXIS2_PLACEMENT_3D ( 'NONE', #8891, #11987, #11923 ) ;
#1173 = EDGE_LOOP ( 'NONE', ( #1482, #5573, #12191, #3564 ) ) ;
#1174 = ORIENTED_EDGE ( 'NONE', *, *, #3552, .T. ) ;
#1175 = COORDINATED_UNIVERSAL_TIME_OFFSET ( 6, 0, .BEHIND. ) ;
#1176 = LINE ( 'NONE', #9956, #1977 ) ;
#1177 = LINE ( 'NONE', #4555, #6532 ) ;
#1178 = DIRECTION ( 'NONE',  ( -1.000000000000000000, -0.000000000000000000, -0.000000000000000000 ) ) ;
#1179 = CIRCLE ( 'NONE', #9982, 2.500000000000002220 ) ;
#1180 = FACE_OUTER_BOUND ( 'NONE', #801, .T. ) ;
#1181 = EDGE_CURVE ( 'NONE', #4921, #1481, #8190, .T. ) ;
#1182 = DIRECTION ( 'NONE',  ( 0.000000000000000000, 0.000000000000000000, 1.000000000000000000 ) ) ;
#1183 = EDGE_LOOP ( 'NONE', ( #4983, #4504, #5817, #12300 ) ) ;
#1184 = VERTEX_POINT ( 'NONE', #8529 ) ;
#1185 = EDGE_LOOP ( 'NONE', ( #6968, #259 ) ) ;
#1186 = VERTEX_POINT ( 'NONE', #6604 ) ;
#1187 = DIRECTION ( 'NONE',  ( -1.000000000000000000, 0.000000000000000000, 0.000000000000000000 ) ) ;
#1188 = AXIS2_PLACEMENT_3D ( 'NONE', #7509, #9485, #7444 ) ;
#1189 = DIRECTION ( 'NONE',  ( -1.000000000000000000, -0.000000000000000000, -0.000000000000000000 ) ) ;
#1190 = CARTESIAN_POINT ( 'NONE',  ( -9.525000000000000355, 6.152699789198528002, 124.5189240976142884 ) ) ;
#1191 = CARTESIAN_POINT ( 'NONE',  ( 7.746038523653021987E-16, -25.39999999999999503, 38.09999999999999432 ) ) ;
#1192 = ADVANCED_FACE ( 'NONE', ( #10510 ), #7953, .T. ) ;
#1193 = DIRECTION ( 'NONE',  ( 0.000000000000000000, 0.000000000000000000, -1.000000000000000000 ) ) ;
#1194 = DIRECTION ( 'NONE',  ( 0.000000000000000000, 0.000000000000000000, -1.000000000000000000 ) ) ;
#1195 = ADVANCED_FACE ( 'NONE', ( #2943 ), #5971, .F. ) ;
#1196 = ORIENTED_EDGE ( 'NONE', *, *, #3254, .T. ) ;
#1197 = VECTOR ( 'NONE', #2769, 1000.000000000000000 ) ;
#1198 = ORIENTED_EDGE ( 'NONE', *, *, #2642, .F. ) ;
#1199 = VERTEX_POINT ( 'NONE', #1995 ) ;
#1200 = VERTEX_POINT ( 'NONE', #265 ) ;
#1201 = CARTESIAN_POINT ( 'NONE',  ( 9.525000000000000355, -6.152699789198520897, 22.91892409761429406 ) ) ;
#1202 = CARTESIAN_POINT ( 'NONE',  ( -9.525000000000000355, -5.371240620587821368, 51.35291568658563932 ) ) ;
#1204 = ADVANCED_FACE ( 'NONE', ( #6100 ), #5067, .F. ) ;
#1203 = CARTESIAN_POINT ( 'NONE',  ( 12.70000000000000107, 12.69999999999999929, 63.50000000000000000 ) ) ;
#1205 = AXIS2_PLACEMENT_3D ( 'NONE', #3199, #7118, #9717 ) ;
#1206 = DIRECTION ( 'NONE',  ( 1.000000000000000000, 0.000000000000000000, 0.000000000000000000 ) ) ;
#1207 = ADVANCED_FACE ( 'NONE', ( #4107 ), #3135, .F. ) ;
#1208 = VECTOR ( 'NONE', #5470, 1000.000000000000000 ) ;
#1209 = DIRECTION ( 'NONE',  ( 0.000000000000000000, 0.000000000000000000, 1.000000000000000000 ) ) ;
#1210 = CARTESIAN_POINT ( 'NONE',  ( 12.70000000000000107, -14.13894155320108759, 94.98182571315255984 ) ) ;
#1211 = CARTESIAN_POINT ( 'NONE',  ( 12.70000000000000107, 3.577867169202164632E-15, 139.7000000000000171 ) ) ;
#1212 = ORIENTED_EDGE ( 'NONE', *, *, #7110, .F. ) ;
#1213 = AXIS2_PLACEMENT_3D ( 'NONE', #9443, #674, #5294 ) ;
#1214 = CIRCLE ( 'NONE', #2439, 2.080499999999998906 ) ;
#1215 = CARTESIAN_POINT ( 'NONE',  ( 12.70000000000000107, 10.07084749364666365, 27.26156772950216833 ) ) ;
#1216 = ORIENTED_EDGE ( 'NONE', *, *, #10581, .T. ) ;
#1217 = ORIENTED_EDGE ( 'NONE', *, *, #12144, .T. ) ;
#1218 = VERTEX_POINT ( 'NONE', #3 ) ;
#1219 = AXIS2_PLACEMENT_3D ( 'NONE', #3501, #5494, #7667 ) ;
#1220 = DIRECTION ( 'NONE',  ( -1.000000000000000000, -0.000000000000000000, -0.000000000000000000 ) ) ;
#1221 = CARTESIAN_POINT ( 'NONE',  ( 0.000000000000000000, 25.40000000000000213, 12.69999999999999929 ) ) ;
#1222 = EDGE_CURVE ( 'NONE', #6013, #12657, #4880, .T. ) ;
#1223 = DIRECTION ( 'NONE',  ( -1.000000000000000000, 0.000000000000000000, 0.000000000000000000 ) ) ;
#1224 = DIRECTION ( 'NONE',  ( -0.000000000000000000, 1.000000000000000000, -0.000000000000000000 ) ) ;
#1225 = CARTESIAN_POINT ( 'NONE',  ( -12.69999999999999751, 8.791741348502629450, 26.82191132943933454 ) ) ;
#1226 = LINE ( 'NONE', #5974, #1640 ) ;
#1227 = CARTESIAN_POINT ( 'NONE',  ( 7.746038523653021987E-16, -22.22499999999999787, 101.5999999999999943 ) ) ;
#1228 = DIRECTION ( 'NONE',  ( -1.000000000000000000, -0.000000000000000000, -0.000000000000000000 ) ) ;
#1229 = VECTOR ( 'NONE', #7178, 1000.000000000000000 ) ;
#1230 = CARTESIAN_POINT ( 'NONE',  ( 12.70000000000000107, 12.33648634557998314, 49.57476971111940856 ) ) ;
#1231 = ORIENTED_EDGE ( 'NONE', *, *, #306, .T. ) ;
#1232 = ORIENTED_EDGE ( 'NONE', *, *, #4157, .F. ) ;
#1233 = ORIENTED_EDGE ( 'NONE', *, *, #2620, .F. ) ;
#1234 = VECTOR ( 'NONE', #9818, 1000.000000000000000 ) ;
#1235 = ORIENTED_EDGE ( 'NONE', *, *, #9713, .T. ) ;
#1236 = ADVANCED_FACE ( 'NONE', ( #10000 ), #3917, .T. ) ;
#1237 = AXIS2_PLACEMENT_3D ( 'NONE', #1389, #8252, #10107 ) ;
#1238 = LINE ( 'NONE', #5989, #2776 ) ;
#1239 = CARTESIAN_POINT ( 'NONE',  ( 12.70000000000000107, 3.577867169202164632E-15, 139.7000000000000171 ) ) ;
#1240 = CARTESIAN_POINT ( 'NONE',  ( 12.70000000000000107, 14.16298196909033003, 141.6748270160250343 ) ) ;
#1241 = LINE ( 'NONE', #3351, #10745 ) ;
#1242 = EDGE_CURVE ( 'NONE', #1680, #1023, #3468, .T. ) ;
#1243 = CARTESIAN_POINT ( 'NONE',  ( 9.525000000000000355, 12.69999999999999929, 165.0999999999999943 ) ) ;
#1244 = ORIENTED_EDGE ( 'NONE', *, *, #5577, .F. ) ;
#1245 = VECTOR ( 'NONE', #3778, 1000.000000000000000 ) ;
#1246 = ORIENTED_EDGE ( 'NONE', *, *, #6726, .T. ) ;
#1247 = ORIENTED_EDGE ( 'NONE', *, *, #7468, .F. ) ;
#1248 = EDGE_CURVE ( 'NONE', #6710, #10228, #419, .T. ) ;
#1249 = ORIENTED_EDGE ( 'NONE', *, *, #5113, .T. ) ;
#1250 = FACE_OUTER_BOUND ( 'NONE', #1809, .T. ) ;
#1251 = ADVANCED_FACE ( 'NONE', ( #5843 ), #969, .F. ) ;
#1252 = CARTESIAN_POINT ( 'NONE',  ( -12.69999999999999751, 14.16298196909037088, 86.92517298397528691 ) ) ;
#1253 = EDGE_CURVE ( 'NONE', #1025, #11108, #9608, .T. ) ;
#1254 = CARTESIAN_POINT ( 'NONE',  ( 9.525000000000000355, -12.69999999999999929, 63.50000000000000000 ) ) ;
#1255 = CARTESIAN_POINT ( 'NONE',  ( 12.70000000000000107, 4.072800018551152590, 73.66895216488211418 ) ) ;
#1256 = DIRECTION ( 'NONE',  ( 0.000000000000000000, -0.000000000000000000, -1.000000000000000000 ) ) ;
#1257 = AXIS2_PLACEMENT_3D ( 'NONE', #8204, #1154, #4228 ) ;
#1258 = CARTESIAN_POINT ( 'NONE',  ( 12.70000000000000107, 2.068405620284300195, 122.1590306869894960 ) ) ;
#1259 = VERTEX_POINT ( 'NONE', #11807 ) ;
#1260 = ORIENTED_EDGE ( 'NONE', *, *, #7777, .T. ) ;
#1261 = ORIENTED_EDGE ( 'NONE', *, *, #11419, .F. ) ;
#1262 = ORIENTED_EDGE ( 'NONE', *, *, #5601, .F. ) ;
#1263 = EDGE_CURVE ( 'NONE', #8554, #4323, #10227, .T. ) ;
#1264 = CIRCLE ( 'NONE', #9244, 14.30000000000000782 ) ;
#1265 = DIRECTION ( 'NONE',  ( -0.000000000000000000, 1.000000000000000000, -0.000000000000000000 ) ) ;
#1266 = CYLINDRICAL_SURFACE ( 'NONE', #12295, 2.080499999999998906 ) ;
#1267 = ADVANCED_FACE ( 'NONE', ( #3010 ), #9037, .F. ) ;
#1268 = DIRECTION ( 'NONE',  ( 0.000000000000000000, 0.000000000000000000, 1.000000000000000000 ) ) ;
#1269 = LINE ( 'NONE', #5427, #1563 ) ;
#1270 = LINE ( 'NONE', #4215, #12400 ) ;
#1271 = DIRECTION ( 'NONE',  ( 0.000000000000000000, 0.000000000000000000, 1.000000000000000000 ) ) ;
#1272 = DIRECTION ( 'NONE',  ( 1.000000000000000000, -0.000000000000000000, -0.000000000000000000 ) ) ;
#1273 = CIRCLE ( 'NONE', #2900, 17.66250000000000497 ) ;
#1274 = DIRECTION ( 'NONE',  ( 0.000000000000000000, 0.000000000000000000, -1.000000000000000000 ) ) ;
#1275 = ORIENTED_EDGE ( 'NONE', *, *, #242, .T. ) ;
#1276 = ADVANCED_FACE ( 'NONE', ( #10769 ), #4942, .F. ) ;
#1277 = CARTESIAN_POINT ( 'NONE',  ( -12.69999999999999751, -12.69999999999999929, 165.0999999999999943 ) ) ;
#1278 = ORIENTED_EDGE ( 'NONE', *, *, #3563, .T. ) ;
#1279 = ORIENTED_EDGE ( 'NONE', *, *, #3274, .F. ) ;
#1280 = AXIS2_PLACEMENT_3D ( 'NONE', #9989, #1395, #4216 ) ;
#1281 = EDGE_LOOP ( 'NONE', ( #4082, #8493, #12107, #10203 ) ) ;
#1282 = LINE ( 'NONE', #5193, #6152 ) ;
#1283 = LINE ( 'NONE', #3264, #12310 ) ;
#1284 = DIRECTION ( 'NONE',  ( -1.000000000000000000, -0.000000000000000000, -0.000000000000000000 ) ) ;
#1285 = CARTESIAN_POINT ( 'NONE',  ( -9.525000000000002132, -12.69999999999999929, 165.0999999999999943 ) ) ;
#1286 = DIRECTION ( 'NONE',  ( 0.000000000000000000, -9.171813619680311331E-15, -1.000000000000000000 ) ) ;
#1287 = LINE ( 'NONE', #5197, #2093 ) ;
#1288 = CARTESIAN_POINT ( 'NONE',  ( -12.69999999999999751, 1.802455207620993427, 73.61440457572818730 ) ) ;
#1289 = CARTESIAN_POINT ( 'NONE',  ( 12.70000000000000107, -10.07084749364648069, 128.8615677295020134 ) ) ;
#1290 = AXIS2_PLACEMENT_3D ( 'NONE', #2568, #7576, #7704 ) ;
#1291 = AXIS2_PLACEMENT_3D ( 'NONE', #7714, #11632, #2829 ) ;
#1292 = DIRECTION ( 'NONE',  ( 0.000000000000000000, 0.000000000000000000, 1.000000000000000000 ) ) ;
#1293 = EDGE_CURVE ( 'NONE', #6807, #2726, #12679, .T. ) ;
#1294 = EDGE_LOOP ( 'NONE', ( #11274, #7208 ) ) ;
#1295 = ORIENTED_EDGE ( 'NONE', *, *, #332, .T. ) ;
#1296 = ORIENTED_EDGE ( 'NONE', *, *, #6001, .F. ) ;
#1297 = ORIENTED_EDGE ( 'NONE', *, *, #4406, .F. ) ;
#1298 = ORIENTED_EDGE ( 'NONE', *, *, #7644, .T. ) ;
#1299 = VECTOR ( 'NONE', #2371, 1000.000000000000000 ) ;
#1300 = CARTESIAN_POINT ( 'NONE',  ( 9.525000000000000355, 3.577867169202164632E-15, 88.90000000000000568 ) ) ;
#1301 = DIRECTION ( 'NONE',  ( 1.000000000000000000, 0.000000000000000000, 0.000000000000000000 ) ) ;
#1302 = DIRECTION ( 'NONE',  ( 1.000000000000000000, -0.000000000000000000, -0.000000000000000000 ) ) ;
#1303 = CARTESIAN_POINT ( 'NONE',  ( 1.555301434917138038E-15, 22.22500000000000142, 25.39999999999999858 ) ) ;
#1304 = CARTESIAN_POINT ( 'NONE',  ( -12.69999999999999751, -15.22687436074362388, 34.01162436304002767 ) ) ;
#1305 = DIRECTION ( 'NONE',  ( 0.000000000000000000, 0.000000000000000000, 1.000000000000000000 ) ) ;
#1306 = DIRECTION ( 'NONE',  ( 0.000000000000000000, -8.338012381527556114E-16, 1.000000000000000000 ) ) ;
#1307 = EDGE_CURVE ( 'NONE', #6389, #9399, #6037, .T. ) ;
#1308 = CIRCLE ( 'NONE', #692, 17.66249999999999787 ) ;
#1309 = ORIENTED_EDGE ( 'NONE', *, *, #8213, .F. ) ;
#1310 = ORIENTED_EDGE ( 'NONE', *, *, #12469, .T. ) ;
#1311 = ORIENTED_EDGE ( 'NONE', *, *, #5429, .T. ) ;
#1312 = ORIENTED_EDGE ( 'NONE', *, *, #12469, .F. ) ;
#1313 = DIRECTION ( 'NONE',  ( 1.000000000000000000, -0.000000000000000000, -0.000000000000000000 ) ) ;
#1314 = CARTESIAN_POINT ( 'NONE',  ( -12.69999999999999751, 10.07084749364639542, 51.01893227049807678 ) ) ;
#1315 = CARTESIAN_POINT ( 'NONE',  ( -12.69999999999999751, 0.000000000000000000, 12.69999999999993356 ) ) ;
#1316 = CC_DESIGN_PERSON_AND_ORGANIZATION_ASSIGNMENT ( #9955, #1048, ( #7500 ) ) ;
#1317 = CARTESIAN_POINT ( 'NONE',  ( 12.70000000000000107, -14.16298196909034779, 141.6748270160248637 ) ) ;
#1318 = VECTOR ( 'NONE', #7954, 1000.000000000000000 ) ;
#1319 = DIRECTION ( 'NONE',  ( 0.000000000000000000, 0.000000000000000000, 1.000000000000000000 ) ) ;
#1320 = ORIENTED_EDGE ( 'NONE', *, *, #9527, .F. ) ;
#1321 = EDGE_CURVE ( 'NONE', #10992, #693, #3247, .T. ) ;
#1322 = VERTEX_POINT ( 'NONE', #10191 ) ;
#1323 = EDGE_CURVE ( 'NONE', #3953, #7597, #7989, .T. ) ;
#1324 = VERTEX_POINT ( 'NONE', #4584 ) ;
#1325 = VERTEX_POINT ( 'NONE', #3265 ) ;
#1326 = AXIS2_PLACEMENT_3D ( 'NONE', #7369, #2306, #6227 ) ;
#1327 = DIRECTION ( 'NONE',  ( 0.000000000000000000, 0.000000000000000000, 1.000000000000000000 ) ) ;
#1328 = DIRECTION ( 'NONE',  ( 0.000000000000000000, 0.000000000000000000, 1.000000000000000000 ) ) ;
#1329 = DIRECTION ( 'NONE',  ( 0.000000000000000000, 0.000000000000000000, -1.000000000000000000 ) ) ;
#1330 = CARTESIAN_POINT ( 'NONE',  ( 12.70000000000000107, 3.577867169202164632E-15, 88.90000000000000568 ) ) ;
#1331 = DIRECTION ( 'NONE',  ( 0.000000000000000000, 6.670409905222089067E-15, 1.000000000000000000 ) ) ;
#1332 = EDGE_CURVE ( 'NONE', #4394, #8778, #11887, .T. ) ;
#1333 = CIRCLE ( 'NONE', #9929, 2.270999999999995467 ) ;
#1334 = DIRECTION ( 'NONE',  ( -1.000000000000000000, -0.000000000000000000, -0.000000000000000000 ) ) ;
#1335 = DIRECTION ( 'NONE',  ( 0.000000000000000000, 0.000000000000000000, 1.000000000000000000 ) ) ;
#1336 = ORIENTED_EDGE ( 'NONE', *, *, #11066, .T. ) ;
#1337 = EDGE_CURVE ( 'NONE', #10913, #2675, #6355, .T. ) ;
#1338 = ORIENTED_EDGE ( 'NONE', *, *, #2929, .T. ) ;
#1339 = VERTEX_POINT ( 'NONE', #5381 ) ;
#1340 = AXIS2_PLACEMENT_3D ( 'NONE', #1413, #5328, #8273 ) ;
#1341 = VERTEX_POINT ( 'NONE', #10480 ) ;
#1342 = FACE_OUTER_BOUND ( 'NONE', #2823, .T. ) ;
#1343 = LINE ( 'NONE', #4290, #847 ) ;
#1344 = AXIS2_PLACEMENT_3D ( 'NONE', #4450, #12279, #11372 ) ;
#1345 = LINE ( 'NONE', #6164, #3481 ) ;
#1346 = FACE_OUTER_BOUND ( 'NONE', #8339, .T. ) ;
#1347 = EDGE_CURVE ( 'NONE', #9106, #6656, #2305, .T. ) ;
#1348 = DIRECTION ( 'NONE',  ( -1.000000000000000000, -0.000000000000000000, -0.000000000000000000 ) ) ;
#1349 = CARTESIAN_POINT ( 'NONE',  ( -9.525000000000000355, 16.22512784221258997, 81.92080715599162488 ) ) ;
#1350 = DIRECTION ( 'NONE',  ( 0.000000000000000000, 1.667602476305511223E-15, -1.000000000000000000 ) ) ;
#1351 = DIRECTION ( 'NONE',  ( 1.000000000000000000, 0.000000000000000000, 0.000000000000000000 ) ) ;
#1352 = AXIS2_PLACEMENT_3D ( 'NONE', #1599, #12436, #3641 ) ;
#1353 = CARTESIAN_POINT ( 'NONE',  ( 9.525000000000000355, -11.15407434219244465, 128.5573278018419785 ) ) ;
#1354 = ORIENTED_EDGE ( 'NONE', *, *, #8970, .T. ) ;
#1355 = VECTOR ( 'NONE', #10871, 1000.000000000000000 ) ;
#1356 = EDGE_LOOP ( 'NONE', ( #12252, #10135, #6952, #5288 ) ) ;
#1357 = ORIENTED_EDGE ( 'NONE', *, *, #9213, .F. ) ;
#1358 = VERTEX_POINT ( 'NONE', #3329 ) ;
#1359 = ORIENTED_EDGE ( 'NONE', *, *, #7413, .T. ) ;
#1360 = AXIS2_PLACEMENT_3D ( 'NONE', #2403, #10224, #488 ) ;
#1361 = AXIS2_PLACEMENT_3D ( 'NONE', #4884, #8787, #6 ) ;
#1362 = CYLINDRICAL_SURFACE ( 'NONE', #12271, 2.271000000000002128 ) ;
#1363 = CARTESIAN_POINT ( 'NONE',  ( 12.70000000000000107, 3.577867169202164632E-15, 55.76250000000001705 ) ) ;
#1364 = DIRECTION ( 'NONE',  ( 0.000000000000000000, 0.000000000000000000, 1.000000000000000000 ) ) ;
#1365 = EDGE_CURVE ( 'NONE', #12079, #6761, #1407, .T. ) ;
#1366 = DIRECTION ( 'NONE',  ( 0.000000000000000000, 0.000000000000000000, 1.000000000000000000 ) ) ;
#1367 = CARTESIAN_POINT ( 'NONE',  ( 9.525000000000000355, -10.07084749364648069, 27.26156772950202267 ) ) ;
#1368 = CIRCLE ( 'NONE', #12628, 2.080499999999998906 ) ;
#1369 = FACE_OUTER_BOUND ( 'NONE', #7646, .T. ) ;
#1370 = VECTOR ( 'NONE', #6956, 1000.000000000000000 ) ;
#1371 = DIRECTION ( 'NONE',  ( -1.000000000000000000, 0.000000000000000000, 0.000000000000000000 ) ) ;
#1372 = AXIS2_PLACEMENT_3D ( 'NONE', #6086, #1334, #9922 ) ;
#1373 = ORIENTED_EDGE ( 'NONE', *, *, #5192, .F. ) ;
#1374 = ORIENTED_EDGE ( 'NONE', *, *, #10815, .F. ) ;
#1375 = VERTEX_POINT ( 'NONE', #2244 ) ;
#1376 = EDGE_LOOP ( 'NONE', ( #9498, #2082 ) ) ;
#1377 = ORIENTED_EDGE ( 'NONE', *, *, #724, .F. ) ;
#1378 = DIRECTION ( 'NONE',  ( 0.000000000000000000, 0.000000000000000000, 1.000000000000000000 ) ) ;
#1379 = DIRECTION ( 'NONE',  ( -1.000000000000000000, -0.000000000000000000, -0.000000000000000000 ) ) ;
#1380 = VECTOR ( 'NONE', #2273, 1000.000000000000000 ) ;
#1381 = LINE ( 'NONE', #296, #12634 ) ;
#1382 = EDGE_CURVE ( 'NONE', #2344, #2033, #8563, .T. ) ;
#1383 = AXIS2_PLACEMENT_3D ( 'NONE', #9601, #12498, #5699 ) ;
#1384 = CYLINDRICAL_SURFACE ( 'NONE', #7967, 2.080500000000013117 ) ;
#1385 = ORIENTED_EDGE ( 'NONE', *, *, #4097, .F. ) ;
#1386 = VERTEX_POINT ( 'NONE', #7180 ) ;
#1387 = ORIENTED_EDGE ( 'NONE', *, *, #325, .T. ) ;
#1388 = DIRECTION ( 'NONE',  ( 1.000000000000000000, -0.000000000000000000, -0.000000000000000000 ) ) ;
#1389 = CARTESIAN_POINT ( 'NONE',  ( 7.746038523653021987E-16, 22.22500000000000142, 101.5999999999999943 ) ) ;
#1390 = FACE_OUTER_BOUND ( 'NONE', #7193, .T. ) ;
#1391 = FACE_BOUND ( 'NONE', #9049, .T. ) ;
#1392 = DIRECTION ( 'NONE',  ( 1.000000000000000000, 0.000000000000000000, 0.000000000000000000 ) ) ;
#1393 = EDGE_CURVE ( 'NONE', #5886, #9405, #11238, .T. ) ;
#1394 = EDGE_CURVE ( 'NONE', #10799, #6157, #1345, .T. ) ;
#1395 = DIRECTION ( 'NONE',  ( -1.000000000000000000, -0.000000000000000000, -0.000000000000000000 ) ) ;
#1396 = DIRECTION ( 'NONE',  ( 0.000000000000000000, -8.754913000603934117E-15, -1.000000000000000000 ) ) ;
#1397 = AXIS2_PLACEMENT_3D ( 'NONE', #9506, #736, #4643 ) ;
#1398 = DIRECTION ( 'NONE',  ( 0.000000000000000000, 0.000000000000000000, -1.000000000000000000 ) ) ;
#1399 = VERTEX_POINT ( 'NONE', #12064 ) ;
#1400 = ORIENTED_EDGE ( 'NONE', *, *, #316, .T. ) ;
#1401 = AXIS2_PLACEMENT_3D ( 'NONE', #10836, #6858, #2058 ) ;
#1402 = AXIS2_PLACEMENT_3D ( 'NONE', #1494, #11057, #5407 ) ;
#1403 = EDGE_LOOP ( 'NONE', ( #10279, #3939, #10733, #4678 ) ) ;
#1404 = DIRECTION ( 'NONE',  ( -1.000000000000000000, -0.000000000000000000, -0.000000000000000000 ) ) ;
#1405 = DIRECTION ( 'NONE',  ( 1.000000000000000000, -0.000000000000000000, -0.000000000000000000 ) ) ;
#1406 = EDGE_CURVE ( 'NONE', #11512, #3449, #3447, .T. ) ;
#1407 = LINE ( 'NONE', #9219, #6755 ) ;
#1408 = ADVANCED_FACE ( 'NONE', ( #453 ), #6351, .F. ) ;
#1409 = DIRECTION ( 'NONE',  ( 0.000000000000000000, 1.667602476305511223E-15, 1.000000000000000000 ) ) ;
#1410 = CARTESIAN_POINT ( 'NONE',  ( 12.70000000000000107, 3.577867169202164632E-15, 88.90000000000000568 ) ) ;
#1411 = CARTESIAN_POINT ( 'NONE',  ( 9.525000000000000355, -22.22499999999999787, 177.8000000000000114 ) ) ;
#1412 = DIRECTION ( 'NONE',  ( -1.000000000000000000, -0.000000000000000000, -0.000000000000000000 ) ) ;
#1413 = CARTESIAN_POINT ( 'NONE',  ( 9.525000000000000355, 3.577867169202164632E-15, 139.7000000000000171 ) ) ;
#1414 = AXIS2_PLACEMENT_3D ( 'NONE', #8300, #3429, #11256 ) ;
#1415 = VECTOR ( 'NONE', #7257, 1000.000000000000000 ) ;
#1416 = CARTESIAN_POINT ( 'NONE',  ( 12.70000000000000107, -12.69999999999999929, 116.7999999999999972 ) ) ;
#1417 = ORIENTED_EDGE ( 'NONE', *, *, #5874, .T. ) ;
#1418 = ORIENTED_EDGE ( 'NONE', *, *, #4992, .F. ) ;
#1419 = ORIENTED_EDGE ( 'NONE', *, *, #2965, .T. ) ;
#1420 = ORIENTED_EDGE ( 'NONE', *, *, #2212, .F. ) ;
#1421 = ORIENTED_EDGE ( 'NONE', *, *, #12691, .F. ) ;
#1422 = CIRCLE ( 'NONE', #10226, 2.499999999999988454 ) ;
#1423 = VECTOR ( 'NONE', #1541, 1000.000000000000000 ) ;
#1424 = CARTESIAN_POINT ( 'NONE',  ( 9.525000000000000355, -14.16298196909033535, 137.7251729839750851 ) ) ;
#1425 = CARTESIAN_POINT ( 'NONE',  ( 12.70000000000000107, 3.577867169202164632E-15, 139.7000000000000171 ) ) ;
#1426 = DIRECTION ( 'NONE',  ( 1.000000000000000000, 0.000000000000000000, 0.000000000000000000 ) ) ;
#1427 = CARTESIAN_POINT ( 'NONE',  ( 12.70000000000000107, 12.33648634558017676, 28.89623028888087930 ) ) ;
#1428 = CYLINDRICAL_SURFACE ( 'NONE', #2390, 2.080500000000013117 ) ;
#1429 = EDGE_CURVE ( 'NONE', #1665, #6048, #5125, .T. ) ;
#1430 = DIRECTION ( 'NONE',  ( 0.000000000000000000, 0.000000000000000000, 1.000000000000000000 ) ) ;
#1431 = CIRCLE ( 'NONE', #5322, 2.499999999999988454 ) ;
#1432 = LINE ( 'NONE', #2267, #4471 ) ;
#1433 = CIRCLE ( 'NONE', #12281, 2.271000000000002128 ) ;
#1434 = ORIENTED_EDGE ( 'NONE', *, *, #3503, .F. ) ;
#1435 = VERTEX_POINT ( 'NONE', #6288 ) ;
#1436 = VERTEX_POINT ( 'NONE', #11222 ) ;
#1437 = ADVANCED_FACE ( 'NONE', ( #3392 ), #7306, .F. ) ;
#1438 = AXIS2_PLACEMENT_3D ( 'NONE', #12625, #11531, #1781 ) ;
#1439 = ORIENTED_EDGE ( 'NONE', *, *, #9562, .F. ) ;
#1440 = ORIENTED_EDGE ( 'NONE', *, *, #8443, .F. ) ;
#1441 = DIRECTION ( 'NONE',  ( 0.000000000000000000, 0.000000000000000000, -1.000000000000000000 ) ) ;
#1442 = DIRECTION ( 'NONE',  ( -1.000000000000000000, -0.000000000000000000, -0.000000000000000000 ) ) ;
#1443 = CARTESIAN_POINT ( 'NONE',  ( 12.70000000000000107, 3.577867169202164632E-15, 38.10000000000001563 ) ) ;
#1444 = DIRECTION ( 'NONE',  ( -0.000000000000000000, 1.000000000000000000, -0.000000000000000000 ) ) ;
#1445 = VECTOR ( 'NONE', #3897, 1000.000000000000000 ) ;
#1446 = ORIENTED_EDGE ( 'NONE', *, *, #12509, .T. ) ;
#1447 = ORIENTED_EDGE ( 'NONE', *, *, #10357, .T. ) ;
#1448 = ORIENTED_EDGE ( 'NONE', *, *, #1880, .T. ) ;
#1449 = ORIENTED_EDGE ( 'NONE', *, *, #16, .F. ) ;
#1450 = ORIENTED_EDGE ( 'NONE', *, *, #7745, .F. ) ;
#1451 = ADVANCED_FACE ( 'NONE', ( #4291 ), #2431, .F. ) ;
#1452 = LINE ( 'NONE', #3311, #11395 ) ;
#1453 = CIRCLE ( 'NONE', #9424, 2.499999999999992006 ) ;
#1454 = FACE_OUTER_BOUND ( 'NONE', #12637, .T. ) ;
#1455 = DIRECTION ( 'NONE',  ( 0.000000000000000000, 0.000000000000000000, 1.000000000000000000 ) ) ;
#1456 = DIRECTION ( 'NONE',  ( -1.000000000000000000, -0.000000000000000000, -0.000000000000000000 ) ) ;
#1457 = CARTESIAN_POINT ( 'NONE',  ( -9.525000000000000355, -4.072800018551146373, 154.9310478351179086 ) ) ;
#1458 = LINE ( 'NONE', #3380, #1068 ) ;
#1459 = CARTESIAN_POINT ( 'NONE',  ( 12.70000000000000107, -1.802455207620986100, 154.9855954242718497 ) ) ;
#1460 = CARTESIAN_POINT ( 'NONE',  ( -9.525000000000000355, 3.577867169202164632E-15, 139.7000000000000171 ) ) ;
#1461 = ORIENTED_EDGE ( 'NONE', *, *, #1047, .F. ) ;
#1462 = EDGE_CURVE ( 'NONE', #5435, #9449, #1609, .T. ) ;
#1463 = EDGE_LOOP ( 'NONE', ( #5551, #4544 ) ) ;
#1464 = ORIENTED_EDGE ( 'NONE', *, *, #7051, .F. ) ;
#1465 = DIRECTION ( 'NONE',  ( -1.000000000000000000, -0.000000000000000000, -0.000000000000000000 ) ) ;
#1466 = CARTESIAN_POINT ( 'NONE',  ( -9.525000000000000355, -12.33648634558004353, 28.89623028888070877 ) ) ;
#1467 = AXIS2_PLACEMENT_3D ( 'NONE', #12349, #12171, #3555 ) ;
#1468 = DIRECTION ( 'NONE',  ( 0.000000000000000000, 0.000000000000000000, 1.000000000000000000 ) ) ;
#1469 = CARTESIAN_POINT ( 'NONE',  ( 12.70000000000000107, 5.371240620587829362, 126.4470843134143934 ) ) ;
#1470 = EDGE_CURVE ( 'NONE', #12206, #1199, #10007, .T. ) ;
#1471 = CYLINDRICAL_SURFACE ( 'NONE', #1982, 17.66249999999999787 ) ;
#1472 = DIRECTION ( 'NONE',  ( -1.000000000000000000, -0.000000000000000000, -0.000000000000000000 ) ) ;
#1473 = DIRECTION ( 'NONE',  ( 0.000000000000000000, -3.335204952611044534E-15, 1.000000000000000000 ) ) ;
#1474 = DIRECTION ( 'NONE',  ( -1.000000000000000000, -0.000000000000000000, -0.000000000000000000 ) ) ;
#1475 = ADVANCED_FACE ( 'NONE', ( #5944 ), #11518, .F. ) ;
#1476 = EDGE_CURVE ( 'NONE', #5804, #981, #4720, .T. ) ;
#1477 = EDGE_LOOP ( 'NONE', ( #11463, #5961 ) ) ;
#1478 = VECTOR ( 'NONE', #1721, 1000.000000000000000 ) ;
#1479 = AXIS2_PLACEMENT_3D ( 'NONE', #7415, #745, #12478 ) ;
#1480 = EDGE_CURVE ( 'NONE', #846, #7659, #212, .T. ) ;
#1481 = VERTEX_POINT ( 'NONE', #6898 ) ;
#1482 = ORIENTED_EDGE ( 'NONE', *, *, #10635, .T. ) ;
#1483 = ORIENTED_EDGE ( 'NONE', *, *, #5639, .T. ) ;
#1484 = EDGE_LOOP ( 'NONE', ( #7438, #10148 ) ) ;
#1485 = CARTESIAN_POINT ( 'NONE',  ( -12.69999999999999751, 14.13894155320100943, 44.18182571315276874 ) ) ;
#1486 = DIRECTION ( 'NONE',  ( -1.000000000000000000, 0.000000000000000000, 0.000000000000000000 ) ) ;
#1487 = DIRECTION ( 'NONE',  ( 0.000000000000000000, 0.000000000000000000, 1.000000000000000000 ) ) ;
#1488 = LINE ( 'NONE', #6307, #10720 ) ;
#1489 = CIRCLE ( 'NONE', #10291, 2.080499999999985139 ) ;
#1490 = CARTESIAN_POINT ( 'NONE',  ( 9.525000000000000355, 3.577867169202164632E-15, 38.10000000000001563 ) ) ;
#1491 = DIRECTION ( 'NONE',  ( -1.000000000000000000, -0.000000000000000000, -0.000000000000000000 ) ) ;
#1492 = DIRECTION ( 'NONE',  ( -1.000000000000000000, -0.000000000000000000, -0.000000000000000000 ) ) ;
#1493 = ADVANCED_FACE ( 'NONE', ( #9785 ), #3949, .F. ) ;
#1494 = CARTESIAN_POINT ( 'NONE',  ( 1.555301434917138433E-15, -22.22499999999999787, 114.2999999999999972 ) ) ;
#1495 = EDGE_CURVE ( 'NONE', #1324, #7645, #1816, .T. ) ;
#1496 = ORIENTED_EDGE ( 'NONE', *, *, #9096, .T. ) ;
#1497 = ORIENTED_EDGE ( 'NONE', *, *, #10322, .T. ) ;
#1498 = VECTOR ( 'NONE', #10775, 1000.000000000000000 ) ;
#1499 = CIRCLE ( 'NONE', #8659, 17.66249999999999787 ) ;
#1500 = ORIENTED_EDGE ( 'NONE', *, *, #5007, .T. ) ;
#1501 = ORIENTED_EDGE ( 'NONE', *, *, #10815, .T. ) ;
#1502 = DIRECTION ( 'NONE',  ( 0.000000000000000000, 0.000000000000000000, -1.000000000000000000 ) ) ;
#1503 = LINE ( 'NONE', #7589, #2208 ) ;
#1504 = DIRECTION ( 'NONE',  ( -1.000000000000000000, -0.000000000000000000, -0.000000000000000000 ) ) ;
#1505 = FACE_BOUND ( 'NONE', #7931, .T. ) ;
#1506 = CARTESIAN_POINT ( 'NONE',  ( 7.746038523653021987E-16, -22.22499999999999787, 91.39999999999997726 ) ) ;
#1507 = EDGE_CURVE ( 'NONE', #3553, #1556, #9655, .T. ) ;
#1508 = ORIENTED_EDGE ( 'NONE', *, *, #4140, .T. ) ;
#1509 = ORIENTED_EDGE ( 'NONE', *, *, #12422, .F. ) ;
#1510 = EDGE_LOOP ( 'NONE', ( #7441, #7882, #12121, #11138 ) ) ;
#1511 = VECTOR ( 'NONE', #2747, 1000.000000000000000 ) ;
#1512 = FACE_OUTER_BOUND ( 'NONE', #7424, .T. ) ;
#1513 = CARTESIAN_POINT ( 'NONE',  ( 9.525000000000000355, 3.577867169202164632E-15, 38.10000000000001563 ) ) ;
#1514 = CARTESIAN_POINT ( 'NONE',  ( 9.525000000000000355, 3.577867169202164632E-15, 88.90000000000000568 ) ) ;
#1515 = DIRECTION ( 'NONE',  ( -1.000000000000000000, -0.000000000000000000, -0.000000000000000000 ) ) ;
#1516 = FACE_BOUND ( 'NONE', #9355, .T. ) ;
#1517 = EDGE_CURVE ( 'NONE', #11798, #10232, #4851, .T. ) ;
#1518 = DIRECTION ( 'NONE',  ( -1.000000000000000000, -0.000000000000000000, -0.000000000000000000 ) ) ;
#1519 = ORIENTED_EDGE ( 'NONE', *, *, #11375, .T. ) ;
#1520 = AXIS2_PLACEMENT_3D ( 'NONE', #4491, #11484, #8404 ) ;
#1521 = ORIENTED_EDGE ( 'NONE', *, *, #2374, .T. ) ;
#1522 = ORIENTED_EDGE ( 'NONE', *, *, #11513, .T. ) ;
#1523 = DIRECTION ( 'NONE',  ( -1.000000000000000000, 0.000000000000000000, 0.000000000000000000 ) ) ;
#1524 = DIRECTION ( 'NONE',  ( 0.000000000000000000, 0.000000000000000000, 1.000000000000000000 ) ) ;
#1525 = AXIS2_PLACEMENT_3D ( 'NONE', #7682, #9600, #3568 ) ;
#1526 = DIRECTION ( 'NONE',  ( -1.000000000000000000, -0.000000000000000000, -0.000000000000000000 ) ) ;
#1527 = EDGE_CURVE ( 'NONE', #11188, #831, #11653, .T. ) ;
#1528 = FACE_OUTER_BOUND ( 'NONE', #9046, .T. ) ;
#1529 = CARTESIAN_POINT ( 'NONE',  ( 0.000000000000000000, 22.22500000000000142, 15.19999999999999218 ) ) ;
#1530 = DIRECTION ( 'NONE',  ( -1.000000000000000000, -0.000000000000000000, -0.000000000000000000 ) ) ;
#1531 = DIRECTION ( 'NONE',  ( 0.000000000000000000, 0.000000000000000000, 1.000000000000000000 ) ) ;
#1532 = AXIS2_PLACEMENT_3D ( 'NONE', #11179, #12150, #1430 ) ;
#1533 = ORIENTED_EDGE ( 'NONE', *, *, #5801, .T. ) ;
#1534 = VERTEX_POINT ( 'NONE', #811 ) ;
#1535 = EDGE_LOOP ( 'NONE', ( #12622, #3725, #5274, #3229 ) ) ;
#1536 = EDGE_CURVE ( 'NONE', #5726, #6248, #1898, .T. ) ;
#1537 = ORIENTED_EDGE ( 'NONE', *, *, #5185, .F. ) ;
#1538 = AXIS2_PLACEMENT_3D ( 'NONE', #10707, #12448, #838 ) ;
#1539 = ORIENTED_EDGE ( 'NONE', *, *, #3756, .T. ) ;
#1540 = CARTESIAN_POINT ( 'NONE',  ( -12.69999999999999751, -16.22512784221253312, 45.07919284400851723 ) ) ;
#1541 = DIRECTION ( 'NONE',  ( -1.000000000000000000, -0.000000000000000000, -0.000000000000000000 ) ) ;
#1542 = CYLINDRICAL_SURFACE ( 'NONE', #2582, 14.30000000000000782 ) ;
#1543 = DIRECTION ( 'NONE',  ( 0.000000000000000000, 0.000000000000000000, 1.000000000000000000 ) ) ;
#1544 = EDGE_CURVE ( 'NONE', #481, #5804, #9380, .T. ) ;
#1545 = AXIS2_PLACEMENT_3D ( 'NONE', #11288, #5511, #4419 ) ;
#1546 = CARTESIAN_POINT ( 'NONE',  ( -12.69999999999999751, 3.577867169202164632E-15, 38.10000000000001563 ) ) ;
#1547 = CYLINDRICAL_SURFACE ( 'NONE', #1166, 2.500000000000002220 ) ;
#1548 = DIRECTION ( 'NONE',  ( 0.000000000000000000, 0.000000000000000000, 1.000000000000000000 ) ) ;
#1549 = EDGE_CURVE ( 'NONE', #6595, #6626, #3867, .T. ) ;
#1550 = DIRECTION ( 'NONE',  ( 0.000000000000000000, 0.000000000000000000, 1.000000000000000000 ) ) ;
#1551 = AXIS2_PLACEMENT_3D ( 'NONE', #9584, #11450, #10740 ) ;
#1552 = AXIS2_PLACEMENT_3D ( 'NONE', #10661, #5800, #9703 ) ;
#1553 = LINE ( 'NONE', #10518, #792 ) ;
#1554 = VERTEX_POINT ( 'NONE', #2719 ) ;
#1555 = CIRCLE ( 'NONE', #3585, 2.271000000000002128 ) ;
#1556 = VERTEX_POINT ( 'NONE', #4655 ) ;
#1557 = ORIENTED_EDGE ( 'NONE', *, *, #6378, .F. ) ;
#1558 = AXIS2_PLACEMENT_3D ( 'NONE', #5248, #7296, #11213 ) ;
#1559 = EDGE_LOOP ( 'NONE', ( #10666, #10215 ) ) ;
#1560 = VERTEX_POINT ( 'NONE', #11651 ) ;
#1561 = DIRECTION ( 'NONE',  ( -1.000000000000000000, -0.000000000000000000, -0.000000000000000000 ) ) ;
#1562 = CARTESIAN_POINT ( 'NONE',  ( 12.70000000000000107, 3.577867169202164632E-15, 88.90000000000000568 ) ) ;
#1563 = VECTOR ( 'NONE', #5556, 1000.000000000000000 ) ;
#1564 = CIRCLE ( 'NONE', #7706, 2.500000000000002220 ) ;
#1565 = CARTESIAN_POINT ( 'NONE',  ( 12.70000000000000107, 12.33648634557998314, 98.10376971111941202 ) ) ;
#1566 = DIRECTION ( 'NONE',  ( 0.000000000000000000, -3.335204952610999569E-15, 1.000000000000000000 ) ) ;
#1567 = CARTESIAN_POINT ( 'NONE',  ( 12.70000000000000107, 3.577867169202164632E-15, 139.7000000000000171 ) ) ;
#1568 = ADVANCED_FACE ( 'NONE', ( #4915 ), #8819, .T. ) ;
#1569 = CIRCLE ( 'NONE', #3200, 14.30000000000000782 ) ;
#1570 = CIRCLE ( 'NONE', #3202, 2.271000000000002128 ) ;
#1571 = DIRECTION ( 'NONE',  ( -1.000000000000000000, -0.000000000000000000, -0.000000000000000000 ) ) ;
#1572 = ORIENTED_EDGE ( 'NONE', *, *, #956, .T. ) ;
#1573 = VECTOR ( 'NONE', #1608, 1000.000000000000000 ) ;
#1574 = EDGE_LOOP ( 'NONE', ( #1743, #10832, #11106, #10246 ) ) ;
#1575 = ORIENTED_EDGE ( 'NONE', *, *, #1940, .F. ) ;
#1576 = ORIENTED_EDGE ( 'NONE', *, *, #12618, .F. ) ;
#1577 = CIRCLE ( 'NONE', #2393, 17.66250000000000497 ) ;
#1578 = EDGE_CURVE ( 'NONE', #1842, #2145, #9009, .T. ) ;
#1579 = CIRCLE ( 'NONE', #12645, 2.270999999999995467 ) ;
#1580 = FACE_BOUND ( 'NONE', #10718, .T. ) ;
#1581 = DIRECTION ( 'NONE',  ( 0.000000000000000000, 0.000000000000000000, 1.000000000000000000 ) ) ;
#1582 = CARTESIAN_POINT ( 'NONE',  ( -9.525000000000000355, 3.577867169202164632E-15, 88.90000000000000568 ) ) ;
#1583 = CARTESIAN_POINT ( 'NONE',  ( 12.70000000000000107, -12.33648634558010748, 100.3747697111192281 ) ) ;
#1584 = EDGE_CURVE ( 'NONE', #6776, #10682, #10642, .T. ) ;
#1585 = DIRECTION ( 'NONE',  ( 0.000000000000000000, -1.000000000000000000, 0.000000000000000000 ) ) ;
#1586 = DIRECTION ( 'NONE',  ( 0.000000000000000000, 0.000000000000000000, 1.000000000000000000 ) ) ;
#1587 = EDGE_CURVE ( 'NONE', #1622, #5674, #10235, .T. ) ;
#1588 = ORIENTED_EDGE ( 'NONE', *, *, #6711, .T. ) ;
#1589 = EDGE_CURVE ( 'NONE', #10572, #11850, #8978, .T. ) ;
#1590 = ORIENTED_EDGE ( 'NONE', *, *, #9966, .T. ) ;
#1591 = ADVANCED_FACE ( 'NONE', ( #7799 ), #11714, .F. ) ;
#1592 = ORIENTED_EDGE ( 'NONE', *, *, #12265, .T. ) ;
#1593 = DIRECTION ( 'NONE',  ( 0.000000000000000000, 0.000000000000000000, 1.000000000000000000 ) ) ;
#1594 = CARTESIAN_POINT ( 'NONE',  ( 9.525000000000000355, -2.068405620284290425, 20.55903068698950520 ) ) ;
#1595 = DIRECTION ( 'NONE',  ( -1.000000000000000000, -0.000000000000000000, -0.000000000000000000 ) ) ;
#1596 = LINE ( 'NONE', #10495, #7508 ) ;
#1597 = CARTESIAN_POINT ( 'NONE',  ( 12.70000000000000107, -11.15407434219252103, 150.8426721981579419 ) ) ;
#1598 = CARTESIAN_POINT ( 'NONE',  ( 9.525000000000000355, -10.07084749364656950, 51.01893227049793467 ) ) ;
#1599 = CARTESIAN_POINT ( 'NONE',  ( 12.70000000000000107, -14.13894155320104851, 82.81817428684736626 ) ) ;
#1600 = AXIS2_PLACEMENT_3D ( 'NONE', #6757, #10533, #12534 ) ;
#1601 = VERTEX_POINT ( 'NONE', #4200 ) ;
#1602 = ORIENTED_EDGE ( 'NONE', *, *, #11192, .F. ) ;
#1603 = EDGE_CURVE ( 'NONE', #12458, #3277, #183, .T. ) ;
#1604 = VERTEX_POINT ( 'NONE', #3046 ) ;
#1605 = ORIENTED_EDGE ( 'NONE', *, *, #7077, .F. ) ;
#1606 = CARTESIAN_POINT ( 'NONE',  ( -9.525000000000000355, 12.33648634557998314, 47.30376971111940776 ) ) ;
#1607 = CYLINDRICAL_SURFACE ( 'NONE', #1631, 2.080499999999998906 ) ;
#1608 = DIRECTION ( 'NONE',  ( -1.000000000000000000, -0.000000000000000000, -0.000000000000000000 ) ) ;
#1609 = CIRCLE ( 'NONE', #7339, 2.080499999999985139 ) ;
#1610 = CYLINDRICAL_SURFACE ( 'NONE', #1520, 2.080499999999998906 ) ;
#1611 = AXIS2_PLACEMENT_3D ( 'NONE', #7138, #1371, #9055 ) ;
#1612 = DIRECTION ( 'NONE',  ( 0.000000000000000000, 0.000000000000000000, 1.000000000000000000 ) ) ;
#1613 = CARTESIAN_POINT ( 'NONE',  ( 12.70000000000000107, -16.22512784221253312, 146.6791928440085258 ) ) ;
#1614 = DIRECTION ( 'NONE',  ( -0.000000000000000000, 1.000000000000000000, -0.000000000000000000 ) ) ;
#1615 = FACE_BOUND ( 'NONE', #8350, .T. ) ;
#1616 = ORIENTED_EDGE ( 'NONE', *, *, #2692, .F. ) ;
#1617 = ORIENTED_EDGE ( 'NONE', *, *, #3352, .F. ) ;
#1618 = AXIS2_PLACEMENT_3D ( 'NONE', #7848, #11500, #11762 ) ;
#1619 = ADVANCED_FACE ( 'NONE', ( #5228 ), #2341, .F. ) ;
#1620 = CIRCLE ( 'NONE', #7154, 2.499999999999988454 ) ;
#1621 = ORIENTED_EDGE ( 'NONE', *, *, #5428, .T. ) ;
#1622 = VERTEX_POINT ( 'NONE', #3167 ) ;
#1623 = DIRECTION ( 'NONE',  ( 0.000000000000000000, 0.000000000000000000, -1.000000000000000000 ) ) ;
#1624 = CARTESIAN_POINT ( 'NONE',  ( 12.70000000000000107, 15.22687436074368783, 84.81162436304023799 ) ) ;
#1625 = AXIS2_PLACEMENT_3D ( 'NONE', #2716, #7416, #10541 ) ;
#1626 = DIRECTION ( 'NONE',  ( 0.000000000000000000, -4.585906809840155666E-15, -1.000000000000000000 ) ) ;
#1627 = CARTESIAN_POINT ( 'NONE',  ( 1.555301434917138433E-15, 25.40000000000000213, 65.99999999999998579 ) ) ;
#1628 = DIRECTION ( 'NONE',  ( -1.000000000000000000, 0.000000000000000000, 0.000000000000000000 ) ) ;
#1629 = AXIS2_PLACEMENT_3D ( 'NONE', #658, #2567, #9240 ) ;
#1630 = EDGE_CURVE ( 'NONE', #11258, #7004, #3651, .T. ) ;
#1631 = AXIS2_PLACEMENT_3D ( 'NONE', #7762, #4683, #8654 ) ;
#1632 = FACE_OUTER_BOUND ( 'NONE', #4308, .T. ) ;
#1633 = VERTEX_POINT ( 'NONE', #4076 ) ;
#1634 = ADVANCED_FACE ( 'NONE', ( #7990 ), #8112, .F. ) ;
#1635 = AXIS2_PLACEMENT_3D ( 'NONE', #1653, #9408, #12361 ) ;
#1636 = EDGE_LOOP ( 'NONE', ( #9545, #2006, #8618, #9495 ) ) ;
#1637 = EDGE_CURVE ( 'NONE', #3846, #7380, #11863, .T. ) ;
#1638 = ORIENTED_EDGE ( 'NONE', *, *, #11509, .F. ) ;
#1639 = EDGE_CURVE ( 'NONE', #9902, #7962, #2438, .T. ) ;
#1640 = VECTOR ( 'NONE', #1098, 1000.000000000000000 ) ;
#1641 = CARTESIAN_POINT ( 'NONE',  ( 12.70000000000000107, 3.577867169202164632E-15, 139.7000000000000171 ) ) ;
#1642 = CARTESIAN_POINT ( 'NONE',  ( -12.69999999999999929, 12.69999999999999929, 65.99999999999998579 ) ) ;
#1643 = DIRECTION ( 'NONE',  ( 0.000000000000000000, 0.000000000000000000, 1.000000000000000000 ) ) ;
#1644 = DIRECTION ( 'NONE',  ( 0.000000000000000000, 0.000000000000000000, 1.000000000000000000 ) ) ;
#1645 = VECTOR ( 'NONE', #8802, 1000.000000000000000 ) ;
#1646 = DIRECTION ( 'NONE',  ( 0.000000000000000000, 0.000000000000000000, -1.000000000000000000 ) ) ;
#1647 = CARTESIAN_POINT ( 'NONE',  ( 12.70000000000000107, -12.33648634558010748, 47.30376971111923723 ) ) ;
#1648 = ORIENTED_EDGE ( 'NONE', *, *, #3770, .T. ) ;
#1649 = DIRECTION ( 'NONE',  ( -1.000000000000000000, 0.000000000000000000, 0.000000000000000000 ) ) ;
#1650 = CIRCLE ( 'NONE', #6376, 2.080499999999998906 ) ;
#1651 = EDGE_CURVE ( 'NONE', #12031, #10569, #10827, .T. ) ;
#1652 = ORIENTED_EDGE ( 'NONE', *, *, #4229, .T. ) ;
#1653 = CARTESIAN_POINT ( 'NONE',  ( -12.69999999999999751, -6.152699789198520897, 124.5189240976142884 ) ) ;
#1654 = DIRECTION ( 'NONE',  ( 1.000000000000000000, -0.000000000000000000, -0.000000000000000000 ) ) ;
#1655 = LINE ( 'NONE', #9470, #8691 ) ;
#1656 = LINE ( 'NONE', #7493, #367 ) ;
#1657 = CYLINDRICAL_SURFACE ( 'NONE', #5162, 2.080499999999998906 ) ;
#1658 = AXIS2_PLACEMENT_3D ( 'NONE', #4105, #11028, #11093 ) ;
#1659 = DIRECTION ( 'NONE',  ( 0.000000000000000000, 0.000000000000000000, 1.000000000000000000 ) ) ;
#1660 = CARTESIAN_POINT ( 'NONE',  ( -9.525000000000000355, 10.07084749364639542, 51.01893227049807678 ) ) ;
#1661 = ADVANCED_FACE ( 'NONE', ( #5034, #3105, #6134, #7150, #7024, #10872, #2092, #10936, #3302, #4008, #2276, #4266, #1127, #9976 ), #170, .T. ) ;
#1662 = ORIENTED_EDGE ( 'NONE', *, *, #3745, .T. ) ;
#1663 = DIRECTION ( 'NONE',  ( 0.000000000000000000, 0.000000000000000000, 1.000000000000000000 ) ) ;
#1664 = ORIENTED_EDGE ( 'NONE', *, *, #10037, .T. ) ;
#1665 = VERTEX_POINT ( 'NONE', #11136 ) ;
#1666 = VECTOR ( 'NONE', #8060, 1000.000000000000000 ) ;
#1667 = VERTEX_POINT ( 'NONE', #6199 ) ;
#1668 = DIRECTION ( 'NONE',  ( -1.000000000000000000, -0.000000000000000000, -0.000000000000000000 ) ) ;
#1669 = DIRECTION ( 'NONE',  ( -1.000000000000000000, -0.000000000000000000, -0.000000000000000000 ) ) ;
#1670 = DIRECTION ( 'NONE',  ( -1.000000000000000000, -0.000000000000000000, -0.000000000000000000 ) ) ;
#1671 = CARTESIAN_POINT ( 'NONE',  ( 12.70000000000000107, -4.072800018551144596, 104.1310478351178972 ) ) ;
#1672 = DIRECTION ( 'NONE',  ( -1.000000000000000000, -0.000000000000000000, -0.000000000000000000 ) ) ;
#1673 = CYLINDRICAL_SURFACE ( 'NONE', #12421, 2.500000000000002220 ) ;
#1674 = DIRECTION ( 'NONE',  ( -1.000000000000000000, -0.000000000000000000, -0.000000000000000000 ) ) ;
#1675 = DIRECTION ( 'NONE',  ( 1.000000000000000000, 0.000000000000000000, 0.000000000000000000 ) ) ;
#1676 = EDGE_CURVE ( 'NONE', #3281, #7774, #12470, .T. ) ;
#1677 = AXIS2_PLACEMENT_3D ( 'NONE', #4987, #11084, #4156 ) ;
#1678 = CIRCLE ( 'NONE', #8843, 17.66249999999999787 ) ;
#1679 = CARTESIAN_POINT ( 'NONE',  ( -9.525000000000002132, 12.69999999999999929, 114.2999999999999972 ) ) ;
#1680 = VERTEX_POINT ( 'NONE', #5167 ) ;
#1681 = EDGE_LOOP ( 'NONE', ( #3645, #9422 ) ) ;
#1682 = ORIENTED_EDGE ( 'NONE', *, *, #7023, .F. ) ;
#1683 = VERTEX_POINT ( 'NONE', #12102 ) ;
#1684 = ORIENTED_EDGE ( 'NONE', *, *, #1248, .F. ) ;
#1685 = DIRECTION ( 'NONE',  ( -1.000000000000000000, -0.000000000000000000, -0.000000000000000000 ) ) ;
#1686 = VECTOR ( 'NONE', #7670, 1000.000000000000000 ) ;
#1687 = DIRECTION ( 'NONE',  ( -1.000000000000000000, -0.000000000000000000, -0.000000000000000000 ) ) ;
#1688 = CYLINDRICAL_SURFACE ( 'NONE', #10378, 2.080499999999998906 ) ;
#1689 = VECTOR ( 'NONE', #1685, 1000.000000000000000 ) ;
#1690 = CARTESIAN_POINT ( 'NONE',  ( 12.70000000000000107, 11.15407434219260630, 128.5573278018421490 ) ) ;
#1691 = CARTESIAN_POINT ( 'NONE',  ( -9.525000000000000355, -5.371240620587816927, 126.4470843134143934 ) ) ;
#1692 = DIRECTION ( 'NONE',  ( 0.000000000000000000, 0.000000000000000000, 1.000000000000000000 ) ) ;
#1693 = ADVANCED_FACE ( 'NONE', ( #233 ), #8881, .F. ) ;
#1694 = CARTESIAN_POINT ( 'NONE',  ( 12.70000000000000107, 14.13894155320100943, 44.18182571315276874 ) ) ;
#1695 = VECTOR ( 'NONE', #9068, 1000.000000000000000 ) ;
#1696 = VERTEX_POINT ( 'NONE', #8049 ) ;
#1697 = VECTOR ( 'NONE', #12439, 1000.000000000000000 ) ;
#1698 = VERTEX_POINT ( 'NONE', #7087 ) ;
#1699 = ORIENTED_EDGE ( 'NONE', *, *, #4245, .T. ) ;
#1700 = EDGE_LOOP ( 'NONE', ( #8101, #5378, #127, #5159 ) ) ;
#1701 = ADVANCED_FACE ( 'NONE', ( #12040 ), #3236, .F. ) ;
#1702 = FACE_BOUND ( 'NONE', #3808, .T. ) ;
#1703 = CARTESIAN_POINT ( 'NONE',  ( 12.70000000000000107, 1.802455207620993427, 124.4144045757281845 ) ) ;
#1704 = LINE ( 'NONE', #12414, #6533 ) ;
#1705 = DIRECTION ( 'NONE',  ( 0.000000000000000000, 0.000000000000000000, 1.000000000000000000 ) ) ;
#1706 = AXIS2_PLACEMENT_3D ( 'NONE', #11813, #5138, #5847 ) ;
#1707 = DIRECTION ( 'NONE',  ( 0.000000000000000000, 0.000000000000000000, 1.000000000000000000 ) ) ;
#1708 = CYLINDRICAL_SURFACE ( 'NONE', #51, 2.499999999999988454 ) ;
#1709 = EDGE_CURVE ( 'NONE', #6915, #6522, #11045, .T. ) ;
#1710 = FACE_OUTER_BOUND ( 'NONE', #12033, .T. ) ;
#1711 = EDGE_CURVE ( 'NONE', #11571, #5272, #7764, .T. ) ;
#1712 = ORIENTED_EDGE ( 'NONE', *, *, #3913, .T. ) ;
#1713 = VERTEX_POINT ( 'NONE', #9256 ) ;
#1714 = AXIS2_PLACEMENT_3D ( 'NONE', #7435, #8703, #9733 ) ;
#1715 = EDGE_LOOP ( 'NONE', ( #2738, #148, #4133, #6680 ) ) ;
#1716 = CYLINDRICAL_SURFACE ( 'NONE', #2453, 14.30000000000000782 ) ;
#1717 = DIRECTION ( 'NONE',  ( 0.000000000000000000, 0.000000000000000000, 1.000000000000000000 ) ) ;
#1718 = DIRECTION ( 'NONE',  ( 0.000000000000000000, 0.000000000000000000, -1.000000000000000000 ) ) ;
#1719 = AXIS2_PLACEMENT_3D ( 'NONE', #3201, #7119, #1409 ) ;
#1720 = DIRECTION ( 'NONE',  ( 0.000000000000000000, 0.000000000000000000, 1.000000000000000000 ) ) ;
#1721 = DIRECTION ( 'NONE',  ( -1.000000000000000000, -0.000000000000000000, -0.000000000000000000 ) ) ;
#1722 = DIRECTION ( 'NONE',  ( 0.000000000000000000, 0.000000000000000000, -1.000000000000000000 ) ) ;
#1723 = EDGE_CURVE ( 'NONE', #8072, #9952, #8486, .T. ) ;
#1724 = DIRECTION ( 'NONE',  ( 0.000000000000000000, 0.000000000000000000, -1.000000000000000000 ) ) ;
#1725 = ORIENTED_EDGE ( 'NONE', *, *, #1676, .F. ) ;
#1726 = DIRECTION ( 'NONE',  ( -1.000000000000000000, -0.000000000000000000, -0.000000000000000000 ) ) ;
#1727 = VERTEX_POINT ( 'NONE', #11314 ) ;
#1728 = EDGE_LOOP ( 'NONE', ( #2398, #4206, #1857, #8823 ) ) ;
#1729 = VECTOR ( 'NONE', #823, 1000.000000000000000 ) ;
#1730 = VERTEX_POINT ( 'NONE', #6321 ) ;
#1731 = CARTESIAN_POINT ( 'NONE',  ( -12.69999999999999751, 12.69999999999999929, 111.8000000000000114 ) ) ;
#1732 = EDGE_CURVE ( 'NONE', #4160, #3793, #5543, .T. ) ;
#1733 = LINE ( 'NONE', #8715, #12440 ) ;
#1734 = CARTESIAN_POINT ( 'NONE',  ( 12.70000000000000107, -6.152699789198520897, 154.8810759023857315 ) ) ;
#1735 = DIRECTION ( 'NONE',  ( -1.000000000000000000, -0.000000000000000000, -0.000000000000000000 ) ) ;
#1736 = LINE ( 'NONE', #5650, #3892 ) ;
#1737 = CARTESIAN_POINT ( 'NONE',  ( -9.525000000000000355, -11.15407434219252103, 150.8426721981579419 ) ) ;
#1738 = DIRECTION ( 'NONE',  ( -1.000000000000000000, -0.000000000000000000, -0.000000000000000000 ) ) ;
#1739 = CIRCLE ( 'NONE', #6851, 2.270999999999995467 ) ;
#1740 = CARTESIAN_POINT ( 'NONE',  ( -12.69999999999999751, 6.152699789198528002, 22.91892409761429406 ) ) ;
#1741 = ORIENTED_EDGE ( 'NONE', *, *, #6506, .F. ) ;
#1742 = ORIENTED_EDGE ( 'NONE', *, *, #3710, .T. ) ;
#1743 = ORIENTED_EDGE ( 'NONE', *, *, #4468, .T. ) ;
#1744 = ORIENTED_EDGE ( 'NONE', *, *, #10762, .T. ) ;
#1745 = EDGE_LOOP ( 'NONE', ( #6693, #2407, #1539, #2302 ) ) ;
#1746 = CARTESIAN_POINT ( 'NONE',  ( 9.525000000000000355, 15.22687436074360257, 42.18837563696011017 ) ) ;
#1747 = EDGE_CURVE ( 'NONE', #6437, #11949, #4479, .T. ) ;
#1748 = AXIS2_PLACEMENT_3D ( 'NONE', #9940, #1163, #4671 ) ;
#1749 = FACE_OUTER_BOUND ( 'NONE', #9924, .T. ) ;
#1750 = DIRECTION ( 'NONE',  ( 0.000000000000000000, 0.000000000000000000, 1.000000000000000000 ) ) ;
#1751 = CARTESIAN_POINT ( 'NONE',  ( -9.525000000000000355, 6.152699789198528002, 22.91892409761429406 ) ) ;
#1752 = DIRECTION ( 'NONE',  ( -1.000000000000000000, 0.000000000000000000, 0.000000000000000000 ) ) ;
#1753 = DIRECTION ( 'NONE',  ( -1.000000000000000000, 0.000000000000000000, 0.000000000000000000 ) ) ;
#1754 = VECTOR ( 'NONE', #11742, 1000.000000000000000 ) ;
#1755 = AXIS2_PLACEMENT_3D ( 'NONE', #6319, #11969, #232 ) ;
#1756 = CARTESIAN_POINT ( 'NONE',  ( -12.69999999999999751, -10.07084749364656950, 152.6189322704979361 ) ) ;
#1757 = CIRCLE ( 'NONE', #7903, 14.30000000000000782 ) ;
#1758 = EDGE_LOOP ( 'NONE', ( #1588, #9406, #8102, #11835 ) ) ;
#1759 = VERTEX_POINT ( 'NONE', #12216 ) ;
#1760 = ORIENTED_EDGE ( 'NONE', *, *, #4819, .F. ) ;
#1761 = VECTOR ( 'NONE', #7477, 1000.000000000000000 ) ;
#1762 = ORIENTED_EDGE ( 'NONE', *, *, #12663, .F. ) ;
#1763 = AXIS2_PLACEMENT_3D ( 'NONE', #6092, #11990, #6983 ) ;
#1764 = EDGE_CURVE ( 'NONE', #2824, #5130, #1001, .T. ) ;
#1765 = CARTESIAN_POINT ( 'NONE',  ( 9.525000000000000355, 10.07084749364666365, 128.8615677295021271 ) ) ;
#1766 = DIRECTION ( 'NONE',  ( 1.000000000000000000, -0.000000000000000000, -0.000000000000000000 ) ) ;
#1767 = AXIS2_PLACEMENT_3D ( 'NONE', #12594, #9637, #3800 ) ;
#1768 = FACE_OUTER_BOUND ( 'NONE', #9199, .T. ) ;
#1769 = AXIS2_PLACEMENT_3D ( 'NONE', #6102, #9937, #6166 ) ;
#1770 = DIRECTION ( 'NONE',  ( 0.000000000000000000, 0.000000000000000000, 1.000000000000000000 ) ) ;
#1771 = CARTESIAN_POINT ( 'NONE',  ( -12.69999999999999751, 3.577867169202164632E-15, 88.90000000000000568 ) ) ;
#1772 = DIRECTION ( 'NONE',  ( 0.000000000000000000, 0.000000000000000000, 1.000000000000000000 ) ) ;
#1773 = AXIS2_PLACEMENT_3D ( 'NONE', #7132, #3089, #5019 ) ;
#1774 = ORIENTED_EDGE ( 'NONE', *, *, #7462, .T. ) ;
#1775 = ORIENTED_EDGE ( 'NONE', *, *, #7613, .T. ) ;
#1776 = VECTOR ( 'NONE', #5114, 1000.000000000000000 ) ;
#1777 = VERTEX_POINT ( 'NONE', #10405 ) ;
#1778 = AXIS2_PLACEMENT_3D ( 'NONE', #11284, #10312, #6649 ) ;
#1779 = EDGE_LOOP ( 'NONE', ( #6836, #12588 ) ) ;
#1780 = EDGE_CURVE ( 'NONE', #6497, #4761, #603, .T. ) ;
#1781 = DIRECTION ( 'NONE',  ( 0.000000000000000000, 0.000000000000000000, 1.000000000000000000 ) ) ;
#1782 = CARTESIAN_POINT ( 'NONE',  ( 9.525000000000000355, 3.577867169202164632E-15, 139.7000000000000171 ) ) ;
#1783 = AXIS2_PLACEMENT_3D ( 'NONE', #1314, #5225, #9126 ) ;
#1784 = CARTESIAN_POINT ( 'NONE',  ( 1.861463134703975909E-15, 22.22500000000000142, 73.70000000000000284 ) ) ;
#1785 = CARTESIAN_POINT ( 'NONE',  ( -12.69999999999999751, 3.061616997868373773E-16, 10.19999999999994245 ) ) ;
#1786 = DIRECTION ( 'NONE',  ( 0.000000000000000000, 0.000000000000000000, 1.000000000000000000 ) ) ;
#1787 = DIRECTION ( 'NONE',  ( -1.000000000000000000, -0.000000000000000000, -0.000000000000000000 ) ) ;
#1788 = DIRECTION ( 'NONE',  ( -1.000000000000000000, 0.000000000000000000, 0.000000000000000000 ) ) ;
#1789 = EDGE_CURVE ( 'NONE', #6823, #6248, #7551, .T. ) ;
#1790 = ORIENTED_EDGE ( 'NONE', *, *, #7422, .F. ) ;
#1791 = ADVANCED_FACE ( 'NONE', ( #5482, #8243, #7276, #12398, #4571, #9377, #5354, #6384, #7337, #611, #1505, #11194, #4327, #3366 ), #5417, .F. ) ;
#1792 = DIRECTION ( 'NONE',  ( -1.000000000000000000, -0.000000000000000000, -0.000000000000000000 ) ) ;
#1793 = ORIENTED_EDGE ( 'NONE', *, *, #4356, .T. ) ;
#1794 = ORIENTED_EDGE ( 'NONE', *, *, #5007, .F. ) ;
#1795 = EDGE_CURVE ( 'NONE', #7210, #5455, #8172, .T. ) ;
#1796 = VERTEX_POINT ( 'NONE', #7530 ) ;
#1797 = CARTESIAN_POINT ( 'NONE',  ( 9.525000000000000355, -12.33648634558004353, 130.4962302888807244 ) ) ;
#1798 = ADVANCED_FACE ( 'NONE', ( #11436 ), #1384, .T. ) ;
#1799 = DIRECTION ( 'NONE',  ( -1.000000000000000000, -0.000000000000000000, -0.000000000000000000 ) ) ;
#1800 = DIRECTION ( 'NONE',  ( -1.000000000000000000, -0.000000000000000000, -0.000000000000000000 ) ) ;
#1801 = DIRECTION ( 'NONE',  ( 0.000000000000000000, 0.000000000000000000, 1.000000000000000000 ) ) ;
#1802 = DIRECTION ( 'NONE',  ( -1.000000000000000000, -0.000000000000000000, -0.000000000000000000 ) ) ;
#1803 = LINE ( 'NONE', #5973, #4628 ) ;
#1804 = CARTESIAN_POINT ( 'NONE',  ( 1.555301434917138038E-15, -25.39999999999999503, 25.39999999999999858 ) ) ;
#1805 = CARTESIAN_POINT ( 'NONE',  ( -12.69999999999999751, -1.802455207620986100, 104.1855954242718525 ) ) ;
#1806 = DIRECTION ( 'NONE',  ( 0.000000000000000000, 0.000000000000000000, 1.000000000000000000 ) ) ;
#1807 = VECTOR ( 'NONE', #6565, 1000.000000000000000 ) ;
#1808 = FACE_OUTER_BOUND ( 'NONE', #9850, .T. ) ;
#1809 = EDGE_LOOP ( 'NONE', ( #4334, #6438, #8762, #5433 ) ) ;
#1810 = ORIENTED_EDGE ( 'NONE', *, *, #975, .F. ) ;
#1811 = ORIENTED_EDGE ( 'NONE', *, *, #1780, .F. ) ;
#1812 = ORIENTED_EDGE ( 'NONE', *, *, #12288, .T. ) ;
#1813 = ORIENTED_EDGE ( 'NONE', *, *, #4304, .T. ) ;
#1814 = DIRECTION ( 'NONE',  ( -1.000000000000000000, -0.000000000000000000, -0.000000000000000000 ) ) ;
#1815 = EDGE_CURVE ( 'NONE', #11152, #2129, #6938, .T. ) ;
#1816 = CIRCLE ( 'NONE', #5093, 2.499999999999995115 ) ;
#1817 = CYLINDRICAL_SURFACE ( 'NONE', #9417, 17.66249999999999787 ) ;
#1818 = FACE_OUTER_BOUND ( 'NONE', #80, .T. ) ;
#1819 = CYLINDRICAL_SURFACE ( 'NONE', #3048, 2.270999999999995467 ) ;
#1820 = CYLINDRICAL_SURFACE ( 'NONE', #9129, 2.080499999999998906 ) ;
#1821 = VECTOR ( 'NONE', #9639, 1000.000000000000000 ) ;
#1822 = EDGE_CURVE ( 'NONE', #8735, #1987, #9185, .T. ) ;
#1823 = CARTESIAN_POINT ( 'NONE',  ( 7.746038523653021987E-16, -22.22499999999999787, 88.89999999999999147 ) ) ;
#1824 = VERTEX_POINT ( 'NONE', #10599 ) ;
#1825 = ORIENTED_EDGE ( 'NONE', *, *, #12072, .F. ) ;
#1826 = ORIENTED_EDGE ( 'NONE', *, *, #6089, .T. ) ;
#1827 = CIRCLE ( 'NONE', #8992, 2.271000000000002128 ) ;
#1828 = ORIENTED_EDGE ( 'NONE', *, *, #10019, .F. ) ;
#1829 = DIRECTION ( 'NONE',  ( -1.000000000000000000, -0.000000000000000000, -0.000000000000000000 ) ) ;
#1830 = CARTESIAN_POINT ( 'NONE',  ( 12.70000000000000107, 2.068405620284300195, 122.1590306869894960 ) ) ;
#1831 = CYLINDRICAL_SURFACE ( 'NONE', #4701, 2.500000000000002220 ) ;
#1832 = CARTESIAN_POINT ( 'NONE',  ( 9.525000000000000355, 8.791741348502629450, 77.62191132943932814 ) ) ;
#1833 = DIRECTION ( 'NONE',  ( 0.000000000000000000, 0.000000000000000000, 1.000000000000000000 ) ) ;
#1834 = LINE ( 'NONE', #3950, #10080 ) ;
#1835 = CARTESIAN_POINT ( 'NONE',  ( 7.746038523653021987E-16, -22.22499999999999787, 50.79999999999999716 ) ) ;
#1836 = AXIS2_PLACEMENT_3D ( 'NONE', #9156, #1523, #3389 ) ;
#1837 = ADVANCED_FACE ( 'NONE', ( #2899 ), #12467, .F. ) ;
#1838 = VERTEX_POINT ( 'NONE', #8673 ) ;
#1839 = VERTEX_POINT ( 'NONE', #9573 ) ;
#1840 = VECTOR ( 'NONE', #1929, 1000.000000000000000 ) ;
#1841 = ORIENTED_EDGE ( 'NONE', *, *, #12127, .T. ) ;
#1842 = VERTEX_POINT ( 'NONE', #2765 ) ;
#1843 = CIRCLE ( 'NONE', #2860, 2.080499999999998906 ) ;
#1844 = CYLINDRICAL_SURFACE ( 'NONE', #2051, 14.30000000000000782 ) ;
#1845 = CARTESIAN_POINT ( 'NONE',  ( 12.70000000000000107, 5.371240620587829362, 126.4470843134143934 ) ) ;
#1846 = DIRECTION ( 'NONE',  ( -1.000000000000000000, -0.000000000000000000, -0.000000000000000000 ) ) ;
#1847 = CARTESIAN_POINT ( 'NONE',  ( 7.746038523653021987E-16, 25.40000000000000213, 40.59999999999998010 ) ) ;
#1848 = DIRECTION ( 'NONE',  ( 0.000000000000000000, 0.000000000000000000, 1.000000000000000000 ) ) ;
#1849 = CARTESIAN_POINT ( 'NONE',  ( 12.70000000000000107, 14.15672222192810992, 99.46177646900214597 ) ) ;
#1850 = DIRECTION ( 'NONE',  ( 0.000000000000000000, 0.000000000000000000, 1.000000000000000000 ) ) ;
#1851 = ADVANCED_FACE ( 'NONE', ( #7784 ), #1819, .F. ) ;
#1852 = ORIENTED_EDGE ( 'NONE', *, *, #3772, .F. ) ;
#1853 = VECTOR ( 'NONE', #2832, 1000.000000000000000 ) ;
#1854 = CARTESIAN_POINT ( 'NONE',  ( 9.525000000000000355, -10.07084749364648069, 25.18106772950202199 ) ) ;
#1855 = ORIENTED_EDGE ( 'NONE', *, *, #6670, .F. ) ;
#1856 = ORIENTED_EDGE ( 'NONE', *, *, #1382, .F. ) ;
#1857 = ORIENTED_EDGE ( 'NONE', *, *, #11703, .F. ) ;
#1858 = CARTESIAN_POINT ( 'NONE',  ( -12.69999999999999751, 12.69999999999999929, 114.2999999999999972 ) ) ;
#1859 = EDGE_CURVE ( 'NONE', #7754, #8323, #10217, .T. ) ;
#1860 = DIRECTION ( 'NONE',  ( 0.000000000000000000, -1.667602476305511223E-15, -1.000000000000000000 ) ) ;
#1861 = CARTESIAN_POINT ( 'NONE',  ( 12.70000000000000107, 6.152699789198528002, 124.5189240976142884 ) ) ;
#1862 = CIRCLE ( 'NONE', #9028, 2.271000000000002128 ) ;
#1863 = CARTESIAN_POINT ( 'NONE',  ( -9.525000000000000355, 15.22687436074360257, 42.18837563696011017 ) ) ;
#1864 = DIRECTION ( 'NONE',  ( 0.000000000000000000, 0.000000000000000000, 1.000000000000000000 ) ) ;
#1865 = LINE ( 'NONE', #7702, #1159 ) ;
#1866 = FACE_OUTER_BOUND ( 'NONE', #6139, .T. ) ;
#1867 = DIRECTION ( 'NONE',  ( 0.000000000000000000, 0.000000000000000000, 1.000000000000000000 ) ) ;
#1868 = DIRECTION ( 'NONE',  ( 0.000000000000000000, 0.000000000000000000, -1.000000000000000000 ) ) ;
#1869 = EDGE_CURVE ( 'NONE', #2904, #1888, #7152, .T. ) ;
#1870 = ADVANCED_FACE ( 'NONE', ( #3801 ), #6562, .F. ) ;
#1871 = FACE_OUTER_BOUND ( 'NONE', #9741, .T. ) ;
#1872 = VERTEX_POINT ( 'NONE', #795 ) ;
#1873 = AXIS2_PLACEMENT_3D ( 'NONE', #11854, #8126, #6083 ) ;
#1874 = VERTEX_POINT ( 'NONE', #10464 ) ;
#1875 = ORIENTED_EDGE ( 'NONE', *, *, #11154, .F. ) ;
#1876 = ORIENTED_EDGE ( 'NONE', *, *, #2256, .F. ) ;
#1877 = ORIENTED_EDGE ( 'NONE', *, *, #504, .F. ) ;
#1878 = CARTESIAN_POINT ( 'NONE',  ( 12.70000000000000107, 16.22354728284508951, 137.4378563681123921 ) ) ;
#1879 = FACE_OUTER_BOUND ( 'NONE', #2225, .T. ) ;
#1880 = EDGE_CURVE ( 'NONE', #2007, #8729, #6688, .T. ) ;
#1881 = CARTESIAN_POINT ( 'NONE',  ( 12.70000000000000107, 4.072800018551153478, 53.33104783511791425 ) ) ;
#1882 = CIRCLE ( 'NONE', #1467, 14.30000000000000782 ) ;
#1883 = DIRECTION ( 'NONE',  ( -1.000000000000000000, -0.000000000000000000, -0.000000000000000000 ) ) ;
#1884 = EDGE_CURVE ( 'NONE', #7678, #4503, #3458, .T. ) ;
#1885 = CARTESIAN_POINT ( 'NONE',  ( 12.70000000000000107, 3.577867169202164632E-15, 139.7000000000000171 ) ) ;
#1886 = EDGE_LOOP ( 'NONE', ( #11308, #9823, #605, #10941 ) ) ;
#1887 = VERTEX_POINT ( 'NONE', #1691 ) ;
#1888 = VERTEX_POINT ( 'NONE', #6752 ) ;
#1889 = CIRCLE ( 'NONE', #5575, 2.500000000000002220 ) ;
#1890 = AXIS2_PLACEMENT_3D ( 'NONE', #868, #4781, #8684 ) ;
#1891 = ORIENTED_EDGE ( 'NONE', *, *, #9936, .F. ) ;
#1892 = CARTESIAN_POINT ( 'NONE',  ( 12.70000000000000107, 16.22354728284504333, 40.36214363188798160 ) ) ;
#1893 = DIRECTION ( 'NONE',  ( -1.000000000000000000, 0.000000000000000000, 0.000000000000000000 ) ) ;
#1894 = DIRECTION ( 'NONE',  ( -1.000000000000000000, -0.000000000000000000, -0.000000000000000000 ) ) ;
#1895 = CYLINDRICAL_SURFACE ( 'NONE', #4650, 2.080499999999998906 ) ;
#1896 = DIRECTION ( 'NONE',  ( 0.000000000000000000, 0.000000000000000000, 1.000000000000000000 ) ) ;
#1897 = ADVANCED_FACE ( 'NONE', ( #3734 ), #4639, .F. ) ;
#1898 = LINE ( 'NONE', #999, #9617 ) ;
#1899 = CARTESIAN_POINT ( 'NONE',  ( -12.69999999999999751, -10.07084749364648069, 128.8615677295020134 ) ) ;
#1900 = AXIS2_PLACEMENT_3D ( 'NONE', #4816, #4618, #904 ) ;
#1901 = AXIS2_PLACEMENT_3D ( 'NONE', #7651, #2522, #3486 ) ;
#1902 = ORIENTED_EDGE ( 'NONE', *, *, #1953, .F. ) ;
#1903 = ORIENTED_EDGE ( 'NONE', *, *, #10826, .F. ) ;
#1904 = ORIENTED_EDGE ( 'NONE', *, *, #1394, .T. ) ;
#1905 = ORIENTED_EDGE ( 'NONE', *, *, #8970, .F. ) ;
#1906 = AXIS2_PLACEMENT_3D ( 'NONE', #1227, #2190, #5913 ) ;
#1907 = LINE ( 'NONE', #9725, #4922 ) ;
#1908 = CARTESIAN_POINT ( 'NONE',  ( 9.525000000000000355, 3.577867169202164632E-15, 38.10000000000001563 ) ) ;
#1909 = EDGE_CURVE ( 'NONE', #589, #2344, #7654, .T. ) ;
#1910 = CYLINDRICAL_SURFACE ( 'NONE', #7410, 2.499999999999988454 ) ;
#1911 = DIRECTION ( 'NONE',  ( -0.000000000000000000, 1.000000000000000000, -0.000000000000000000 ) ) ;
#1912 = LINE ( 'NONE', #11729, #8786 ) ;
#1913 = DIRECTION ( 'NONE',  ( -1.000000000000000000, -0.000000000000000000, -0.000000000000000000 ) ) ;
#1914 = DIRECTION ( 'NONE',  ( 0.000000000000000000, -1.750982600120786823E-14, -1.000000000000000000 ) ) ;
#1915 = EDGE_LOOP ( 'NONE', ( #12602, #9884, #6628, #7898 ) ) ;
#1916 = CARTESIAN_POINT ( 'NONE',  ( 1.555301434917138038E-15, -22.22499999999999787, 129.5000000000000000 ) ) ;
#1917 = ORIENTED_EDGE ( 'NONE', *, *, #5175, .F. ) ;
#1918 = ORIENTED_EDGE ( 'NONE', *, *, #9642, .T. ) ;
#1919 = VERTEX_POINT ( 'NONE', #7719 ) ;
#1920 = CYLINDRICAL_SURFACE ( 'NONE', #2665, 2.499999999999988454 ) ;
#1921 = EDGE_CURVE ( 'NONE', #4778, #7194, #11566, .T. ) ;
#1922 = CIRCLE ( 'NONE', #9704, 2.499999999999988454 ) ;
#1923 = DIRECTION ( 'NONE',  ( 1.000000000000000000, 0.000000000000000000, 0.000000000000000000 ) ) ;
#1924 = CARTESIAN_POINT ( 'NONE',  ( 12.70000000000000107, 2.068405620284298418, 55.64096931301052251 ) ) ;
#1925 = DIRECTION ( 'NONE',  ( -1.000000000000000000, -0.000000000000000000, -0.000000000000000000 ) ) ;
#1926 = DIRECTION ( 'NONE',  ( 0.000000000000000000, 0.000000000000000000, 1.000000000000000000 ) ) ;
#1927 = CARTESIAN_POINT ( 'NONE',  ( 12.70000000000000107, -12.33648634558004353, 79.69623028888069882 ) ) ;
#1928 = DIRECTION ( 'NONE',  ( -1.000000000000000000, -0.000000000000000000, -0.000000000000000000 ) ) ;
#1929 = DIRECTION ( 'NONE',  ( -1.000000000000000000, -0.000000000000000000, -0.000000000000000000 ) ) ;
#1930 = DIRECTION ( 'NONE',  ( -1.000000000000000000, -0.000000000000000000, -0.000000000000000000 ) ) ;
#1931 = DIRECTION ( 'NONE',  ( 0.000000000000000000, 0.000000000000000000, 1.000000000000000000 ) ) ;
#1932 = DIRECTION ( 'NONE',  ( 0.000000000000000000, 0.000000000000000000, 1.000000000000000000 ) ) ;
#1933 = AXIS2_PLACEMENT_3D ( 'NONE', #10482, #10547, #10614 ) ;
#1934 = ORIENTED_EDGE ( 'NONE', *, *, #6402, .T. ) ;
#1935 = ORIENTED_EDGE ( 'NONE', *, *, #11731, .T. ) ;
#1936 = VERTEX_POINT ( 'NONE', #1881 ) ;
#1937 = VERTEX_POINT ( 'NONE', #1944 ) ;
#1938 = VERTEX_POINT ( 'NONE', #25 ) ;
#1939 = DIRECTION ( 'NONE',  ( -0.000000000000000000, 1.000000000000000000, -0.000000000000000000 ) ) ;
#1940 = EDGE_CURVE ( 'NONE', #11245, #5090, #3256, .T. ) ;
#1941 = DIRECTION ( 'NONE',  ( -1.000000000000000000, -0.000000000000000000, -0.000000000000000000 ) ) ;
#1942 = ADVANCED_FACE ( 'NONE', ( #9702 ), #5862, .F. ) ;
#1943 = AXIS2_PLACEMENT_3D ( 'NONE', #4948, #8908, #2949 ) ;
#1944 = CARTESIAN_POINT ( 'NONE',  ( 9.525000000000000355, -5.371240620587816927, 126.4470843134143934 ) ) ;
#1945 = DIRECTION ( 'NONE',  ( -1.000000000000000000, 0.000000000000000000, 0.000000000000000000 ) ) ;
#1946 = CARTESIAN_POINT ( 'NONE',  ( 12.70000000000000107, -14.13894155320108759, 44.18182571315256268 ) ) ;
#1947 = ORIENTED_EDGE ( 'NONE', *, *, #5645, .T. ) ;
#1948 = ORIENTED_EDGE ( 'NONE', *, *, #4146, .T. ) ;
#1949 = ORIENTED_EDGE ( 'NONE', *, *, #11224, .F. ) ;
#1950 = AXIS2_PLACEMENT_3D ( 'NONE', #3922, #6930, #905 ) ;
#1951 = EDGE_LOOP ( 'NONE', ( #4919, #2100 ) ) ;
#1952 = CARTESIAN_POINT ( 'NONE',  ( -9.525000000000000355, 3.577867169202164632E-15, 139.7000000000000171 ) ) ;
#1953 = EDGE_CURVE ( 'NONE', #3845, #9119, #12696, .T. ) ;
#1954 = LINE ( 'NONE', #9905, #10170 ) ;
#1955 = CIRCLE ( 'NONE', #3790, 2.499999999999988454 ) ;
#1956 = EDGE_CURVE ( 'NONE', #2696, #7977, #11448, .T. ) ;
#1957 = DIRECTION ( 'NONE',  ( -1.000000000000000000, -0.000000000000000000, -0.000000000000000000 ) ) ;
#1958 = DIRECTION ( 'NONE',  ( 0.000000000000000000, 0.000000000000000000, -1.000000000000000000 ) ) ;
#1959 = DIRECTION ( 'NONE',  ( -1.000000000000000000, 0.000000000000000000, 0.000000000000000000 ) ) ;
#1960 = DIRECTION ( 'NONE',  ( 1.000000000000000000, 0.000000000000000000, 0.000000000000000000 ) ) ;
#1961 = CIRCLE ( 'NONE', #3806, 2.270999999999995467 ) ;
#1962 = DIRECTION ( 'NONE',  ( 0.000000000000000000, 0.000000000000000000, -1.000000000000000000 ) ) ;
#1963 = AXIS2_PLACEMENT_3D ( 'NONE', #5848, #11880, #4817 ) ;
#1964 = EDGE_LOOP ( 'NONE', ( #2377, #8967, #12565, #9436 ) ) ;
#1965 = AXIS2_PLACEMENT_3D ( 'NONE', #10466, #10406, #4572 ) ;
#1967 = EDGE_LOOP ( 'NONE', ( #4306, #9805, #10087, #6887 ) ) ;
#1966 = CIRCLE ( 'NONE', #5441, 2.080499999999985139 ) ;
#1968 = ORIENTED_EDGE ( 'NONE', *, *, #769, .T. ) ;
#1969 = ORIENTED_EDGE ( 'NONE', *, *, #10952, .T. ) ;
#1970 = VECTOR ( 'NONE', #4326, 1000.000000000000000 ) ;
#1971 = AXIS2_PLACEMENT_3D ( 'NONE', #5122, #3123, #10113 ) ;
#1972 = CYLINDRICAL_SURFACE ( 'NONE', #3077, 2.080499999999985139 ) ;
#1973 = EDGE_CURVE ( 'NONE', #11657, #6344, #2245, .T. ) ;
#1974 = DIRECTION ( 'NONE',  ( 0.000000000000000000, 0.000000000000000000, 1.000000000000000000 ) ) ;
#1975 = CIRCLE ( 'NONE', #948, 2.500000000000002220 ) ;
#1976 = EDGE_CURVE ( 'NONE', #9968, #9438, #4960, .T. ) ;
#1977 = VECTOR ( 'NONE', #10856, 1000.000000000000000 ) ;
#1978 = DIRECTION ( 'NONE',  ( -1.000000000000000000, -0.000000000000000000, -0.000000000000000000 ) ) ;
#1979 = DIRECTION ( 'NONE',  ( 0.000000000000000000, 0.000000000000000000, 1.000000000000000000 ) ) ;
#1980 = CIRCLE ( 'NONE', #4437, 2.270999999999995467 ) ;
#1981 = DIRECTION ( 'NONE',  ( -1.000000000000000000, -0.000000000000000000, -0.000000000000000000 ) ) ;
#1982 = AXIS2_PLACEMENT_3D ( 'NONE', #5443, #3454, #4475 ) ;
#1983 = EDGE_LOOP ( 'NONE', ( #5887, #3084, #3926, #12551 ) ) ;
#1984 = EDGE_CURVE ( 'NONE', #12207, #7381, #6539, .T. ) ;
#1985 = AXIS2_PLACEMENT_3D ( 'NONE', #796, #5544, #2290 ) ;
#1986 = CARTESIAN_POINT ( 'NONE',  ( 12.70000000000000107, 6.152699789198528002, 73.71892409761429121 ) ) ;
#1987 = VERTEX_POINT ( 'NONE', #3222 ) ;
#1988 = ORIENTED_EDGE ( 'NONE', *, *, #5078, .F. ) ;
#1989 = VERTEX_POINT ( 'NONE', #8096 ) ;
#1990 = DIRECTION ( 'NONE',  ( -1.000000000000000000, -0.000000000000000000, -0.000000000000000000 ) ) ;
#1991 = AXIS2_PLACEMENT_3D ( 'NONE', #12465, #2580, #6440 ) ;
#1992 = VECTOR ( 'NONE', #885, 1000.000000000000000 ) ;
#1993 = FACE_OUTER_BOUND ( 'NONE', #5079, .T. ) ;
#1994 = CARTESIAN_POINT ( 'NONE',  ( 12.70000000000000107, 12.33648634557998314, 98.10376971111941202 ) ) ;
#1995 = CARTESIAN_POINT ( 'NONE',  ( 1.861463134703975909E-15, 25.40000000000000213, 61.00000000000001421 ) ) ;
#1996 = CARTESIAN_POINT ( 'NONE',  ( 12.70000000000000107, 2.068405620284300195, 20.55903068698950520 ) ) ;
#1997 = CARTESIAN_POINT ( 'NONE',  ( 12.70000000000000107, -10.07084749364656950, 101.8189322704979247 ) ) ;
#1998 = CARTESIAN_POINT ( 'NONE',  ( 9.525000000000000355, 16.22512784221244786, 45.07919284400875171 ) ) ;
#1999 = CARTESIAN_POINT ( 'NONE',  ( 1.555301434917138433E-15, -25.39999999999999503, 165.0999999999999943 ) ) ;
#2000 = CARTESIAN_POINT ( 'NONE',  ( 12.70000000000000107, -12.33648634558010748, 151.1747697111192394 ) ) ;
#2001 = DIRECTION ( 'NONE',  ( 0.000000000000000000, 0.000000000000000000, 1.000000000000000000 ) ) ;
#2002 = VECTOR ( 'NONE', #10384, 1000.000000000000000 ) ;
#2003 = PLANE ( 'NONE',  #8362 ) ;
#2004 = ADVANCED_FACE ( 'NONE', ( #5213 ), #2963, .F. ) ;
#2005 = VERTEX_POINT ( 'NONE', #10020 ) ;
#2006 = ORIENTED_EDGE ( 'NONE', *, *, #2335, .F. ) ;
#2007 = VERTEX_POINT ( 'NONE', #9834 ) ;
#2008 = ORIENTED_EDGE ( 'NONE', *, *, #8947, .T. ) ;
#2009 = EDGE_LOOP ( 'NONE', ( #11708, #3082, #11889, #11544 ) ) ;
#2010 = DIRECTION ( 'NONE',  ( -1.000000000000000000, 0.000000000000000000, 0.000000000000000000 ) ) ;
#2011 = CARTESIAN_POINT ( 'NONE',  ( 0.000000000000000000, 0.000000000000000000, 0.000000000000000000 ) ) ;
#2012 = DIRECTION ( 'NONE',  ( -0.000000000000000000, 1.000000000000000000, -0.000000000000000000 ) ) ;
#2013 = CIRCLE ( 'NONE', #6920, 2.270999999999995467 ) ;
#2014 = DIRECTION ( 'NONE',  ( 0.000000000000000000, 0.000000000000000000, -1.000000000000000000 ) ) ;
#2015 = CARTESIAN_POINT ( 'NONE',  ( 12.70000000000000107, -12.33648634558010748, 47.30376971111923723 ) ) ;
#2016 = DIRECTION ( 'NONE',  ( 0.000000000000000000, 0.000000000000000000, 1.000000000000000000 ) ) ;
#2017 = ADVANCED_FACE ( 'NONE', ( #12020 ), #5151, .F. ) ;
#2018 = EDGE_LOOP ( 'NONE', ( #8263, #3216 ) ) ;
#2019 = VERTEX_POINT ( 'NONE', #6118 ) ;
#2020 = ORIENTED_EDGE ( 'NONE', *, *, #5815, .F. ) ;
#2021 = AXIS2_PLACEMENT_3D ( 'NONE', #12471, #3737, #8488 ) ;
#2022 = ORIENTED_EDGE ( 'NONE', *, *, #8440, .T. ) ;
#2023 = DIRECTION ( 'NONE',  ( -1.000000000000000000, -0.000000000000000000, -0.000000000000000000 ) ) ;
#2024 = FACE_BOUND ( 'NONE', #571, .T. ) ;
#2025 = DIRECTION ( 'NONE',  ( 0.000000000000000000, 0.000000000000000000, 1.000000000000000000 ) ) ;
#2026 = ADVANCED_FACE ( 'NONE', ( #10857 ), #7135, .F. ) ;
#2027 = DIRECTION ( 'NONE',  ( -1.000000000000000000, -0.000000000000000000, -0.000000000000000000 ) ) ;
#2028 = CARTESIAN_POINT ( 'NONE',  ( -9.525000000000000355, 5.371240620587829362, 24.84708431341438839 ) ) ;
#2029 = CARTESIAN_POINT ( 'NONE',  ( 1.555301434917138038E-15, -25.39999999999999503, 25.39999999999999858 ) ) ;
#2030 = CYLINDRICAL_SURFACE ( 'NONE', #1076, 2.080499999999985139 ) ;
#2031 = CIRCLE ( 'NONE', #10819, 2.270999999999995467 ) ;
#2032 = EDGE_CURVE ( 'NONE', #10589, #4224, #5930, .T. ) ;
#2033 = VERTEX_POINT ( 'NONE', #8035 ) ;
#2034 = EDGE_CURVE ( 'NONE', #6498, #5128, #12080, .T. ) ;
#2035 = EDGE_CURVE ( 'NONE', #689, #9696, #8924, .T. ) ;
#2036 = ORIENTED_EDGE ( 'NONE', *, *, #6652, .F. ) ;
#2037 = VERTEX_POINT ( 'NONE', #6183 ) ;
#2038 = VERTEX_POINT ( 'NONE', #89 ) ;
#2039 = AXIS2_PLACEMENT_3D ( 'NONE', #1546, #4314, #5464 ) ;
#2040 = AXIS2_PLACEMENT_3D ( 'NONE', #3275, #10131, #9401 ) ;
#2041 = LINE ( 'NONE', #7808, #4721 ) ;
#2042 = DIRECTION ( 'NONE',  ( -1.000000000000000000, -0.000000000000000000, -0.000000000000000000 ) ) ;
#2043 = CIRCLE ( 'NONE', #1013, 2.499999999999992006 ) ;
#2044 = DIRECTION ( 'NONE',  ( -1.000000000000000000, -0.000000000000000000, -0.000000000000000000 ) ) ;
#2045 = DIRECTION ( 'NONE',  ( -1.000000000000000000, -0.000000000000000000, -0.000000000000000000 ) ) ;
#2046 = CYLINDRICAL_SURFACE ( 'NONE', #12432, 2.271000000000002128 ) ;
#2047 = DIRECTION ( 'NONE',  ( -1.000000000000000000, 0.000000000000000000, 0.000000000000000000 ) ) ;
#2048 = VECTOR ( 'NONE', #10257, 1000.000000000000000 ) ;
#2049 = ORIENTED_EDGE ( 'NONE', *, *, #4858, .T. ) ;
#2050 = EDGE_CURVE ( 'NONE', #4331, #5663, #2633, .T. ) ;
#2051 = AXIS2_PLACEMENT_3D ( 'NONE', #5760, #4793, #2729 ) ;
#2052 = DIRECTION ( 'NONE',  ( 1.000000000000000000, 0.000000000000000000, 0.000000000000000000 ) ) ;
#2053 = ORIENTED_EDGE ( 'NONE', *, *, #12609, .T. ) ;
#2054 = ORIENTED_EDGE ( 'NONE', *, *, #4140, .F. ) ;
#2055 = EDGE_LOOP ( 'NONE', ( #6315, #10506, #8490, #9591 ) ) ;
#2056 = CARTESIAN_POINT ( 'NONE',  ( 12.70000000000000107, -14.16298196909034779, 90.87482701602483814 ) ) ;
#2057 = FACE_BOUND ( 'NONE', #1484, .T. ) ;
#2058 = DIRECTION ( 'NONE',  ( 0.000000000000000000, 0.000000000000000000, 1.000000000000000000 ) ) ;
#2059 = DIRECTION ( 'NONE',  ( -1.000000000000000000, -0.000000000000000000, -0.000000000000000000 ) ) ;
#2060 = ADVANCED_FACE ( 'NONE', ( #2076 ), #10081, .F. ) ;
#2061 = CARTESIAN_POINT ( 'NONE',  ( -9.525000000000000355, 3.577867169202164632E-15, 139.7000000000000171 ) ) ;
#2062 = DIRECTION ( 'NONE',  ( -1.000000000000000000, -0.000000000000000000, -0.000000000000000000 ) ) ;
#2063 = AXIS2_PLACEMENT_3D ( 'NONE', #5302, #8192, #7286 ) ;
#2064 = CARTESIAN_POINT ( 'NONE',  ( 9.525000000000000355, 3.577867169202164632E-15, 55.76250000000001705 ) ) ;
#2065 = CARTESIAN_POINT ( 'NONE',  ( -12.69999999999999751, 10.07084749364666365, 25.18106772950216765 ) ) ;
#2066 = DIRECTION ( 'NONE',  ( -1.000000000000000000, -0.000000000000000000, -0.000000000000000000 ) ) ;
#2067 = ORIENTED_EDGE ( 'NONE', *, *, #5698, .T. ) ;
#2068 = ORIENTED_EDGE ( 'NONE', *, *, #8943, .F. ) ;
#2069 = ORIENTED_EDGE ( 'NONE', *, *, #5560, .T. ) ;
#2070 = ORIENTED_EDGE ( 'NONE', *, *, #10487, .F. ) ;
#2071 = EDGE_LOOP ( 'NONE', ( #7819, #5537, #6869, #11494 ) ) ;
#2072 = DIRECTION ( 'NONE',  ( 0.000000000000000000, 0.000000000000000000, -1.000000000000000000 ) ) ;
#2073 = PERSON_AND_ORGANIZATION ( #11, #11815 ) ;
#2074 = DIRECTION ( 'NONE',  ( -1.000000000000000000, -0.000000000000000000, -0.000000000000000000 ) ) ;
#2075 = EDGE_CURVE ( 'NONE', #5456, #12177, #8994, .T. ) ;
#2076 = FACE_OUTER_BOUND ( 'NONE', #11628, .T. ) ;
#2077 = CARTESIAN_POINT ( 'NONE',  ( 9.525000000000000355, 15.22687436074360257, 92.98837563696011443 ) ) ;
#2078 = CYLINDRICAL_SURFACE ( 'NONE', #4588, 2.499999999999992006 ) ;
#2079 = CIRCLE ( 'NONE', #2277, 14.30000000000000782 ) ;
#2080 = DIRECTION ( 'NONE',  ( -1.000000000000000000, -0.000000000000000000, -0.000000000000000000 ) ) ;
#2081 = ORIENTED_EDGE ( 'NONE', *, *, #10726, .T. ) ;
#2082 = ORIENTED_EDGE ( 'NONE', *, *, #4624, .F. ) ;
#2083 = VERTEX_POINT ( 'NONE', #7970 ) ;
#2084 = ORIENTED_EDGE ( 'NONE', *, *, #2436, .F. ) ;
#2085 = AXIS2_PLACEMENT_3D ( 'NONE', #891, #11409, #3842 ) ;
#2086 = CYLINDRICAL_SURFACE ( 'NONE', #5260, 2.500000000000002220 ) ;
#2087 = AXIS2_PLACEMENT_3D ( 'NONE', #1513, #5554, #4519 ) ;
#2088 = CYLINDRICAL_SURFACE ( 'NONE', #836, 2.270999999999995467 ) ;
#2089 = CARTESIAN_POINT ( 'NONE',  ( -9.525000000000002132, -22.22499999999999787, 177.8000000000000114 ) ) ;
#2090 = CARTESIAN_POINT ( 'NONE',  ( 12.70000000000000107, -10.07084749364648069, 126.7810677295020128 ) ) ;
#2091 = ADVANCED_FACE ( 'NONE', ( #6943 ), #5991, .T. ) ;
#2092 = FACE_BOUND ( 'NONE', #1951, .T. ) ;
#2093 = VECTOR ( 'NONE', #3702, 1000.000000000000000 ) ;
#2094 = CARTESIAN_POINT ( 'NONE',  ( 12.70000000000000107, -10.07084749364656950, 152.6189322704979361 ) ) ;
#2095 = ORIENTED_EDGE ( 'NONE', *, *, #6350, .F. ) ;
#2096 = CIRCLE ( 'NONE', #3722, 2.499999999999988454 ) ;
#2097 = VERTEX_POINT ( 'NONE', #2137 ) ;
#2098 = CIRCLE ( 'NONE', #3520, 2.500000000000002220 ) ;
#2099 = VERTEX_POINT ( 'NONE', #6053 ) ;
#2100 = ORIENTED_EDGE ( 'NONE', *, *, #9112, .F. ) ;
#2101 = ORIENTED_EDGE ( 'NONE', *, *, #12638, .T. ) ;
#2102 = CARTESIAN_POINT ( 'NONE',  ( 9.525000000000000355, 14.15672222192810992, 150.2617764690021147 ) ) ;
#2103 = EDGE_CURVE ( 'NONE', #8397, #7993, #1177, .T. ) ;
#2104 = CIRCLE ( 'NONE', #9259, 2.499999999999988454 ) ;
#2105 = CIRCLE ( 'NONE', #9261, 2.500000000000002220 ) ;
#2106 = EDGE_CURVE ( 'NONE', #2458, #7673, #3883, .T. ) ;
#2107 = CARTESIAN_POINT ( 'NONE',  ( 12.70000000000000107, 14.16298196909037088, 36.12517298397528975 ) ) ;
#2108 = DIRECTION ( 'NONE',  ( 0.000000000000000000, 0.000000000000000000, 1.000000000000000000 ) ) ;
#2109 = CARTESIAN_POINT ( 'NONE',  ( 12.70000000000000107, 11.15407434219260630, 77.75732780184213766 ) ) ;
#2110 = EDGE_LOOP ( 'NONE', ( #1664, #6024, #6446, #479 ) ) ;
#2111 = CIRCLE ( 'NONE', #1291, 14.30000000000000782 ) ;
#2112 = DIRECTION ( 'NONE',  ( 0.000000000000000000, -8.338012381527556114E-16, -1.000000000000000000 ) ) ;
#2113 = VERTEX_POINT ( 'NONE', #12084 ) ;
#2114 = ORIENTED_EDGE ( 'NONE', *, *, #6378, .T. ) ;
#2115 = VERTEX_POINT ( 'NONE', #6243 ) ;
#2116 = DIRECTION ( 'NONE',  ( -1.000000000000000000, 0.000000000000000000, 0.000000000000000000 ) ) ;
#2117 = CARTESIAN_POINT ( 'NONE',  ( -12.69999999999999751, 2.068405620284298418, 157.2409693130105097 ) ) ;
#2118 = CARTESIAN_POINT ( 'NONE',  ( 9.525000000000000355, 8.791741348502393194, 49.37808867056088502 ) ) ;
#2119 = DIRECTION ( 'NONE',  ( 0.000000000000000000, 3.752105571687424903E-15, -1.000000000000000000 ) ) ;
#2120 = ADVANCED_FACE ( 'NONE', ( #7388 ), #3287, .F. ) ;
#2121 = DIRECTION ( 'NONE',  ( -1.000000000000000000, -0.000000000000000000, -0.000000000000000000 ) ) ;
#2122 = CIRCLE ( 'NONE', #5595, 2.270999999999995467 ) ;
#2123 = CYLINDRICAL_SURFACE ( 'NONE', #6482, 14.30000000000000071 ) ;
#2124 = DIRECTION ( 'NONE',  ( 0.000000000000000000, 0.000000000000000000, 1.000000000000000000 ) ) ;
#2125 = LINE ( 'NONE', #1162, #5803 ) ;
#2126 = FACE_OUTER_BOUND ( 'NONE', #10459, .T. ) ;
#2127 = DIRECTION ( 'NONE',  ( 0.000000000000000000, 0.000000000000000000, 1.000000000000000000 ) ) ;
#2128 = ORIENTED_EDGE ( 'NONE', *, *, #9846, .F. ) ;
#2129 = VERTEX_POINT ( 'NONE', #532 ) ;
#2130 = ORIENTED_EDGE ( 'NONE', *, *, #5439, .T. ) ;
#2131 = ADVANCED_FACE ( 'NONE', ( #7200 ), #11116, .F. ) ;
#2132 = ORIENTED_EDGE ( 'NONE', *, *, #6907, .F. ) ;
#2133 = ORIENTED_EDGE ( 'NONE', *, *, #1002, .F. ) ;
#2134 = APPROVAL_ROLE ( '' ) ;
#2135 = ADVANCED_FACE ( 'NONE', ( #12324 ), #2452, .F. ) ;
#2136 = FACE_OUTER_BOUND ( 'NONE', #1886, .T. ) ;
#2137 = CARTESIAN_POINT ( 'NONE',  ( -9.525000000000000355, 12.33648634557998314, 49.57476971111940856 ) ) ;
#2138 = LINE ( 'NONE', #413, #8511 ) ;
#2139 = DIRECTION ( 'NONE',  ( 1.000000000000000000, -0.000000000000000000, -0.000000000000000000 ) ) ;
#2140 = CIRCLE ( 'NONE', #4796, 2.499999999999995115 ) ;
#2141 = DIRECTION ( 'NONE',  ( -1.000000000000000000, -0.000000000000000000, -0.000000000000000000 ) ) ;
#2142 = ORIENTED_EDGE ( 'NONE', *, *, #11212, .T. ) ;
#2143 = EDGE_CURVE ( 'NONE', #6073, #4322, #1009, .T. ) ;
#2144 = ORIENTED_EDGE ( 'NONE', *, *, #616, .T. ) ;
#2145 = VERTEX_POINT ( 'NONE', #4433 ) ;
#2146 = ADVANCED_FACE ( 'NONE', ( #5526 ), #12146, .T. ) ;
#2147 = ORIENTED_EDGE ( 'NONE', *, *, #3149, .F. ) ;
#2148 = LINE ( 'NONE', #9648, #10071 ) ;
#2149 = CIRCLE ( 'NONE', #7876, 14.30000000000000071 ) ;
#2150 = DIRECTION ( 'NONE',  ( 0.000000000000000000, 0.000000000000000000, 1.000000000000000000 ) ) ;
#2151 = FACE_OUTER_BOUND ( 'NONE', #10396, .T. ) ;
#2152 = DIRECTION ( 'NONE',  ( 1.000000000000000000, -0.000000000000000000, -0.000000000000000000 ) ) ;
#2153 = CARTESIAN_POINT ( 'NONE',  ( -9.525000000000002132, 22.22500000000000142, 177.8000000000000114 ) ) ;
#2154 = DIRECTION ( 'NONE',  ( -1.000000000000000000, -0.000000000000000000, -0.000000000000000000 ) ) ;
#2155 = VERTEX_POINT ( 'NONE', #6427 ) ;
#2156 = AXIS2_PLACEMENT_3D ( 'NONE', #10144, #8227, #10213 ) ;
#2157 = ORIENTED_EDGE ( 'NONE', *, *, #10427, .T. ) ;
#2158 = ORIENTED_EDGE ( 'NONE', *, *, #8051, .F. ) ;
#2159 = VERTEX_POINT ( 'NONE', #11242 ) ;
#2160 = EDGE_CURVE ( 'NONE', #4366, #9950, #473, .T. ) ;
#2161 = CARTESIAN_POINT ( 'NONE',  ( 9.525000000000000355, -10.07084749364656950, 101.8189322704979247 ) ) ;
#2162 = DIRECTION ( 'NONE',  ( -1.000000000000000000, -0.000000000000000000, -0.000000000000000000 ) ) ;
#2163 = DIRECTION ( 'NONE',  ( 0.000000000000000000, 0.000000000000000000, 1.000000000000000000 ) ) ;
#2164 = AXIS2_PLACEMENT_3D ( 'NONE', #4887, #10714, #2001 ) ;
#2165 = CYLINDRICAL_SURFACE ( 'NONE', #958, 14.30000000000000782 ) ;
#2166 = CYLINDRICAL_SURFACE ( 'NONE', #8239, 2.499999999999988454 ) ;
#2167 = LINE ( 'NONE', #8066, #5273 ) ;
#2168 = CIRCLE ( 'NONE', #752, 2.499999999999988454 ) ;
#2169 = AXIS2_PLACEMENT_3D ( 'NONE', #11866, #12239, #573 ) ;
#2170 = LINE ( 'NONE', #4093, #12404 ) ;
#2171 = VERTEX_POINT ( 'NONE', #10327 ) ;
#2172 = AXIS2_PLACEMENT_3D ( 'NONE', #2292, #6216, #2108 ) ;
#2173 = EDGE_CURVE ( 'NONE', #9152, #10550, #406, .T. ) ;
#2174 = VECTOR ( 'NONE', #12564, 1000.000000000000000 ) ;
#2175 = LINE ( 'NONE', #5059, #4014 ) ;
#2176 = ORIENTED_EDGE ( 'NONE', *, *, #2348, .T. ) ;
#2177 = VERTEX_POINT ( 'NONE', #8225 ) ;
#2178 = ORIENTED_EDGE ( 'NONE', *, *, #11984, .T. ) ;
#2179 = CIRCLE ( 'NONE', #9137, 14.30000000000000782 ) ;
#2180 = CARTESIAN_POINT ( 'NONE',  ( 12.70000000000000107, 12.33648634557998314, 148.9037697111193950 ) ) ;
#2181 = AXIS2_PLACEMENT_3D ( 'NONE', #4253, #7011, #12085 ) ;
#2182 = DIRECTION ( 'NONE',  ( 0.000000000000000000, 0.000000000000000000, 1.000000000000000000 ) ) ;
#2183 = DIRECTION ( 'NONE',  ( -1.000000000000000000, -0.000000000000000000, -0.000000000000000000 ) ) ;
#2184 = AXIS2_PLACEMENT_3D ( 'NONE', #5353, #10035, #8179 ) ;
#2185 = DIRECTION ( 'NONE',  ( 0.000000000000000000, 0.000000000000000000, 1.000000000000000000 ) ) ;
#2186 = EDGE_CURVE ( 'NONE', #12406, #5110, #9363, .T. ) ;
#2187 = VECTOR ( 'NONE', #1928, 1000.000000000000000 ) ;
#2188 = CARTESIAN_POINT ( 'NONE',  ( 1.861463134703976697E-15, -25.39999999999999503, 61.00000000000000711 ) ) ;
#2189 = CARTESIAN_POINT ( 'NONE',  ( -12.69999999999999751, 12.69999999999999929, 12.69999999999999929 ) ) ;
#2190 = DIRECTION ( 'NONE',  ( 0.000000000000000000, 1.000000000000000000, 0.000000000000000000 ) ) ;
#2191 = CARTESIAN_POINT ( 'NONE',  ( 1.555301434917138038E-15, -22.22499999999999787, 25.39999999999999858 ) ) ;
#2192 = ADVANCED_FACE ( 'NONE', ( #4492 ), #8406, .F. ) ;
#2193 = CIRCLE ( 'NONE', #7483, 2.271000000000002128 ) ;
#2194 = DIRECTION ( 'NONE',  ( -1.000000000000000000, -0.000000000000000000, -0.000000000000000000 ) ) ;
#2195 = ADVANCED_FACE ( 'NONE', ( #4373 ), #3349, .T. ) ;
#2196 = ORIENTED_EDGE ( 'NONE', *, *, #4719, .T. ) ;
#2197 = EDGE_CURVE ( 'NONE', #11129, #5937, #6946, .T. ) ;
#2198 = AXIS2_PLACEMENT_3D ( 'NONE', #8938, #166, #7664 ) ;
#2199 = ORIENTED_EDGE ( 'NONE', *, *, #9281, .F. ) ;
#2200 = VERTEX_POINT ( 'NONE', #11177 ) ;
#2201 = CIRCLE ( 'NONE', #5057, 2.270999999999995467 ) ;
#2202 = ORIENTED_EDGE ( 'NONE', *, *, #11555, .F. ) ;
#2203 = ORIENTED_EDGE ( 'NONE', *, *, #6785, .F. ) ;
#2204 = DIRECTION ( 'NONE',  ( 1.000000000000000000, 0.000000000000000000, 0.000000000000000000 ) ) ;
#2205 = DIRECTION ( 'NONE',  ( 1.000000000000000000, -0.000000000000000000, -0.000000000000000000 ) ) ;
#2206 = CARTESIAN_POINT ( 'NONE',  ( -12.69999999999999751, 3.577867169202164632E-15, 38.10000000000001563 ) ) ;
#2207 = DIRECTION ( 'NONE',  ( 0.000000000000000000, 0.000000000000000000, 1.000000000000000000 ) ) ;
#2208 = VECTOR ( 'NONE', #8356, 1000.000000000000000 ) ;
#2209 = CARTESIAN_POINT ( 'NONE',  ( 1.555301434917138038E-15, 25.40000000000000213, 129.5000000000000000 ) ) ;
#2210 = DIRECTION ( 'NONE',  ( 0.000000000000000000, 0.000000000000000000, 1.000000000000000000 ) ) ;
#2211 = ORIENTED_EDGE ( 'NONE', *, *, #2676, .F. ) ;
#2212 = EDGE_CURVE ( 'NONE', #11991, #6201, #1422, .T. ) ;
#2213 = ORIENTED_EDGE ( 'NONE', *, *, #3471, .F. ) ;
#2214 = ORIENTED_EDGE ( 'NONE', *, *, #4372, .T. ) ;
#2215 = EDGE_LOOP ( 'NONE', ( #2158, #8952, #2460, #6849 ) ) ;
#2216 = CARTESIAN_POINT ( 'NONE',  ( -12.69999999999999751, 12.33648634557998314, 148.9037697111193950 ) ) ;
#2217 = CARTESIAN_POINT ( 'NONE',  ( -12.69999999999999751, -14.16298196909034779, 90.87482701602483814 ) ) ;
#2218 = DIRECTION ( 'NONE',  ( 0.000000000000000000, 0.000000000000000000, 1.000000000000000000 ) ) ;
#2219 = LINE ( 'NONE', #1255, #1970 ) ;
#2220 = DIRECTION ( 'NONE',  ( 0.000000000000000000, 0.000000000000000000, 1.000000000000000000 ) ) ;
#2221 = CARTESIAN_POINT ( 'NONE',  ( 12.70000000000000107, 3.577867169202164632E-15, 88.90000000000000568 ) ) ;
#2222 = EDGE_CURVE ( 'NONE', #6379, #11732, #10211, .T. ) ;
#2223 = ORIENTED_EDGE ( 'NONE', *, *, #2035, .F. ) ;
#2224 = CIRCLE ( 'NONE', #4666, 2.270999999999995467 ) ;
#2225 = EDGE_LOOP ( 'NONE', ( #5253, #1387, #2503, #1496 ) ) ;
#2226 = EDGE_LOOP ( 'NONE', ( #8585, #8999, #1935, #2240, #12600, #2921, #5900, #11672, #1354, #5921, #12091, #3678, #5869, #9870, #1508, #2561, #11800, #4068, #7660, #1231, #5756, #2808, #1118, #5559, #2049, #4623, #2382, #8275, #3064, #3367, #485, #1249, #6362, #864, #575, #2399, #6584, #5230, #8506, #9447, #10054 ) ) ;
#2227 = VERTEX_POINT ( 'NONE', #12450 ) ;
#2228 = CARTESIAN_POINT ( 'NONE',  ( 12.70000000000000107, 16.22512784221258997, 31.12080715599162417 ) ) ;
#2229 = CARTESIAN_POINT ( 'NONE',  ( -9.525000000000002132, 3.061616997868362434E-16, 162.5999999999999943 ) ) ;
#2230 = DIRECTION ( 'NONE',  ( 0.000000000000000000, 0.000000000000000000, -1.000000000000000000 ) ) ;
#2231 = DIRECTION ( 'NONE',  ( 1.000000000000000000, 0.000000000000000000, 0.000000000000000000 ) ) ;
#2232 = CIRCLE ( 'NONE', #7552, 2.080499999999998906 ) ;
#2233 = DIRECTION ( 'NONE',  ( -1.000000000000000000, -0.000000000000000000, -0.000000000000000000 ) ) ;
#2234 = ADVANCED_FACE ( 'NONE', ( #1866 ), #842, .F. ) ;
#2235 = CARTESIAN_POINT ( 'NONE',  ( -9.525000000000000355, -6.152699789198520897, 73.71892409761429121 ) ) ;
#2236 = CYLINDRICAL_SURFACE ( 'NONE', #6666, 2.270999999999995467 ) ;
#2237 = ORIENTED_EDGE ( 'NONE', *, *, #8909, .F. ) ;
#2238 = EDGE_LOOP ( 'NONE', ( #6986, #2617, #8155, #4893 ) ) ;
#2239 = ORIENTED_EDGE ( 'NONE', *, *, #5099, .F. ) ;
#2240 = ORIENTED_EDGE ( 'NONE', *, *, #8405, .T. ) ;
#2241 = AXIS2_PLACEMENT_3D ( 'NONE', #8075, #2116, #11027 ) ;
#2242 = CYLINDRICAL_SURFACE ( 'NONE', #3476, 17.66250000000000497 ) ;
#2243 = CARTESIAN_POINT ( 'NONE',  ( 12.70000000000000107, 8.791741348502393194, 150.9780886705609078 ) ) ;
#2244 = CARTESIAN_POINT ( 'NONE',  ( -12.69999999999999751, 16.22512784221258997, 81.92080715599162488 ) ) ;
#2245 = CIRCLE ( 'NONE', #12088, 2.499999999999992006 ) ;
#2246 = CYLINDRICAL_SURFACE ( 'NONE', #3765, 2.500000000000002220 ) ;
#2247 = EDGE_CURVE ( 'NONE', #1696, #3109, #3588, .T. ) ;
#2248 = CARTESIAN_POINT ( 'NONE',  ( 12.70000000000000107, 3.577867169202164632E-15, 38.10000000000001563 ) ) ;
#2249 = CARTESIAN_POINT ( 'NONE',  ( -9.525000000000000355, -12.33648634558010748, 98.10376971111922728 ) ) ;
#2250 = DIRECTION ( 'NONE',  ( -1.000000000000000000, -0.000000000000000000, -0.000000000000000000 ) ) ;
#2251 = CYLINDRICAL_SURFACE ( 'NONE', #11789, 2.499999999999988454 ) ;
#2252 = LINE ( 'NONE', #6172, #11661 ) ;
#2253 = ORIENTED_EDGE ( 'NONE', *, *, #7367, .T. ) ;
#2254 = VERTEX_POINT ( 'NONE', #903 ) ;
#2255 = VECTOR ( 'NONE', #6737, 1000.000000000000000 ) ;
#2256 = EDGE_CURVE ( 'NONE', #12502, #8334, #4815, .T. ) ;
#2257 = VERTEX_POINT ( 'NONE', #3655 ) ;
#2258 = VERTEX_POINT ( 'NONE', #5846 ) ;
#2259 = CIRCLE ( 'NONE', #5536, 2.500000000000002220 ) ;
#2260 = DIRECTION ( 'NONE',  ( 0.000000000000000000, -1.000000000000000000, 0.000000000000000000 ) ) ;
#2261 = CARTESIAN_POINT ( 'NONE',  ( 12.70000000000000107, -16.22354728284506820, 40.36214363188775422 ) ) ;
#2262 = ADVANCED_FACE ( 'NONE', ( #3719 ), #4751, .T. ) ;
#2263 = CARTESIAN_POINT ( 'NONE',  ( 12.70000000000000107, 2.068405620284298418, 157.2409693130105097 ) ) ;
#2264 = LINE ( 'NONE', #7136, #6076 ) ;
#2265 = EDGE_CURVE ( 'NONE', #4787, #1341, #8378, .T. ) ;
#2266 = FACE_OUTER_BOUND ( 'NONE', #11508, .T. ) ;
#2267 = CARTESIAN_POINT ( 'NONE',  ( 12.70000000000000107, 4.072800018551153478, 154.9310478351179086 ) ) ;
#2268 = ORIENTED_EDGE ( 'NONE', *, *, #4261, .T. ) ;
#2269 = ORIENTED_EDGE ( 'NONE', *, *, #5874, .F. ) ;
#2270 = VERTEX_POINT ( 'NONE', #7639 ) ;
#2271 = DIRECTION ( 'NONE',  ( 0.000000000000000000, 0.000000000000000000, 1.000000000000000000 ) ) ;
#2272 = EDGE_CURVE ( 'NONE', #3171, #3000, #11670, .T. ) ;
#2273 = DIRECTION ( 'NONE',  ( -1.000000000000000000, -0.000000000000000000, -0.000000000000000000 ) ) ;
#2274 = DIRECTION ( 'NONE',  ( 0.000000000000000000, 0.000000000000000000, 1.000000000000000000 ) ) ;
#2275 = CARTESIAN_POINT ( 'NONE',  ( -9.525000000000000355, 14.15672222192810992, 48.66177646900214881 ) ) ;
#2276 = FACE_BOUND ( 'NONE', #1104, .T. ) ;
#2277 = AXIS2_PLACEMENT_3D ( 'NONE', #6526, #513, #696 ) ;
#2278 = EDGE_CURVE ( 'NONE', #831, #2019, #416, .T. ) ;
#2279 = CARTESIAN_POINT ( 'NONE',  ( 9.525000000000000355, 12.33648634557998314, 151.1747697111194100 ) ) ;
#2280 = ORIENTED_EDGE ( 'NONE', *, *, #10370, .T. ) ;
#2281 = ORIENTED_EDGE ( 'NONE', *, *, #9859, .T. ) ;
#2282 = ORIENTED_EDGE ( 'NONE', *, *, #270, .T. ) ;
#2283 = ORIENTED_EDGE ( 'NONE', *, *, #1047, .T. ) ;
#2284 = AXIS2_PLACEMENT_3D ( 'NONE', #11207, #5493, #1455 ) ;
#2285 = EDGE_CURVE ( 'NONE', #2708, #11851, #5588, .T. ) ;
#2286 = CARTESIAN_POINT ( 'NONE',  ( -9.525000000000000355, 3.577867169202164632E-15, 88.90000000000000568 ) ) ;
#2287 = DIRECTION ( 'NONE',  ( -1.000000000000000000, -0.000000000000000000, -0.000000000000000000 ) ) ;
#2288 = DIRECTION ( 'NONE',  ( 0.000000000000000000, 1.667602476305522109E-14, 1.000000000000000000 ) ) ;
#2289 = DIRECTION ( 'NONE',  ( -1.000000000000000000, -0.000000000000000000, -0.000000000000000000 ) ) ;
#2290 = DIRECTION ( 'NONE',  ( 0.000000000000000000, 0.000000000000000000, 1.000000000000000000 ) ) ;
#2291 = DIRECTION ( 'NONE',  ( 1.000000000000000000, -0.000000000000000000, -0.000000000000000000 ) ) ;
#2292 = CARTESIAN_POINT ( 'NONE',  ( 9.525000000000000355, 0.000000000000000000, 63.50000000000000000 ) ) ;
#2293 = AXIS2_PLACEMENT_3D ( 'NONE', #3837, #4734, #1786 ) ;
#2294 = CIRCLE ( 'NONE', #7822, 2.271000000000009234 ) ;
#2295 = CARTESIAN_POINT ( 'NONE',  ( 12.70000000000000107, -1.802455207620986100, 104.1855954242718525 ) ) ;
#2296 = EDGE_LOOP ( 'NONE', ( #1648, #178, #9629, #7661 ) ) ;
#2297 = ORIENTED_EDGE ( 'NONE', *, *, #5160, .F. ) ;
#2298 = ORIENTED_EDGE ( 'NONE', *, *, #11509, .T. ) ;
#2299 = EDGE_CURVE ( 'NONE', #4547, #7412, #10712, .T. ) ;
#2300 = AXIS2_PLACEMENT_3D ( 'NONE', #7478, #3627, #629 ) ;
#2301 = AXIS2_PLACEMENT_3D ( 'NONE', #4195, #12157, #2271 ) ;
#2302 = ORIENTED_EDGE ( 'NONE', *, *, #9404, .F. ) ;
#2303 = DIRECTION ( 'NONE',  ( -1.000000000000000000, 0.000000000000000000, 0.000000000000000000 ) ) ;
#2304 = DIRECTION ( 'NONE',  ( 1.000000000000000000, -0.000000000000000000, -0.000000000000000000 ) ) ;
#2305 = LINE ( 'NONE', #5259, #11265 ) ;
#2306 = DIRECTION ( 'NONE',  ( -1.000000000000000000, -0.000000000000000000, -0.000000000000000000 ) ) ;
#2307 = DIRECTION ( 'NONE',  ( 0.000000000000000000, 0.000000000000000000, -1.000000000000000000 ) ) ;
#2308 = FACE_BOUND ( 'NONE', #1559, .T. ) ;
#2309 = CYLINDRICAL_SURFACE ( 'NONE', #6016, 14.30000000000000071 ) ;
#2310 = CYLINDRICAL_SURFACE ( 'NONE', #4001, 17.66250000000000497 ) ;
#2311 = AXIS2_PLACEMENT_3D ( 'NONE', #3189, #3965, #9804 ) ;
#2312 = CARTESIAN_POINT ( 'NONE',  ( -12.69999999999999929, 12.69999999999999929, 165.0999999999999943 ) ) ;
#2313 = EDGE_LOOP ( 'NONE', ( #11235, #6363, #11196, #6417 ) ) ;
#2314 = EDGE_LOOP ( 'NONE', ( #12536, #8202, #3384, #9611 ) ) ;
#2315 = ORIENTED_EDGE ( 'NONE', *, *, #3671, .T. ) ;
#2316 = ADVANCED_FACE ( 'NONE', ( #972 ), #2687, .T. ) ;
#2317 = ORIENTED_EDGE ( 'NONE', *, *, #2075, .F. ) ;
#2318 = ORIENTED_EDGE ( 'NONE', *, *, #242, .F. ) ;
#2319 = AXIS2_PLACEMENT_3D ( 'NONE', #2435, #9285, #8210 ) ;
#2320 = DIRECTION ( 'NONE',  ( 0.000000000000000000, 0.000000000000000000, 1.000000000000000000 ) ) ;
#2321 = DIRECTION ( 'NONE',  ( -1.000000000000000000, 0.000000000000000000, 0.000000000000000000 ) ) ;
#2322 = CARTESIAN_POINT ( 'NONE',  ( -12.69999999999999751, -25.39999999999999503, 0.000000000000000000 ) ) ;
#2323 = CYLINDRICAL_SURFACE ( 'NONE', #10935, 2.499999999999988454 ) ;
#2324 = DIRECTION ( 'NONE',  ( -1.000000000000000000, -0.000000000000000000, -0.000000000000000000 ) ) ;
#2325 = CARTESIAN_POINT ( 'NONE',  ( 12.70000000000000107, 12.33648634557998314, 98.10376971111941202 ) ) ;
#2326 = CARTESIAN_POINT ( 'NONE',  ( 12.70000000000000107, -4.072800018551144596, 124.4689521648821113 ) ) ;
#2327 = LINE ( 'NONE', #10026, #5924 ) ;
#2328 = AXIS2_PLACEMENT_3D ( 'NONE', #10079, #1302, #10270 ) ;
#2329 = ORIENTED_EDGE ( 'NONE', *, *, #3688, .T. ) ;
#2330 = ORIENTED_EDGE ( 'NONE', *, *, #11074, .F. ) ;
#2331 = ORIENTED_EDGE ( 'NONE', *, *, #444, .F. ) ;
#2332 = EDGE_CURVE ( 'NONE', #11489, #11129, #1736, .T. ) ;
#2333 = EDGE_LOOP ( 'NONE', ( #9248, #8382, #7945, #10265 ) ) ;
#2334 = ORIENTED_EDGE ( 'NONE', *, *, #10559, .F. ) ;
#2335 = EDGE_CURVE ( 'NONE', #7423, #1071, #4617, .T. ) ;
#2336 = CARTESIAN_POINT ( 'NONE',  ( -12.69999999999999751, 11.15407434219260630, 77.75732780184213766 ) ) ;
#2337 = CARTESIAN_POINT ( 'NONE',  ( -9.525000000000000355, 14.15672222192810992, 99.46177646900214597 ) ) ;
#2338 = DIRECTION ( 'NONE',  ( -0.000000000000000000, 1.000000000000000000, -0.000000000000000000 ) ) ;
#2339 = CYLINDRICAL_SURFACE ( 'NONE', #1360, 2.270999999999995467 ) ;
#2340 = AXIS2_PLACEMENT_3D ( 'NONE', #5134, #11097, #9162 ) ;
#2341 = CYLINDRICAL_SURFACE ( 'NONE', #4902, 2.270999999999995467 ) ;
#2342 = ORIENTED_EDGE ( 'NONE', *, *, #9925, .T. ) ;
#2343 = ORIENTED_EDGE ( 'NONE', *, *, #9302, .F. ) ;
#2344 = VERTEX_POINT ( 'NONE', #8531 ) ;
#2345 = ORIENTED_EDGE ( 'NONE', *, *, #5797, .F. ) ;
#2346 = EDGE_CURVE ( 'NONE', #7548, #2728, #3855, .T. ) ;
#2347 = VECTOR ( 'NONE', #814, 1000.000000000000000 ) ;
#2348 = EDGE_CURVE ( 'NONE', #1604, #6936, #9202, .T. ) ;
#2349 = FACE_OUTER_BOUND ( 'NONE', #3432, .T. ) ;
#2350 = CARTESIAN_POINT ( 'NONE',  ( -9.525000000000000355, -11.15407434219252103, 100.0426721981579590 ) ) ;
#2351 = DIRECTION ( 'NONE',  ( 0.000000000000000000, 0.000000000000000000, -1.000000000000000000 ) ) ;
#2352 = FACE_BOUND ( 'NONE', #1108, .T. ) ;
#2353 = CARTESIAN_POINT ( 'NONE',  ( -12.69999999999999751, 3.577867169202164632E-15, 38.10000000000001563 ) ) ;
#2354 = DIRECTION ( 'NONE',  ( -1.000000000000000000, -0.000000000000000000, -0.000000000000000000 ) ) ;
#2355 = CIRCLE ( 'NONE', #11782, 2.080499999999998906 ) ;
#2356 = DIRECTION ( 'NONE',  ( -1.000000000000000000, -0.000000000000000000, -0.000000000000000000 ) ) ;
#2357 = CARTESIAN_POINT ( 'NONE',  ( -9.525000000000002132, -12.69999999999999929, 165.0999999999999943 ) ) ;
#2358 = ORIENTED_EDGE ( 'NONE', *, *, #4992, .T. ) ;
#2359 = EDGE_CURVE ( 'NONE', #10637, #10619, #9825, .T. ) ;
#2360 = ORIENTED_EDGE ( 'NONE', *, *, #4967, .F. ) ;
#2361 = VECTOR ( 'NONE', #8022, 1000.000000000000000 ) ;
#2362 = ORIENTED_EDGE ( 'NONE', *, *, #2920, .F. ) ;
#2363 = EDGE_CURVE ( 'NONE', #7645, #1324, #5530, .T. ) ;
#2364 = CARTESIAN_POINT ( 'NONE',  ( -9.525000000000000355, 3.577867169202164632E-15, 38.10000000000001563 ) ) ;
#2365 = DIRECTION ( 'NONE',  ( -1.000000000000000000, -0.000000000000000000, -0.000000000000000000 ) ) ;
#2366 = CIRCLE ( 'NONE', #7083, 2.080499999999998906 ) ;
#2367 = CARTESIAN_POINT ( 'NONE',  ( 9.525000000000000355, 3.577867169202164632E-15, 88.90000000000000568 ) ) ;
#2368 = FACE_OUTER_BOUND ( 'NONE', #1983, .T. ) ;
#2369 = DIRECTION ( 'NONE',  ( 1.000000000000000000, 0.000000000000000000, 0.000000000000000000 ) ) ;
#2370 = CARTESIAN_POINT ( 'NONE',  ( 7.746038523653021987E-16, 25.40000000000000213, 101.5999999999999943 ) ) ;
#2371 = DIRECTION ( 'NONE',  ( -0.000000000000000000, 1.000000000000000000, -0.000000000000000000 ) ) ;
#2372 = AXIS2_PLACEMENT_3D ( 'NONE', #9907, #3818, #7987 ) ;
#2373 = DIRECTION ( 'NONE',  ( 0.000000000000000000, 0.000000000000000000, -1.000000000000000000 ) ) ;
#2374 = EDGE_CURVE ( 'NONE', #708, #8760, #9615, .T. ) ;
#2375 = VECTOR ( 'NONE', #6979, 1000.000000000000000 ) ;
#2376 = DIRECTION ( 'NONE',  ( -1.000000000000000000, 0.000000000000000000, 0.000000000000000000 ) ) ;
#2377 = ORIENTED_EDGE ( 'NONE', *, *, #2285, .F. ) ;
#2378 = AXIS2_PLACEMENT_3D ( 'NONE', #6818, #26, #6753 ) ;
#2379 = ORIENTED_EDGE ( 'NONE', *, *, #12615, .F. ) ;
#2380 = ORIENTED_EDGE ( 'NONE', *, *, #2638, .T. ) ;
#2381 = ORIENTED_EDGE ( 'NONE', *, *, #9071, .T. ) ;
#2382 = ORIENTED_EDGE ( 'NONE', *, *, #10556, .T. ) ;
#2383 = CIRCLE ( 'NONE', #3612, 2.499999999999995115 ) ;
#2384 = DIRECTION ( 'NONE',  ( 0.000000000000000000, 0.000000000000000000, -1.000000000000000000 ) ) ;
#2385 = DIRECTION ( 'NONE',  ( 0.000000000000000000, 8.338012381527555325E-15, -1.000000000000000000 ) ) ;
#2386 = CARTESIAN_POINT ( 'NONE',  ( -12.69999999999999751, -14.15672222192817387, 129.1382235309979762 ) ) ;
#2387 = DIRECTION ( 'NONE',  ( -1.000000000000000000, 0.000000000000000000, 0.000000000000000000 ) ) ;
#2388 = DIRECTION ( 'NONE',  ( 0.000000000000000000, -1.000000000000000000, 0.000000000000000000 ) ) ;
#2389 = CARTESIAN_POINT ( 'NONE',  ( 12.70000000000000107, 8.791741348502629450, 26.82191132943933454 ) ) ;
#2390 = AXIS2_PLACEMENT_3D ( 'NONE', #7201, #5214, #6244 ) ;
#2391 = CARTESIAN_POINT ( 'NONE',  ( 12.70000000000000107, 3.577867169202164632E-15, 38.10000000000001563 ) ) ;
#2392 = EDGE_CURVE ( 'NONE', #5013, #10522, #9007, .T. ) ;
#2393 = AXIS2_PLACEMENT_3D ( 'NONE', #8058, #307, #11979 ) ;
#2394 = CARTESIAN_POINT ( 'NONE',  ( 9.525000000000000355, -6.152699789198520897, 124.5189240976142884 ) ) ;
#2395 = CIRCLE ( 'NONE', #3829, 17.66250000000000497 ) ;
#2396 = ORIENTED_EDGE ( 'NONE', *, *, #3906, .T. ) ;
#2397 = ORIENTED_EDGE ( 'NONE', *, *, #107, .F. ) ;
#2398 = ORIENTED_EDGE ( 'NONE', *, *, #2474, .T. ) ;
#2399 = ORIENTED_EDGE ( 'NONE', *, *, #5978, .T. ) ;
#2400 = CYLINDRICAL_SURFACE ( 'NONE', #3118, 2.270999999999995467 ) ;
#2401 = DIRECTION ( 'NONE',  ( -0.000000000000000000, 1.000000000000000000, -0.000000000000000000 ) ) ;
#2402 = AXIS2_PLACEMENT_3D ( 'NONE', #294, #11190, #2150 ) ;
#2403 = CARTESIAN_POINT ( 'NONE',  ( 12.70000000000000107, -14.13894155320104851, 133.6181742868473634 ) ) ;
#2404 = CIRCLE ( 'NONE', #10979, 2.271000000000002128 ) ;
#2405 = DIRECTION ( 'NONE',  ( 0.000000000000000000, -0.000000000000000000, 1.000000000000000000 ) ) ;
#2406 = EDGE_CURVE ( 'NONE', #4738, #5013, #3013, .T. ) ;
#2407 = ORIENTED_EDGE ( 'NONE', *, *, #1337, .T. ) ;
#2408 = ORIENTED_EDGE ( 'NONE', *, *, #975, .T. ) ;
#2409 = ORIENTED_EDGE ( 'NONE', *, *, #11082, .T. ) ;
#2410 = ORIENTED_EDGE ( 'NONE', *, *, #9990, .T. ) ;
#2411 = ORIENTED_EDGE ( 'NONE', *, *, #10105, .T. ) ;
#2412 = EDGE_CURVE ( 'NONE', #12670, #5205, #7568, .T. ) ;
#2413 = DIRECTION ( 'NONE',  ( 1.000000000000000000, 0.000000000000000000, 0.000000000000000000 ) ) ;
#2414 = CARTESIAN_POINT ( 'NONE',  ( -9.525000000000000355, -8.791741348502544184, 100.1780886705607543 ) ) ;
#2415 = FACE_OUTER_BOUND ( 'NONE', #431, .T. ) ;
#2416 = FACE_BOUND ( 'NONE', #1463, .T. ) ;
#2417 = FACE_OUTER_BOUND ( 'NONE', #4180, .T. ) ;
#2418 = CYLINDRICAL_SURFACE ( 'NONE', #10895, 2.499999999999992006 ) ;
#2419 = EDGE_CURVE ( 'NONE', #1987, #1824, #6861, .T. ) ;
#2420 = DIRECTION ( 'NONE',  ( 0.000000000000000000, 0.000000000000000000, 1.000000000000000000 ) ) ;
#2421 = EDGE_CURVE ( 'NONE', #11644, #4050, #12707, .T. ) ;
#2422 = DIRECTION ( 'NONE',  ( 1.000000000000000000, 0.000000000000000000, 0.000000000000000000 ) ) ;
#2423 = VERTEX_POINT ( 'NONE', #5071 ) ;
#2424 = ORIENTED_EDGE ( 'NONE', *, *, #4, .T. ) ;
#2425 = AXIS2_PLACEMENT_3D ( 'NONE', #69, #3974, #132 ) ;
#2426 = CIRCLE ( 'NONE', #4066, 2.500000000000002220 ) ;
#2427 = ORIENTED_EDGE ( 'NONE', *, *, #1723, .F. ) ;
#2428 = CARTESIAN_POINT ( 'NONE',  ( 12.70000000000000107, 14.13894155320113555, 133.6181742868475624 ) ) ;
#2429 = CARTESIAN_POINT ( 'NONE',  ( 12.70000000000000107, 1.802455207620993427, 22.81440457572818303 ) ) ;
#2430 = EDGE_CURVE ( 'NONE', #9310, #4740, #6928, .T. ) ;
#2431 = CYLINDRICAL_SURFACE ( 'NONE', #5704, 2.499999999999988454 ) ;
#2432 = FACE_OUTER_BOUND ( 'NONE', #6029, .T. ) ;
#2433 = DIRECTION ( 'NONE',  ( 0.000000000000000000, 0.000000000000000000, 1.000000000000000000 ) ) ;
#2434 = LINE ( 'NONE', #7184, #2048 ) ;
#2435 = CARTESIAN_POINT ( 'NONE',  ( -9.525000000000000355, 3.577867169202164632E-15, 88.90000000000000568 ) ) ;
#2436 = EDGE_CURVE ( 'NONE', #1759, #4331, #10840, .T. ) ;
#2437 = DIRECTION ( 'NONE',  ( -1.000000000000000000, -0.000000000000000000, -0.000000000000000000 ) ) ;
#2438 = CIRCLE ( 'NONE', #10620, 2.080499999999998906 ) ;
#2439 = AXIS2_PLACEMENT_3D ( 'NONE', #6806, #10715, #1932 ) ;
#2440 = ORIENTED_EDGE ( 'NONE', *, *, #1639, .T. ) ;
#2441 = AXIS2_PLACEMENT_3D ( 'NONE', #8902, #6272, #3072 ) ;
#2442 = ORIENTED_EDGE ( 'NONE', *, *, #5957, .F. ) ;
#2443 = EDGE_LOOP ( 'NONE', ( #2095, #8948, #302, #10204 ) ) ;
#2444 = VERTEX_POINT ( 'NONE', #6167 ) ;
#2445 = ORIENTED_EDGE ( 'NONE', *, *, #673, .F. ) ;
#2446 = EDGE_CURVE ( 'NONE', #10472, #6059, #11746, .T. ) ;
#2447 = AXIS2_PLACEMENT_3D ( 'NONE', #4248, #1486, #8160 ) ;
#2448 = DIRECTION ( 'NONE',  ( -1.000000000000000000, 0.000000000000000000, 0.000000000000000000 ) ) ;
#2449 = DIRECTION ( 'NONE',  ( 1.000000000000000000, -0.000000000000000000, -0.000000000000000000 ) ) ;
#2450 = CARTESIAN_POINT ( 'NONE',  ( -9.525000000000002132, -22.22499999999999787, 0.000000000000000000 ) ) ;
#2451 = CARTESIAN_POINT ( 'NONE',  ( 12.70000000000000107, 0.000000000000000000, 12.69999999999993356 ) ) ;
#2452 = CYLINDRICAL_SURFACE ( 'NONE', #7160, 2.500000000000002220 ) ;
#2453 = AXIS2_PLACEMENT_3D ( 'NONE', #4664, #6644, #1593 ) ;
#2454 = CARTESIAN_POINT ( 'NONE',  ( 1.555301434917138038E-15, 25.40000000000000213, 129.5000000000000000 ) ) ;
#2455 = VECTOR ( 'NONE', #12129, 1000.000000000000000 ) ;
#2456 = CARTESIAN_POINT ( 'NONE',  ( -9.525000000000002132, -12.69999999999999929, 15.19999999999999218 ) ) ;
#2457 = VECTOR ( 'NONE', #10808, 1000.000000000000000 ) ;
#2458 = VERTEX_POINT ( 'NONE', #4885 ) ;
#2459 = ORIENTED_EDGE ( 'NONE', *, *, #383, .F. ) ;
#2460 = ORIENTED_EDGE ( 'NONE', *, *, #11154, .T. ) ;
#2461 = AXIS2_PLACEMENT_3D ( 'NONE', #5237, #6147, #6208 ) ;
#2462 = ORIENTED_EDGE ( 'NONE', *, *, #4709, .T. ) ;
#2463 = ORIENTED_EDGE ( 'NONE', *, *, #4304, .F. ) ;
#2464 = CARTESIAN_POINT ( 'NONE',  ( 12.70000000000000107, 0.000000000000000000, 63.50000000000000000 ) ) ;
#2465 = ADVANCED_FACE ( 'NONE', ( #203 ), #4110, .F. ) ;
#2466 = DIRECTION ( 'NONE',  ( 0.000000000000000000, 0.000000000000000000, 1.000000000000000000 ) ) ;
#2467 = DIRECTION ( 'NONE',  ( 0.000000000000000000, 0.000000000000000000, 1.000000000000000000 ) ) ;
#2468 = DIRECTION ( 'NONE',  ( 0.000000000000000000, 0.000000000000000000, 1.000000000000000000 ) ) ;
#2469 = CIRCLE ( 'NONE', #11899, 2.499999999999988454 ) ;
#2470 = EDGE_LOOP ( 'NONE', ( #3261, #5964, #1145, #9420 ) ) ;
#2471 = ORIENTED_EDGE ( 'NONE', *, *, #12208, .F. ) ;
#2472 = VERTEX_POINT ( 'NONE', #1161 ) ;
#2473 = ORIENTED_EDGE ( 'NONE', *, *, #10993, .F. ) ;
#2474 = EDGE_CURVE ( 'NONE', #9106, #12076, #2856, .T. ) ;
#2475 = DIRECTION ( 'NONE',  ( -1.000000000000000000, -0.000000000000000000, -0.000000000000000000 ) ) ;
#2476 = AXIS2_PLACEMENT_3D ( 'NONE', #5940, #12099, #9006 ) ;
#2477 = DIRECTION ( 'NONE',  ( 0.000000000000000000, 0.000000000000000000, 1.000000000000000000 ) ) ;
#2478 = CARTESIAN_POINT ( 'NONE',  ( 1.555301434917138038E-15, 25.40000000000000213, 129.5000000000000000 ) ) ;
#2479 = FACE_OUTER_BOUND ( 'NONE', #4856, .T. ) ;
#2480 = CARTESIAN_POINT ( 'NONE',  ( 1.555301434917138433E-15, 22.22500000000000142, 63.50000000000000000 ) ) ;
#2481 = DIRECTION ( 'NONE',  ( 0.000000000000000000, 0.000000000000000000, 1.000000000000000000 ) ) ;
#2482 = APPROVAL ( #3990, 'UNSPECIFIED' ) ;
#2483 = ORIENTED_EDGE ( 'NONE', *, *, #9575, .T. ) ;
#2484 = VECTOR ( 'NONE', #3634, 1000.000000000000000 ) ;
#2485 = ORIENTED_EDGE ( 'NONE', *, *, #4088, .T. ) ;
#2486 = EDGE_CURVE ( 'NONE', #7897, #1184, #4094, .T. ) ;
#2487 = ORIENTED_EDGE ( 'NONE', *, *, #5801, .F. ) ;
#2488 = CARTESIAN_POINT ( 'NONE',  ( 12.70000000000000107, 11.15407434219237004, 100.0426721981581153 ) ) ;
#2489 = EDGE_CURVE ( 'NONE', #1560, #2423, #137, .T. ) ;
#2490 = CARTESIAN_POINT ( 'NONE',  ( 9.525000000000000355, -12.69999999999999929, 10.20000000000000639 ) ) ;
#2491 = AXIS2_PLACEMENT_3D ( 'NONE', #3959, #4091, #1079 ) ;
#2492 = CIRCLE ( 'NONE', #12532, 2.271000000000009234 ) ;
#2493 = CARTESIAN_POINT ( 'NONE',  ( 9.525000000000000355, -11.15407434219252103, 100.0426721981579590 ) ) ;
#2494 = LINE ( 'NONE', #5325, #6691 ) ;
#2495 = FACE_BOUND ( 'NONE', #680, .T. ) ;
#2496 = CARTESIAN_POINT ( 'NONE',  ( -12.69999999999999929, 3.061616997868373773E-16, 61.00000000000001421 ) ) ;
#2497 = DIRECTION ( 'NONE',  ( 1.000000000000000000, 0.000000000000000000, 0.000000000000000000 ) ) ;
#2498 = ORIENTED_EDGE ( 'NONE', *, *, #3226, .T. ) ;
#2499 = CIRCLE ( 'NONE', #3941, 2.499999999999988454 ) ;
#2500 = AXIS2_PLACEMENT_3D ( 'NONE', #163, #2023, #4971 ) ;
#2501 = ORIENTED_EDGE ( 'NONE', *, *, #10556, .F. ) ;
#2502 = ORIENTED_EDGE ( 'NONE', *, *, #5815, .T. ) ;
#2503 = ORIENTED_EDGE ( 'NONE', *, *, #2489, .T. ) ;
#2504 = ORIENTED_EDGE ( 'NONE', *, *, #2794, .F. ) ;
#2505 = EDGE_CURVE ( 'NONE', #1872, #8120, #1226, .T. ) ;
#2506 = DIRECTION ( 'NONE',  ( -1.000000000000000000, -0.000000000000000000, -0.000000000000000000 ) ) ;
#2507 = CARTESIAN_POINT ( 'NONE',  ( 12.70000000000000107, 12.33648634557998314, 98.10376971111941202 ) ) ;
#2508 = DIRECTION ( 'NONE',  ( 0.000000000000000000, -1.000000000000000000, 0.000000000000000000 ) ) ;
#2509 = CIRCLE ( 'NONE', #1290, 2.270999999999995467 ) ;
#2510 = DIRECTION ( 'NONE',  ( -0.000000000000000000, 1.000000000000000000, -0.000000000000000000 ) ) ;
#2511 = VECTOR ( 'NONE', #361, 1000.000000000000000 ) ;
#2512 = CARTESIAN_POINT ( 'NONE',  ( -12.69999999999999751, -16.22512784221249404, 31.12080715599139324 ) ) ;
#2513 = DIRECTION ( 'NONE',  ( -1.000000000000000000, 0.000000000000000000, 0.000000000000000000 ) ) ;
#2514 = EDGE_CURVE ( 'NONE', #3241, #9047, #3279, .T. ) ;
#2515 = FACE_BOUND ( 'NONE', #7297, .T. ) ;
#2516 = ADVANCED_FACE ( 'NONE', ( #1033 ), #5912, .F. ) ;
#2517 = VERTEX_POINT ( 'NONE', #4946 ) ;
#2518 = ORIENTED_EDGE ( 'NONE', *, *, #211, .T. ) ;
#2519 = CIRCLE ( 'NONE', #6220, 2.270999999999995467 ) ;
#2520 = ORIENTED_EDGE ( 'NONE', *, *, #5188, .T. ) ;
#2521 = ORIENTED_EDGE ( 'NONE', *, *, #1337, .F. ) ;
#2522 = DIRECTION ( 'NONE',  ( 1.000000000000000000, 0.000000000000000000, 0.000000000000000000 ) ) ;
#2523 = CARTESIAN_POINT ( 'NONE',  ( -12.69999999999999751, -12.69999999999999929, 61.00000000000000711 ) ) ;
#2524 = DIRECTION ( 'NONE',  ( 0.000000000000000000, 0.000000000000000000, 1.000000000000000000 ) ) ;
#2525 = DIRECTION ( 'NONE',  ( 0.000000000000000000, 0.000000000000000000, 1.000000000000000000 ) ) ;
#2526 = CARTESIAN_POINT ( 'NONE',  ( 12.70000000000000107, -12.69999999999999929, 12.69999999999999929 ) ) ;
#2527 = AXIS2_PLACEMENT_3D ( 'NONE', #9620, #2817, #1864 ) ;
#2528 = EDGE_CURVE ( 'NONE', #224, #8073, #6754, .T. ) ;
#2529 = EDGE_CURVE ( 'NONE', #6495, #6190, #11264, .T. ) ;
#2530 = VERTEX_POINT ( 'NONE', #4174 ) ;
#2531 = EDGE_LOOP ( 'NONE', ( #4259, #12476, #5950, #9762 ) ) ;
#2532 = ORIENTED_EDGE ( 'NONE', *, *, #9512, .F. ) ;
#2533 = EDGE_LOOP ( 'NONE', ( #10893, #3937, #4906, #9263 ) ) ;
#2534 = DIRECTION ( 'NONE',  ( -1.000000000000000000, -0.000000000000000000, -0.000000000000000000 ) ) ;
#2535 = VECTOR ( 'NONE', #5585, 1000.000000000000000 ) ;
#2536 = CYLINDRICAL_SURFACE ( 'NONE', #2997, 2.499999999999992006 ) ;
#2537 = CARTESIAN_POINT ( 'NONE',  ( 1.555301434917138433E-15, 22.22500000000000142, 116.7999999999999829 ) ) ;
#2538 = CARTESIAN_POINT ( 'NONE',  ( 12.70000000000000107, -12.33648634558004353, 130.4962302888807244 ) ) ;
#2539 = LINE ( 'NONE', #4341, #7909 ) ;
#2540 = FACE_OUTER_BOUND ( 'NONE', #7265, .T. ) ;
#2541 = CARTESIAN_POINT ( 'NONE',  ( -12.69999999999999751, -25.39999999999999503, 0.000000000000000000 ) ) ;
#2542 = EDGE_CURVE ( 'NONE', #2755, #754, #12001, .T. ) ;
#2543 = VERTEX_POINT ( 'NONE', #11099 ) ;
#2544 = AXIS2_PLACEMENT_3D ( 'NONE', #390, #8269, #11223 ) ;
#2545 = VERTEX_POINT ( 'NONE', #3516 ) ;
#2546 = EDGE_LOOP ( 'NONE', ( #7406, #2504, #1725, #6971 ) ) ;
#2547 = DIRECTION ( 'NONE',  ( 0.000000000000000000, 0.000000000000000000, 1.000000000000000000 ) ) ;
#2548 = CARTESIAN_POINT ( 'NONE',  ( 9.525000000000000355, -16.22354728284506820, 40.36214363188775422 ) ) ;
#2549 = CIRCLE ( 'NONE', #11359, 2.499999999999988454 ) ;
#2550 = FACE_OUTER_BOUND ( 'NONE', #4084, .T. ) ;
#2551 = CARTESIAN_POINT ( 'NONE',  ( -12.69999999999999751, 10.07084749364666365, 126.7810677295021549 ) ) ;
#2552 = DIRECTION ( 'NONE',  ( 1.000000000000000000, -0.000000000000000000, -0.000000000000000000 ) ) ;
#2553 = DIRECTION ( 'NONE',  ( -0.000000000000000000, 1.000000000000000000, -0.000000000000000000 ) ) ;
#2554 = FACE_OUTER_BOUND ( 'NONE', #6177, .T. ) ;
#2555 = ADVANCED_FACE ( 'NONE', ( #3332, #6357, #7372, #7246, #8148, #2308, #11162, #7434, #4236, #2495, #5444, #12068, #10194, #8271, #3395, #4297 ), #518, .T. ) ;
#2556 = AXIS2_PLACEMENT_3D ( 'NONE', #2628, #1738, #7391 ) ;
#2557 = VERTEX_POINT ( 'NONE', #9284 ) ;
#2558 = ORIENTED_EDGE ( 'NONE', *, *, #2160, .T. ) ;
#2559 = VERTEX_POINT ( 'NONE', #11285 ) ;
#2560 = AXIS2_PLACEMENT_3D ( 'NONE', #612, #7167, #552 ) ;
#2561 = ORIENTED_EDGE ( 'NONE', *, *, #10993, .T. ) ;
#2562 = ADVANCED_FACE ( 'NONE', ( #12187 ), #11342, .F. ) ;
#2563 = CARTESIAN_POINT ( 'NONE',  ( 9.525000000000000355, 6.152699789198528002, 53.28107590238573010 ) ) ;
#2564 = DIRECTION ( 'NONE',  ( 1.000000000000000000, -0.000000000000000000, -0.000000000000000000 ) ) ;
#2565 = DIRECTION ( 'NONE',  ( 0.000000000000000000, 0.000000000000000000, 1.000000000000000000 ) ) ;
#2566 = EDGE_CURVE ( 'NONE', #10655, #11139, #1431, .T. ) ;
#2567 = DIRECTION ( 'NONE',  ( 1.000000000000000000, 0.000000000000000000, 0.000000000000000000 ) ) ;
#2568 = CARTESIAN_POINT ( 'NONE',  ( 12.70000000000000107, 12.33648634557998314, 98.10376971111941202 ) ) ;
#2569 = CARTESIAN_POINT ( 'NONE',  ( -12.69999999999999751, 2.068405620284300195, 71.35903068698951301 ) ) ;
#2570 = EDGE_CURVE ( 'NONE', #9663, #4081, #10127, .T. ) ;
#2571 = EDGE_CURVE ( 'NONE', #11901, #6283, #11460, .T. ) ;
#2572 = AXIS2_PLACEMENT_3D ( 'NONE', #8805, #3994, #7849 ) ;
#2573 = CARTESIAN_POINT ( 'NONE',  ( -9.525000000000000355, 15.22687436074360257, 143.7883756369601258 ) ) ;
#2574 = ORIENTED_EDGE ( 'NONE', *, *, #7313, .T. ) ;
#2575 = ORIENTED_EDGE ( 'NONE', *, *, #5645, .F. ) ;
#2576 = AXIS2_PLACEMENT_3D ( 'NONE', #3320, #317, #1398 ) ;
#2577 = VERTEX_POINT ( 'NONE', #1529 ) ;
#2578 = VERTEX_POINT ( 'NONE', #3270 ) ;
#2579 = CARTESIAN_POINT ( 'NONE',  ( -9.525000000000000355, -2.068405620284295310, 106.4409693130105268 ) ) ;
#2580 = DIRECTION ( 'NONE',  ( 1.000000000000000000, -0.000000000000000000, -0.000000000000000000 ) ) ;
#2581 = CIRCLE ( 'NONE', #742, 17.66250000000000142 ) ;
#2582 = AXIS2_PLACEMENT_3D ( 'NONE', #7446, #9238, #11417 ) ;
#2583 = CARTESIAN_POINT ( 'NONE',  ( -12.69999999999999751, -6.152699789198520897, 104.0810759023857344 ) ) ;
#2584 = CARTESIAN_POINT ( 'NONE',  ( -12.69999999999999751, -12.69999999999999929, 61.00000000000000711 ) ) ;
#2585 = CARTESIAN_POINT ( 'NONE',  ( 12.70000000000000107, -12.33648634558010748, 98.10376971111922728 ) ) ;
#2586 = AXIS2_PLACEMENT_3D ( 'NONE', #12231, #3438, #6081 ) ;
#2587 = AXIS2_PLACEMENT_3D ( 'NONE', #10064, #4040, #1286 ) ;
#2588 = EDGE_CURVE ( 'NONE', #11010, #1713, #2434, .T. ) ;
#2589 = CARTESIAN_POINT ( 'NONE',  ( 12.70000000000000107, -2.068405620284290425, 20.55903068698950520 ) ) ;
#2590 = ORIENTED_EDGE ( 'NONE', *, *, #3745, .F. ) ;
#2591 = AXIS2_PLACEMENT_3D ( 'NONE', #2816, #4881, #9812 ) ;
#2592 = ORIENTED_EDGE ( 'NONE', *, *, #5855, .F. ) ;
#2593 = VERTEX_POINT ( 'NONE', #1349 ) ;
#2594 = CIRCLE ( 'NONE', #9772, 2.271000000000002128 ) ;
#2595 = AXIS2_PLACEMENT_3D ( 'NONE', #12433, #3638, #10256 ) ;
#2596 = DIRECTION ( 'NONE',  ( -1.000000000000000000, -0.000000000000000000, -0.000000000000000000 ) ) ;
#2597 = CARTESIAN_POINT ( 'NONE',  ( 12.70000000000000107, 0.000000000000000000, 63.50000000000000000 ) ) ;
#2598 = CARTESIAN_POINT ( 'NONE',  ( 12.70000000000000107, -4.072800018551144596, 73.66895216488211418 ) ) ;
#2599 = CARTESIAN_POINT ( 'NONE',  ( -9.525000000000000355, 3.577867169202164632E-15, 88.90000000000000568 ) ) ;
#2600 = EDGE_CURVE ( 'NONE', #373, #9155, #456, .T. ) ;
#2601 = CARTESIAN_POINT ( 'NONE',  ( -12.69999999999999751, 10.07084749364666365, 126.7810677295021549 ) ) ;
#2602 = LINE ( 'NONE', #2541, #10184 ) ;
#2603 = VECTOR ( 'NONE', #9746, 1000.000000000000000 ) ;
#2604 = ORIENTED_EDGE ( 'NONE', *, *, #5532, .F. ) ;
#2605 = FACE_OUTER_BOUND ( 'NONE', #12668, .T. ) ;
#2606 = ORIENTED_EDGE ( 'NONE', *, *, #3385, .F. ) ;
#2607 = DIRECTION ( 'NONE',  ( -1.000000000000000000, -0.000000000000000000, -0.000000000000000000 ) ) ;
#2608 = DIRECTION ( 'NONE',  ( 0.000000000000000000, 0.000000000000000000, 1.000000000000000000 ) ) ;
#2609 = EDGE_CURVE ( 'NONE', #2577, #7690, #10233, .T. ) ;
#2610 = CARTESIAN_POINT ( 'NONE',  ( -9.525000000000000355, 16.22354728284504333, 40.36214363188798160 ) ) ;
#2611 = DIRECTION ( 'NONE',  ( -1.000000000000000000, -0.000000000000000000, -0.000000000000000000 ) ) ;
#2612 = DIRECTION ( 'NONE',  ( -0.000000000000000000, 1.000000000000000000, -0.000000000000000000 ) ) ;
#2613 = CARTESIAN_POINT ( 'NONE',  ( -9.525000000000000355, -10.07084749364648069, 25.18106772950202199 ) ) ;
#2614 = LINE ( 'NONE', #7436, #7701 ) ;
#2615 = AXIS2_PLACEMENT_3D ( 'NONE', #8870, #4834, #6881 ) ;
#2616 = ORIENTED_EDGE ( 'NONE', *, *, #713, .T. ) ;
#2617 = ORIENTED_EDGE ( 'NONE', *, *, #5083, .T. ) ;
#2618 = ORIENTED_EDGE ( 'NONE', *, *, #3772, .T. ) ;
#2619 = DIRECTION ( 'NONE',  ( 0.000000000000000000, 0.000000000000000000, 1.000000000000000000 ) ) ;
#2620 = EDGE_CURVE ( 'NONE', #6344, #11152, #9164, .T. ) ;
#2621 = CARTESIAN_POINT ( 'NONE',  ( -9.525000000000000355, -8.791741348502544184, 49.37808867056075712 ) ) ;
#2622 = CYLINDRICAL_SURFACE ( 'NONE', #6744, 14.30000000000000782 ) ;
#2623 = LINE ( 'NONE', #10448, #1573 ) ;
#2624 = DIRECTION ( 'NONE',  ( 0.000000000000000000, 0.000000000000000000, -1.000000000000000000 ) ) ;
#2625 = AXIS2_PLACEMENT_3D ( 'NONE', #4756, #6674, #663 ) ;
#2626 = DIRECTION ( 'NONE',  ( -0.000000000000000000, 1.000000000000000000, -0.000000000000000000 ) ) ;
#2627 = LINE ( 'NONE', #1613, #12342 ) ;
#2628 = CARTESIAN_POINT ( 'NONE',  ( -9.525000000000000355, 6.152699789198528002, 73.71892409761429121 ) ) ;
#2629 = EDGE_CURVE ( 'NONE', #4761, #816, #817, .T. ) ;
#2630 = DIRECTION ( 'NONE',  ( 0.000000000000000000, 0.000000000000000000, 1.000000000000000000 ) ) ;
#2631 = EDGE_LOOP ( 'NONE', ( #4501, #6834, #4841, #4260, #7362, #11307, #7190, #382, #11560, #7065, #6174, #8645, #10294, #10119, #497, #4724, #556, #6745, #788, #2315, #9287, #4773, #9979, #2440, #10974, #5634, #4030, #10668, #9107, #1812, #8171, #9369, #7823, #10852, #14, #2176, #2932, #9580, #4950, #360, #7725 ) ) ;
#2632 = ORIENTED_EDGE ( 'NONE', *, *, #3786, .T. ) ;
#2633 = CIRCLE ( 'NONE', #7360, 14.30000000000000782 ) ;
#2634 = AXIS2_PLACEMENT_3D ( 'NONE', #6931, #2066, #12 ) ;
#2635 = ORIENTED_EDGE ( 'NONE', *, *, #4097, .T. ) ;
#2636 = ORIENTED_EDGE ( 'NONE', *, *, #2792, .T. ) ;
#2637 = LINE ( 'NONE', #6558, #6204 ) ;
#2638 = EDGE_CURVE ( 'NONE', #9679, #227, #8208, .T. ) ;
#2639 = DIRECTION ( 'NONE',  ( 1.000000000000000000, 0.000000000000000000, 0.000000000000000000 ) ) ;
#2640 = LINE ( 'NONE', #5414, #10793 ) ;
#2641 = AXIS2_PLACEMENT_3D ( 'NONE', #12233, #5000, #9206 ) ;
#2642 = EDGE_CURVE ( 'NONE', #4322, #4241, #5737, .T. ) ;
#2643 = DIRECTION ( 'NONE',  ( 0.000000000000000000, 0.000000000000000000, 1.000000000000000000 ) ) ;
#2644 = DIRECTION ( 'NONE',  ( -1.000000000000000000, -0.000000000000000000, -0.000000000000000000 ) ) ;
#2645 = DIRECTION ( 'NONE',  ( 0.000000000000000000, 0.000000000000000000, 1.000000000000000000 ) ) ;
#2646 = AXIS2_PLACEMENT_3D ( 'NONE', #1804, #5719, #10648 ) ;
#2647 = DIRECTION ( 'NONE',  ( 0.000000000000000000, -1.667602476305511223E-15, -1.000000000000000000 ) ) ;
#2648 = ORIENTED_EDGE ( 'NONE', *, *, #547, .F. ) ;
#2649 = ORIENTED_EDGE ( 'NONE', *, *, #2734, .T. ) ;
#2650 = EDGE_CURVE ( 'NONE', #5854, #9047, #1287, .T. ) ;
#2651 = EDGE_LOOP ( 'NONE', ( #8539, #2840 ) ) ;
#2652 = CARTESIAN_POINT ( 'NONE',  ( -9.525000000000000355, 10.07084749364666365, 78.06156772950215839 ) ) ;
#2653 = ADVANCED_FACE ( 'NONE', ( #12499 ), #1657, .T. ) ;
#2654 = CARTESIAN_POINT ( 'NONE',  ( 12.70000000000000107, -15.22687436074362388, 34.01162436304002767 ) ) ;
#2655 = DIRECTION ( 'NONE',  ( -1.000000000000000000, -0.000000000000000000, -0.000000000000000000 ) ) ;
#2656 = DIRECTION ( 'NONE',  ( 0.000000000000000000, 0.000000000000000000, 1.000000000000000000 ) ) ;
#2657 = CARTESIAN_POINT ( 'NONE',  ( -9.525000000000000355, 3.577867169202164632E-15, 139.7000000000000171 ) ) ;
#2658 = AXIS2_PLACEMENT_3D ( 'NONE', #8828, #5954, #1074 ) ;
#2659 = CARTESIAN_POINT ( 'NONE',  ( 9.525000000000000355, -4.072800018551144596, 124.4689521648821113 ) ) ;
#2660 = CARTESIAN_POINT ( 'NONE',  ( 12.70000000000000107, 10.07084749364666365, 75.98106772950217191 ) ) ;
#2661 = ORIENTED_EDGE ( 'NONE', *, *, #4523, .T. ) ;
#2662 = EDGE_LOOP ( 'NONE', ( #11917, #5904, #11785, #539 ) ) ;
#2663 = EDGE_CURVE ( 'NONE', #743, #4101, #10375, .T. ) ;
#2664 = ADVANCED_FACE ( 'NONE', ( #10627 ), #6591, .F. ) ;
#2665 = AXIS2_PLACEMENT_3D ( 'NONE', #1858, #12573, #11681 ) ;
#2666 = ORIENTED_EDGE ( 'NONE', *, *, #7542, .T. ) ;
#2667 = DIRECTION ( 'NONE',  ( 0.000000000000000000, 0.000000000000000000, 1.000000000000000000 ) ) ;
#2668 = LINE ( 'NONE', #4594, #7600 ) ;
#2669 = LINE ( 'NONE', #5629, #1729 ) ;
#2670 = LINE ( 'NONE', #6590, #12230 ) ;
#2671 = DIRECTION ( 'NONE',  ( 0.000000000000000000, 0.000000000000000000, 1.000000000000000000 ) ) ;
#2672 = CIRCLE ( 'NONE', #4941, 2.080499999999998906 ) ;
#2673 = FACE_OUTER_BOUND ( 'NONE', #7266, .T. ) ;
#2674 = CARTESIAN_POINT ( 'NONE',  ( -12.69999999999999751, 12.33648634557998314, 47.30376971111940776 ) ) ;
#2675 = VERTEX_POINT ( 'NONE', #6650 ) ;
#2676 = EDGE_CURVE ( 'NONE', #10091, #12372, #250, .T. ) ;
#2677 = CARTESIAN_POINT ( 'NONE',  ( 12.70000000000000107, 12.69999999999999929, 116.7999999999999972 ) ) ;
#2678 = ORIENTED_EDGE ( 'NONE', *, *, #4690, .F. ) ;
#2679 = ORIENTED_EDGE ( 'NONE', *, *, #5899, .F. ) ;
#2680 = CIRCLE ( 'NONE', #6009, 2.499999999999988454 ) ;
#2681 = CIRCLE ( 'NONE', #9863, 2.080499999999998906 ) ;
#2682 = ORIENTED_EDGE ( 'NONE', *, *, #8883, .F. ) ;
#2683 = DIRECTION ( 'NONE',  ( 0.000000000000000000, 0.000000000000000000, 1.000000000000000000 ) ) ;
#2684 = FACE_OUTER_BOUND ( 'NONE', #10975, .T. ) ;
#2685 = CARTESIAN_POINT ( 'NONE',  ( 7.746038523653021987E-16, 25.40000000000000213, 50.79999999999999716 ) ) ;
#2686 = DIRECTION ( 'NONE',  ( -1.000000000000000000, -0.000000000000000000, -0.000000000000000000 ) ) ;
#2687 = CYLINDRICAL_SURFACE ( 'NONE', #6353, 2.080499999999998906 ) ;
#2688 = DIRECTION ( 'NONE',  ( -0.000000000000000000, 1.000000000000000000, -0.000000000000000000 ) ) ;
#2689 = FACE_OUTER_BOUND ( 'NONE', #403, .T. ) ;
#2690 = CIRCLE ( 'NONE', #9451, 2.499999999999988454 ) ;
#2691 = CARTESIAN_POINT ( 'NONE',  ( -12.69999999999999751, 0.000000000000000000, 116.7999999999999829 ) ) ;
#2692 = EDGE_CURVE ( 'NONE', #6059, #846, #11510, .T. ) ;
#2693 = EDGE_LOOP ( 'NONE', ( #979, #3308 ) ) ;
#2694 = ORIENTED_EDGE ( 'NONE', *, *, #1101, .F. ) ;
#2695 = VERTEX_POINT ( 'NONE', #826 ) ;
#2696 = VERTEX_POINT ( 'NONE', #765 ) ;
#2697 = ORIENTED_EDGE ( 'NONE', *, *, #4690, .T. ) ;
#2698 = DIRECTION ( 'NONE',  ( 0.000000000000000000, 0.000000000000000000, 1.000000000000000000 ) ) ;
#2699 = AXIS2_PLACEMENT_3D ( 'NONE', #3888, #41, #10809 ) ;
#2700 = CARTESIAN_POINT ( 'NONE',  ( -12.69999999999999751, 8.791741348502393194, 49.37808867056088502 ) ) ;
#2701 = LINE ( 'NONE', #2523, #4865 ) ;
#2702 = AXIS2_PLACEMENT_3D ( 'NONE', #5539, #9567, #7399 ) ;
#2703 = FACE_OUTER_BOUND ( 'NONE', #7595, .T. ) ;
#2704 = CARTESIAN_POINT ( 'NONE',  ( 12.70000000000000107, -2.068405620284295310, 106.4409693130105268 ) ) ;
#2705 = CARTESIAN_POINT ( 'NONE',  ( -12.69999999999999929, 12.69999999999999929, 63.50000000000000000 ) ) ;
#2706 = DIRECTION ( 'NONE',  ( 0.000000000000000000, 0.000000000000000000, 1.000000000000000000 ) ) ;
#2707 = EDGE_CURVE ( 'NONE', #4692, #2741, #11104, .T. ) ;
#2708 = VERTEX_POINT ( 'NONE', #2802 ) ;
#2709 = CIRCLE ( 'NONE', #11734, 2.271000000000002128 ) ;
#2710 = EDGE_CURVE ( 'NONE', #8072, #6159, #2690, .T. ) ;
#2711 = EDGE_LOOP ( 'NONE', ( #7857, #4760, #5204, #1244 ) ) ;
#2712 = ORIENTED_EDGE ( 'NONE', *, *, #12288, .F. ) ;
#2713 = ORIENTED_EDGE ( 'NONE', *, *, #6261, .T. ) ;
#2714 = DIRECTION ( 'NONE',  ( -1.000000000000000000, -0.000000000000000000, -0.000000000000000000 ) ) ;
#2715 = DIRECTION ( 'NONE',  ( -0.000000000000000000, 1.000000000000000000, -0.000000000000000000 ) ) ;
#2716 = CARTESIAN_POINT ( 'NONE',  ( 7.746038523653021987E-16, 25.40000000000000213, 50.79999999999999716 ) ) ;
#2717 = DIRECTION ( 'NONE',  ( 0.000000000000000000, 0.000000000000000000, 1.000000000000000000 ) ) ;
#2718 = AXIS2_PLACEMENT_3D ( 'NONE', #12500, #9603, #4599 ) ;
#2719 = CARTESIAN_POINT ( 'NONE',  ( 9.525000000000000355, 12.69999999999999929, 167.5999999999999943 ) ) ;
#2720 = DIRECTION ( 'NONE',  ( 0.000000000000000000, 0.000000000000000000, 1.000000000000000000 ) ) ;
#2721 = CARTESIAN_POINT ( 'NONE',  ( -12.69999999999999929, -12.69999999999999929, 63.50000000000000000 ) ) ;
#2722 = ADVANCED_FACE ( 'NONE', ( #643 ), #9472, .F. ) ;
#2723 = ORIENTED_EDGE ( 'NONE', *, *, #911, .F. ) ;
#2724 = ADVANCED_FACE ( 'NONE', ( #702 ), #11535, .F. ) ;
#2725 = ORIENTED_EDGE ( 'NONE', *, *, #6594, .F. ) ;
#2726 = VERTEX_POINT ( 'NONE', #5509 ) ;
#2727 = CIRCLE ( 'NONE', #4378, 2.499999999999988454 ) ;
#2728 = VERTEX_POINT ( 'NONE', #8452 ) ;
#2729 = DIRECTION ( 'NONE',  ( 0.000000000000000000, 0.000000000000000000, 1.000000000000000000 ) ) ;
#2730 = CARTESIAN_POINT ( 'NONE',  ( 12.70000000000000107, -14.13894155320108759, 145.7818257131525570 ) ) ;
#2731 = CARTESIAN_POINT ( 'NONE',  ( -12.69999999999999929, 12.69999999999999929, 167.5999999999999659 ) ) ;
#2732 = AXIS2_PLACEMENT_3D ( 'NONE', #134, #8850, #7765 ) ;
#2733 = DIRECTION ( 'NONE',  ( -1.000000000000000000, -0.000000000000000000, -0.000000000000000000 ) ) ;
#2734 = EDGE_CURVE ( 'NONE', #12240, #2458, #6391, .T. ) ;
#2735 = DIRECTION ( 'NONE',  ( 0.000000000000000000, 0.000000000000000000, 1.000000000000000000 ) ) ;
#2736 = DIRECTION ( 'NONE',  ( 0.000000000000000000, 0.000000000000000000, 1.000000000000000000 ) ) ;
#2737 = CARTESIAN_POINT ( 'NONE',  ( 1.861463134703976303E-15, 22.22500000000000142, 61.00000000000001421 ) ) ;
#2738 = ORIENTED_EDGE ( 'NONE', *, *, #6418, .F. ) ;
#2739 = EDGE_CURVE ( 'NONE', #5804, #481, #5990, .T. ) ;
#2740 = DIRECTION ( 'NONE',  ( 0.000000000000000000, 0.000000000000000000, 1.000000000000000000 ) ) ;
#2741 = VERTEX_POINT ( 'NONE', #6529 ) ;
#2742 = EDGE_LOOP ( 'NONE', ( #9321, #9839, #10306, #7145 ) ) ;
#2743 = EDGE_LOOP ( 'NONE', ( #5014, #6905, #11975, #1742 ) ) ;
#2744 = CARTESIAN_POINT ( 'NONE',  ( -12.69999999999999751, 3.577867169202164632E-15, 139.7000000000000171 ) ) ;
#2745 = DIRECTION ( 'NONE',  ( -1.000000000000000000, -0.000000000000000000, -0.000000000000000000 ) ) ;
#2746 = CARTESIAN_POINT ( 'NONE',  ( 9.525000000000000355, -8.791741348502544184, 100.1780886705607543 ) ) ;
#2747 = DIRECTION ( 'NONE',  ( -1.000000000000000000, -0.000000000000000000, -0.000000000000000000 ) ) ;
#2748 = EDGE_CURVE ( 'NONE', #6743, #11900, #886, .T. ) ;
#2749 = DIRECTION ( 'NONE',  ( 0.000000000000000000, 0.000000000000000000, 1.000000000000000000 ) ) ;
#2750 = DIRECTION ( 'NONE',  ( -0.000000000000000000, 1.000000000000000000, -0.000000000000000000 ) ) ;
#2751 = DIRECTION ( 'NONE',  ( -1.000000000000000000, -0.000000000000000000, -0.000000000000000000 ) ) ;
#2752 = CYLINDRICAL_SURFACE ( 'NONE', #7472, 2.499999999999988454 ) ;
#2753 = CARTESIAN_POINT ( 'NONE',  ( -12.69999999999999929, 3.061616997868373773E-16, 111.8000000000000114 ) ) ;
#2754 = VERTEX_POINT ( 'NONE', #11406 ) ;
#2755 = VERTEX_POINT ( 'NONE', #4798 ) ;
#2756 = ORIENTED_EDGE ( 'NONE', *, *, #647, .T. ) ;
#2757 = ORIENTED_EDGE ( 'NONE', *, *, #6805, .T. ) ;
#2758 = ORIENTED_EDGE ( 'NONE', *, *, #8550, .T. ) ;
#2759 = LINE ( 'NONE', #8919, #9243 ) ;
#2760 = AXIS2_PLACEMENT_3D ( 'NONE', #10650, #5721, #5006 ) ;
#2761 = DIRECTION ( 'NONE',  ( 0.000000000000000000, 0.000000000000000000, 1.000000000000000000 ) ) ;
#2762 = DIRECTION ( 'NONE',  ( -1.000000000000000000, -0.000000000000000000, -0.000000000000000000 ) ) ;
#2763 = CARTESIAN_POINT ( 'NONE',  ( 9.525000000000000355, 5.371240620587829362, 126.4470843134143934 ) ) ;
#2764 = EDGE_CURVE ( 'NONE', #4663, #10682, #8702, .T. ) ;
#2765 = CARTESIAN_POINT ( 'NONE',  ( 9.525000000000000355, -2.068405620284290425, 71.35903068698951301 ) ) ;
#2766 = DIRECTION ( 'NONE',  ( 0.000000000000000000, 0.000000000000000000, 1.000000000000000000 ) ) ;
#2767 = CIRCLE ( 'NONE', #9946, 2.080499999999998906 ) ;
#2768 = AXIS2_PLACEMENT_3D ( 'NONE', #8753, #997, #11775 ) ;
#2769 = DIRECTION ( 'NONE',  ( -1.000000000000000000, -0.000000000000000000, -0.000000000000000000 ) ) ;
#2770 = AXIS2_PLACEMENT_3D ( 'NONE', #7814, #10756, #955 ) ;
#2771 = VERTEX_POINT ( 'NONE', #1597 ) ;
#2772 = ORIENTED_EDGE ( 'NONE', *, *, #8433, .T. ) ;
#2773 = ORIENTED_EDGE ( 'NONE', *, *, #2529, .F. ) ;
#2774 = AXIS2_PLACEMENT_3D ( 'NONE', #6923, #7759, #10834 ) ;
#2775 = VERTEX_POINT ( 'NONE', #4598 ) ;
#2776 = VECTOR ( 'NONE', #11892, 1000.000000000000000 ) ;
#2777 = LINE ( 'NONE', #10804, #5270 ) ;
#2778 = DIRECTION ( 'NONE',  ( 1.000000000000000000, 0.000000000000000000, 0.000000000000000000 ) ) ;
#2779 = AXIS2_PLACEMENT_3D ( 'NONE', #1191, #5101, #9192 ) ;
#2780 = DIRECTION ( 'NONE',  ( -1.000000000000000000, -0.000000000000000000, -0.000000000000000000 ) ) ;
#2781 = CARTESIAN_POINT ( 'NONE',  ( -12.69999999999999751, 12.33648634558017676, 130.4962302888808949 ) ) ;
#2782 = ADVANCED_FACE ( 'NONE', ( #9413 ), #8515, .T. ) ;
#2783 = AXIS2_PLACEMENT_3D ( 'NONE', #7955, #11098, #2307 ) ;
#2784 = CARTESIAN_POINT ( 'NONE',  ( 1.861463134703975909E-15, 25.40000000000000213, 111.8000000000000114 ) ) ;
#2785 = FACE_OUTER_BOUND ( 'NONE', #2546, .T. ) ;
#2786 = DIRECTION ( 'NONE',  ( 0.000000000000000000, 0.000000000000000000, 1.000000000000000000 ) ) ;
#2787 = VECTOR ( 'NONE', #7261, 1000.000000000000000 ) ;
#2788 = ORIENTED_EDGE ( 'NONE', *, *, #7430, .F. ) ;
#2789 = ORIENTED_EDGE ( 'NONE', *, *, #9775, .F. ) ;
#2790 = AXIS2_PLACEMENT_3D ( 'NONE', #8815, #11842, #5031 ) ;
#2791 = ORIENTED_EDGE ( 'NONE', *, *, #10592, .F. ) ;
#2792 = EDGE_CURVE ( 'NONE', #2038, #3325, #6789, .T. ) ;
#2793 = ORIENTED_EDGE ( 'NONE', *, *, #4142, .F. ) ;
#2794 = EDGE_CURVE ( 'NONE', #7774, #10524, #8959, .T. ) ;
#2795 = DIRECTION ( 'NONE',  ( 0.000000000000000000, 0.000000000000000000, 1.000000000000000000 ) ) ;
#2796 = DIRECTION ( 'NONE',  ( -1.000000000000000000, 0.000000000000000000, 0.000000000000000000 ) ) ;
#2797 = ADVANCED_FACE ( 'NONE', ( #2928 ), #1910, .F. ) ;
#2798 = ADVANCED_FACE ( 'NONE', ( #7942 ), #5826, .F. ) ;
#2799 = CIRCLE ( 'NONE', #6697, 2.270999999999995467 ) ;
#2800 = CARTESIAN_POINT ( 'NONE',  ( 9.525000000000000355, 15.22687436074368783, 135.6116243630402494 ) ) ;
#2801 = CARTESIAN_POINT ( 'NONE',  ( 1.861463134703975514E-15, 25.40000000000000213, 124.5000000000000142 ) ) ;
#2802 = CARTESIAN_POINT ( 'NONE',  ( -9.525000000000000355, -10.07084749364648069, 27.26156772950202267 ) ) ;
#2803 = FACE_OUTER_BOUND ( 'NONE', #2009, .T. ) ;
#2804 = LINE ( 'NONE', #11604, #6476 ) ;
#2805 = ORIENTED_EDGE ( 'NONE', *, *, #11216, .F. ) ;
#2806 = CARTESIAN_POINT ( 'NONE',  ( 12.70000000000000107, -8.791741348502467801, 128.4219113294392116 ) ) ;
#2807 = AXIS2_PLACEMENT_3D ( 'NONE', #1606, #12446, #527 ) ;
#2808 = ORIENTED_EDGE ( 'NONE', *, *, #287, .T. ) ;
#2809 = EDGE_LOOP ( 'NONE', ( #1949, #11914, #8289, #1447 ) ) ;
#2810 = ORIENTED_EDGE ( 'NONE', *, *, #4883, .F. ) ;
#2811 = DIRECTION ( 'NONE',  ( 0.000000000000000000, 0.000000000000000000, 1.000000000000000000 ) ) ;
#2812 = CARTESIAN_POINT ( 'NONE',  ( -12.69999999999999751, 11.15407434219237004, 49.24267219815811814 ) ) ;
#2813 = CARTESIAN_POINT ( 'NONE',  ( 9.525000000000000355, 16.22354728284508951, 86.63785636811238078 ) ) ;
#2814 = DIRECTION ( 'NONE',  ( 0.000000000000000000, 0.000000000000000000, 1.000000000000000000 ) ) ;
#2815 = ADVANCED_FACE ( 'NONE', ( #4866 ), #5762, .F. ) ;
#2816 = CARTESIAN_POINT ( 'NONE',  ( 12.70000000000000107, -16.22354728284506820, 91.16214363188775849 ) ) ;
#2817 = DIRECTION ( 'NONE',  ( -1.000000000000000000, -0.000000000000000000, -0.000000000000000000 ) ) ;
#2818 = CARTESIAN_POINT ( 'NONE',  ( -12.69999999999999751, -16.22354728284505399, 35.83785636811216335 ) ) ;
#2819 = CARTESIAN_POINT ( 'NONE',  ( -12.69999999999999751, 12.33648634558017676, 79.69623028888086935 ) ) ;
#2820 = DIRECTION ( 'NONE',  ( 1.000000000000000000, 0.000000000000000000, 0.000000000000000000 ) ) ;
#2821 = CYLINDRICAL_SURFACE ( 'NONE', #5635, 14.30000000000000782 ) ;
#2822 = CARTESIAN_POINT ( 'NONE',  ( 12.70000000000000107, 16.22354728284504333, 40.36214363188798160 ) ) ;
#2823 = EDGE_LOOP ( 'NONE', ( #940, #6238, #9001, #3160 ) ) ;
#2824 = VERTEX_POINT ( 'NONE', #4024 ) ;
#2825 = VERTEX_POINT ( 'NONE', #9860 ) ;
#2826 = EDGE_CURVE ( 'NONE', #2969, #708, #12692, .T. ) ;
#2827 = ORIENTED_EDGE ( 'NONE', *, *, #5311, .F. ) ;
#2828 = ORIENTED_EDGE ( 'NONE', *, *, #8549, .F. ) ;
#2829 = DIRECTION ( 'NONE',  ( 0.000000000000000000, 0.000000000000000000, 1.000000000000000000 ) ) ;
#2830 = VECTOR ( 'NONE', #871, 1000.000000000000000 ) ;
#2831 = CIRCLE ( 'NONE', #10210, 2.080499999999998906 ) ;
#2832 = DIRECTION ( 'NONE',  ( -1.000000000000000000, -0.000000000000000000, -0.000000000000000000 ) ) ;
#2833 = DIRECTION ( 'NONE',  ( -1.000000000000000000, -0.000000000000000000, -0.000000000000000000 ) ) ;
#2834 = DIRECTION ( 'NONE',  ( -1.000000000000000000, 0.000000000000000000, 0.000000000000000000 ) ) ;
#2835 = AXIS2_PLACEMENT_3D ( 'NONE', #3490, #428, #12160 ) ;
#2836 = CARTESIAN_POINT ( 'NONE',  ( -12.69999999999999929, 12.69999999999999929, 165.0999999999999943 ) ) ;
#2837 = CIRCLE ( 'NONE', #10015, 17.66249999999999787 ) ;
#2838 = ORIENTED_EDGE ( 'NONE', *, *, #537, .F. ) ;
#2839 = EDGE_LOOP ( 'NONE', ( #8276, #1168, #5638, #11848 ) ) ;
#2840 = ORIENTED_EDGE ( 'NONE', *, *, #12227, .F. ) ;
#2841 = EDGE_CURVE ( 'NONE', #11246, #1937, #184, .T. ) ;
#2842 = VECTOR ( 'NONE', #4037, 1000.000000000000000 ) ;
#2843 = VERTEX_POINT ( 'NONE', #2800 ) ;
#2844 = CARTESIAN_POINT ( 'NONE',  ( 7.746038523653021987E-16, -22.22499999999999787, 53.29999999999998295 ) ) ;
#2845 = CARTESIAN_POINT ( 'NONE',  ( 7.746038523653021987E-16, 25.40000000000000213, 38.09999999999999432 ) ) ;
#2846 = CARTESIAN_POINT ( 'NONE',  ( 12.70000000000000107, 3.577867169202164632E-15, 38.10000000000001563 ) ) ;
#2847 = AXIS2_PLACEMENT_3D ( 'NONE', #8722, #8658, #3783 ) ;
#2848 = FACE_BOUND ( 'NONE', #11950, .T. ) ;
#2849 = CYLINDRICAL_SURFACE ( 'NONE', #1551, 2.080499999999998906 ) ;
#2850 = AXIS2_PLACEMENT_3D ( 'NONE', #5909, #1223, #9748 ) ;
#2851 = DIRECTION ( 'NONE',  ( -1.000000000000000000, -0.000000000000000000, -0.000000000000000000 ) ) ;
#2852 = DIRECTION ( 'NONE',  ( 0.000000000000000000, -1.000000000000000000, 0.000000000000000000 ) ) ;
#2853 = AXIS2_PLACEMENT_3D ( 'NONE', #7615, #7742, #821 ) ;
#2854 = ORIENTED_EDGE ( 'NONE', *, *, #397, .F. ) ;
#2855 = VERTEX_POINT ( 'NONE', #6020 ) ;
#2856 = CIRCLE ( 'NONE', #7172, 2.270999999999995467 ) ;
#2857 = ORIENTED_EDGE ( 'NONE', *, *, #537, .T. ) ;
#2858 = EDGE_CURVE ( 'NONE', #4270, #1842, #3835, .T. ) ;
#2859 = ORIENTED_EDGE ( 'NONE', *, *, #8626, .F. ) ;
#2860 = AXIS2_PLACEMENT_3D ( 'NONE', #5892, #9919, #1011 ) ;
#2861 = DIRECTION ( 'NONE',  ( 1.000000000000000000, -0.000000000000000000, -0.000000000000000000 ) ) ;
#2862 = CARTESIAN_POINT ( 'NONE',  ( -12.69999999999999751, 14.16298196909033003, 90.87482701602503710 ) ) ;
#2863 = DIRECTION ( 'NONE',  ( 0.000000000000000000, -1.000000000000000000, 0.000000000000000000 ) ) ;
#2864 = FACE_OUTER_BOUND ( 'NONE', #12572, .T. ) ;
#2865 = CARTESIAN_POINT ( 'NONE',  ( 12.70000000000000107, -2.068405620284290425, 71.35903068698951301 ) ) ;
#2866 = CARTESIAN_POINT ( 'NONE',  ( 12.70000000000000107, 3.577867169202164632E-15, 88.90000000000000568 ) ) ;
#2867 = CARTESIAN_POINT ( 'NONE',  ( 12.70000000000000107, 6.152699789198528002, 53.28107590238573010 ) ) ;
#2868 = VERTEX_POINT ( 'NONE', #3899 ) ;
#2869 = VECTOR ( 'NONE', #9549, 1000.000000000000000 ) ;
#2870 = EDGE_CURVE ( 'NONE', #9405, #10744, #9921, .T. ) ;
#2871 = EDGE_CURVE ( 'NONE', #10782, #5108, #9252, .T. ) ;
#2872 = CARTESIAN_POINT ( 'NONE',  ( 12.70000000000000107, 10.07084749364639542, 51.01893227049807678 ) ) ;
#2873 = VERTEX_POINT ( 'NONE', #5052 ) ;
#2874 = EDGE_LOOP ( 'NONE', ( #8824, #6302 ) ) ;
#2875 = ORIENTED_EDGE ( 'NONE', *, *, #1002, .T. ) ;
#2876 = LINE ( 'NONE', #12444, #1245 ) ;
#2877 = CARTESIAN_POINT ( 'NONE',  ( 12.70000000000000107, -10.07084749364648069, 75.98106772950202981 ) ) ;
#2878 = CARTESIAN_POINT ( 'NONE',  ( 12.70000000000000107, 3.577867169202164632E-15, 88.90000000000000568 ) ) ;
#2879 = LINE ( 'NONE', #10049, #6477 ) ;
#2880 = VECTOR ( 'NONE', #6586, 1000.000000000000000 ) ;
#2881 = DIRECTION ( 'NONE',  ( 0.000000000000000000, 0.000000000000000000, 1.000000000000000000 ) ) ;
#2882 = CARTESIAN_POINT ( 'NONE',  ( -9.525000000000000355, -16.22512784221249404, 81.92080715599139751 ) ) ;
#2883 = LINE ( 'NONE', #6798, #2187 ) ;
#2884 = DIRECTION ( 'NONE',  ( -1.000000000000000000, -0.000000000000000000, -0.000000000000000000 ) ) ;
#2885 = CARTESIAN_POINT ( 'NONE',  ( 12.70000000000000107, 3.577867169202164632E-15, 139.7000000000000171 ) ) ;
#2886 = CYLINDRICAL_SURFACE ( 'NONE', #1963, 2.499999999999988454 ) ;
#2887 = ADVANCED_FACE ( 'NONE', ( #6714 ), #9729, .T. ) ;
#2888 = CARTESIAN_POINT ( 'NONE',  ( -9.525000000000000355, 11.15407434219260630, 128.5573278018421490 ) ) ;
#2889 = ORIENTED_EDGE ( 'NONE', *, *, #6909, .T. ) ;
#2890 = CIRCLE ( 'NONE', #4336, 2.080499999999998906 ) ;
#2891 = EDGE_CURVE ( 'NONE', #8812, #2696, #12538, .T. ) ;
#2892 = ORIENTED_EDGE ( 'NONE', *, *, #7980, .F. ) ;
#2893 = ORIENTED_EDGE ( 'NONE', *, *, #7036, .T. ) ;
#2894 = ORIENTED_EDGE ( 'NONE', *, *, #10875, .F. ) ;
#2895 = ORIENTED_EDGE ( 'NONE', *, *, #3291, .T. ) ;
#2896 = DIRECTION ( 'NONE',  ( -1.000000000000000000, 0.000000000000000000, 0.000000000000000000 ) ) ;
#2897 = CARTESIAN_POINT ( 'NONE',  ( -9.525000000000000355, 12.33648634557998314, 100.3747697111193986 ) ) ;
#2898 = AXIS2_PLACEMENT_3D ( 'NONE', #11600, #5631, #10436 ) ;
#2899 = FACE_OUTER_BOUND ( 'NONE', #8352, .T. ) ;
#2900 = AXIS2_PLACEMENT_3D ( 'NONE', #3099, #7020, #6888 ) ;
#2901 = CYLINDRICAL_SURFACE ( 'NONE', #2378, 2.080500000000013117 ) ;
#2902 = ADVANCED_FACE ( 'NONE', ( #7874 ), #12629, .F. ) ;
#2903 = CYLINDRICAL_SURFACE ( 'NONE', #6518, 2.270999999999995467 ) ;
#2904 = VERTEX_POINT ( 'NONE', #11665 ) ;
#2905 = ADVANCED_FACE ( 'NONE', ( #950 ), #8766, .F. ) ;
#2906 = EDGE_LOOP ( 'NONE', ( #5315, #1590, #5935, #12355 ) ) ;
#2907 = ORIENTED_EDGE ( 'NONE', *, *, #11240, .F. ) ;
#2908 = CIRCLE ( 'NONE', #3116, 2.499999999999988454 ) ;
#2909 = CIRCLE ( 'NONE', #8855, 2.270999999999995467 ) ;
#2910 = ADVANCED_FACE ( 'NONE', ( #6912 ), #10821, .F. ) ;
#2911 = ORIENTED_EDGE ( 'NONE', *, *, #6149, .F. ) ;
#2912 = DIRECTION ( 'NONE',  ( -1.000000000000000000, -0.000000000000000000, -0.000000000000000000 ) ) ;
#2913 = PLANE ( 'NONE',  #1169 ) ;
#2914 = CARTESIAN_POINT ( 'NONE',  ( 12.70000000000000107, 10.07084749364666365, 27.26156772950216833 ) ) ;
#2915 = FACE_BOUND ( 'NONE', #3128, .T. ) ;
#2916 = CARTESIAN_POINT ( 'NONE',  ( 12.70000000000000107, 3.577867169202164632E-15, 38.10000000000001563 ) ) ;
#2917 = CARTESIAN_POINT ( 'NONE',  ( -12.69999999999999751, -6.152699789198520897, 53.28107590238573010 ) ) ;
#2918 = ADVANCED_FACE ( 'NONE', ( #7168 ), #4279, .T. ) ;
#2919 = CARTESIAN_POINT ( 'NONE',  ( 1.555301434917138433E-15, -22.22499999999999787, 63.50000000000000000 ) ) ;
#2920 = EDGE_CURVE ( 'NONE', #12156, #12012, #8842, .T. ) ;
#2921 = ORIENTED_EDGE ( 'NONE', *, *, #9699, .T. ) ;
#2922 = ORIENTED_EDGE ( 'NONE', *, *, #2979, .T. ) ;
#2923 = ORIENTED_EDGE ( 'NONE', *, *, #11270, .T. ) ;
#2924 = ORIENTED_EDGE ( 'NONE', *, *, #11362, .T. ) ;
#2925 = CIRCLE ( 'NONE', #686, 2.080499999999998906 ) ;
#2926 = DIRECTION ( 'NONE',  ( -1.000000000000000000, -0.000000000000000000, -0.000000000000000000 ) ) ;
#2927 = CYLINDRICAL_SURFACE ( 'NONE', #11924, 2.500000000000002220 ) ;
#2928 = FACE_OUTER_BOUND ( 'NONE', #11058, .T. ) ;
#2929 = EDGE_CURVE ( 'NONE', #11732, #1436, #2096, .T. ) ;
#2930 = CARTESIAN_POINT ( 'NONE',  ( 9.525000000000000355, 12.69999999999999929, 12.69999999999999929 ) ) ;
#2931 = FACE_OUTER_BOUND ( 'NONE', #1183, .T. ) ;
#2932 = ORIENTED_EDGE ( 'NONE', *, *, #7425, .T. ) ;
#2933 = VECTOR ( 'NONE', #6242, 1000.000000000000000 ) ;
#2934 = DIRECTION ( 'NONE',  ( -1.000000000000000000, -0.000000000000000000, -0.000000000000000000 ) ) ;
#2935 = ORIENTED_EDGE ( 'NONE', *, *, #5247, .T. ) ;
#2936 = ORIENTED_EDGE ( 'NONE', *, *, #8295, .T. ) ;
#2937 = ORIENTED_EDGE ( 'NONE', *, *, #4329, .T. ) ;
#2938 = DIRECTION ( 'NONE',  ( 0.000000000000000000, 0.000000000000000000, 1.000000000000000000 ) ) ;
#2939 = CIRCLE ( 'NONE', #8474, 14.30000000000000782 ) ;
#2940 = CARTESIAN_POINT ( 'NONE',  ( -12.69999999999999751, 2.068405620284300195, 20.55903068698950520 ) ) ;
#2941 = CARTESIAN_POINT ( 'NONE',  ( 12.70000000000000107, -5.371240620587816927, 24.84708431341438839 ) ) ;
#2942 = CARTESIAN_POINT ( 'NONE',  ( 9.525000000000000355, -16.22512784221253312, 146.6791928440085258 ) ) ;
#2943 = FACE_OUTER_BOUND ( 'NONE', #5191, .T. ) ;
#2944 = DIRECTION ( 'NONE',  ( -1.000000000000000000, -0.000000000000000000, -0.000000000000000000 ) ) ;
#2945 = ADVANCED_FACE ( 'NONE', ( #12114 ), #2418, .F. ) ;
#2946 = DIRECTION ( 'NONE',  ( 0.000000000000000000, 0.000000000000000000, 1.000000000000000000 ) ) ;
#2947 = DIRECTION ( 'NONE',  ( 0.000000000000000000, 0.000000000000000000, 1.000000000000000000 ) ) ;
#2948 = CARTESIAN_POINT ( 'NONE',  ( 12.70000000000000107, -16.22354728284505399, 86.63785636811216762 ) ) ;
#2949 = DIRECTION ( 'NONE',  ( 0.000000000000000000, 0.000000000000000000, 1.000000000000000000 ) ) ;
#2950 = FACE_BOUND ( 'NONE', #2631, .T. ) ;
#2951 = CIRCLE ( 'NONE', #10123, 2.271000000000002128 ) ;
#2952 = ORIENTED_EDGE ( 'NONE', *, *, #7853, .F. ) ;
#2953 = ORIENTED_EDGE ( 'NONE', *, *, #4249, .F. ) ;
#2954 = ORIENTED_EDGE ( 'NONE', *, *, #8248, .T. ) ;
#2955 = EDGE_CURVE ( 'NONE', #2177, #3421, #12174, .T. ) ;
#2956 = EDGE_LOOP ( 'NONE', ( #2396, #5436, #4589, #5659 ) ) ;
#2957 = ORIENTED_EDGE ( 'NONE', *, *, #9853, .F. ) ;
#2958 = CARTESIAN_POINT ( 'NONE',  ( 12.70000000000000107, 1.802455207620993427, 104.1855954242718525 ) ) ;
#2959 = PERSON_AND_ORGANIZATION_ROLE ( 'creator' ) ;
#2960 = LINE ( 'NONE', #6685, #6981 ) ;
#2961 = ADVANCED_FACE ( 'NONE', ( #6338 ), #2166, .F. ) ;
#2962 = AXIS2_PLACEMENT_3D ( 'NONE', #9491, #2513, #6430 ) ;
#2963 = CYLINDRICAL_SURFACE ( 'NONE', #6144, 17.66249999999999787 ) ;
#2964 = CARTESIAN_POINT ( 'NONE',  ( 1.555301434917138433E-15, 25.40000000000000213, 167.5999999999999659 ) ) ;
#2965 = EDGE_CURVE ( 'NONE', #693, #10010, #1458, .T. ) ;
#2966 = CARTESIAN_POINT ( 'NONE',  ( 0.000000000000000000, -22.22499999999999787, 15.19999999999999218 ) ) ;
#2967 = ORIENTED_EDGE ( 'NONE', *, *, #1536, .F. ) ;
#2968 = EDGE_LOOP ( 'NONE', ( #277, #10928 ) ) ;
#2969 = VERTEX_POINT ( 'NONE', #248 ) ;
#2970 = VECTOR ( 'NONE', #5386, 1000.000000000000000 ) ;
#2971 = EDGE_LOOP ( 'NONE', ( #3034, #6496, #6725, #1519 ) ) ;
#2972 = DIRECTION ( 'NONE',  ( 0.000000000000000000, 1.000000000000000000, 0.000000000000000000 ) ) ;
#2973 = DIRECTION ( 'NONE',  ( 1.000000000000000000, 0.000000000000000000, 0.000000000000000000 ) ) ;
#2974 = CIRCLE ( 'NONE', #2591, 2.080499999999998906 ) ;
#2975 = CARTESIAN_POINT ( 'NONE',  ( 1.555301434917138433E-15, -22.22499999999999787, 167.5999999999999943 ) ) ;
#2976 = DIRECTION ( 'NONE',  ( 1.000000000000000000, 0.000000000000000000, 0.000000000000000000 ) ) ;
#2977 = DIRECTION ( 'NONE',  ( -1.000000000000000000, -0.000000000000000000, -0.000000000000000000 ) ) ;
#2978 = DIRECTION ( 'NONE',  ( -1.000000000000000000, -0.000000000000000000, -0.000000000000000000 ) ) ;
#2979 = EDGE_CURVE ( 'NONE', #7966, #11215, #5120, .T. ) ;
#2980 = DIRECTION ( 'NONE',  ( -1.000000000000000000, -0.000000000000000000, -0.000000000000000000 ) ) ;
#2981 = CIRCLE ( 'NONE', #8114, 2.080499999999998906 ) ;
#2982 = EDGE_LOOP ( 'NONE', ( #4725, #6447 ) ) ;
#2983 = CIRCLE ( 'NONE', #4004, 2.499999999999988454 ) ;
#2985 = ORIENTED_EDGE ( 'NONE', *, *, #76, .F. ) ;
#2984 = AXIS2_PLACEMENT_3D ( 'NONE', #11928, #2052, #3066 ) ;
#2986 = ORIENTED_EDGE ( 'NONE', *, *, #2870, .T. ) ;
#2987 = EDGE_LOOP ( 'NONE', ( #6601, #10813, #3496, #8029 ) ) ;
#2988 = CIRCLE ( 'NONE', #10364, 2.499999999999988454 ) ;
#2989 = EDGE_CURVE ( 'NONE', #10716, #5703, #7292, .T. ) ;
#2990 = CIRCLE ( 'NONE', #5459, 2.270999999999995467 ) ;
#2991 = DIRECTION ( 'NONE',  ( 0.000000000000000000, 0.000000000000000000, 1.000000000000000000 ) ) ;
#2992 = CARTESIAN_POINT ( 'NONE',  ( 12.70000000000000107, -10.07084749364648069, 126.7810677295020128 ) ) ;
#2993 = CIRCLE ( 'NONE', #5255, 2.080499999999998906 ) ;
#2994 = DIRECTION ( 'NONE',  ( -0.000000000000000000, 1.000000000000000000, -0.000000000000000000 ) ) ;
#2995 = DIRECTION ( 'NONE',  ( -1.000000000000000000, -0.000000000000000000, -0.000000000000000000 ) ) ;
#2996 = LINE ( 'NONE', #1847, #1992 ) ;
#2997 = AXIS2_PLACEMENT_3D ( 'NONE', #11383, #5552, #3622 ) ;
#2998 = DIRECTION ( 'NONE',  ( 0.000000000000000000, 7.087310524298469437E-15, 1.000000000000000000 ) ) ;
#2999 = AXIS2_PLACEMENT_3D ( 'NONE', #580, #6471, #7433 ) ;
#3000 = VERTEX_POINT ( 'NONE', #11210 ) ;
#3001 = DIRECTION ( 'NONE',  ( -1.000000000000000000, -0.000000000000000000, -0.000000000000000000 ) ) ;
#3002 = ORIENTED_EDGE ( 'NONE', *, *, #7507, .T. ) ;
#3003 = ORIENTED_EDGE ( 'NONE', *, *, #1365, .F. ) ;
#3004 = ADVANCED_FACE ( 'NONE', ( #6085 ), #12053, .T. ) ;
#3005 = ORIENTED_EDGE ( 'NONE', *, *, #10496, .F. ) ;
#3006 = LINE ( 'NONE', #8012, #10241 ) ;
#3007 = AXIS2_PLACEMENT_3D ( 'NONE', #2845, #10607, #9649 ) ;
#3008 = DIRECTION ( 'NONE',  ( 0.000000000000000000, -6.670409905222044891E-15, -1.000000000000000000 ) ) ;
#3009 = DIRECTION ( 'NONE',  ( -1.000000000000000000, -0.000000000000000000, -0.000000000000000000 ) ) ;
#3010 = FACE_OUTER_BOUND ( 'NONE', #2055, .T. ) ;
#3011 = CARTESIAN_POINT ( 'NONE',  ( -12.69999999999999751, -15.22687436074365230, 143.7883756369598984 ) ) ;
#3012 = DIRECTION ( 'NONE',  ( -0.000000000000000000, 1.000000000000000000, -0.000000000000000000 ) ) ;
#3013 = LINE ( 'NONE', #10065, #1234 ) ;
#3014 = CARTESIAN_POINT ( 'NONE',  ( 12.70000000000000107, 3.577867169202164632E-15, 38.10000000000001563 ) ) ;
#3015 = CARTESIAN_POINT ( 'NONE',  ( 12.70000000000000107, 2.068405620284298418, 106.4409693130105268 ) ) ;
#3016 = AXIS2_PLACEMENT_3D ( 'NONE', #8653, #5777, #8781 ) ;
#3017 = LINE ( 'NONE', #5979, #12686 ) ;
#3018 = VERTEX_POINT ( 'NONE', #5368 ) ;
#3019 = ORIENTED_EDGE ( 'NONE', *, *, #11853, .T. ) ;
#3020 = EDGE_CURVE ( 'NONE', #3844, #11108, #3119, .T. ) ;
#3021 = ORIENTED_EDGE ( 'NONE', *, *, #4249, .T. ) ;
#3022 = ORIENTED_EDGE ( 'NONE', *, *, #3508, .T. ) ;
#3023 = DIRECTION ( 'NONE',  ( 1.000000000000000000, 0.000000000000000000, 0.000000000000000000 ) ) ;
#3024 = COORDINATED_UNIVERSAL_TIME_OFFSET ( 6, 0, .BEHIND. ) ;
#3025 = CARTESIAN_POINT ( 'NONE',  ( -9.525000000000002132, 12.69999999999999929, 12.69999999999999929 ) ) ;
#3026 = DIRECTION ( 'NONE',  ( -1.000000000000000000, -0.000000000000000000, -0.000000000000000000 ) ) ;
#3027 = CIRCLE ( 'NONE', #9177, 14.30000000000000782 ) ;
#3028 = DIRECTION ( 'NONE',  ( 0.000000000000000000, -9.171813619680311331E-15, -1.000000000000000000 ) ) ;
#3029 = FACE_OUTER_BOUND ( 'NONE', #1745, .T. ) ;
#3030 = ADVANCED_FACE ( 'NONE', ( #3251 ), #11017, .F. ) ;
#3031 = DIRECTION ( 'NONE',  ( -1.000000000000000000, -0.000000000000000000, -0.000000000000000000 ) ) ;
#3032 = DIRECTION ( 'NONE',  ( -1.000000000000000000, -0.000000000000000000, -0.000000000000000000 ) ) ;
#3033 = VERTEX_POINT ( 'NONE', #10947 ) ;
#3034 = ORIENTED_EDGE ( 'NONE', *, *, #2299, .F. ) ;
#3035 = ORIENTED_EDGE ( 'NONE', *, *, #4146, .F. ) ;
#3036 = AXIS2_PLACEMENT_3D ( 'NONE', #8077, #9160, #7242 ) ;
#3037 = EDGE_CURVE ( 'NONE', #5061, #8858, #11115, .T. ) ;
#3038 = VECTOR ( 'NONE', #845, 1000.000000000000000 ) ;
#3039 = ORIENTED_EDGE ( 'NONE', *, *, #11679, .T. ) ;
#3040 = EDGE_CURVE ( 'NONE', #7522, #2775, #8034, .T. ) ;
#3041 = DIRECTION ( 'NONE',  ( 0.000000000000000000, -8.338012381527556114E-16, -1.000000000000000000 ) ) ;
#3042 = DIRECTION ( 'NONE',  ( 0.000000000000000000, 0.000000000000000000, 1.000000000000000000 ) ) ;
#3043 = DIRECTION ( 'NONE',  ( -1.000000000000000000, -0.000000000000000000, -0.000000000000000000 ) ) ;
#3044 = DIRECTION ( 'NONE',  ( -0.000000000000000000, 1.000000000000000000, -0.000000000000000000 ) ) ;
#3045 = DIRECTION ( 'NONE',  ( -1.000000000000000000, 0.000000000000000000, 0.000000000000000000 ) ) ;
#3046 = CARTESIAN_POINT ( 'NONE',  ( 12.70000000000000107, -14.16298196909033535, 137.7251729839750851 ) ) ;
#3047 = DIRECTION ( 'NONE',  ( -1.000000000000000000, -0.000000000000000000, -0.000000000000000000 ) ) ;
#3048 = AXIS2_PLACEMENT_3D ( 'NONE', #7592, #4769, #5670 ) ;
#3049 = AXIS2_PLACEMENT_3D ( 'NONE', #7321, #11236, #5461 ) ;
#3050 = ORIENTED_EDGE ( 'NONE', *, *, #5677, .T. ) ;
#3051 = ORIENTED_EDGE ( 'NONE', *, *, #4171, .F. ) ;
#3052 = VERTEX_POINT ( 'NONE', #6154 ) ;
#3053 = EDGE_CURVE ( 'NONE', #12523, #1601, #1489, .T. ) ;
#3054 = ORIENTED_EDGE ( 'NONE', *, *, #8928, .F. ) ;
#3055 = AXIS2_PLACEMENT_3D ( 'NONE', #4057, #9957, #11051 ) ;
#3056 = DIRECTION ( 'NONE',  ( 0.000000000000000000, 0.000000000000000000, 1.000000000000000000 ) ) ;
#3057 = CARTESIAN_POINT ( 'NONE',  ( -12.69999999999999751, 12.33648634557998314, 49.57476971111940856 ) ) ;
#3058 = VECTOR ( 'NONE', #4462, 1000.000000000000000 ) ;
#3059 = CARTESIAN_POINT ( 'NONE',  ( 7.746038523653021987E-16, 22.22500000000000142, 88.89999999999999147 ) ) ;
#3060 = DIRECTION ( 'NONE',  ( -1.000000000000000000, -0.000000000000000000, -0.000000000000000000 ) ) ;
#3061 = DIRECTION ( 'NONE',  ( 0.000000000000000000, 0.000000000000000000, 1.000000000000000000 ) ) ;
#3062 = VECTOR ( 'NONE', #2062, 1000.000000000000000 ) ;
#3063 = EDGE_CURVE ( 'NONE', #11640, #12641, #11725, .T. ) ;
#3064 = ORIENTED_EDGE ( 'NONE', *, *, #1242, .T. ) ;
#3065 = AXIS2_PLACEMENT_3D ( 'NONE', #933, #10544, #1770 ) ;
#3066 = DIRECTION ( 'NONE',  ( 0.000000000000000000, 0.000000000000000000, -1.000000000000000000 ) ) ;
#3067 = ORIENTED_EDGE ( 'NONE', *, *, #10633, .F. ) ;
#3068 = ORIENTED_EDGE ( 'NONE', *, *, #3839, .F. ) ;
#3069 = ORIENTED_EDGE ( 'NONE', *, *, #9201, .F. ) ;
#3070 = CARTESIAN_POINT ( 'NONE',  ( -9.525000000000000355, -1.802455207620986100, 124.4144045757281845 ) ) ;
#3071 = CARTESIAN_POINT ( 'NONE',  ( 12.70000000000000107, -8.791741348502544184, 150.9780886705607656 ) ) ;
#3072 = DIRECTION ( 'NONE',  ( 0.000000000000000000, 0.000000000000000000, -1.000000000000000000 ) ) ;
#3073 = CARTESIAN_POINT ( 'NONE',  ( -12.69999999999999751, 6.152699789198528002, 154.8810759023857315 ) ) ;
#3074 = DIRECTION ( 'NONE',  ( -1.000000000000000000, 0.000000000000000000, 0.000000000000000000 ) ) ;
#3075 = CARTESIAN_POINT ( 'NONE',  ( -9.525000000000000355, -1.802455207620986100, 53.38559542427184823 ) ) ;
#3076 = DIRECTION ( 'NONE',  ( 1.000000000000000000, 0.000000000000000000, 0.000000000000000000 ) ) ;
#3077 = AXIS2_PLACEMENT_3D ( 'NONE', #4863, #2926, #6906 ) ;
#3078 = CARTESIAN_POINT ( 'NONE',  ( 9.525000000000000355, -14.16298196909033535, 36.12517298397507659 ) ) ;
#3079 = CYLINDRICAL_SURFACE ( 'NONE', #12393, 2.499999999999988454 ) ;
#3080 = EDGE_CURVE ( 'NONE', #11949, #6437, #1889, .T. ) ;
#3081 = CARTESIAN_POINT ( 'NONE',  ( 9.525000000000000355, 8.791741348502393194, 100.1780886705608822 ) ) ;
#3082 = ORIENTED_EDGE ( 'NONE', *, *, #11071, .T. ) ;
#3083 = VERTEX_POINT ( 'NONE', #8434 ) ;
#3084 = ORIENTED_EDGE ( 'NONE', *, *, #1747, .F. ) ;
#3085 = CIRCLE ( 'NONE', #4510, 2.080499999999998906 ) ;
#3086 = ORIENTED_EDGE ( 'NONE', *, *, #11478, .F. ) ;
#3087 = ORIENTED_EDGE ( 'NONE', *, *, #6418, .T. ) ;
#3088 = CYLINDRICAL_SURFACE ( 'NONE', #8545, 2.270999999999995467 ) ;
#3089 = DIRECTION ( 'NONE',  ( -1.000000000000000000, -0.000000000000000000, -0.000000000000000000 ) ) ;
#3090 = DIRECTION ( 'NONE',  ( 0.000000000000000000, 0.000000000000000000, 1.000000000000000000 ) ) ;
#3091 = DIRECTION ( 'NONE',  ( 0.000000000000000000, 0.000000000000000000, 1.000000000000000000 ) ) ;
#3092 = DIRECTION ( 'NONE',  ( -1.000000000000000000, -0.000000000000000000, -0.000000000000000000 ) ) ;
#3093 = ADVANCED_FACE ( 'NONE', ( #9518 ), #7545, .T. ) ;
#3094 = AXIS2_PLACEMENT_3D ( 'NONE', #6256, #10157, #3300 ) ;
#3095 = CARTESIAN_POINT ( 'NONE',  ( 12.70000000000000107, 3.577867169202164632E-15, 38.10000000000001563 ) ) ;
#3096 = ORIENTED_EDGE ( 'NONE', *, *, #3628, .F. ) ;
#3097 = ORIENTED_EDGE ( 'NONE', *, *, #7338, .F. ) ;
#3098 = ORIENTED_EDGE ( 'NONE', *, *, #7202, .F. ) ;
#3099 = CARTESIAN_POINT ( 'NONE',  ( 12.70000000000000107, 3.577867169202164632E-15, 38.10000000000001563 ) ) ;
#3100 = LINE ( 'NONE', #12036, #10587 ) ;
#3101 = CIRCLE ( 'NONE', #9660, 2.500000000000002220 ) ;
#3102 = CARTESIAN_POINT ( 'NONE',  ( 1.555301434917138433E-15, 25.40000000000000213, 63.50000000000000000 ) ) ;
#3103 = CARTESIAN_POINT ( 'NONE',  ( -12.69999999999999751, 16.22512784221244786, 146.6791928440087247 ) ) ;
#3104 = CARTESIAN_POINT ( 'NONE',  ( 12.70000000000000107, 14.15672222192832841, 129.1382235309981752 ) ) ;
#3105 = FACE_BOUND ( 'NONE', #1185, .T. ) ;
#3106 = CARTESIAN_POINT ( 'NONE',  ( 7.746038523653021987E-16, 22.22500000000000142, 152.3999999999999773 ) ) ;
#3107 = EDGE_CURVE ( 'NONE', #6062, #5689, #10483, .T. ) ;
#3108 = ORIENTED_EDGE ( 'NONE', *, *, #6350, .T. ) ;
#3109 = VERTEX_POINT ( 'NONE', #750 ) ;
#3110 = VECTOR ( 'NONE', #8752, 1000.000000000000000 ) ;
#3111 = VERTEX_POINT ( 'NONE', #10545 ) ;
#3112 = ORIENTED_EDGE ( 'NONE', *, *, #8139, .T. ) ;
#3113 = EDGE_CURVE ( 'NONE', #4012, #9155, #6202, .T. ) ;
#3114 = CARTESIAN_POINT ( 'NONE',  ( 12.70000000000000107, -10.07084749364648069, 75.98106772950202981 ) ) ;
#3115 = DIRECTION ( 'NONE',  ( 1.000000000000000000, 0.000000000000000000, 0.000000000000000000 ) ) ;
#3116 = AXIS2_PLACEMENT_3D ( 'NONE', #4852, #6964, #3822 ) ;
#3117 = EDGE_CURVE ( 'NONE', #5110, #12376, #669, .T. ) ;
#3118 = AXIS2_PLACEMENT_3D ( 'NONE', #8176, #9002, #8046 ) ;
#3119 = LINE ( 'NONE', #6215, #4349 ) ;
#3120 = ADVANCED_FACE ( 'NONE', ( #4522 ), #5686, .F. ) ;
#3121 = DIRECTION ( 'NONE',  ( 0.000000000000000000, 0.000000000000000000, 1.000000000000000000 ) ) ;
#3122 = ADVANCED_FACE ( 'NONE', ( #12418, #8314, #3558, #6397, #9396, #8373, #1516, #8499, #12485, #3689, #7606, #11330, #10301, #3442 ), #4585, .F. ) ;
#3123 = DIRECTION ( 'NONE',  ( -1.000000000000000000, -0.000000000000000000, -0.000000000000000000 ) ) ;
#3124 = ORIENTED_EDGE ( 'NONE', *, *, #12074, .F. ) ;
#3125 = AXIS2_PLACEMENT_3D ( 'NONE', #3140, #9879, #9754 ) ;
#3126 = CIRCLE ( 'NONE', #10300, 14.30000000000000782 ) ;
#3127 = CARTESIAN_POINT ( 'NONE',  ( -9.525000000000000355, 6.152699789198528002, 104.0810759023857344 ) ) ;
#3128 = EDGE_LOOP ( 'NONE', ( #5124, #2442 ) ) ;
#3129 = ORIENTED_EDGE ( 'NONE', *, *, #5976, .F. ) ;
#3130 = VERTEX_POINT ( 'NONE', #5430 ) ;
#3131 = CARTESIAN_POINT ( 'NONE',  ( 12.70000000000000107, 10.07084749364666365, 25.18106772950216765 ) ) ;
#3132 = DIRECTION ( 'NONE',  ( 0.000000000000000000, 0.000000000000000000, 1.000000000000000000 ) ) ;
#3133 = DIRECTION ( 'NONE',  ( -1.000000000000000000, -0.000000000000000000, -0.000000000000000000 ) ) ;
#3134 = ADVANCED_FACE ( 'NONE', ( #2540 ), #1708, .F. ) ;
#3135 = CYLINDRICAL_SURFACE ( 'NONE', #7976, 2.499999999999988454 ) ;
#3136 = CARTESIAN_POINT ( 'NONE',  ( -12.69999999999999751, 16.22354728284508951, 35.83785636811239073 ) ) ;
#3137 = CIRCLE ( 'NONE', #8052, 2.500000000000002220 ) ;
#3138 = FACE_OUTER_BOUND ( 'NONE', #2110, .T. ) ;
#3139 = DIRECTION ( 'NONE',  ( 0.000000000000000000, 0.000000000000000000, 1.000000000000000000 ) ) ;
#3140 = CARTESIAN_POINT ( 'NONE',  ( 12.70000000000000107, -14.13894155320104851, 133.6181742868473634 ) ) ;
#3141 = ADVANCED_FACE ( 'NONE', ( #11388 ), #568, .T. ) ;
#3142 = DIRECTION ( 'NONE',  ( -0.000000000000000000, 1.000000000000000000, -0.000000000000000000 ) ) ;
#3143 = DIRECTION ( 'NONE',  ( 0.000000000000000000, 0.000000000000000000, 1.000000000000000000 ) ) ;
#3144 = ORIENTED_EDGE ( 'NONE', *, *, #11056, .F. ) ;
#3145 = ORIENTED_EDGE ( 'NONE', *, *, #6247, .T. ) ;
#3146 = VECTOR ( 'NONE', #2686, 1000.000000000000000 ) ;
#3147 = ORIENTED_EDGE ( 'NONE', *, *, #7542, .F. ) ;
#3148 = ORIENTED_EDGE ( 'NONE', *, *, #2858, .T. ) ;
#3149 = EDGE_CURVE ( 'NONE', #10075, #12523, #12296, .T. ) ;
#3150 = APPLICATION_PROTOCOL_DEFINITION ( 'international standard', 'config_control_design', 1994, #8234 ) ;
#3151 = LINE ( 'NONE', #1363, #5452 ) ;
#3152 = DIRECTION ( 'NONE',  ( 0.000000000000000000, 0.000000000000000000, 1.000000000000000000 ) ) ;
#3153 = DIRECTION ( 'NONE',  ( -1.000000000000000000, -0.000000000000000000, -0.000000000000000000 ) ) ;
#3154 = LINE ( 'NONE', #9116, #8699 ) ;
#3155 = AXIS2_PLACEMENT_3D ( 'NONE', #4108, #8904, #5910 ) ;
#3156 = CARTESIAN_POINT ( 'NONE',  ( 9.525000000000000355, 6.152699789198528002, 22.91892409761429406 ) ) ;
#3157 = ORIENTED_EDGE ( 'NONE', *, *, #11660, .T. ) ;
#3158 = ORIENTED_EDGE ( 'NONE', *, *, #1507, .F. ) ;
#3159 = ORIENTED_EDGE ( 'NONE', *, *, #3371, .T. ) ;
#3160 = ORIENTED_EDGE ( 'NONE', *, *, #5753, .F. ) ;
#3161 = DIRECTION ( 'NONE',  ( -1.000000000000000000, 0.000000000000000000, 0.000000000000000000 ) ) ;
#3162 = EDGE_CURVE ( 'NONE', #3844, #10186, #2499, .T. ) ;
#3163 = AXIS2_PLACEMENT_3D ( 'NONE', #5754, #3031, #11584 ) ;
#3164 = LINE ( 'NONE', #3233, #1380 ) ;
#3165 = CYLINDRICAL_SURFACE ( 'NONE', #5137, 14.30000000000000071 ) ;
#3166 = FACE_OUTER_BOUND ( 'NONE', #9450, .T. ) ;
#3167 = CARTESIAN_POINT ( 'NONE',  ( 12.70000000000000107, -4.072800018551146373, 53.33104783511790714 ) ) ;
#3168 = CYLINDRICAL_SURFACE ( 'NONE', #4764, 2.499999999999988454 ) ;
#3169 = VERTEX_POINT ( 'NONE', #2659 ) ;
#3170 = CIRCLE ( 'NONE', #8296, 2.271000000000002128 ) ;
#3171 = VERTEX_POINT ( 'NONE', #11847 ) ;
#3172 = ORIENTED_EDGE ( 'NONE', *, *, #8349, .T. ) ;
#3173 = ORIENTED_EDGE ( 'NONE', *, *, #2710, .F. ) ;
#3174 = CIRCLE ( 'NONE', #929, 17.66250000000000497 ) ;
#3175 = EDGE_CURVE ( 'NONE', #4081, #1218, #12145, .T. ) ;
#3176 = DIRECTION ( 'NONE',  ( 0.000000000000000000, -7.087310524298422894E-15, 1.000000000000000000 ) ) ;
#3177 = FACE_OUTER_BOUND ( 'NONE', #4980, .T. ) ;
#3178 = CARTESIAN_POINT ( 'NONE',  ( 12.70000000000000107, 3.577867169202164632E-15, 139.7000000000000171 ) ) ;
#3179 = DIRECTION ( 'NONE',  ( -1.000000000000000000, -0.000000000000000000, -0.000000000000000000 ) ) ;
#3180 = AXIS2_PLACEMENT_3D ( 'NONE', #4238, #1351, #6170 ) ;
#3181 = DIRECTION ( 'NONE',  ( 0.000000000000000000, 0.000000000000000000, 1.000000000000000000 ) ) ;
#3182 = DIRECTION ( 'NONE',  ( -1.000000000000000000, -0.000000000000000000, -0.000000000000000000 ) ) ;
#3183 = DIRECTION ( 'NONE',  ( 0.000000000000000000, 0.000000000000000000, 1.000000000000000000 ) ) ;
#3184 = CIRCLE ( 'NONE', #2984, 2.270999999999995467 ) ;
#3185 = CARTESIAN_POINT ( 'NONE',  ( -9.525000000000002132, -12.69999999999999929, 167.5999999999999943 ) ) ;
#3186 = ORIENTED_EDGE ( 'NONE', *, *, #5087, .T. ) ;
#3187 = AXIS2_PLACEMENT_3D ( 'NONE', #12674, #2152, #11649 ) ;
#3188 = VECTOR ( 'NONE', #56, 1000.000000000000000 ) ;
#3189 = CARTESIAN_POINT ( 'NONE',  ( 12.70000000000000107, -10.07084749364656950, 51.01893227049793467 ) ) ;
#3190 = ORIENTED_EDGE ( 'NONE', *, *, #2032, .T. ) ;
#3191 = EDGE_LOOP ( 'NONE', ( #12586, #9139, #9630, #6825 ) ) ;
#3192 = EDGE_CURVE ( 'NONE', #1730, #8709, #11715, .T. ) ;
#3193 = ORIENTED_EDGE ( 'NONE', *, *, #2474, .F. ) ;
#3194 = APPROVAL_PERSON_ORGANIZATION ( #10919, #9290, #2134 ) ;
#3195 = DIRECTION ( 'NONE',  ( -1.000000000000000000, 0.000000000000000000, 0.000000000000000000 ) ) ;
#3196 = EDGE_CURVE ( 'NONE', #4050, #11644, #2908, .T. ) ;
#3197 = VECTOR ( 'NONE', #8467, 1000.000000000000000 ) ;
#3198 = CYLINDRICAL_SURFACE ( 'NONE', #1658, 2.271000000000002128 ) ;
#3199 = CARTESIAN_POINT ( 'NONE',  ( 1.555301434917138433E-15, 25.40000000000000213, 63.50000000000000000 ) ) ;
#3200 = AXIS2_PLACEMENT_3D ( 'NONE', #8672, #5734, #6687 ) ;
#3201 = CARTESIAN_POINT ( 'NONE',  ( 9.525000000000000355, 16.22354728284508951, 35.83785636811239073 ) ) ;
#3202 = AXIS2_PLACEMENT_3D ( 'NONE', #9621, #4750, #8657 ) ;
#3203 = DIRECTION ( 'NONE',  ( 0.000000000000000000, 0.000000000000000000, 1.000000000000000000 ) ) ;
#3204 = DIRECTION ( 'NONE',  ( 0.000000000000000000, 0.000000000000000000, -1.000000000000000000 ) ) ;
#3205 = CARTESIAN_POINT ( 'NONE',  ( 12.70000000000000107, -12.33648634558010748, 148.9037697111192244 ) ) ;
#3206 = DIRECTION ( 'NONE',  ( 0.000000000000000000, 0.000000000000000000, -1.000000000000000000 ) ) ;
#3207 = CIRCLE ( 'NONE', #8738, 2.270999999999995467 ) ;
#3208 = ADVANCED_FACE ( 'NONE', ( #6705 ), #4977, .F. ) ;
#3209 = CYLINDRICAL_SURFACE ( 'NONE', #2040, 2.499999999999992006 ) ;
#3210 = EDGE_LOOP ( 'NONE', ( #10865, #1605 ) ) ;
#3211 = ADVANCED_FACE ( 'NONE', ( #4916 ), #2030, .T. ) ;
#3212 = AXIS2_PLACEMENT_3D ( 'NONE', #624, #2714, #11325 ) ;
#3213 = EDGE_LOOP ( 'NONE', ( #4015, #1446, #5821, #6260 ) ) ;
#3214 = ORIENTED_EDGE ( 'NONE', *, *, #2629, .T. ) ;
#3215 = VECTOR ( 'NONE', #4867, 1000.000000000000000 ) ;
#3216 = ORIENTED_EDGE ( 'NONE', *, *, #2486, .T. ) ;
#3217 = ORIENTED_EDGE ( 'NONE', *, *, #9568, .F. ) ;
#3218 = EDGE_CURVE ( 'NONE', #1184, #7897, #7017, .T. ) ;
#3219 = PERSON_AND_ORGANIZATION ( #11, #11815 ) ;
#3220 = DIRECTION ( 'NONE',  ( -1.000000000000000000, -0.000000000000000000, -0.000000000000000000 ) ) ;
#3221 = CARTESIAN_POINT ( 'NONE',  ( 12.70000000000000107, 15.22687436074360257, 92.98837563696011443 ) ) ;
#3222 = CARTESIAN_POINT ( 'NONE',  ( 12.70000000000000107, -15.22687436074362388, 135.6116243630400220 ) ) ;
#3223 = CARTESIAN_POINT ( 'NONE',  ( 12.70000000000000107, 12.33648634557998314, 148.9037697111193950 ) ) ;
#3224 = CIRCLE ( 'NONE', #1783, 2.080499999999998906 ) ;
#3225 = DIRECTION ( 'NONE',  ( 0.000000000000000000, 0.000000000000000000, -1.000000000000000000 ) ) ;
#3226 = EDGE_CURVE ( 'NONE', #8184, #11836, #8245, .T. ) ;
#3227 = DIRECTION ( 'NONE',  ( -1.000000000000000000, -0.000000000000000000, -0.000000000000000000 ) ) ;
#3228 = ORIENTED_EDGE ( 'NONE', *, *, #5097, .F. ) ;
#3229 = ORIENTED_EDGE ( 'NONE', *, *, #2489, .F. ) ;
#3230 = ORIENTED_EDGE ( 'NONE', *, *, #11970, .F. ) ;
#3231 = EDGE_LOOP ( 'NONE', ( #12388, #6251, #8997, #1904 ) ) ;
#3232 = CARTESIAN_POINT ( 'NONE',  ( 12.70000000000000107, 3.577867169202164632E-15, 88.90000000000000568 ) ) ;
#3233 = CARTESIAN_POINT ( 'NONE',  ( 12.70000000000000107, 4.072800018551153478, 154.9310478351179086 ) ) ;
#3234 = CARTESIAN_POINT ( 'NONE',  ( 12.70000000000000107, 3.577867169202164632E-15, 38.10000000000001563 ) ) ;
#3235 = FACE_OUTER_BOUND ( 'NONE', #10457, .T. ) ;
#3236 = CYLINDRICAL_SURFACE ( 'NONE', #798, 2.271000000000009234 ) ;
#3237 = DIRECTION ( 'NONE',  ( 0.000000000000000000, 0.000000000000000000, 1.000000000000000000 ) ) ;
#3238 = EDGE_CURVE ( 'NONE', #523, #5234, #11310, .T. ) ;
#3239 = ORIENTED_EDGE ( 'NONE', *, *, #6748, .F. ) ;
#3240 = CIRCLE ( 'NONE', #1397, 2.080499999999985139 ) ;
#3241 = VERTEX_POINT ( 'NONE', #3752 ) ;
#3242 = ORIENTED_EDGE ( 'NONE', *, *, #8377, .T. ) ;
#3243 = VERTEX_POINT ( 'NONE', #5945 ) ;
#3244 = DIRECTION ( 'NONE',  ( -1.000000000000000000, -0.000000000000000000, -0.000000000000000000 ) ) ;
#3245 = DIRECTION ( 'NONE',  ( 0.000000000000000000, 0.000000000000000000, 1.000000000000000000 ) ) ;
#3246 = CARTESIAN_POINT ( 'NONE',  ( 12.70000000000000107, 15.22687436074360257, 143.7883756369601258 ) ) ;
#3247 = CIRCLE ( 'NONE', #12289, 17.66250000000000497 ) ;
#3248 = CARTESIAN_POINT ( 'NONE',  ( 1.555301434917138038E-15, 22.22500000000000142, 78.69999999999997442 ) ) ;
#3249 = AXIS2_PLACEMENT_3D ( 'NONE', #538, #478, #6122 ) ;
#3250 = CYLINDRICAL_SURFACE ( 'NONE', #4239, 17.66249999999999787 ) ;
#3251 = FACE_OUTER_BOUND ( 'NONE', #5271, .T. ) ;
#3252 = CARTESIAN_POINT ( 'NONE',  ( 12.70000000000000107, 4.072800018551153478, 104.1310478351179114 ) ) ;
#3253 = CYLINDRICAL_SURFACE ( 'NONE', #1971, 2.270999999999995467 ) ;
#3254 = EDGE_CURVE ( 'NONE', #815, #12095, #1834, .T. ) ;
#3255 = ORIENTED_EDGE ( 'NONE', *, *, #2421, .F. ) ;
#3256 = CIRCLE ( 'NONE', #10407, 2.499999999999988454 ) ;
#3257 = CIRCLE ( 'NONE', #3459, 2.271000000000009234 ) ;
#3258 = DIRECTION ( 'NONE',  ( -1.000000000000000000, -0.000000000000000000, -0.000000000000000000 ) ) ;
#3259 = ORIENTED_EDGE ( 'NONE', *, *, #6026, .T. ) ;
#3260 = ORIENTED_EDGE ( 'NONE', *, *, #2446, .T. ) ;
#3261 = ORIENTED_EDGE ( 'NONE', *, *, #12319, .F. ) ;
#3262 = AXIS2_PLACEMENT_3D ( 'NONE', #2538, #5613, #1643 ) ;
#3263 = CARTESIAN_POINT ( 'NONE',  ( 12.70000000000000107, -2.068405620284295310, 157.2409693130105097 ) ) ;
#3264 = CARTESIAN_POINT ( 'NONE',  ( 12.70000000000000107, 16.22512784221244786, 146.6791928440087247 ) ) ;
#3265 = CARTESIAN_POINT ( 'NONE',  ( -9.525000000000000355, -2.068405620284290425, 20.55903068698950520 ) ) ;
#3266 = AXIS2_PLACEMENT_3D ( 'NONE', #2206, #153, #3993 ) ;
#3267 = DIRECTION ( 'NONE',  ( 0.000000000000000000, 0.000000000000000000, 1.000000000000000000 ) ) ;
#3268 = VECTOR ( 'NONE', #12258, 1000.000000000000000 ) ;
#3269 = CYLINDRICAL_SURFACE ( 'NONE', #3407, 2.080499999999998906 ) ;
#3270 = CARTESIAN_POINT ( 'NONE',  ( -12.69999999999999751, -12.33648634558010748, 49.57476971111923802 ) ) ;
#3271 = DIRECTION ( 'NONE',  ( -0.000000000000000000, 1.000000000000000000, -0.000000000000000000 ) ) ;
#3272 = LINE ( 'NONE', #1289, #2361 ) ;
#3273 = ADVANCED_FACE ( 'NONE', ( #2785 ), #7865, .F. ) ;
#3274 = EDGE_CURVE ( 'NONE', #9952, #3130, #2104, .T. ) ;
#3275 = CARTESIAN_POINT ( 'NONE',  ( -12.69999999999999751, 0.000000000000000000, 12.69999999999993356 ) ) ;
#3276 = ORIENTED_EDGE ( 'NONE', *, *, #6431, .F. ) ;
#3277 = VERTEX_POINT ( 'NONE', #6007 ) ;
#3278 = EDGE_LOOP ( 'NONE', ( #6847, #6788, #7393, #4330 ) ) ;
#3279 = CIRCLE ( 'NONE', #623, 2.499999999999974243 ) ;
#3280 = ORIENTED_EDGE ( 'NONE', *, *, #11389, .F. ) ;
#3281 = VERTEX_POINT ( 'NONE', #10743 ) ;
#3282 = DIRECTION ( 'NONE',  ( 0.000000000000000000, 0.000000000000000000, 1.000000000000000000 ) ) ;
#3283 = AXIS2_PLACEMENT_3D ( 'NONE', #9700, #5926, #5861 ) ;
#3284 = CYLINDRICAL_SURFACE ( 'NONE', #7161, 17.66249999999999787 ) ;
#3285 = DIRECTION ( 'NONE',  ( 0.000000000000000000, 0.000000000000000000, 1.000000000000000000 ) ) ;
#3286 = DIRECTION ( 'NONE',  ( 0.000000000000000000, 0.000000000000000000, 1.000000000000000000 ) ) ;
#3287 = CYLINDRICAL_SURFACE ( 'NONE', #4085, 2.499999999999988454 ) ;
#3288 = DIRECTION ( 'NONE',  ( -1.000000000000000000, 0.000000000000000000, 0.000000000000000000 ) ) ;
#3289 = DIRECTION ( 'NONE',  ( 0.000000000000000000, 0.000000000000000000, 1.000000000000000000 ) ) ;
#3290 = EDGE_CURVE ( 'NONE', #1874, #3696, #8688, .T. ) ;
#3291 = EDGE_CURVE ( 'NONE', #7690, #2577, #12549, .T. ) ;
#3292 = CARTESIAN_POINT ( 'NONE',  ( -12.69999999999999751, 8.791741348502629450, 77.62191132943932814 ) ) ;
#3293 = EDGE_LOOP ( 'NONE', ( #3713, #12343 ) ) ;
#3294 = AXIS2_PLACEMENT_3D ( 'NONE', #4808, #12037, #8109 ) ;
#3295 = ORIENTED_EDGE ( 'NONE', *, *, #8466, .T. ) ;
#3296 = ORIENTED_EDGE ( 'NONE', *, *, #3951, .T. ) ;
#3297 = VERTEX_POINT ( 'NONE', #1899 ) ;
#3298 = DIRECTION ( 'NONE',  ( 0.000000000000000000, 0.000000000000000000, 1.000000000000000000 ) ) ;
#3299 = CYLINDRICAL_SURFACE ( 'NONE', #6501, 2.499999999999992006 ) ;
#3300 = DIRECTION ( 'NONE',  ( 0.000000000000000000, 0.000000000000000000, -1.000000000000000000 ) ) ;
#3301 = CARTESIAN_POINT ( 'NONE',  ( -9.525000000000000355, -10.07084749364648069, 25.18106772950202199 ) ) ;
#3302 = FACE_BOUND ( 'NONE', #1057, .T. ) ;
#3303 = AXIS2_PLACEMENT_3D ( 'NONE', #4353, #5194, #10899 ) ;
#3304 = ADVANCED_FACE ( 'NONE', ( #8627 ), #5883, .F. ) ;
#3305 = ORIENTED_EDGE ( 'NONE', *, *, #5948, .F. ) ;
#3306 = ORIENTED_EDGE ( 'NONE', *, *, #5946, .F. ) ;
#3307 = ADVANCED_FACE ( 'NONE', ( #6833 ), #9911, .F. ) ;
#3308 = ORIENTED_EDGE ( 'NONE', *, *, #12066, .F. ) ;
#3309 = ORIENTED_EDGE ( 'NONE', *, *, #1869, .F. ) ;
#3310 = AXIS2_PLACEMENT_3D ( 'NONE', #4730, #8573, #8637 ) ;
#3311 = CARTESIAN_POINT ( 'NONE',  ( -12.69999999999999751, 3.061616997868373773E-16, 162.5999999999999943 ) ) ;
#3312 = DIRECTION ( 'NONE',  ( -1.000000000000000000, -0.000000000000000000, -0.000000000000000000 ) ) ;
#3313 = DIRECTION ( 'NONE',  ( 0.000000000000000000, 0.000000000000000000, 1.000000000000000000 ) ) ;
#3314 = DIRECTION ( 'NONE',  ( 0.000000000000000000, 0.000000000000000000, 1.000000000000000000 ) ) ;
#3315 = EDGE_CURVE ( 'NONE', #11108, #1025, #11931, .T. ) ;
#3316 = CARTESIAN_POINT ( 'NONE',  ( 12.70000000000000107, -4.072800018551144596, 154.9310478351179086 ) ) ;
#3317 = CARTESIAN_POINT ( 'NONE',  ( 12.70000000000000107, -25.39999999999999503, 177.8000000000000114 ) ) ;
#3318 = AXIS2_PLACEMENT_3D ( 'NONE', #9209, #9270, #1271 ) ;
#3319 = CIRCLE ( 'NONE', #12328, 2.080499999999998906 ) ;
#3320 = CARTESIAN_POINT ( 'NONE',  ( -12.69999999999999751, 1.802455207620993427, 124.4144045757281845 ) ) ;
#3321 = ORIENTED_EDGE ( 'NONE', *, *, #2446, .F. ) ;
#3322 = ORIENTED_EDGE ( 'NONE', *, *, #1815, .F. ) ;
#3323 = AXIS2_PLACEMENT_3D ( 'NONE', #10178, #312, #7104 ) ;
#3324 = VECTOR ( 'NONE', #1814, 1000.000000000000000 ) ;
#3325 = VERTEX_POINT ( 'NONE', #9977 ) ;
#3326 = CARTESIAN_POINT ( 'NONE',  ( -9.525000000000000355, 3.577867169202164632E-15, 88.90000000000000568 ) ) ;
#3327 = DIRECTION ( 'NONE',  ( -1.000000000000000000, -0.000000000000000000, -0.000000000000000000 ) ) ;
#3328 = EDGE_CURVE ( 'NONE', #262, #10319, #5785, .T. ) ;
#3329 = CARTESIAN_POINT ( 'NONE',  ( -9.525000000000000355, 10.07084749364666365, 128.8615677295021271 ) ) ;
#3330 = FACE_OUTER_BOUND ( 'NONE', #2971, .T. ) ;
#3331 = DIRECTION ( 'NONE',  ( 0.000000000000000000, 0.000000000000000000, 1.000000000000000000 ) ) ;
#3332 = FACE_BOUND ( 'NONE', #5474, .T. ) ;
#3333 = CARTESIAN_POINT ( 'NONE',  ( 9.525000000000000355, -10.07084749364656950, 152.6189322704979361 ) ) ;
#3334 = LINE ( 'NONE', #458, #9941 ) ;
#3335 = CIRCLE ( 'NONE', #6008, 2.270999999999995467 ) ;
#3336 = CIRCLE ( 'NONE', #4979, 2.270999999999995467 ) ;
#3337 = CARTESIAN_POINT ( 'NONE',  ( -9.525000000000000355, -14.15672222192817387, 27.53822353099798192 ) ) ;
#3338 = VERTEX_POINT ( 'NONE', #4494 ) ;
#3339 = ORIENTED_EDGE ( 'NONE', *, *, #1332, .T. ) ;
#3340 = EDGE_LOOP ( 'NONE', ( #7207, #6380 ) ) ;
#3341 = ORIENTED_EDGE ( 'NONE', *, *, #1795, .F. ) ;
#3342 = ORIENTED_EDGE ( 'NONE', *, *, #5158, .T. ) ;
#3343 = EDGE_CURVE ( 'NONE', #10186, #3844, #6404, .T. ) ;
#3344 = CIRCLE ( 'NONE', #11329, 2.499999999999995115 ) ;
#3345 = SHAPE_DEFINITION_REPRESENTATION ( #336, #176 ) ;
#3346 = CARTESIAN_POINT ( 'NONE',  ( 3.061616997868371801E-16, 25.40000000000000213, 10.20000000000000817 ) ) ;
#3347 = CARTESIAN_POINT ( 'NONE',  ( 9.525000000000000355, -12.33648634558010748, 98.10376971111922728 ) ) ;
#3348 = CARTESIAN_POINT ( 'NONE',  ( 12.70000000000000107, 3.577867169202164632E-15, 38.10000000000001563 ) ) ;
#3349 = CYLINDRICAL_SURFACE ( 'NONE', #12479, 2.080499999999998906 ) ;
#3350 = DIRECTION ( 'NONE',  ( 1.000000000000000000, 0.000000000000000000, 0.000000000000000000 ) ) ;
#3351 = CARTESIAN_POINT ( 'NONE',  ( 12.70000000000000107, 10.07084749364666365, 27.26156772950216833 ) ) ;
#3352 = EDGE_CURVE ( 'NONE', #4661, #3033, #10089, .T. ) ;
#3353 = CARTESIAN_POINT ( 'NONE',  ( -12.69999999999999751, -12.33648634558004353, 130.4962302888807244 ) ) ;
#3354 = AXIS2_PLACEMENT_3D ( 'NONE', #411, #6182, #1543 ) ;
#3355 = ORIENTED_EDGE ( 'NONE', *, *, #7367, .F. ) ;
#3356 = ORIENTED_EDGE ( 'NONE', *, *, #10860, .F. ) ;
#3357 = EDGE_CURVE ( 'NONE', #10292, #2113, #10038, .T. ) ;
#3358 = ORIENTED_EDGE ( 'NONE', *, *, #7672, .F. ) ;
#3359 = VERTEX_POINT ( 'NONE', #9011 ) ;
#3360 = DIRECTION ( 'NONE',  ( 0.000000000000000000, 0.000000000000000000, 1.000000000000000000 ) ) ;
#3361 = EDGE_CURVE ( 'NONE', #5937, #222, #10918, .T. ) ;
#3362 = LINE ( 'NONE', #4071, #4649 ) ;
#3363 = EDGE_CURVE ( 'NONE', #9188, #12332, #5036, .T. ) ;
#3364 = DIRECTION ( 'NONE',  ( 0.000000000000000000, 0.000000000000000000, -1.000000000000000000 ) ) ;
#3365 = AXIS2_PLACEMENT_3D ( 'NONE', #4553, #1735, #6485 ) ;
#3366 = FACE_OUTER_BOUND ( 'NONE', #10654, .T. ) ;
#3367 = ORIENTED_EDGE ( 'NONE', *, *, #12663, .T. ) ;
#3368 = ORIENTED_EDGE ( 'NONE', *, *, #10454, .F. ) ;
#3369 = ORIENTED_EDGE ( 'NONE', *, *, #7298, .T. ) ;
#3370 = ORIENTED_EDGE ( 'NONE', *, *, #2609, .F. ) ;
#3371 = EDGE_CURVE ( 'NONE', #8894, #3553, #11953, .T. ) ;
#3372 = VECTOR ( 'NONE', #11455, 1000.000000000000000 ) ;
#3373 = ADVANCED_FACE ( 'NONE', ( #5466 ), #5168, .F. ) ;
#3374 = CARTESIAN_POINT ( 'NONE',  ( -9.525000000000000355, 1.802455207620993427, 22.81440457572818303 ) ) ;
#3375 = DIRECTION ( 'NONE',  ( -1.000000000000000000, -0.000000000000000000, -0.000000000000000000 ) ) ;
#3376 = EDGE_CURVE ( 'NONE', #2113, #12332, #6813, .T. ) ;
#3377 = CARTESIAN_POINT ( 'NONE',  ( 12.70000000000000107, 15.22687436074368783, 135.6116243630402494 ) ) ;
#3378 = FACE_BOUND ( 'NONE', #3927, .T. ) ;
#3379 = DIRECTION ( 'NONE',  ( -1.000000000000000000, -0.000000000000000000, -0.000000000000000000 ) ) ;
#3380 = CARTESIAN_POINT ( 'NONE',  ( 12.70000000000000107, -14.15672222192817387, 27.53822353099798192 ) ) ;
#3381 = CIRCLE ( 'NONE', #7883, 17.66249999999999787 ) ;
#3382 = CARTESIAN_POINT ( 'NONE',  ( -9.525000000000002132, 12.69999999999999929, 165.0999999999999943 ) ) ;
#3383 = CARTESIAN_POINT ( 'NONE',  ( -12.69999999999999751, 14.13894155320113555, 82.81817428684756521 ) ) ;
#3384 = ORIENTED_EDGE ( 'NONE', *, *, #3315, .T. ) ;
#3385 = EDGE_CURVE ( 'NONE', #7608, #2969, #7230, .T. ) ;
#3386 = ORIENTED_EDGE ( 'NONE', *, *, #11333, .T. ) ;
#3387 = AXIS2_PLACEMENT_3D ( 'NONE', #6360, #2497, #10260 ) ;
#3388 = ORIENTED_EDGE ( 'NONE', *, *, #11513, .F. ) ;
#3389 = DIRECTION ( 'NONE',  ( 0.000000000000000000, 0.000000000000000000, 1.000000000000000000 ) ) ;
#3390 = DIRECTION ( 'NONE',  ( -1.000000000000000000, -0.000000000000000000, -0.000000000000000000 ) ) ;
#3391 = VECTOR ( 'NONE', #9505, 1000.000000000000000 ) ;
#3392 = FACE_OUTER_BOUND ( 'NONE', #879, .T. ) ;
#3393 = CARTESIAN_POINT ( 'NONE',  ( -12.69999999999999751, -25.39999999999999503, 177.8000000000000114 ) ) ;
#3394 = DIRECTION ( 'NONE',  ( 0.000000000000000000, 0.000000000000000000, 1.000000000000000000 ) ) ;
#3395 = FACE_BOUND ( 'NONE', #12461, .T. ) ;
#3396 = FACE_OUTER_BOUND ( 'NONE', #9722, .T. ) ;
#3397 = CIRCLE ( 'NONE', #11795, 2.270999999999995467 ) ;
#3398 = CARTESIAN_POINT ( 'NONE',  ( 9.525000000000000355, -8.791741348502544184, 150.9780886705607656 ) ) ;
#3399 = CIRCLE ( 'NONE', #10555, 2.271000000000009234 ) ;
#3400 = ADVANCED_FACE ( 'NONE', ( #10937 ), #3168, .F. ) ;
#3401 = ORIENTED_EDGE ( 'NONE', *, *, #6698, .F. ) ;
#3402 = AXIS2_PLACEMENT_3D ( 'NONE', #11701, #5863, #4961 ) ;
#3403 = ORIENTED_EDGE ( 'NONE', *, *, #2600, .F. ) ;
#3404 = ORIENTED_EDGE ( 'NONE', *, *, #8377, .F. ) ;
#3405 = ORIENTED_EDGE ( 'NONE', *, *, #2989, .F. ) ;
#3406 = ORIENTED_EDGE ( 'NONE', *, *, #8608, .T. ) ;
#3407 = AXIS2_PLACEMENT_3D ( 'NONE', #267, #1160, #7183 ) ;
#3408 = DIRECTION ( 'NONE',  ( 0.000000000000000000, 0.000000000000000000, 1.000000000000000000 ) ) ;
#3409 = DIRECTION ( 'NONE',  ( -1.000000000000000000, -0.000000000000000000, -0.000000000000000000 ) ) ;
#3410 = FACE_OUTER_BOUND ( 'NONE', #8797, .T. ) ;
#3411 = CARTESIAN_POINT ( 'NONE',  ( 7.746038523653021987E-16, 22.22500000000000142, 38.09999999999999432 ) ) ;
#3412 = CARTESIAN_POINT ( 'NONE',  ( -9.525000000000000355, 6.152699789198528002, 53.28107590238573010 ) ) ;
#3413 = CARTESIAN_POINT ( 'NONE',  ( -9.525000000000000355, 11.15407434219260630, 77.75732780184213766 ) ) ;
#3414 = DIRECTION ( 'NONE',  ( 1.000000000000000000, 0.000000000000000000, 0.000000000000000000 ) ) ;
#3415 = AXIS2_PLACEMENT_3D ( 'NONE', #10539, #6393, #7474 ) ;
#3416 = DIRECTION ( 'NONE',  ( 1.000000000000000000, 0.000000000000000000, 0.000000000000000000 ) ) ;
#3417 = EDGE_CURVE ( 'NONE', #2843, #11007, #3335, .T. ) ;
#3418 = AXIS2_PLACEMENT_3D ( 'NONE', #2235, #119, #10112 ) ;
#3419 = ORIENTED_EDGE ( 'NONE', *, *, #11911, .F. ) ;
#3420 = ORIENTED_EDGE ( 'NONE', *, *, #9961, .T. ) ;
#3421 = VERTEX_POINT ( 'NONE', #11069 ) ;
#3422 = VERTEX_POINT ( 'NONE', #2279 ) ;
#3423 = ORIENTED_EDGE ( 'NONE', *, *, #7182, .T. ) ;
#3424 = CARTESIAN_POINT ( 'NONE',  ( 1.555301434917138038E-15, -22.22499999999999787, 127.0000000000000000 ) ) ;
#3425 = CARTESIAN_POINT ( 'NONE',  ( 1.080765552152137998E-15, -22.22499999999999787, 149.8999999999999773 ) ) ;
#3426 = AXIS2_PLACEMENT_3D ( 'NONE', #4135, #6064, #7082 ) ;
#3427 = EDGE_CURVE ( 'NONE', #7423, #304, #4554, .T. ) ;
#3428 = DIRECTION ( 'NONE',  ( -1.000000000000000000, -0.000000000000000000, -0.000000000000000000 ) ) ;
#3429 = DIRECTION ( 'NONE',  ( -0.000000000000000000, 1.000000000000000000, -0.000000000000000000 ) ) ;
#3430 = ORIENTED_EDGE ( 'NONE', *, *, #6219, .F. ) ;
#3431 = EDGE_CURVE ( 'NONE', #2270, #3642, #7426, .T. ) ;
#3432 = EDGE_LOOP ( 'NONE', ( #10013, #6448, #6388, #10538 ) ) ;
#3433 = ADVANCED_FACE ( 'NONE', ( #6200 ), #7449, .F. ) ;
#3434 = EDGE_LOOP ( 'NONE', ( #10747, #5870 ) ) ;
#3435 = VECTOR ( 'NONE', #3973, 1000.000000000000000 ) ;
#3436 = EDGE_LOOP ( 'NONE', ( #1297, #301, #4028, #6883 ) ) ;
#3437 = ORIENTED_EDGE ( 'NONE', *, *, #12009, .T. ) ;
#3438 = DIRECTION ( 'NONE',  ( -1.000000000000000000, -0.000000000000000000, -0.000000000000000000 ) ) ;
#3439 = DIRECTION ( 'NONE',  ( -1.000000000000000000, -0.000000000000000000, -0.000000000000000000 ) ) ;
#3440 = DIRECTION ( 'NONE',  ( 0.000000000000000000, 0.000000000000000000, 1.000000000000000000 ) ) ;
#3441 = DIRECTION ( 'NONE',  ( 0.000000000000000000, 0.000000000000000000, 1.000000000000000000 ) ) ;
#3442 = FACE_OUTER_BOUND ( 'NONE', #12137, .T. ) ;
#3443 = CARTESIAN_POINT ( 'NONE',  ( 9.525000000000000355, -14.13894155320108759, 94.98182571315255984 ) ) ;
#3444 = EDGE_LOOP ( 'NONE', ( #3386, #6553, #3761, #7550 ) ) ;
#3445 = ADVANCED_FACE ( 'NONE', ( #4434 ), #8345, .F. ) ;
#3446 = VERTEX_POINT ( 'NONE', #6429 ) ;
#3447 = CIRCLE ( 'NONE', #8359, 2.271000000000002128 ) ;
#3448 = AXIS2_PLACEMENT_3D ( 'NONE', #8100, #6188, #12151 ) ;
#3449 = VERTEX_POINT ( 'NONE', #2512 ) ;
#3450 = CARTESIAN_POINT ( 'NONE',  ( 12.70000000000000107, -16.22354728284505399, 137.4378563681121364 ) ) ;
#3451 = CARTESIAN_POINT ( 'NONE',  ( -12.69999999999999751, -1.802455207620986100, 53.38559542427184823 ) ) ;
#3452 = CARTESIAN_POINT ( 'NONE',  ( -9.525000000000000355, 14.16298196909037088, 137.7251729839752841 ) ) ;
#3453 = EDGE_CURVE ( 'NONE', #7504, #12226, #2509, .T. ) ;
#3454 = DIRECTION ( 'NONE',  ( -1.000000000000000000, -0.000000000000000000, -0.000000000000000000 ) ) ;
#3455 = DIRECTION ( 'NONE',  ( 0.000000000000000000, 0.000000000000000000, 1.000000000000000000 ) ) ;
#3456 = DIRECTION ( 'NONE',  ( 1.000000000000000000, 0.000000000000000000, 0.000000000000000000 ) ) ;
#3457 = DIRECTION ( 'NONE',  ( 0.000000000000000000, 0.000000000000000000, 1.000000000000000000 ) ) ;
#3458 = CIRCLE ( 'NONE', #11659, 2.499999999999988454 ) ;
#3459 = AXIS2_PLACEMENT_3D ( 'NONE', #7812, #3901, #952 ) ;
#3460 = EDGE_CURVE ( 'NONE', #10569, #11444, #10649, .T. ) ;
#3461 = ORIENTED_EDGE ( 'NONE', *, *, #7980, .T. ) ;
#3462 = CIRCLE ( 'NONE', #8582, 2.270999999999995467 ) ;
#3463 = ORIENTED_EDGE ( 'NONE', *, *, #616, .F. ) ;
#3464 = ORIENTED_EDGE ( 'NONE', *, *, #8321, .T. ) ;
#3465 = VERTEX_POINT ( 'NONE', #11421 ) ;
#3466 = ORIENTED_EDGE ( 'NONE', *, *, #9029, .T. ) ;
#3467 = AXIS2_PLACEMENT_3D ( 'NONE', #9895, #1112, #3090 ) ;
#3468 = CIRCLE ( 'NONE', #2850, 14.30000000000000782 ) ;
#3469 = FACE_OUTER_BOUND ( 'NONE', #8584, .T. ) ;
#3470 = CARTESIAN_POINT ( 'NONE',  ( 12.70000000000000107, -2.068405620284290425, 20.55903068698950520 ) ) ;
#3471 = EDGE_CURVE ( 'NONE', #4576, #9289, #12557, .T. ) ;
#3472 = DIRECTION ( 'NONE',  ( 0.000000000000000000, 0.000000000000000000, -1.000000000000000000 ) ) ;
#3473 = LINE ( 'NONE', #530, #9909 ) ;
#3474 = EDGE_CURVE ( 'NONE', #9289, #521, #11317, .T. ) ;
#3475 = CARTESIAN_POINT ( 'NONE',  ( -12.69999999999999751, 12.69999999999999929, 114.2999999999999972 ) ) ;
#3476 = AXIS2_PLACEMENT_3D ( 'NONE', #6161, #129, #2938 ) ;
#3477 = DIRECTION ( 'NONE',  ( -1.000000000000000000, 0.000000000000000000, 0.000000000000000000 ) ) ;
#3478 = CARTESIAN_POINT ( 'NONE',  ( 12.70000000000000107, 12.33648634557998314, 151.1747697111194100 ) ) ;
#3479 = AXIS2_PLACEMENT_3D ( 'NONE', #8906, #7831, #10904 ) ;
#3480 = DIRECTION ( 'NONE',  ( 1.000000000000000000, 0.000000000000000000, 0.000000000000000000 ) ) ;
#3481 = VECTOR ( 'NONE', #1284, 1000.000000000000000 ) ;
#3482 = ORIENTED_EDGE ( 'NONE', *, *, #3315, .F. ) ;
#3483 = CIRCLE ( 'NONE', #2658, 2.271000000000002128 ) ;
#3484 = EDGE_LOOP ( 'NONE', ( #5300, #10927 ) ) ;
#3485 = ORIENTED_EDGE ( 'NONE', *, *, #10513, .F. ) ;
#3486 = DIRECTION ( 'NONE',  ( 0.000000000000000000, 0.000000000000000000, -1.000000000000000000 ) ) ;
#3487 = CARTESIAN_POINT ( 'NONE',  ( -12.69999999999999929, -12.69999999999999929, 165.0999999999999943 ) ) ;
#3488 = DIRECTION ( 'NONE',  ( -1.000000000000000000, -0.000000000000000000, -0.000000000000000000 ) ) ;
#3489 = EDGE_CURVE ( 'NONE', #1218, #3422, #4978, .T. ) ;
#3490 = CARTESIAN_POINT ( 'NONE',  ( -12.69999999999999751, -6.152699789198520897, 154.8810759023857315 ) ) ;
#3491 = CARTESIAN_POINT ( 'NONE',  ( -9.525000000000000355, 14.13894155320100943, 44.18182571315276874 ) ) ;
#3492 = CIRCLE ( 'NONE', #11276, 14.30000000000000782 ) ;
#3493 = EDGE_LOOP ( 'NONE', ( #3019, #8711, #10940, #4604 ) ) ;
#3494 = VERTEX_POINT ( 'NONE', #3656 ) ;
#3495 = ORIENTED_EDGE ( 'NONE', *, *, #12631, .F. ) ;
#3496 = ORIENTED_EDGE ( 'NONE', *, *, #5622, .F. ) ;
#3497 = LINE ( 'NONE', #11324, #9948 ) ;
#3498 = FACE_BOUND ( 'NONE', #12667, .T. ) ;
#3499 = AXIS2_PLACEMENT_3D ( 'NONE', #3102, #2338, #11134 ) ;
#3500 = CYLINDRICAL_SURFACE ( 'NONE', #1479, 2.080499999999998906 ) ;
#3501 = CARTESIAN_POINT ( 'NONE',  ( 9.525000000000000355, -14.13894155320104851, 82.81817428684736626 ) ) ;
#3502 = DIRECTION ( 'NONE',  ( -1.000000000000000000, -0.000000000000000000, -0.000000000000000000 ) ) ;
#3503 = EDGE_CURVE ( 'NONE', #5128, #9594, #5590, .T. ) ;
#3504 = DIRECTION ( 'NONE',  ( 0.000000000000000000, -1.000000000000000000, 0.000000000000000000 ) ) ;
#3505 = DIRECTION ( 'NONE',  ( 0.000000000000000000, 0.000000000000000000, -1.000000000000000000 ) ) ;
#3506 = ADVANCED_FACE ( 'NONE', ( #7641 ), #7769, .F. ) ;
#3507 = ORIENTED_EDGE ( 'NONE', *, *, #1815, .T. ) ;
#3508 = EDGE_CURVE ( 'NONE', #8760, #708, #11529, .T. ) ;
#3509 = EDGE_LOOP ( 'NONE', ( #2133, #4271, #2130, #13 ) ) ;
#3510 = DIRECTION ( 'NONE',  ( 1.000000000000000000, 0.000000000000000000, 0.000000000000000000 ) ) ;
#3511 = LINE ( 'NONE', #7305, #1053 ) ;
#3512 = ADVANCED_FACE ( 'NONE', ( #11553 ), #3856, .F. ) ;
#3513 = VECTOR ( 'NONE', #6779, 1000.000000000000000 ) ;
#3514 = EDGE_CURVE ( 'NONE', #6556, #12056, #9689, .T. ) ;
#3515 = DIRECTION ( 'NONE',  ( -1.000000000000000000, -0.000000000000000000, -0.000000000000000000 ) ) ;
#3516 = CARTESIAN_POINT ( 'NONE',  ( 12.70000000000000107, -14.15672222192825025, 150.2617764690019442 ) ) ;
#3517 = CARTESIAN_POINT ( 'NONE',  ( 7.746038523653021987E-16, 25.40000000000000213, 104.0999999999999801 ) ) ;
#3518 = CARTESIAN_POINT ( 'NONE',  ( -9.525000000000000355, 3.577867169202164632E-15, 38.10000000000001563 ) ) ;
#3519 = AXIS2_PLACEMENT_3D ( 'NONE', #7930, #2852, #1962 ) ;
#3520 = AXIS2_PLACEMENT_3D ( 'NONE', #2597, #7475, #6512 ) ;
#3521 = EDGE_LOOP ( 'NONE', ( #773, #9196, #8648, #5534 ) ) ;
#3522 = ORIENTED_EDGE ( 'NONE', *, *, #7805, .F. ) ;
#3523 = ORIENTED_EDGE ( 'NONE', *, *, #691, .F. ) ;
#3524 = ORIENTED_EDGE ( 'NONE', *, *, #8835, .T. ) ;
#3525 = CARTESIAN_POINT ( 'NONE',  ( 12.70000000000000107, -6.152699789198520897, 124.5189240976142884 ) ) ;
#3526 = CARTESIAN_POINT ( 'NONE',  ( 1.861463134703976303E-15, -22.22499999999999787, 111.8000000000000114 ) ) ;
#3527 = ADVANCED_FACE ( 'NONE', ( #10516 ), #717, .F. ) ;
#3528 = CYLINDRICAL_SURFACE ( 'NONE', #11392, 17.66249999999999787 ) ;
#3529 = DIRECTION ( 'NONE',  ( -1.000000000000000000, -0.000000000000000000, -0.000000000000000000 ) ) ;
#3530 = AXIS2_PLACEMENT_3D ( 'NONE', #8113, #299, #4139 ) ;
#3531 = DIRECTION ( 'NONE',  ( -1.000000000000000000, -0.000000000000000000, -0.000000000000000000 ) ) ;
#3532 = AXIS2_PLACEMENT_3D ( 'NONE', #7526, #3666, #11495 ) ;
#3533 = DIRECTION ( 'NONE',  ( -1.000000000000000000, 0.000000000000000000, 0.000000000000000000 ) ) ;
#3534 = DIRECTION ( 'NONE',  ( -1.000000000000000000, -0.000000000000000000, -0.000000000000000000 ) ) ;
#3535 = FACE_OUTER_BOUND ( 'NONE', #1700, .T. ) ;
#3536 = VERTEX_POINT ( 'NONE', #1737 ) ;
#3537 = ORIENTED_EDGE ( 'NONE', *, *, #429, .F. ) ;
#3538 = ADVANCED_FACE ( 'NONE', ( #8723 ), #8597, .F. ) ;
#3539 = AXIS2_PLACEMENT_3D ( 'NONE', #11228, #1530, #331 ) ;
#3540 = VERTEX_POINT ( 'NONE', #10585 ) ;
#3541 = EDGE_LOOP ( 'NONE', ( #10043, #496 ) ) ;
#3542 = CARTESIAN_POINT ( 'NONE',  ( -12.69999999999999751, 0.000000000000000000, 165.0999999999999943 ) ) ;
#3543 = DIRECTION ( 'NONE',  ( 0.000000000000000000, 0.000000000000000000, 1.000000000000000000 ) ) ;
#3544 = CARTESIAN_POINT ( 'NONE',  ( -12.69999999999999751, 12.69999999999999929, 116.7999999999999829 ) ) ;
#3545 = DIRECTION ( 'NONE',  ( -1.000000000000000000, -0.000000000000000000, -0.000000000000000000 ) ) ;
#3546 = DIRECTION ( 'NONE',  ( 0.000000000000000000, 0.000000000000000000, 1.000000000000000000 ) ) ;
#3547 = VECTOR ( 'NONE', #1426, 1000.000000000000000 ) ;
#3548 = LINE ( 'NONE', #11376, #10811 ) ;
#3549 = ORIENTED_EDGE ( 'NONE', *, *, #8629, .T. ) ;
#3550 = VERTEX_POINT ( 'NONE', #10390 ) ;
#3551 = ORIENTED_EDGE ( 'NONE', *, *, #12115, .T. ) ;
#3552 = EDGE_CURVE ( 'NONE', #3111, #12345, #2627, .T. ) ;
#3553 = VERTEX_POINT ( 'NONE', #8471 ) ;
#3554 = DIRECTION ( 'NONE',  ( 0.000000000000000000, 0.000000000000000000, 1.000000000000000000 ) ) ;
#3555 = DIRECTION ( 'NONE',  ( 0.000000000000000000, 0.000000000000000000, -1.000000000000000000 ) ) ;
#3556 = LINE ( 'NONE', #2598, #6953 ) ;
#3557 = CARTESIAN_POINT ( 'NONE',  ( 12.70000000000000107, 3.577867169202164632E-15, 157.3625000000000114 ) ) ;
#3558 = FACE_BOUND ( 'NONE', #3841, .T. ) ;
#3559 = CARTESIAN_POINT ( 'NONE',  ( 12.70000000000000107, 14.16298196909037088, 86.92517298397528691 ) ) ;
#3560 = EDGE_LOOP ( 'NONE', ( #11140, #9867, #4648, #1947 ) ) ;
#3561 = AXIS2_PLACEMENT_3D ( 'NONE', #9038, #12431, #6409 ) ;
#3562 = CARTESIAN_POINT ( 'NONE',  ( -9.525000000000002132, 3.061616997868370815E-16, 61.00000000000000711 ) ) ;
#3563 = EDGE_CURVE ( 'NONE', #7522, #6314, #5651, .T. ) ;
#3564 = ORIENTED_EDGE ( 'NONE', *, *, #9387, .F. ) ;
#3565 = CARTESIAN_POINT ( 'NONE',  ( 0.000000000000000000, -22.22499999999999787, 12.69999999999999929 ) ) ;
#3566 = DIRECTION ( 'NONE',  ( 0.000000000000000000, -1.667602476305511223E-15, 1.000000000000000000 ) ) ;
#3567 = AXIS2_PLACEMENT_3D ( 'NONE', #2065, #7705, #8661 ) ;
#3568 = DIRECTION ( 'NONE',  ( 0.000000000000000000, 0.000000000000000000, 1.000000000000000000 ) ) ;
#3569 = DIRECTION ( 'NONE',  ( 0.000000000000000000, -1.750982600120786823E-14, -1.000000000000000000 ) ) ;
#3570 = CARTESIAN_POINT ( 'NONE',  ( -9.525000000000002132, -22.22499999999999787, 0.000000000000000000 ) ) ;
#3571 = CARTESIAN_POINT ( 'NONE',  ( 12.70000000000000107, 1.802455207620993427, 73.61440457572818730 ) ) ;
#3572 = CARTESIAN_POINT ( 'NONE',  ( 1.555301434917138038E-15, -22.22499999999999787, 78.69999999999997442 ) ) ;
#3573 = EDGE_CURVE ( 'NONE', #5703, #8953, #8442, .T. ) ;
#3574 = AXIS2_PLACEMENT_3D ( 'NONE', #4176, #5073, #9042 ) ;
#3575 = ADVANCED_FACE ( 'NONE', ( #9556 ), #843, .F. ) ;
#3576 = CARTESIAN_POINT ( 'NONE',  ( 12.70000000000000107, -11.15407434219244465, 77.75732780184198134 ) ) ;
#3577 = EDGE_LOOP ( 'NONE', ( #4824, #10763, #2501, #3148 ) ) ;
#3578 = ORIENTED_EDGE ( 'NONE', *, *, #6748, .T. ) ;
#3579 = VERTEX_POINT ( 'NONE', #10451 ) ;
#3580 = CIRCLE ( 'NONE', #12607, 2.499999999999988454 ) ;
#3581 = ORIENTED_EDGE ( 'NONE', *, *, #7126, .F. ) ;
#3582 = CARTESIAN_POINT ( 'NONE',  ( 9.525000000000000355, 2.068405620284300195, 71.35903068698951301 ) ) ;
#3583 = CARTESIAN_POINT ( 'NONE',  ( 12.70000000000000107, 3.577867169202164632E-15, 88.90000000000000568 ) ) ;
#3584 = DIRECTION ( 'NONE',  ( -1.000000000000000000, -0.000000000000000000, -0.000000000000000000 ) ) ;
#3585 = AXIS2_PLACEMENT_3D ( 'NONE', #8941, #6766, #869 ) ;
#3586 = FACE_OUTER_BOUND ( 'NONE', #908, .T. ) ;
#3587 = AXIS2_PLACEMENT_3D ( 'NONE', #1211, #4159, #6278 ) ;
#3588 = LINE ( 'NONE', #11552, #5728 ) ;
#3589 = CARTESIAN_POINT ( 'NONE',  ( 12.70000000000000107, 5.371240620587830250, 102.1529156865856294 ) ) ;
#3590 = CARTESIAN_POINT ( 'NONE',  ( 12.70000000000000107, 16.22354728284508951, 35.83785636811239073 ) ) ;
#3591 = ADVANCED_FACE ( 'NONE', ( #269 ), #12002, .T. ) ;
#3592 = AXIS2_PLACEMENT_3D ( 'NONE', #11517, #12675, #2717 ) ;
#3593 = CIRCLE ( 'NONE', #12410, 2.270999999999995467 ) ;
#3594 = CARTESIAN_POINT ( 'NONE',  ( 12.70000000000000107, -14.16298196909034779, 90.87482701602483814 ) ) ;
#3595 = ADVANCED_FACE ( 'NONE', ( #973 ), #8853, .F. ) ;
#3596 = VECTOR ( 'NONE', #11001, 1000.000000000000000 ) ;
#3597 = ORIENTED_EDGE ( 'NONE', *, *, #10910, .F. ) ;
#3598 = ORIENTED_EDGE ( 'NONE', *, *, #7590, .T. ) ;
#3599 = AXIS2_PLACEMENT_3D ( 'NONE', #2357, #8068, #1274 ) ;
#3600 = ORIENTED_EDGE ( 'NONE', *, *, #4245, .F. ) ;
#3601 = VERTEX_POINT ( 'NONE', #2064 ) ;
#3602 = DIRECTION ( 'NONE',  ( -1.000000000000000000, -0.000000000000000000, -0.000000000000000000 ) ) ;
#3603 = FACE_OUTER_BOUND ( 'NONE', #5026, .T. ) ;
#3604 = CYLINDRICAL_SURFACE ( 'NONE', #12655, 17.66249999999999787 ) ;
#3605 = AXIS2_PLACEMENT_3D ( 'NONE', #6396, #8371, #5306 ) ;
#3606 = CIRCLE ( 'NONE', #11597, 17.66249999999999787 ) ;
#3607 = DIRECTION ( 'NONE',  ( 0.000000000000000000, 0.000000000000000000, -1.000000000000000000 ) ) ;
#3608 = CARTESIAN_POINT ( 'NONE',  ( -12.69999999999999751, -25.39999999999999503, 177.8000000000000114 ) ) ;
#3609 = DIRECTION ( 'NONE',  ( 1.000000000000000000, -0.000000000000000000, -0.000000000000000000 ) ) ;
#3610 = AXIS2_PLACEMENT_3D ( 'NONE', #8124, #3244, #6452 ) ;
#3611 = ADVANCED_FACE ( 'NONE', ( #9 ), #5975, .F. ) ;
#3612 = AXIS2_PLACEMENT_3D ( 'NONE', #5003, #12579, #841 ) ;
#3613 = EDGE_CURVE ( 'NONE', #2754, #9388, #6996, .T. ) ;
#3614 = CARTESIAN_POINT ( 'NONE',  ( -12.69999999999999751, -6.152699789198520897, 22.91892409761429406 ) ) ;
#3615 = VERTEX_POINT ( 'NONE', #8789 ) ;
#3616 = ORIENTED_EDGE ( 'NONE', *, *, #8943, .T. ) ;
#3617 = ORIENTED_EDGE ( 'NONE', *, *, #6089, .F. ) ;
#3618 = EDGE_LOOP ( 'NONE', ( #7687, #7802, #1040, #8602 ) ) ;
#3619 = DIRECTION ( 'NONE',  ( -1.000000000000000000, -0.000000000000000000, -0.000000000000000000 ) ) ;
#3620 = AXIS2_PLACEMENT_3D ( 'NONE', #24, #3798, #88 ) ;
#3621 = AXIS2_PLACEMENT_3D ( 'NONE', #8451, #12246, #2433 ) ;
#3622 = DIRECTION ( 'NONE',  ( 0.000000000000000000, 0.000000000000000000, 1.000000000000000000 ) ) ;
#3623 = FACE_OUTER_BOUND ( 'NONE', #10248, .T. ) ;
#3624 = CARTESIAN_POINT ( 'NONE',  ( 7.746038523653021987E-16, 25.40000000000000213, 142.1999999999999886 ) ) ;
#3625 = DIRECTION ( 'NONE',  ( -0.000000000000000000, 1.000000000000000000, -0.000000000000000000 ) ) ;
#3626 = DIRECTION ( 'NONE',  ( -1.000000000000000000, -0.000000000000000000, -0.000000000000000000 ) ) ;
#3627 = DIRECTION ( 'NONE',  ( 0.000000000000000000, -1.000000000000000000, 0.000000000000000000 ) ) ;
#3628 = EDGE_CURVE ( 'NONE', #3446, #5934, #10299, .T. ) ;
#3629 = CARTESIAN_POINT ( 'NONE',  ( 12.70000000000000107, -14.15672222192817387, 129.1382235309979762 ) ) ;
#3630 = CIRCLE ( 'NONE', #7941, 2.080499999999998906 ) ;
#3631 = ORIENTED_EDGE ( 'NONE', *, *, #4857, .T. ) ;
#3632 = ORIENTED_EDGE ( 'NONE', *, *, #8280, .F. ) ;
#3633 = ORIENTED_EDGE ( 'NONE', *, *, #5560, .F. ) ;
#3634 = DIRECTION ( 'NONE',  ( -1.000000000000000000, -0.000000000000000000, -0.000000000000000000 ) ) ;
#3635 = AXIS2_PLACEMENT_3D ( 'NONE', #3614, #7533, #2647 ) ;
#3636 = CARTESIAN_POINT ( 'NONE',  ( 12.70000000000000107, 8.791741348502393194, 49.37808867056088502 ) ) ;
#3637 = EDGE_CURVE ( 'NONE', #108, #3536, #4784, .T. ) ;
#3638 = DIRECTION ( 'NONE',  ( -0.000000000000000000, 1.000000000000000000, -0.000000000000000000 ) ) ;
#3639 = CARTESIAN_POINT ( 'NONE',  ( 12.70000000000000107, 16.22354728284504333, 141.9621436318879830 ) ) ;
#3640 = DIRECTION ( 'NONE',  ( 0.000000000000000000, 0.000000000000000000, -1.000000000000000000 ) ) ;
#3641 = DIRECTION ( 'NONE',  ( 0.000000000000000000, 0.000000000000000000, 1.000000000000000000 ) ) ;
#3642 = VERTEX_POINT ( 'NONE', #8081 ) ;
#3643 = CIRCLE ( 'NONE', #10828, 2.270999999999995467 ) ;
#3644 = LINE ( 'NONE', #3707, #4774 ) ;
#3645 = ORIENTED_EDGE ( 'NONE', *, *, #1747, .T. ) ;
#3646 = ORIENTED_EDGE ( 'NONE', *, *, #1578, .F. ) ;
#3647 = ORIENTED_EDGE ( 'NONE', *, *, #9096, .F. ) ;
#3648 = CARTESIAN_POINT ( 'NONE',  ( 12.70000000000000107, 3.577867169202164632E-15, 88.90000000000000568 ) ) ;
#3649 = CARTESIAN_POINT ( 'NONE',  ( 12.70000000000000107, -12.69999999999999929, 162.5999999999999943 ) ) ;
#3650 = DIRECTION ( 'NONE',  ( 0.000000000000000000, 0.000000000000000000, 1.000000000000000000 ) ) ;
#3651 = CIRCLE ( 'NONE', #3873, 17.66250000000000497 ) ;
#3652 = DIRECTION ( 'NONE',  ( -1.000000000000000000, -0.000000000000000000, -0.000000000000000000 ) ) ;
#3653 = EDGE_CURVE ( 'NONE', #2019, #10114, #10305, .T. ) ;
#3654 = CIRCLE ( 'NONE', #396, 2.500000000000002220 ) ;
#3655 = CARTESIAN_POINT ( 'NONE',  ( 9.525000000000000355, -8.791741348502467801, 77.62191132943921446 ) ) ;
#3656 = CARTESIAN_POINT ( 'NONE',  ( 12.70000000000000107, 0.000000000000000000, 15.19999999999993001 ) ) ;
#3657 = EDGE_CURVE ( 'NONE', #11798, #11320, #3344, .T. ) ;
#3658 = DIRECTION ( 'NONE',  ( 1.000000000000000000, 0.000000000000000000, 0.000000000000000000 ) ) ;
#3659 = CARTESIAN_POINT ( 'NONE',  ( 1.555301434917138433E-15, -22.22499999999999787, 165.0999999999999943 ) ) ;
#3660 = EDGE_LOOP ( 'NONE', ( #9548, #8861 ) ) ;
#3661 = ORIENTED_EDGE ( 'NONE', *, *, #9961, .F. ) ;
#3662 = ORIENTED_EDGE ( 'NONE', *, *, #211, .F. ) ;
#3663 = VECTOR ( 'NONE', #8439, 1000.000000000000000 ) ;
#3664 = VERTEX_POINT ( 'NONE', #8976 ) ;
#3665 = ORIENTED_EDGE ( 'NONE', *, *, #180, .F. ) ;
#3666 = DIRECTION ( 'NONE',  ( -1.000000000000000000, 0.000000000000000000, 0.000000000000000000 ) ) ;
#3667 = CARTESIAN_POINT ( 'NONE',  ( 7.746038523653021987E-16, 25.40000000000000213, 139.6999999999999886 ) ) ;
#3668 = DIRECTION ( 'NONE',  ( 0.000000000000000000, 0.000000000000000000, 1.000000000000000000 ) ) ;
#3669 = CIRCLE ( 'NONE', #10423, 14.30000000000000782 ) ;
#3670 = CARTESIAN_POINT ( 'NONE',  ( 12.70000000000000107, 10.07084749364639542, 152.6189322704980782 ) ) ;
#3671 = EDGE_CURVE ( 'NONE', #12317, #7059, #2122, .T. ) ;
#3672 = DIRECTION ( 'NONE',  ( -1.000000000000000000, -0.000000000000000000, -0.000000000000000000 ) ) ;
#3673 = CARTESIAN_POINT ( 'NONE',  ( -12.69999999999999751, 3.577867169202164632E-15, 88.90000000000000568 ) ) ;
#3674 = EDGE_CURVE ( 'NONE', #7004, #2097, #890, .T. ) ;
#3675 = AXIS2_PLACEMENT_3D ( 'NONE', #7054, #73, #2947 ) ;
#3676 = AXIS2_PLACEMENT_3D ( 'NONE', #778, #1669, #8717 ) ;
#3677 = DIRECTION ( 'NONE',  ( -1.000000000000000000, -0.000000000000000000, -0.000000000000000000 ) ) ;
#3678 = ORIENTED_EDGE ( 'NONE', *, *, #3453, .T. ) ;
#3679 = VECTOR ( 'NONE', #9871, 1000.000000000000000 ) ;
#3680 = ORIENTED_EDGE ( 'NONE', *, *, #12075, .T. ) ;
#3681 = ORIENTED_EDGE ( 'NONE', *, *, #741, .T. ) ;
#3682 = ORIENTED_EDGE ( 'NONE', *, *, #10956, .T. ) ;
#3683 = FACE_OUTER_BOUND ( 'NONE', #4546, .T. ) ;
#3684 = LINE ( 'NONE', #7796, #6790 ) ;
#3685 = CYLINDRICAL_SURFACE ( 'NONE', #8186, 2.080499999999998906 ) ;
#3686 = CARTESIAN_POINT ( 'NONE',  ( 9.525000000000000355, -12.33648634558010748, 151.1747697111192394 ) ) ;
#3687 = DIRECTION ( 'NONE',  ( 0.000000000000000000, -6.670409905222044891E-15, -1.000000000000000000 ) ) ;
#3688 = EDGE_CURVE ( 'NONE', #8669, #6522, #6862, .T. ) ;
#3689 = FACE_BOUND ( 'NONE', #12061, .T. ) ;
#3690 = DIRECTION ( 'NONE',  ( 0.000000000000000000, 0.000000000000000000, 1.000000000000000000 ) ) ;
#3691 = EDGE_CURVE ( 'NONE', #7645, #1041, #9819, .T. ) ;
#3692 = ORIENTED_EDGE ( 'NONE', *, *, #9833, .F. ) ;
#3693 = ORIENTED_EDGE ( 'NONE', *, *, #11623, .T. ) ;
#3694 = ORIENTED_EDGE ( 'NONE', *, *, #1639, .F. ) ;
#3695 = CIRCLE ( 'NONE', #4727, 2.270999999999995467 ) ;
#3696 = VERTEX_POINT ( 'NONE', #3078 ) ;
#3697 = EDGE_CURVE ( 'NONE', #10536, #6760, #7236, .T. ) ;
#3698 = CYLINDRICAL_SURFACE ( 'NONE', #9214, 2.080499999999998906 ) ;
#3699 = DIRECTION ( 'NONE',  ( -1.000000000000000000, 0.000000000000000000, 0.000000000000000000 ) ) ;
#3700 = DIRECTION ( 'NONE',  ( 0.000000000000000000, 0.000000000000000000, -1.000000000000000000 ) ) ;
#3701 = CARTESIAN_POINT ( 'NONE',  ( -9.525000000000000355, 14.13894155320113555, 82.81817428684756521 ) ) ;
#3702 = DIRECTION ( 'NONE',  ( -1.000000000000000000, -0.000000000000000000, -0.000000000000000000 ) ) ;
#3703 = AXIS2_PLACEMENT_3D ( 'NONE', #6408, #10309, #1524 ) ;
#3704 = DIRECTION ( 'NONE',  ( -1.000000000000000000, 0.000000000000000000, 0.000000000000000000 ) ) ;
#3705 = DIRECTION ( 'NONE',  ( 0.000000000000000000, 0.000000000000000000, -1.000000000000000000 ) ) ;
#3706 = ORIENTED_EDGE ( 'NONE', *, *, #11679, .F. ) ;
#3707 = CARTESIAN_POINT ( 'NONE',  ( 1.861463134703975909E-15, 25.40000000000000213, 162.5999999999999943 ) ) ;
#3708 = VERTEX_POINT ( 'NONE', #2000 ) ;
#3709 = EDGE_LOOP ( 'NONE', ( #11965, #4646, #3022, #11543 ) ) ;
#3710 = EDGE_CURVE ( 'NONE', #9318, #3277, #2125, .T. ) ;
#3711 = AXIS2_PLACEMENT_3D ( 'NONE', #11475, #9676, #706 ) ;
#3712 = AXIS2_PLACEMENT_3D ( 'NONE', #8000, #11920, #10108 ) ;
#3713 = ORIENTED_EDGE ( 'NONE', *, *, #5028, .F. ) ;
#3714 = CARTESIAN_POINT ( 'NONE',  ( -12.69999999999999751, 0.000000000000000000, 165.0999999999999943 ) ) ;
#3715 = CARTESIAN_POINT ( 'NONE',  ( 12.70000000000000107, -10.07084749364648069, 78.06156772950203049 ) ) ;
#3716 = FACE_OUTER_BOUND ( 'NONE', #6921, .T. ) ;
#3717 = CARTESIAN_POINT ( 'NONE',  ( -9.525000000000002132, 12.69999999999999929, 12.69999999999999929 ) ) ;
#3718 = CARTESIAN_POINT ( 'NONE',  ( 12.70000000000000107, -1.802455207620986100, 22.81440457572818303 ) ) ;
#3719 = FACE_OUTER_BOUND ( 'NONE', #8457, .T. ) ;
#3720 = CARTESIAN_POINT ( 'NONE',  ( 12.70000000000000107, 14.15672222192810992, 48.66177646900214881 ) ) ;
#3721 = CARTESIAN_POINT ( 'NONE',  ( -12.69999999999999929, -12.69999999999999929, 15.19999999999998863 ) ) ;
#3722 = AXIS2_PLACEMENT_3D ( 'NONE', #8130, #11985, #11149 ) ;
#3723 = DIRECTION ( 'NONE',  ( -1.000000000000000000, -0.000000000000000000, -0.000000000000000000 ) ) ;
#3724 = ORIENTED_EDGE ( 'NONE', *, *, #3857, .F. ) ;
#3725 = ORIENTED_EDGE ( 'NONE', *, *, #7169, .T. ) ;
#3726 = EDGE_CURVE ( 'NONE', #7993, #11963, #4162, .T. ) ;
#3727 = EDGE_LOOP ( 'NONE', ( #2237, #6203, #7647, #522 ) ) ;
#3728 = ORIENTED_EDGE ( 'NONE', *, *, #12359, .T. ) ;
#3729 = CARTESIAN_POINT ( 'NONE',  ( 12.70000000000000107, 14.15672222192832841, 78.33822353099817803 ) ) ;
#3730 = AXIS2_PLACEMENT_3D ( 'NONE', #7354, #9459, #8562 ) ;
#3731 = LINE ( 'NONE', #11635, #1853 ) ;
#3732 = CIRCLE ( 'NONE', #10697, 2.499999999999988454 ) ;
#3733 = CYLINDRICAL_SURFACE ( 'NONE', #9749, 14.30000000000000782 ) ;
#3734 = FACE_OUTER_BOUND ( 'NONE', #11721, .T. ) ;
#3735 = CARTESIAN_POINT ( 'NONE',  ( 12.70000000000000107, 3.577867169202164632E-15, 139.7000000000000171 ) ) ;
#3736 = EDGE_CURVE ( 'NONE', #12221, #1938, #12352, .T. ) ;
#3737 = DIRECTION ( 'NONE',  ( 1.000000000000000000, 0.000000000000000000, 0.000000000000000000 ) ) ;
#3738 = AXIS2_PLACEMENT_3D ( 'NONE', #9490, #2820, #5720 ) ;
#3739 = ORIENTED_EDGE ( 'NONE', *, *, #9737, .T. ) ;
#3740 = ADVANCED_FACE ( 'NONE', ( #1035 ), #4947, .F. ) ;
#3741 = ORIENTED_EDGE ( 'NONE', *, *, #9590, .F. ) ;
#3742 = EDGE_LOOP ( 'NONE', ( #3828, #2144, #420, #6678 ) ) ;
#3743 = EDGE_CURVE ( 'NONE', #4758, #12376, #4417, .T. ) ;
#3744 = ORIENTED_EDGE ( 'NONE', *, *, #118, .F. ) ;
#3745 = EDGE_CURVE ( 'NONE', #754, #9438, #457, .T. ) ;
#3746 = DIRECTION ( 'NONE',  ( 0.000000000000000000, 0.000000000000000000, 1.000000000000000000 ) ) ;
#3747 = CARTESIAN_POINT ( 'NONE',  ( -12.69999999999999751, -12.33648634558004353, 79.69623028888069882 ) ) ;
#3748 = DIRECTION ( 'NONE',  ( 0.000000000000000000, 0.000000000000000000, 1.000000000000000000 ) ) ;
#3749 = CYLINDRICAL_SURFACE ( 'NONE', #10156, 2.271000000000002128 ) ;
#3750 = AXIS2_PLACEMENT_3D ( 'NONE', #138, #1930, #4042 ) ;
#3751 = DIRECTION ( 'NONE',  ( -1.000000000000000000, -0.000000000000000000, -0.000000000000000000 ) ) ;
#3752 = CARTESIAN_POINT ( 'NONE',  ( -12.69999999999999929, -12.69999999999999929, 162.6000000000000227 ) ) ;
#3753 = DIRECTION ( 'NONE',  ( -1.000000000000000000, 0.000000000000000000, 0.000000000000000000 ) ) ;
#3754 = ADVANCED_FACE ( 'NONE', ( #3396 ), #12069, .F. ) ;
#3755 = ORIENTED_EDGE ( 'NONE', *, *, #5199, .T. ) ;
#3756 = EDGE_CURVE ( 'NONE', #2675, #5435, #5327, .T. ) ;
#3757 = EDGE_LOOP ( 'NONE', ( #5857, #3173, #6451, #12166 ) ) ;
#3758 = ORIENTED_EDGE ( 'NONE', *, *, #2359, .T. ) ;
#3759 = AXIS2_PLACEMENT_3D ( 'NONE', #12200, #5463, #1364 ) ;
#3760 = EDGE_CURVE ( 'NONE', #9276, #1683, #881, .T. ) ;
#3761 = ORIENTED_EDGE ( 'NONE', *, *, #1587, .F. ) ;
#3762 = DIRECTION ( 'NONE',  ( -1.000000000000000000, -0.000000000000000000, -0.000000000000000000 ) ) ;
#3763 = DIRECTION ( 'NONE',  ( -1.000000000000000000, -0.000000000000000000, -0.000000000000000000 ) ) ;
#3764 = CARTESIAN_POINT ( 'NONE',  ( 7.746038523653021987E-16, 22.22500000000000142, 139.6999999999999886 ) ) ;
#3765 = AXIS2_PLACEMENT_3D ( 'NONE', #6165, #8327, #9095 ) ;
#3766 = LINE ( 'NONE', #1785, #11615 ) ;
#3767 = DIRECTION ( 'NONE',  ( 1.000000000000000000, 0.000000000000000000, 0.000000000000000000 ) ) ;
#3768 = DIRECTION ( 'NONE',  ( 0.000000000000000000, 0.000000000000000000, 1.000000000000000000 ) ) ;
#3769 = LINE ( 'NONE', #888, #346 ) ;
#3770 = EDGE_CURVE ( 'NONE', #7548, #7754, #9069, .T. ) ;
#3771 = ORIENTED_EDGE ( 'NONE', *, *, #316, .F. ) ;
#3772 = EDGE_CURVE ( 'NONE', #6013, #7270, #7851, .T. ) ;
#3773 = CARTESIAN_POINT ( 'NONE',  ( -12.69999999999999751, 0.000000000000000000, 15.19999999999992468 ) ) ;
#3774 = VERTEX_POINT ( 'NONE', #6358 ) ;
#3775 = ORIENTED_EDGE ( 'NONE', *, *, #4685, .T. ) ;
#3776 = AXIS2_PLACEMENT_3D ( 'NONE', #699, #8387, #12307 ) ;
#3777 = VERTEX_POINT ( 'NONE', #9225 ) ;
#3778 = DIRECTION ( 'NONE',  ( -1.000000000000000000, -0.000000000000000000, -0.000000000000000000 ) ) ;
#3779 = DIRECTION ( 'NONE',  ( -1.000000000000000000, -0.000000000000000000, -0.000000000000000000 ) ) ;
#3780 = DIRECTION ( 'NONE',  ( 0.000000000000000000, 0.000000000000000000, -1.000000000000000000 ) ) ;
#3781 = LINE ( 'NONE', #779, #6035 ) ;
#3782 = DIRECTION ( 'NONE',  ( 0.000000000000000000, 1.667602476305511223E-15, -1.000000000000000000 ) ) ;
#3783 = DIRECTION ( 'NONE',  ( 0.000000000000000000, 0.000000000000000000, 1.000000000000000000 ) ) ;
#3784 = DIRECTION ( 'NONE',  ( -1.000000000000000000, -0.000000000000000000, -0.000000000000000000 ) ) ;
#3785 = CARTESIAN_POINT ( 'NONE',  ( 9.525000000000000355, -14.15672222192825025, 48.66177646900194276 ) ) ;
#3786 = EDGE_CURVE ( 'NONE', #743, #9262, #3956, .T. ) ;
#3787 = VECTOR ( 'NONE', #5652, 1000.000000000000000 ) ;
#3788 = DIRECTION ( 'NONE',  ( 0.000000000000000000, 0.000000000000000000, 1.000000000000000000 ) ) ;
#3789 = ORIENTED_EDGE ( 'NONE', *, *, #3805, .F. ) ;
#3790 = AXIS2_PLACEMENT_3D ( 'NONE', #8592, #4812, #10511 ) ;
#3791 = ORIENTED_EDGE ( 'NONE', *, *, #3175, .F. ) ;
#3792 = ORIENTED_EDGE ( 'NONE', *, *, #7745, .T. ) ;
#3793 = VERTEX_POINT ( 'NONE', #4359 ) ;
#3794 = EDGE_LOOP ( 'NONE', ( #10012, #493, #12133, #6773 ) ) ;
#3795 = CARTESIAN_POINT ( 'NONE',  ( -12.69999999999999751, -1.802455207620986100, 22.81440457572818303 ) ) ;
#3796 = CIRCLE ( 'NONE', #1340, 14.30000000000000782 ) ;
#3797 = CYLINDRICAL_SURFACE ( 'NONE', #7789, 2.500000000000002220 ) ;
#3798 = DIRECTION ( 'NONE',  ( -1.000000000000000000, 0.000000000000000000, 0.000000000000000000 ) ) ;
#3799 = DIRECTION ( 'NONE',  ( 0.000000000000000000, 0.000000000000000000, 1.000000000000000000 ) ) ;
#3800 = DIRECTION ( 'NONE',  ( 0.000000000000000000, 0.000000000000000000, 1.000000000000000000 ) ) ;
#3801 = FACE_OUTER_BOUND ( 'NONE', #12571, .T. ) ;
#3802 = CARTESIAN_POINT ( 'NONE',  ( -9.525000000000000355, 3.577867169202164632E-15, 88.90000000000000568 ) ) ;
#3803 = AXIS2_PLACEMENT_3D ( 'NONE', #4783, #11650, #5748 ) ;
#3804 = AXIS2_PLACEMENT_3D ( 'NONE', #8674, #2834, #5021 ) ;
#3805 = EDGE_CURVE ( 'NONE', #3642, #1777, #10926, .T. ) ;
#3806 = AXIS2_PLACEMENT_3D ( 'NONE', #6398, #9332, #12354 ) ;
#3807 = DIRECTION ( 'NONE',  ( 0.000000000000000000, 1.000000000000000000, 0.000000000000000000 ) ) ;
#3808 = EDGE_LOOP ( 'NONE', ( #2682, #11075 ) ) ;
#3809 = VERTEX_POINT ( 'NONE', #7123 ) ;
#3810 = EDGE_LOOP ( 'NONE', ( #3862, #12283, #6509, #1828 ) ) ;
#3811 = ORIENTED_EDGE ( 'NONE', *, *, #7856, .F. ) ;
#3812 = CARTESIAN_POINT ( 'NONE',  ( -12.69999999999999751, 6.152699789198528002, 73.71892409761429121 ) ) ;
#3813 = AXIS2_PLACEMENT_3D ( 'NONE', #10083, #5152, #9115 ) ;
#3814 = EDGE_CURVE ( 'NONE', #3579, #12524, #10710, .T. ) ;
#3815 = DIRECTION ( 'NONE',  ( 0.000000000000000000, 0.000000000000000000, -1.000000000000000000 ) ) ;
#3816 = DIRECTION ( 'NONE',  ( 0.000000000000000000, 0.000000000000000000, -1.000000000000000000 ) ) ;
#3817 = AXIS2_PLACEMENT_3D ( 'NONE', #12397, #8484, #9313 ) ;
#3818 = DIRECTION ( 'NONE',  ( -1.000000000000000000, -0.000000000000000000, -0.000000000000000000 ) ) ;
#3819 = DIRECTION ( 'NONE',  ( -1.000000000000000000, -0.000000000000000000, -0.000000000000000000 ) ) ;
#3820 = AXIS2_PLACEMENT_3D ( 'NONE', #5372, #2422, #6341 ) ;
#3821 = DIRECTION ( 'NONE',  ( 0.000000000000000000, 2.501403714458266834E-15, -1.000000000000000000 ) ) ;
#3822 = DIRECTION ( 'NONE',  ( 0.000000000000000000, 0.000000000000000000, 1.000000000000000000 ) ) ;
#3823 = ADVANCED_FACE ( 'NONE', ( #393 ), #2309, .F. ) ;
#3824 = EDGE_CURVE ( 'NONE', #7712, #5392, #12566, .T. ) ;
#3825 = ORIENTED_EDGE ( 'NONE', *, *, #3981, .T. ) ;
#3826 = ORIENTED_EDGE ( 'NONE', *, *, #12496, .T. ) ;
#3827 = CIRCLE ( 'NONE', #5469, 2.270999999999995467 ) ;
#3828 = ORIENTED_EDGE ( 'NONE', *, *, #4054, .F. ) ;
#3829 = AXIS2_PLACEMENT_3D ( 'NONE', #9412, #642, #11405 ) ;
#3830 = ORIENTED_EDGE ( 'NONE', *, *, #8995, .F. ) ;
#3831 = CARTESIAN_POINT ( 'NONE',  ( -12.69999999999999751, -8.791741348502467801, 128.4219113294392116 ) ) ;
#3832 = CARTESIAN_POINT ( 'NONE',  ( 12.70000000000000107, -10.07084749364648069, 25.18106772950202199 ) ) ;
#3833 = EDGE_CURVE ( 'NONE', #8184, #7210, #10128, .T. ) ;
#3834 = CIRCLE ( 'NONE', #7519, 2.500000000000002220 ) ;
#3835 = LINE ( 'NONE', #6976, #8026 ) ;
#3836 = DIRECTION ( 'NONE',  ( 0.000000000000000000, 0.000000000000000000, -1.000000000000000000 ) ) ;
#3837 = CARTESIAN_POINT ( 'NONE',  ( 9.525000000000000355, 1.802455207620993427, 154.9855954242718497 ) ) ;
#3838 = DIRECTION ( 'NONE',  ( 0.000000000000000000, 0.000000000000000000, 1.000000000000000000 ) ) ;
#3839 = EDGE_CURVE ( 'NONE', #10382, #4160, #9899, .T. ) ;
#3840 = FACE_OUTER_BOUND ( 'NONE', #4964, .T. ) ;
#3841 = EDGE_LOOP ( 'NONE', ( #8984, #159 ) ) ;
#3842 = DIRECTION ( 'NONE',  ( 0.000000000000000000, 0.000000000000000000, -1.000000000000000000 ) ) ;
#3843 = VECTOR ( 'NONE', #2762, 1000.000000000000000 ) ;
#3844 = VERTEX_POINT ( 'NONE', #7373 ) ;
#3845 = VERTEX_POINT ( 'NONE', #2496 ) ;
#3846 = VERTEX_POINT ( 'NONE', #582 ) ;
#3847 = CARTESIAN_POINT ( 'NONE',  ( -9.525000000000000355, -16.22354728284506820, 91.16214363188775849 ) ) ;
#3848 = EDGE_CURVE ( 'NONE', #5934, #3446, #3137, .T. ) ;
#3849 = DIRECTION ( 'NONE',  ( -1.000000000000000000, -0.000000000000000000, -0.000000000000000000 ) ) ;
#3850 = CARTESIAN_POINT ( 'NONE',  ( 1.555301434917138038E-15, -25.39999999999999503, 76.19999999999998863 ) ) ;
#3851 = EDGE_CURVE ( 'NONE', #5155, #11361, #2519, .T. ) ;
#3852 = DIRECTION ( 'NONE',  ( 0.000000000000000000, 0.000000000000000000, 1.000000000000000000 ) ) ;
#3853 = LINE ( 'NONE', #3393, #4579 ) ;
#3854 = CYLINDRICAL_SURFACE ( 'NONE', #8123, 2.080499999999998906 ) ;
#3855 = LINE ( 'NONE', #9555, #9410 ) ;
#3856 = CYLINDRICAL_SURFACE ( 'NONE', #5388, 14.30000000000000071 ) ;
#3857 = EDGE_CURVE ( 'NONE', #1435, #11963, #7247, .T. ) ;
#3858 = CARTESIAN_POINT ( 'NONE',  ( 7.746038523653021987E-16, -22.22499999999999787, 139.6999999999999886 ) ) ;
#3859 = EDGE_CURVE ( 'NONE', #2258, #11426, #6294, .T. ) ;
#3860 = DIRECTION ( 'NONE',  ( 0.000000000000000000, 0.000000000000000000, 1.000000000000000000 ) ) ;
#3861 = ORIENTED_EDGE ( 'NONE', *, *, #4425, .F. ) ;
#3862 = ORIENTED_EDGE ( 'NONE', *, *, #6290, .F. ) ;
#3863 = ORIENTED_EDGE ( 'NONE', *, *, #5548, .F. ) ;
#3864 = ORIENTED_EDGE ( 'NONE', *, *, #95, .F. ) ;
#3865 = ORIENTED_EDGE ( 'NONE', *, *, #9728, .T. ) ;
#3866 = ADVANCED_FACE ( 'NONE', ( #5701 ), #12368, .F. ) ;
#3867 = CIRCLE ( 'NONE', #6322, 2.271000000000002128 ) ;
#3868 = ADVANCED_FACE ( 'NONE', ( #5510 ), #7559, .F. ) ;
#3869 = AXIS2_PLACEMENT_3D ( 'NONE', #3353, #10333, #6492 ) ;
#3870 = DIRECTION ( 'NONE',  ( -1.000000000000000000, -0.000000000000000000, -0.000000000000000000 ) ) ;
#3871 = DIRECTION ( 'NONE',  ( -1.000000000000000000, -0.000000000000000000, -0.000000000000000000 ) ) ;
#3872 = DIRECTION ( 'NONE',  ( -1.000000000000000000, 0.000000000000000000, 0.000000000000000000 ) ) ;
#3873 = AXIS2_PLACEMENT_3D ( 'NONE', #11846, #9910, #1193 ) ;
#3874 = LINE ( 'NONE', #7787, #5916 ) ;
#3875 = VECTOR ( 'NONE', #7057, 1000.000000000000000 ) ;
#3876 = VERTEX_POINT ( 'NONE', #9671 ) ;
#3877 = EDGE_LOOP ( 'NONE', ( #7159, #7398, #4347, #1134 ) ) ;
#3878 = ORIENTED_EDGE ( 'NONE', *, *, #10676, .F. ) ;
#3879 = EDGE_LOOP ( 'NONE', ( #10397, #9634, #11736, #4874 ) ) ;
#3880 = CARTESIAN_POINT ( 'NONE',  ( 12.70000000000000107, 2.068405620284300195, 20.55903068698950520 ) ) ;
#3881 = ADVANCED_FACE ( 'NONE', ( #8578 ), #9414, .F. ) ;
#3882 = CARTESIAN_POINT ( 'NONE',  ( -9.525000000000000355, -14.13894155320108759, 44.18182571315256268 ) ) ;
#3883 = CIRCLE ( 'NONE', #5112, 2.080499999999998906 ) ;
#3884 = FACE_OUTER_BOUND ( 'NONE', #4062, .T. ) ;
#3885 = CARTESIAN_POINT ( 'NONE',  ( 12.70000000000000107, 12.33648634557998314, 49.57476971111940856 ) ) ;
#3886 = AXIS2_PLACEMENT_3D ( 'NONE', #654, #7634, #3650 ) ;
#3887 = DIRECTION ( 'NONE',  ( 0.000000000000000000, 0.000000000000000000, -1.000000000000000000 ) ) ;
#3888 = CARTESIAN_POINT ( 'NONE',  ( 9.525000000000000355, 3.577867169202164632E-15, 38.10000000000001563 ) ) ;
#3889 = AXIS2_PLACEMENT_3D ( 'NONE', #6712, #3762, #2667 ) ;
#3890 = EDGE_LOOP ( 'NONE', ( #10602, #11072, #6535, #5920 ) ) ;
#3891 = ORIENTED_EDGE ( 'NONE', *, *, #7625, .T. ) ;
#3892 = VECTOR ( 'NONE', #8469, 1000.000000000000000 ) ;
#3893 = ORIENTED_EDGE ( 'NONE', *, *, #698, .T. ) ;
#3894 = EDGE_LOOP ( 'NONE', ( #12268, #8885, #11249, #8799 ) ) ;
#3895 = EDGE_CURVE ( 'NONE', #12226, #6868, #8453, .T. ) ;
#3896 = AXIS2_PLACEMENT_3D ( 'NONE', #4568, #3312, #3245 ) ;
#3897 = DIRECTION ( 'NONE',  ( -1.000000000000000000, -0.000000000000000000, -0.000000000000000000 ) ) ;
#3898 = DIRECTION ( 'NONE',  ( -1.000000000000000000, -0.000000000000000000, -0.000000000000000000 ) ) ;
#3899 = CARTESIAN_POINT ( 'NONE',  ( 9.525000000000000355, -14.15672222192817387, 78.33822353099797908 ) ) ;
#3900 = DIRECTION ( 'NONE',  ( 0.000000000000000000, 0.000000000000000000, 1.000000000000000000 ) ) ;
#3901 = DIRECTION ( 'NONE',  ( -1.000000000000000000, 0.000000000000000000, 0.000000000000000000 ) ) ;
#3902 = LINE ( 'NONE', #9672, #3188 ) ;
#3903 = EDGE_CURVE ( 'NONE', #5689, #6062, #4368, .T. ) ;
#3904 = ORIENTED_EDGE ( 'NONE', *, *, #61, .F. ) ;
#3905 = AXIS2_PLACEMENT_3D ( 'NONE', #1254, #9972, #6003 ) ;
#3906 = EDGE_CURVE ( 'NONE', #876, #4823, #2925, .T. ) ;
#3907 = DIRECTION ( 'NONE',  ( -1.000000000000000000, -0.000000000000000000, -0.000000000000000000 ) ) ;
#3908 = ORIENTED_EDGE ( 'NONE', *, *, #6969, .T. ) ;
#3909 = ORIENTED_EDGE ( 'NONE', *, *, #3573, .T. ) ;
#3910 = EDGE_CURVE ( 'NONE', #2873, #1839, #4563, .T. ) ;
#3911 = ORIENTED_EDGE ( 'NONE', *, *, #8689, .F. ) ;
#3912 = DIRECTION ( 'NONE',  ( 0.000000000000000000, 0.000000000000000000, -1.000000000000000000 ) ) ;
#3913 = EDGE_CURVE ( 'NONE', #3601, #2155, #11755, .T. ) ;
#3914 =( NAMED_UNIT ( * ) PLANE_ANGLE_UNIT ( ) SI_UNIT ( $, .RADIAN. ) );
#3915 = CARTESIAN_POINT ( 'NONE',  ( -9.525000000000000355, -6.152699789198520897, 22.91892409761429406 ) ) ;
#3916 = AXIS2_PLACEMENT_3D ( 'NONE', #3451, #7366, #11281 ) ;
#3917 = CYLINDRICAL_SURFACE ( 'NONE', #7570, 2.080499999999985139 ) ;
#3918 = DIRECTION ( 'NONE',  ( -1.000000000000000000, -0.000000000000000000, -0.000000000000000000 ) ) ;
#3919 = DIRECTION ( 'NONE',  ( 1.000000000000000000, 0.000000000000000000, 0.000000000000000000 ) ) ;
#3920 = CARTESIAN_POINT ( 'NONE',  ( -12.69999999999999751, 1.802455207620993427, 22.81440457572818303 ) ) ;
#3921 = CARTESIAN_POINT ( 'NONE',  ( 12.70000000000000107, 12.33648634558017676, 130.4962302888808949 ) ) ;
#3922 = CARTESIAN_POINT ( 'NONE',  ( 1.555301434917138433E-15, 22.22500000000000142, 165.0999999999999943 ) ) ;
#3923 = FACE_BOUND ( 'NONE', #5819, .T. ) ;
#3924 = ORIENTED_EDGE ( 'NONE', *, *, #8057, .T. ) ;
#3925 = ORIENTED_EDGE ( 'NONE', *, *, #7949, .F. ) ;
#3926 = ORIENTED_EDGE ( 'NONE', *, *, #8995, .T. ) ;
#3927 = EDGE_LOOP ( 'NONE', ( #12256, #1464 ) ) ;
#3928 = ORIENTED_EDGE ( 'NONE', *, *, #1587, .T. ) ;
#3929 = FACE_OUTER_BOUND ( 'NONE', #5275, .T. ) ;
#3930 = EDGE_CURVE ( 'NONE', #11586, #10102, #4991, .T. ) ;
#3931 = CARTESIAN_POINT ( 'NONE',  ( 9.525000000000000355, -1.802455207620986100, 154.9855954242718497 ) ) ;
#3932 = CARTESIAN_POINT ( 'NONE',  ( -9.525000000000002132, -12.69999999999999929, 114.2999999999999972 ) ) ;
#3933 = AXIS2_PLACEMENT_3D ( 'NONE', #100, #2972, #7858 ) ;
#3934 = CARTESIAN_POINT ( 'NONE',  ( 12.70000000000000107, -6.152699789198520897, 73.71892409761429121 ) ) ;
#3935 = ADVANCED_FACE ( 'NONE', ( #2673 ), #5571, .T. ) ;
#3936 = CARTESIAN_POINT ( 'NONE',  ( 12.70000000000000107, -14.13894155320104851, 82.81817428684736626 ) ) ;
#3937 = ORIENTED_EDGE ( 'NONE', *, *, #3653, .T. ) ;
#3938 = ADVANCED_FACE ( 'NONE', ( #10376 ), #10498, .T. ) ;
#3939 = ORIENTED_EDGE ( 'NONE', *, *, #911, .T. ) ;
#3940 = ORIENTED_EDGE ( 'NONE', *, *, #7834, .F. ) ;
#3941 = AXIS2_PLACEMENT_3D ( 'NONE', #6456, #1585, #1646 ) ;
#3942 = VECTOR ( 'NONE', #6439, 1000.000000000000000 ) ;
#3943 = ORIENTED_EDGE ( 'NONE', *, *, #4767, .T. ) ;
#3944 = CARTESIAN_POINT ( 'NONE',  ( -12.69999999999999751, 16.22512784221244786, 45.07919284400875171 ) ) ;
#3945 = CARTESIAN_POINT ( 'NONE',  ( 12.70000000000000107, -15.22687436074362388, 34.01162436304002767 ) ) ;
#3946 = CARTESIAN_POINT ( 'NONE',  ( 12.70000000000000107, 4.072800018551152590, 124.4689521648821113 ) ) ;
#3947 = CARTESIAN_POINT ( 'NONE',  ( -12.69999999999999751, -8.791741348502467801, 77.62191132943921446 ) ) ;
#3948 = LINE ( 'NONE', #6961, #1355 ) ;
#3949 = CYLINDRICAL_SURFACE ( 'NONE', #9587, 2.271000000000002128 ) ;
#3950 = CARTESIAN_POINT ( 'NONE',  ( 7.746038523653021987E-16, 25.40000000000000213, 154.8999999999999773 ) ) ;
#3951 = EDGE_CURVE ( 'NONE', #7114, #6776, #5632, .T. ) ;
#3952 = ORIENTED_EDGE ( 'NONE', *, *, #3930, .T. ) ;
#3953 = VERTEX_POINT ( 'NONE', #11601 ) ;
#3954 = ORIENTED_EDGE ( 'NONE', *, *, #10330, .T. ) ;
#3955 = ORIENTED_EDGE ( 'NONE', *, *, #2106, .T. ) ;
#3956 = CIRCLE ( 'NONE', #2319, 17.66249999999999787 ) ;
#3957 = LINE ( 'NONE', #9794, #5338 ) ;
#3958 = DIRECTION ( 'NONE',  ( 0.000000000000000000, 0.000000000000000000, 1.000000000000000000 ) ) ;
#3959 = CARTESIAN_POINT ( 'NONE',  ( -12.69999999999999929, -12.69999999999999929, 12.69999999999999929 ) ) ;
#3960 = CARTESIAN_POINT ( 'NONE',  ( -9.525000000000000355, -12.33648634558004353, 130.4962302888807244 ) ) ;
#3961 = CARTESIAN_POINT ( 'NONE',  ( -12.69999999999999751, 10.07084749364639542, 101.8189322704980668 ) ) ;
#3962 = ADVANCED_FACE ( 'NONE', ( #2803 ), #6717, .F. ) ;
#3963 = ORIENTED_EDGE ( 'NONE', *, *, #9446, .T. ) ;
#3964 = AXIS2_PLACEMENT_3D ( 'NONE', #827, #887, #1659 ) ;
#3965 = DIRECTION ( 'NONE',  ( 1.000000000000000000, -0.000000000000000000, -0.000000000000000000 ) ) ;
#3966 = ORIENTED_EDGE ( 'NONE', *, *, #4704, .T. ) ;
#3967 = ORIENTED_EDGE ( 'NONE', *, *, #10288, .F. ) ;
#3968 = ORIENTED_EDGE ( 'NONE', *, *, #7068, .F. ) ;
#3969 = CARTESIAN_POINT ( 'NONE',  ( -12.69999999999999751, -10.07084749364648069, 126.7810677295020128 ) ) ;
#3970 = CC_DESIGN_PERSON_AND_ORGANIZATION_ASSIGNMENT ( #4958, #9830, ( #11575 ) ) ;
#3971 = AXIS2_PLACEMENT_3D ( 'NONE', #4882, #3074, #6101 ) ;
#3972 = DIRECTION ( 'NONE',  ( 0.000000000000000000, 0.000000000000000000, 1.000000000000000000 ) ) ;
#3973 = DIRECTION ( 'NONE',  ( -1.000000000000000000, -0.000000000000000000, -0.000000000000000000 ) ) ;
#3974 = DIRECTION ( 'NONE',  ( -1.000000000000000000, -0.000000000000000000, -0.000000000000000000 ) ) ;
#3975 = CARTESIAN_POINT ( 'NONE',  ( -9.525000000000000355, -12.33648634558010748, 98.10376971111922728 ) ) ;
#3976 = DIRECTION ( 'NONE',  ( 0.000000000000000000, -8.338012381527498527E-15, -1.000000000000000000 ) ) ;
#3977 = CARTESIAN_POINT ( 'NONE',  ( 12.70000000000000107, -14.13894155320108759, 94.98182571315255984 ) ) ;
#3978 = DIRECTION ( 'NONE',  ( -1.000000000000000000, -0.000000000000000000, -0.000000000000000000 ) ) ;
#3979 = DIRECTION ( 'NONE',  ( -1.000000000000000000, -0.000000000000000000, -0.000000000000000000 ) ) ;
#3980 = EDGE_CURVE ( 'NONE', #11259, #2708, #9484, .T. ) ;
#3981 = EDGE_CURVE ( 'NONE', #10721, #7950, #82, .T. ) ;
#3982 = CARTESIAN_POINT ( 'NONE',  ( 9.525000000000000355, -12.69999999999999929, 12.69999999999999929 ) ) ;
#3983 = VECTOR ( 'NONE', #640, 1000.000000000000000 ) ;
#3984 = VERTEX_POINT ( 'NONE', #4670 ) ;
#3985 = VERTEX_POINT ( 'NONE', #10628 ) ;
#3986 = ORIENTED_EDGE ( 'NONE', *, *, #11131, .T. ) ;
#3987 = ORIENTED_EDGE ( 'NONE', *, *, #11750, .T. ) ;
#3988 = ORIENTED_EDGE ( 'NONE', *, *, #9990, .F. ) ;
#3989 = CARTESIAN_POINT ( 'NONE',  ( 9.525000000000000355, -1.802455207620986100, 22.81440457572818303 ) ) ;
#3990 = APPROVAL_STATUS ( 'not_yet_approved' ) ;
#3991 = DIRECTION ( 'NONE',  ( 1.000000000000000000, -0.000000000000000000, -0.000000000000000000 ) ) ;
#3992 = AXIS2_PLACEMENT_3D ( 'NONE', #3858, #11814, #1931 ) ;
#3993 = DIRECTION ( 'NONE',  ( 0.000000000000000000, 0.000000000000000000, -1.000000000000000000 ) ) ;
#3994 = DIRECTION ( 'NONE',  ( -1.000000000000000000, -0.000000000000000000, -0.000000000000000000 ) ) ;
#3995 = CARTESIAN_POINT ( 'NONE',  ( 9.525000000000000355, -16.22354728284505399, 86.63785636811216762 ) ) ;
#3996 = EDGE_CURVE ( 'NONE', #11929, #689, #12357, .T. ) ;
#3997 = FACE_OUTER_BOUND ( 'NONE', #6449, .T. ) ;
#3998 = ORIENTED_EDGE ( 'NONE', *, *, #12072, .T. ) ;
#3999 = ORIENTED_EDGE ( 'NONE', *, *, #4567, .F. ) ;
#4000 = ORIENTED_EDGE ( 'NONE', *, *, #10088, .T. ) ;
#4001 = AXIS2_PLACEMENT_3D ( 'NONE', #205, #10006, #6042 ) ;
#4002 = ORIENTED_EDGE ( 'NONE', *, *, #8650, .T. ) ;
#4003 = DIRECTION ( 'NONE',  ( -0.000000000000000000, 1.000000000000000000, -0.000000000000000000 ) ) ;
#4004 = AXIS2_PLACEMENT_3D ( 'NONE', #8782, #9080, #9683 ) ;
#4005 = CYLINDRICAL_SURFACE ( 'NONE', #12401, 2.499999999999988454 ) ;
#4006 = FACE_OUTER_BOUND ( 'NONE', #320, .T. ) ;
#4007 = ADVANCED_FACE ( 'NONE', ( #12633 ), #10693, .F. ) ;
#4008 = FACE_BOUND ( 'NONE', #6508, .T. ) ;
#4009 = AXIS2_PLACEMENT_3D ( 'NONE', #4465, #9272, #1396 ) ;
#4010 = CARTESIAN_POINT ( 'NONE',  ( 12.70000000000000107, 3.577867169202164632E-15, 88.90000000000000568 ) ) ;
#4011 = AXIS2_PLACEMENT_3D ( 'NONE', #12055, #9923, #7171 ) ;
#4012 = VERTEX_POINT ( 'NONE', #5830 ) ;
#4013 = AXIS2_PLACEMENT_3D ( 'NONE', #8312, #503, #3314 ) ;
#4015 = ORIENTED_EDGE ( 'NONE', *, *, #6756, .T. ) ;
#4014 = VECTOR ( 'NONE', #190, 1000.000000000000000 ) ;
#4016 = ORIENTED_EDGE ( 'NONE', *, *, #405, .F. ) ;
#4017 = ORIENTED_EDGE ( 'NONE', *, *, #4454, .F. ) ;
#4018 = VECTOR ( 'NONE', #1504, 1000.000000000000000 ) ;
#4019 = AXIS2_PLACEMENT_3D ( 'NONE', #1460, #8260, #12176 ) ;
#4020 = DIRECTION ( 'NONE',  ( -1.000000000000000000, -0.000000000000000000, -0.000000000000000000 ) ) ;
#4021 = DIRECTION ( 'NONE',  ( -1.000000000000000000, -0.000000000000000000, -0.000000000000000000 ) ) ;
#4022 = EDGE_CURVE ( 'NONE', #11044, #8249, #289, .T. ) ;
#4023 = DIRECTION ( 'NONE',  ( -1.000000000000000000, -0.000000000000000000, -0.000000000000000000 ) ) ;
#4024 = CARTESIAN_POINT ( 'NONE',  ( -12.69999999999999751, -11.15407434219244465, 77.75732780184198134 ) ) ;
#4025 = DIRECTION ( 'NONE',  ( -0.000000000000000000, 1.000000000000000000, -0.000000000000000000 ) ) ;
#4026 = CYLINDRICAL_SURFACE ( 'NONE', #3587, 14.30000000000000782 ) ;
#4027 = CIRCLE ( 'NONE', #6090, 2.500000000000002220 ) ;
#4028 = ORIENTED_EDGE ( 'NONE', *, *, #8280, .T. ) ;
#4029 = FACE_OUTER_BOUND ( 'NONE', #10261, .T. ) ;
#4030 = ORIENTED_EDGE ( 'NONE', *, *, #11296, .T. ) ;
#4031 = ORIENTED_EDGE ( 'NONE', *, *, #2514, .F. ) ;
#4032 = ORIENTED_EDGE ( 'NONE', *, *, #1462, .T. ) ;
#4033 = DIRECTION ( 'NONE',  ( 0.000000000000000000, 0.000000000000000000, 1.000000000000000000 ) ) ;
#4034 = AXIS2_PLACEMENT_3D ( 'NONE', #9191, #5292, #7147 ) ;
#4035 = EDGE_CURVE ( 'NONE', #589, #11642, #7443, .T. ) ;
#4036 = AXIS2_PLACEMENT_3D ( 'NONE', #6517, #8259, #4524 ) ;
#4037 = DIRECTION ( 'NONE',  ( -0.000000000000000000, 1.000000000000000000, -0.000000000000000000 ) ) ;
#4038 = CARTESIAN_POINT ( 'NONE',  ( 12.70000000000000107, 14.13894155320100943, 44.18182571315276874 ) ) ;
#4039 = CARTESIAN_POINT ( 'NONE',  ( -9.525000000000000355, -12.33648634558010748, 151.1747697111192394 ) ) ;
#4040 = DIRECTION ( 'NONE',  ( -1.000000000000000000, -0.000000000000000000, -0.000000000000000000 ) ) ;
#4041 = DIRECTION ( 'NONE',  ( 0.000000000000000000, 0.000000000000000000, -1.000000000000000000 ) ) ;
#4042 = DIRECTION ( 'NONE',  ( 0.000000000000000000, 3.335204952611044534E-15, -1.000000000000000000 ) ) ;
#4043 = CARTESIAN_POINT ( 'NONE',  ( 12.70000000000000107, -4.072800018551144596, 73.66895216488211418 ) ) ;
#4044 = AXIS2_PLACEMENT_3D ( 'NONE', #4611, #4429, #4549 ) ;
#4045 = CYLINDRICAL_SURFACE ( 'NONE', #2634, 2.080499999999998906 ) ;
#4046 = VERTEX_POINT ( 'NONE', #4432 ) ;
#4047 = EDGE_LOOP ( 'NONE', ( #4193, #9735, #8540, #465 ) ) ;
#4048 = ORIENTED_EDGE ( 'NONE', *, *, #8361, .T. ) ;
#4049 = ORIENTED_EDGE ( 'NONE', *, *, #12703, .T. ) ;
#4050 = VERTEX_POINT ( 'NONE', #8162 ) ;
#4051 = DIRECTION ( 'NONE',  ( 1.000000000000000000, 0.000000000000000000, 0.000000000000000000 ) ) ;
#4052 = EDGE_CURVE ( 'NONE', #6935, #2755, #10209, .T. ) ;
#4053 = DATE_AND_TIME ( #5988, #4645 ) ;
#4054 = EDGE_CURVE ( 'NONE', #11933, #8554, #4371, .T. ) ;
#4055 = DIRECTION ( 'NONE',  ( 0.000000000000000000, 0.000000000000000000, -1.000000000000000000 ) ) ;
#4056 = VECTOR ( 'NONE', #3677, 1000.000000000000000 ) ;
#4057 = CARTESIAN_POINT ( 'NONE',  ( 12.70000000000000107, 6.152699789198528002, 104.0810759023857344 ) ) ;
#4058 = CARTESIAN_POINT ( 'NONE',  ( 12.70000000000000107, -5.371240620587816927, 75.64708431341438200 ) ) ;
#4059 = CARTESIAN_POINT ( 'NONE',  ( 12.70000000000000107, 14.15672222192810992, 150.2617764690021147 ) ) ;
#4060 = EDGE_CURVE ( 'NONE', #9707, #1399, #1308, .T. ) ;
#4061 = DIRECTION ( 'NONE',  ( -1.000000000000000000, 0.000000000000000000, 0.000000000000000000 ) ) ;
#4062 = EDGE_LOOP ( 'NONE', ( #99, #9673, #8458, #5984 ) ) ;
#4063 = ORIENTED_EDGE ( 'NONE', *, *, #11523, .T. ) ;
#4064 = ORIENTED_EDGE ( 'NONE', *, *, #12251, .T. ) ;
#4065 = AXIS2_PLACEMENT_3D ( 'NONE', #389, #5195, #1707 ) ;
#4066 = AXIS2_PLACEMENT_3D ( 'NONE', #10845, #141, #2127 ) ;
#4067 = EDGE_CURVE ( 'NONE', #10382, #4046, #3473, .T. ) ;
#4068 = ORIENTED_EDGE ( 'NONE', *, *, #12222, .T. ) ;
#4069 = FACE_OUTER_BOUND ( 'NONE', #8633, .T. ) ;
#4070 = EDGE_CURVE ( 'NONE', #511, #1322, #4251, .T. ) ;
#4071 = CARTESIAN_POINT ( 'NONE',  ( 12.70000000000000107, -4.072800018551144596, 53.33104783511790714 ) ) ;
#4072 = ADVANCED_FACE ( 'NONE', ( #12019 ), #5400, .T. ) ;
#4073 = CARTESIAN_POINT ( 'NONE',  ( -12.69999999999999751, 14.15672222192832841, 129.1382235309981752 ) ) ;
#4074 = FACE_BOUND ( 'NONE', #8811, .T. ) ;
#4075 = CARTESIAN_POINT ( 'NONE',  ( 12.70000000000000107, -16.22354728284506820, 91.16214363188775849 ) ) ;
#4076 = CARTESIAN_POINT ( 'NONE',  ( 1.861463134703977486E-15, 25.40000000000000213, 162.6000000000000227 ) ) ;
#4077 = DIRECTION ( 'NONE',  ( 0.000000000000000000, 0.000000000000000000, -1.000000000000000000 ) ) ;
#4078 = AXIS2_PLACEMENT_3D ( 'NONE', #9010, #8945, #1319 ) ;
#4079 = CIRCLE ( 'NONE', #8987, 2.499999999999988454 ) ;
#4080 = ORIENTED_EDGE ( 'NONE', *, *, #11660, .F. ) ;
#4081 = VERTEX_POINT ( 'NONE', #10140 ) ;
#4082 = ORIENTED_EDGE ( 'NONE', *, *, #11346, .F. ) ;
#4083 = ORIENTED_EDGE ( 'NONE', *, *, #11749, .T. ) ;
#4084 = EDGE_LOOP ( 'NONE', ( #9189, #7129, #4351, #4789 ) ) ;
#4085 = AXIS2_PLACEMENT_3D ( 'NONE', #12262, #2510, #9299 ) ;
#4086 = AXIS2_PLACEMENT_3D ( 'NONE', #8849, #7828, #11743 ) ;
#4087 = CARTESIAN_POINT ( 'NONE',  ( 7.746038523653021987E-16, 22.22500000000000142, 53.29999999999998295 ) ) ;
#4088 = EDGE_CURVE ( 'NONE', #6709, #10603, #7863, .T. ) ;
#4089 = CARTESIAN_POINT ( 'NONE',  ( -9.525000000000000355, 5.371240620587830250, 152.9529156865856407 ) ) ;
#4090 = CIRCLE ( 'NONE', #12699, 2.499999999999992006 ) ;
#4091 = DIRECTION ( 'NONE',  ( -1.000000000000000000, -0.000000000000000000, -0.000000000000000000 ) ) ;
#4092 = CARTESIAN_POINT ( 'NONE',  ( 1.555301434917138433E-15, 25.40000000000000213, 65.99999999999998579 ) ) ;
#4093 = CARTESIAN_POINT ( 'NONE',  ( -9.525000000000002132, -22.22499999999999787, 0.000000000000000000 ) ) ;
#4094 = CIRCLE ( 'NONE', #8806, 2.500000000000002220 ) ;
#4095 = ORIENTED_EDGE ( 'NONE', *, *, #894, .T. ) ;
#4096 = AXIS2_PLACEMENT_3D ( 'NONE', #2657, #12184, #10062 ) ;
#4097 = EDGE_CURVE ( 'NONE', #3494, #3018, #6025, .T. ) ;
#4098 = ADVANCED_FACE ( 'NONE', ( #8283 ), #7387, .F. ) ;
#4099 = VECTOR ( 'NONE', #12687, 1000.000000000000000 ) ;
#4100 = CYLINDRICAL_SURFACE ( 'NONE', #1763, 2.499999999999992006 ) ;
#4101 = VERTEX_POINT ( 'NONE', #9362 ) ;
#4102 = EDGE_LOOP ( 'NONE', ( #9918, #5793, #785, #8523 ) ) ;
#4103 = ORIENTED_EDGE ( 'NONE', *, *, #8770, .F. ) ;
#4104 = DIRECTION ( 'NONE',  ( 1.000000000000000000, 0.000000000000000000, 0.000000000000000000 ) ) ;
#4105 = CARTESIAN_POINT ( 'NONE',  ( 12.70000000000000107, -12.33648634558004353, 28.89623028888070877 ) ) ;
#4106 = CYLINDRICAL_SURFACE ( 'NONE', #609, 17.66249999999999787 ) ;
#4107 = FACE_OUTER_BOUND ( 'NONE', #4860, .T. ) ;
#4108 = CARTESIAN_POINT ( 'NONE',  ( -12.69999999999999929, -12.69999999999999929, 114.2999999999999972 ) ) ;
#4109 = CARTESIAN_POINT ( 'NONE',  ( 9.525000000000000355, 8.791741348502629450, 26.82191132943933454 ) ) ;
#4110 = CYLINDRICAL_SURFACE ( 'NONE', #8386, 2.499999999999992006 ) ;
#4111 = VECTOR ( 'NONE', #8607, 1000.000000000000000 ) ;
#4112 = CARTESIAN_POINT ( 'NONE',  ( 12.70000000000000107, 2.068405620284300195, 71.35903068698951301 ) ) ;
#4113 = CARTESIAN_POINT ( 'NONE',  ( 3.061616997868371801E-16, 25.40000000000000213, 10.20000000000000817 ) ) ;
#4114 = DIRECTION ( 'NONE',  ( -1.000000000000000000, 0.000000000000000000, 0.000000000000000000 ) ) ;
#4115 = ADVANCED_FACE ( 'NONE', ( #9239 ), #6371, .F. ) ;
#4116 = EDGE_LOOP ( 'NONE', ( #3147, #9273 ) ) ;
#4117 = ORIENTED_EDGE ( 'NONE', *, *, #8082, .T. ) ;
#4118 = ORIENTED_EDGE ( 'NONE', *, *, #1956, .F. ) ;
#4119 = VECTOR ( 'NONE', #10805, 1000.000000000000000 ) ;
#4120 = ORIENTED_EDGE ( 'NONE', *, *, #9787, .T. ) ;
#4121 = ORIENTED_EDGE ( 'NONE', *, *, #4, .F. ) ;
#4122 = MECHANICAL_CONTEXT ( 'NONE', #8234, 'mechanical' ) ;
#4123 = CYLINDRICAL_SURFACE ( 'NONE', #5895, 2.499999999999992006 ) ;
#4124 = DIRECTION ( 'NONE',  ( 0.000000000000000000, 0.000000000000000000, -1.000000000000000000 ) ) ;
#4125 = DIRECTION ( 'NONE',  ( -0.000000000000000000, 1.000000000000000000, -0.000000000000000000 ) ) ;
#4126 = DIRECTION ( 'NONE',  ( -1.000000000000000000, -0.000000000000000000, -0.000000000000000000 ) ) ;
#4127 = DIRECTION ( 'NONE',  ( 0.000000000000000000, 0.000000000000000000, 1.000000000000000000 ) ) ;
#4128 = AXIS2_PLACEMENT_3D ( 'NONE', #10253, #8326, #12305 ) ;
#4129 = CYLINDRICAL_SURFACE ( 'NONE', #992, 14.30000000000000782 ) ;
#4130 = EDGE_CURVE ( 'NONE', #6201, #11991, #11546, .T. ) ;
#4131 = ORIENTED_EDGE ( 'NONE', *, *, #9527, .T. ) ;
#4132 = VERTEX_POINT ( 'NONE', #3221 ) ;
#4133 = ORIENTED_EDGE ( 'NONE', *, *, #4943, .T. ) ;
#4134 = CYLINDRICAL_SURFACE ( 'NONE', #7221, 2.270999999999995467 ) ;
#4135 = CARTESIAN_POINT ( 'NONE',  ( 12.70000000000000107, -6.152699789198520897, 73.71892409761429121 ) ) ;
#4136 = DIRECTION ( 'NONE',  ( -1.000000000000000000, -0.000000000000000000, -0.000000000000000000 ) ) ;
#4137 = CARTESIAN_POINT ( 'NONE',  ( 9.525000000000000355, -12.69999999999999929, 111.8000000000000114 ) ) ;
#4138 = CARTESIAN_POINT ( 'NONE',  ( 12.70000000000000107, -14.13894155320108759, 44.18182571315256268 ) ) ;
#4139 = DIRECTION ( 'NONE',  ( 0.000000000000000000, 0.000000000000000000, 1.000000000000000000 ) ) ;
#4140 = EDGE_CURVE ( 'NONE', #4132, #1759, #6624, .T. ) ;
#4141 = ORIENTED_EDGE ( 'NONE', *, *, #956, .F. ) ;
#4142 = EDGE_CURVE ( 'NONE', #4503, #5090, #1488, .T. ) ;
#4143 = AXIS2_PLACEMENT_3D ( 'NONE', #4722, #9786, #1000 ) ;
#4144 = ORIENTED_EDGE ( 'NONE', *, *, #10488, .F. ) ;
#4145 = AXIS2_PLACEMENT_3D ( 'NONE', #34, #9841, #11645 ) ;
#4146 = EDGE_CURVE ( 'NONE', #4485, #2557, #9176, .T. ) ;
#4147 = VERTEX_POINT ( 'NONE', #9297 ) ;
#4148 = ORIENTED_EDGE ( 'NONE', *, *, #5738, .T. ) ;
#4149 = CARTESIAN_POINT ( 'NONE',  ( -12.69999999999999751, 15.22687436074360257, 42.18837563696011017 ) ) ;
#4150 = DIRECTION ( 'NONE',  ( 0.000000000000000000, 0.000000000000000000, 1.000000000000000000 ) ) ;
#4151 = FACE_OUTER_BOUND ( 'NONE', #4258, .T. ) ;
#4152 = CARTESIAN_POINT ( 'NONE',  ( 12.70000000000000107, -15.22687436074365230, 42.18837563695990411 ) ) ;
#4153 = AXIS2_PLACEMENT_3D ( 'NONE', #11300, #7991, #1548 ) ;
#4154 = CIRCLE ( 'NONE', #10293, 2.080499999999998906 ) ;
#4155 = CARTESIAN_POINT ( 'NONE',  ( 1.080765552152139379E-15, 25.40000000000000213, 86.40000000000000568 ) ) ;
#4156 = DIRECTION ( 'NONE',  ( 0.000000000000000000, 0.000000000000000000, 1.000000000000000000 ) ) ;
#4157 = EDGE_CURVE ( 'NONE', #10682, #6776, #2727, .T. ) ;
#4158 = CARTESIAN_POINT ( 'NONE',  ( 7.746038523653021987E-16, -25.39999999999999503, 88.89999999999999147 ) ) ;
#4159 = DIRECTION ( 'NONE',  ( -1.000000000000000000, -0.000000000000000000, -0.000000000000000000 ) ) ;
#4160 = VERTEX_POINT ( 'NONE', #349 ) ;
#4161 = ADVANCED_FACE ( 'NONE', ( #12083 ), #2323, .F. ) ;
#4162 = CIRCLE ( 'NONE', #1906, 2.499999999999988454 ) ;
#4163 = DIRECTION ( 'NONE',  ( -0.000000000000000000, 1.000000000000000000, -0.000000000000000000 ) ) ;
#4164 = VERTEX_POINT ( 'NONE', #6544 ) ;
#4165 = ORIENTED_EDGE ( 'NONE', *, *, #3637, .T. ) ;
#4166 = ORIENTED_EDGE ( 'NONE', *, *, #8287, .T. ) ;
#4167 = LINE ( 'NONE', #10833, #3679 ) ;
#4168 = DIRECTION ( 'NONE',  ( 1.000000000000000000, 0.000000000000000000, 0.000000000000000000 ) ) ;
#4169 = DIRECTION ( 'NONE',  ( -1.000000000000000000, -0.000000000000000000, -0.000000000000000000 ) ) ;
#4170 = CYLINDRICAL_SURFACE ( 'NONE', #907, 2.499999999999988454 ) ;
#4171 = EDGE_CURVE ( 'NONE', #542, #3243, #12574, .T. ) ;
#4172 = AXIS2_PLACEMENT_3D ( 'NONE', #10582, #1802, #2624 ) ;
#4173 = CARTESIAN_POINT ( 'NONE',  ( -9.525000000000002132, 3.061616997868379197E-16, 111.8000000000000114 ) ) ;
#4174 = CARTESIAN_POINT ( 'NONE',  ( -9.525000000000000355, -16.22512784221253312, 45.07919284400851723 ) ) ;
#4175 = CARTESIAN_POINT ( 'NONE',  ( 12.70000000000000107, 0.000000000000000000, 114.2999999999999972 ) ) ;
#4176 = CARTESIAN_POINT ( 'NONE',  ( 12.70000000000000107, 3.577867169202164632E-15, 38.10000000000001563 ) ) ;
#4177 = DIRECTION ( 'NONE',  ( -1.000000000000000000, -0.000000000000000000, -0.000000000000000000 ) ) ;
#4178 = EDGE_LOOP ( 'NONE', ( #941, #5516, #6655, #2343 ) ) ;
#4179 = ORIENTED_EDGE ( 'NONE', *, *, #6390, .T. ) ;
#4180 = EDGE_LOOP ( 'NONE', ( #7820, #2157, #2283, #3662 ) ) ;
#4181 = VECTOR ( 'NONE', #9750, 1000.000000000000000 ) ;
#4182 = VERTEX_POINT ( 'NONE', #8593 ) ;
#4183 = EDGE_LOOP ( 'NONE', ( #5693, #3482 ) ) ;
#4184 = DATE_AND_TIME ( #282, #5465 ) ;
#4185 = CARTESIAN_POINT ( 'NONE',  ( -12.69999999999999929, 12.69999999999999929, 111.8000000000000114 ) ) ;
#4186 = EDGE_CURVE ( 'NONE', #7950, #6028, #6734, .T. ) ;
#4187 = DIRECTION ( 'NONE',  ( 1.000000000000000000, 0.000000000000000000, 0.000000000000000000 ) ) ;
#4188 = DIRECTION ( 'NONE',  ( -1.000000000000000000, -0.000000000000000000, -0.000000000000000000 ) ) ;
#4189 = CARTESIAN_POINT ( 'NONE',  ( 9.525000000000000355, -2.068405620284295310, 157.2409693130105097 ) ) ;
#4190 = VECTOR ( 'NONE', #5, 1000.000000000000000 ) ;
#4191 = DIRECTION ( 'NONE',  ( 0.000000000000000000, -8.754913000603934117E-15, 1.000000000000000000 ) ) ;
#4192 = EDGE_LOOP ( 'NONE', ( #8677, #9827, #2329, #11768 ) ) ;
#4193 = ORIENTED_EDGE ( 'NONE', *, *, #1004, .T. ) ;
#4194 = ORIENTED_EDGE ( 'NONE', *, *, #429, .T. ) ;
#4195 = CARTESIAN_POINT ( 'NONE',  ( 9.525000000000000355, 3.577867169202164632E-15, 139.7000000000000171 ) ) ;
#4196 = AXIS2_PLACEMENT_3D ( 'NONE', #3764, #12497, #3700 ) ;
#4197 = CARTESIAN_POINT ( 'NONE',  ( 1.080765552152139379E-15, 25.40000000000000213, 86.40000000000000568 ) ) ;
#4198 = CARTESIAN_POINT ( 'NONE',  ( 9.525000000000000355, 16.22512784221244786, 95.87919284400875597 ) ) ;
#4199 = ADVANCED_FACE ( 'NONE', ( #3586 ), #8468, .T. ) ;
#4200 = CARTESIAN_POINT ( 'NONE',  ( 9.525000000000000355, 14.16298196909033003, 141.6748270160250343 ) ) ;
#4201 = CARTESIAN_POINT ( 'NONE',  ( 1.555301434917138433E-15, 25.40000000000000213, 63.50000000000000000 ) ) ;
#4202 = ORIENTED_EDGE ( 'NONE', *, *, #8801, .F. ) ;
#4203 = AXIS2_PLACEMENT_3D ( 'NONE', #11357, #782, #4495 ) ;
#4204 = ORIENTED_EDGE ( 'NONE', *, *, #9356, .T. ) ;
#4205 = ORIENTED_EDGE ( 'NONE', *, *, #9340, .T. ) ;
#4206 = ORIENTED_EDGE ( 'NONE', *, *, #12631, .T. ) ;
#4207 = CIRCLE ( 'NONE', #8503, 2.271000000000002128 ) ;
#4208 = CARTESIAN_POINT ( 'NONE',  ( 9.525000000000000355, 12.33648634557998314, 49.57476971111940856 ) ) ;
#4209 = DIRECTION ( 'NONE',  ( 1.000000000000000000, 0.000000000000000000, 0.000000000000000000 ) ) ;
#4210 = LINE ( 'NONE', #9021, #8421 ) ;
#4211 = CARTESIAN_POINT ( 'NONE',  ( 9.525000000000000355, 14.15672222192832841, 78.33822353099817803 ) ) ;
#4212 = EDGE_CURVE ( 'NONE', #4182, #11629, #7636, .T. ) ;
#4213 = CIRCLE ( 'NONE', #5859, 2.271000000000002128 ) ;
#4214 = ADVANCED_FACE ( 'NONE', ( #12449 ), #6605, .T. ) ;
#4215 = CARTESIAN_POINT ( 'NONE',  ( 12.70000000000000107, 12.33648634557998314, 151.1747697111194100 ) ) ;
#4216 = DIRECTION ( 'NONE',  ( 0.000000000000000000, -6.670409905222044891E-15, -1.000000000000000000 ) ) ;
#4217 = CARTESIAN_POINT ( 'NONE',  ( -12.69999999999999751, 16.22512784221258997, 31.12080715599162417 ) ) ;
#4218 = VECTOR ( 'NONE', #8686, 1000.000000000000000 ) ;
#4219 = CIRCLE ( 'NONE', #4414, 17.66249999999999787 ) ;
#4220 = DIRECTION ( 'NONE',  ( 0.000000000000000000, 0.000000000000000000, 1.000000000000000000 ) ) ;
#4221 = EDGE_LOOP ( 'NONE', ( #2281, #6077, #877, #10398 ) ) ;
#4222 = ORIENTED_EDGE ( 'NONE', *, *, #1880, .F. ) ;
#4223 = ORIENTED_EDGE ( 'NONE', *, *, #8107, .T. ) ;
#4224 = VERTEX_POINT ( 'NONE', #7699 ) ;
#4225 = APPROVAL_PERSON_ORGANIZATION ( #5148, #2482, #10981 ) ;
#4226 = CARTESIAN_POINT ( 'NONE',  ( -12.69999999999999929, 3.061616997868371801E-16, 10.19999999999994600 ) ) ;
#4227 = VECTOR ( 'NONE', #8097, 1000.000000000000000 ) ;
#4228 = DIRECTION ( 'NONE',  ( 0.000000000000000000, 0.000000000000000000, 1.000000000000000000 ) ) ;
#4229 = EDGE_CURVE ( 'NONE', #322, #8366, #10512, .T. ) ;
#4230 = CARTESIAN_POINT ( 'NONE',  ( -9.525000000000000355, 3.577867169202164632E-15, 38.10000000000001563 ) ) ;
#4231 = EDGE_CURVE ( 'NONE', #9824, #11007, #7512, .T. ) ;
#4232 = CIRCLE ( 'NONE', #12026, 2.080499999999998906 ) ;
#4233 = CYLINDRICAL_SURFACE ( 'NONE', #2544, 14.30000000000000782 ) ;
#4234 = AXIS2_PLACEMENT_3D ( 'NONE', #5845, #10711, #2749 ) ;
#4235 = DIRECTION ( 'NONE',  ( 0.000000000000000000, 0.000000000000000000, 1.000000000000000000 ) ) ;
#4236 = FACE_BOUND ( 'NONE', #2693, .T. ) ;
#4237 = DIRECTION ( 'NONE',  ( 0.000000000000000000, 0.000000000000000000, 1.000000000000000000 ) ) ;
#4238 = CARTESIAN_POINT ( 'NONE',  ( -12.69999999999999751, -12.33648634558010748, 47.30376971111923723 ) ) ;
#4239 = AXIS2_PLACEMENT_3D ( 'NONE', #1567, #12468, #5418 ) ;
#4240 = CARTESIAN_POINT ( 'NONE',  ( 12.70000000000000107, 16.22354728284504333, 141.9621436318879830 ) ) ;
#4241 = VERTEX_POINT ( 'NONE', #4684 ) ;
#4242 = CIRCLE ( 'NONE', #2402, 2.080499999999998906 ) ;
#4243 = ORIENTED_EDGE ( 'NONE', *, *, #7982, .F. ) ;
#4244 = VERTEX_POINT ( 'NONE', #715 ) ;
#4245 = EDGE_CURVE ( 'NONE', #9015, #6073, #11971, .T. ) ;
#4246 = ORIENTED_EDGE ( 'NONE', *, *, #9775, .T. ) ;
#4247 = EDGE_LOOP ( 'NONE', ( #4792, #9075, #1905, #6641 ) ) ;
#4248 = CARTESIAN_POINT ( 'NONE',  ( 9.525000000000000355, -14.13894155320104851, 133.6181742868473634 ) ) ;
#4249 = EDGE_CURVE ( 'NONE', #6095, #665, #9695, .T. ) ;
#4250 = CARTESIAN_POINT ( 'NONE',  ( 12.70000000000000107, 3.577867169202164632E-15, 88.90000000000000568 ) ) ;
#4251 = LINE ( 'NONE', #11050, #2933 ) ;
#4252 = DIRECTION ( 'NONE',  ( -1.000000000000000000, 0.000000000000000000, 0.000000000000000000 ) ) ;
#4253 = CARTESIAN_POINT ( 'NONE',  ( -12.69999999999999751, 16.22354728284504333, 91.16214363188798586 ) ) ;
#4254 = ADVANCED_FACE ( 'NONE', ( #4615 ), #8655, .T. ) ;
#4255 = CIRCLE ( 'NONE', #772, 2.080499999999998906 ) ;
#4256 = LINE ( 'NONE', #2209, #11993 ) ;
#4257 = CARTESIAN_POINT ( 'NONE',  ( 12.70000000000000107, 12.33648634558017676, 79.69623028888086935 ) ) ;
#4258 = EDGE_LOOP ( 'NONE', ( #8732, #8318, #1246, #5349 ) ) ;
#4259 = ORIENTED_EDGE ( 'NONE', *, *, #10581, .F. ) ;
#4260 = ORIENTED_EDGE ( 'NONE', *, *, #11419, .T. ) ;
#4261 = EDGE_CURVE ( 'NONE', #6695, #1218, #5648, .T. ) ;
#4262 = ORIENTED_EDGE ( 'NONE', *, *, #8692, .T. ) ;
#4263 = DIRECTION ( 'NONE',  ( 0.000000000000000000, 0.000000000000000000, 1.000000000000000000 ) ) ;
#4264 = CARTESIAN_POINT ( 'NONE',  ( 1.555301434917138038E-15, -25.39999999999999503, 27.89999999999999503 ) ) ;
#4265 = DIRECTION ( 'NONE',  ( 1.000000000000000000, 0.000000000000000000, 0.000000000000000000 ) ) ;
#4266 = FACE_BOUND ( 'NONE', #11305, .T. ) ;
#4267 = EDGE_LOOP ( 'NONE', ( #9341, #7109, #4246, #650 ) ) ;
#4268 = AXIS2_PLACEMENT_3D ( 'NONE', #12666, #5931, #9836 ) ;
#4269 = ORIENTED_EDGE ( 'NONE', *, *, #5577, .T. ) ;
#4270 = VERTEX_POINT ( 'NONE', #12578 ) ;
#4271 = ORIENTED_EDGE ( 'NONE', *, *, #9783, .T. ) ;
#4272 = EDGE_CURVE ( 'NONE', #6642, #11262, #839, .T. ) ;
#4273 = DIRECTION ( 'NONE',  ( 0.000000000000000000, 0.000000000000000000, -1.000000000000000000 ) ) ;
#4274 = CARTESIAN_POINT ( 'NONE',  ( -9.525000000000002132, 0.000000000000000000, 12.69999999999993356 ) ) ;
#4275 = DIRECTION ( 'NONE',  ( -1.000000000000000000, -0.000000000000000000, -0.000000000000000000 ) ) ;
#4276 = AXIS2_PLACEMENT_3D ( 'NONE', #7216, #105, #11003 ) ;
#4277 = DIRECTION ( 'NONE',  ( -1.000000000000000000, -0.000000000000000000, -0.000000000000000000 ) ) ;
#4278 = AXIS2_PLACEMENT_3D ( 'NONE', #8600, #3723, #5723 ) ;
#4279 = CYLINDRICAL_SURFACE ( 'NONE', #3318, 2.080499999999998906 ) ;
#4280 = DIRECTION ( 'NONE',  ( 0.000000000000000000, 0.000000000000000000, 1.000000000000000000 ) ) ;
#4281 = CARTESIAN_POINT ( 'NONE',  ( -9.525000000000000355, 2.068405620284298418, 106.4409693130105268 ) ) ;
#4282 = ORIENTED_EDGE ( 'NONE', *, *, #632, .T. ) ;
#4283 = AXIS2_PLACEMENT_3D ( 'NONE', #8344, #5280, #10142 ) ;
#4284 = EDGE_CURVE ( 'NONE', #9902, #7191, #3781, .T. ) ;
#4285 = AXIS2_PLACEMENT_3D ( 'NONE', #11165, #6296, #337 ) ;
#4286 = ORIENTED_EDGE ( 'NONE', *, *, #300, .F. ) ;
#4287 = EDGE_LOOP ( 'NONE', ( #12195, #8504, #10814, #10379 ) ) ;
#4288 = AXIS2_PLACEMENT_3D ( 'NONE', #7885, #3195, #8845 ) ;
#4289 = FACE_OUTER_BOUND ( 'NONE', #4955, .T. ) ;
#4290 = CARTESIAN_POINT ( 'NONE',  ( 12.70000000000000107, -16.22512784221249404, 132.7208071559913947 ) ) ;
#4291 = FACE_OUTER_BOUND ( 'NONE', #9647, .T. ) ;
#4292 = AXIS2_PLACEMENT_3D ( 'NONE', #8852, #6040, #4041 ) ;
#4293 = LINE ( 'NONE', #1469, #10942 ) ;
#4294 = EDGE_CURVE ( 'NONE', #11962, #12056, #1922, .T. ) ;
#4295 = CIRCLE ( 'NONE', #810, 17.66249999999999787 ) ;
#4296 = DIRECTION ( 'NONE',  ( -1.000000000000000000, -0.000000000000000000, -0.000000000000000000 ) ) ;
#4297 = FACE_BOUND ( 'NONE', #177, .T. ) ;
#4298 = DIRECTION ( 'NONE',  ( 0.000000000000000000, 0.000000000000000000, -1.000000000000000000 ) ) ;
#4299 = DIRECTION ( 'NONE',  ( 0.000000000000000000, 1.500842228674969961E-14, -1.000000000000000000 ) ) ;
#4300 = CIRCLE ( 'NONE', #8803, 2.270999999999995467 ) ;
#4301 = LINE ( 'NONE', #12004, #3663 ) ;
#4302 = ADVANCED_FACE ( 'NONE', ( #10387 ), #1610, .T. ) ;
#4303 = VERTEX_POINT ( 'NONE', #12323 ) ;
#4304 = EDGE_CURVE ( 'NONE', #4160, #10382, #6442, .T. ) ;
#4305 = ORIENTED_EDGE ( 'NONE', *, *, #4372, .F. ) ;
#4306 = ORIENTED_EDGE ( 'NONE', *, *, #78, .F. ) ;
#4307 = ORIENTED_EDGE ( 'NONE', *, *, #5890, .T. ) ;
#4308 = EDGE_LOOP ( 'NONE', ( #9419, #9885, #8005, #4728 ) ) ;
#4309 = DIRECTION ( 'NONE',  ( 0.000000000000000000, 0.000000000000000000, -1.000000000000000000 ) ) ;
#4310 = CIRCLE ( 'NONE', #11688, 2.270999999999995467 ) ;
#4311 = CARTESIAN_POINT ( 'NONE',  ( 9.525000000000000355, -11.15407434219252103, 49.24267219815796182 ) ) ;
#4312 = CARTESIAN_POINT ( 'NONE',  ( 12.70000000000000107, -6.152699789198520897, 104.0810759023857344 ) ) ;
#4313 = CARTESIAN_POINT ( 'NONE',  ( -12.69999999999999751, -12.69999999999999929, 63.50000000000000000 ) ) ;
#4314 = DIRECTION ( 'NONE',  ( 1.000000000000000000, 0.000000000000000000, 0.000000000000000000 ) ) ;
#4315 = CARTESIAN_POINT ( 'NONE',  ( -12.69999999999999751, 25.40000000000000213, 177.8000000000000114 ) ) ;
#4316 = CARTESIAN_POINT ( 'NONE',  ( -12.69999999999999751, -12.69999999999999929, 12.69999999999999929 ) ) ;
#4317 = CARTESIAN_POINT ( 'NONE',  ( 12.70000000000000107, -5.371240620587821368, 102.1529156865856294 ) ) ;
#4318 = ORIENTED_EDGE ( 'NONE', *, *, #5053, .T. ) ;
#4319 = VECTOR ( 'NONE', #11480, 1000.000000000000000 ) ;
#4320 = ORIENTED_EDGE ( 'NONE', *, *, #11199, .T. ) ;
#4321 = ORIENTED_EDGE ( 'NONE', *, *, #7532, .F. ) ;
#4322 = VERTEX_POINT ( 'NONE', #2882 ) ;
#4323 = VERTEX_POINT ( 'NONE', #3011 ) ;
#4324 = CARTESIAN_POINT ( 'NONE',  ( -9.525000000000002132, 12.69999999999999929, 111.8000000000000114 ) ) ;
#4325 = FACE_OUTER_BOUND ( 'NONE', #11476, .T. ) ;
#4326 = DIRECTION ( 'NONE',  ( -1.000000000000000000, -0.000000000000000000, -0.000000000000000000 ) ) ;
#4327 = FACE_BOUND ( 'NONE', #11170, .T. ) ;
#4328 = CIRCLE ( 'NONE', #3310, 2.499999999999995115 ) ;
#4329 = EDGE_CURVE ( 'NONE', #12076, #10317, #10519, .T. ) ;
#4330 = ORIENTED_EDGE ( 'NONE', *, *, #6661, .F. ) ;
#4331 = VERTEX_POINT ( 'NONE', #6038 ) ;
#4332 = ORIENTED_EDGE ( 'NONE', *, *, #11843, .F. ) ;
#4333 = VERTEX_POINT ( 'NONE', #6926 ) ;
#4334 = ORIENTED_EDGE ( 'NONE', *, *, #7837, .F. ) ;
#4335 = CIRCLE ( 'NONE', #12124, 2.080499999999998906 ) ;
#4336 = AXIS2_PLACEMENT_3D ( 'NONE', #3832, #8764, #1974 ) ;
#4337 = DIRECTION ( 'NONE',  ( 0.000000000000000000, 0.000000000000000000, -1.000000000000000000 ) ) ;
#4338 = CARTESIAN_POINT ( 'NONE',  ( 12.70000000000000107, 10.07084749364639542, 51.01893227049807678 ) ) ;
#4339 = CARTESIAN_POINT ( 'NONE',  ( 12.70000000000000107, 3.577867169202164632E-15, 38.10000000000001563 ) ) ;
#4340 = CARTESIAN_POINT ( 'NONE',  ( 1.555301434917138038E-15, 25.40000000000000213, 27.89999999999999147 ) ) ;
#4341 = CARTESIAN_POINT ( 'NONE',  ( 12.70000000000000107, -4.072800018551144596, 124.4689521648821113 ) ) ;
#4342 = DIRECTION ( 'NONE',  ( -1.000000000000000000, -0.000000000000000000, -0.000000000000000000 ) ) ;
#4343 = EDGE_CURVE ( 'NONE', #11073, #9663, #9493, .T. ) ;
#4344 = DIRECTION ( 'NONE',  ( 1.000000000000000000, 0.000000000000000000, 0.000000000000000000 ) ) ;
#4345 = CIRCLE ( 'NONE', #11719, 2.499999999999988454 ) ;
#4346 = DIRECTION ( 'NONE',  ( 1.000000000000000000, 0.000000000000000000, 0.000000000000000000 ) ) ;
#4347 = ORIENTED_EDGE ( 'NONE', *, *, #10416, .T. ) ;
#4348 = ORIENTED_EDGE ( 'NONE', *, *, #460, .F. ) ;
#4349 = VECTOR ( 'NONE', #5243, 1000.000000000000000 ) ;
#4350 = CIRCLE ( 'NONE', #6597, 2.270999999999995467 ) ;
#4351 = ORIENTED_EDGE ( 'NONE', *, *, #171, .T. ) ;
#4352 = LINE ( 'NONE', #2488, #7364 ) ;
#4353 = CARTESIAN_POINT ( 'NONE',  ( 12.70000000000000107, 3.577867169202164632E-15, 38.10000000000001563 ) ) ;
#4354 = DIRECTION ( 'NONE',  ( 1.000000000000000000, 0.000000000000000000, 0.000000000000000000 ) ) ;
#4355 = CARTESIAN_POINT ( 'NONE',  ( 12.70000000000000107, 14.16298196909033003, 40.07482701602503994 ) ) ;
#4356 = EDGE_CURVE ( 'NONE', #2775, #6595, #8785, .T. ) ;
#4357 = DIRECTION ( 'NONE',  ( -1.000000000000000000, -0.000000000000000000, -0.000000000000000000 ) ) ;
#4358 = DIRECTION ( 'NONE',  ( -0.000000000000000000, 1.000000000000000000, -0.000000000000000000 ) ) ;
#4359 = CARTESIAN_POINT ( 'NONE',  ( 9.525000000000000355, -12.69999999999999929, 61.00000000000000711 ) ) ;
#4360 = CARTESIAN_POINT ( 'NONE',  ( -12.69999999999999751, 0.000000000000000000, 63.50000000000000000 ) ) ;
#4361 = AXIS2_PLACEMENT_3D ( 'NONE', #172, #597, #6135 ) ;
#4362 = AXIS2_PLACEMENT_3D ( 'NONE', #2958, #2010, #21 ) ;
#4363 = VERTEX_POINT ( 'NONE', #10837 ) ;
#4364 = ORIENTED_EDGE ( 'NONE', *, *, #3371, .F. ) ;
#4365 = EDGE_LOOP ( 'NONE', ( #10076, #1762, #5254, #3739 ) ) ;
#4366 = VERTEX_POINT ( 'NONE', #4039 ) ;
#4367 = ORIENTED_EDGE ( 'NONE', *, *, #165, .F. ) ;
#4368 = CIRCLE ( 'NONE', #491, 2.499999999999988454 ) ;
#4369 = DIRECTION ( 'NONE',  ( 0.000000000000000000, 1.667602476305511223E-15, -1.000000000000000000 ) ) ;
#4370 = CARTESIAN_POINT ( 'NONE',  ( 7.746038523653021987E-16, 25.40000000000000213, 152.3999999999999773 ) ) ;
#4371 = LINE ( 'NONE', #7323, #7244 ) ;
#4372 = EDGE_CURVE ( 'NONE', #12376, #5110, #4999, .T. ) ;
#4373 = FACE_OUTER_BOUND ( 'NONE', #292, .T. ) ;
#4374 = DIRECTION ( 'NONE',  ( -0.000000000000000000, 1.000000000000000000, -0.000000000000000000 ) ) ;
#4375 = EDGE_CURVE ( 'NONE', #6300, #6808, #11809, .T. ) ;
#4376 = DIRECTION ( 'NONE',  ( 0.000000000000000000, 0.000000000000000000, 1.000000000000000000 ) ) ;
#4377 = FACE_OUTER_BOUND ( 'NONE', #1281, .T. ) ;
#4378 = AXIS2_PLACEMENT_3D ( 'NONE', #9111, #12261, #6426 ) ;
#4379 = EDGE_LOOP ( 'NONE', ( #9479, #1575 ) ) ;
#4380 = ORIENTED_EDGE ( 'NONE', *, *, #5626, .F. ) ;
#4381 = ORIENTED_EDGE ( 'NONE', *, *, #3357, .T. ) ;
#4382 = ORIENTED_EDGE ( 'NONE', *, *, #1293, .F. ) ;
#4383 = ORIENTED_EDGE ( 'NONE', *, *, #6570, .F. ) ;
#4384 = CARTESIAN_POINT ( 'NONE',  ( -12.69999999999999751, -4.072800018551144596, 53.33104783511790714 ) ) ;
#4385 = CARTESIAN_POINT ( 'NONE',  ( 12.70000000000000107, -12.69999999999999929, 10.20000000000000284 ) ) ;
#4386 = LINE ( 'NONE', #12101, #3596 ) ;
#4387 = CIRCLE ( 'NONE', #10730, 2.080499999999998906 ) ;
#4388 = DIRECTION ( 'NONE',  ( 0.000000000000000000, 0.000000000000000000, 1.000000000000000000 ) ) ;
#4389 = EDGE_CURVE ( 'NONE', #3243, #1683, #70, .T. ) ;
#4390 = EDGE_LOOP ( 'NONE', ( #8398, #10591, #10103, #4607 ) ) ;
#4391 = ORIENTED_EDGE ( 'NONE', *, *, #504, .T. ) ;
#4392 = ORIENTED_EDGE ( 'NONE', *, *, #7906, .T. ) ;
#4393 = ORIENTED_EDGE ( 'NONE', *, *, #3981, .F. ) ;
#4394 = VERTEX_POINT ( 'NONE', #11875 ) ;
#4395 = AXIS2_PLACEMENT_3D ( 'NONE', #7912, #12486, #4723 ) ;
#4396 = EDGE_CURVE ( 'NONE', #1622, #7457, #10963, .T. ) ;
#4397 = CARTESIAN_POINT ( 'NONE',  ( 1.555301434917138038E-15, -25.39999999999999503, 127.0000000000000000 ) ) ;
#4398 = CYLINDRICAL_SURFACE ( 'NONE', #11932, 2.270999999999995467 ) ;
#4399 = CARTESIAN_POINT ( 'NONE',  ( 12.70000000000000107, -2.068405620284290425, 122.1590306869894960 ) ) ;
#4400 = CYLINDRICAL_SURFACE ( 'NONE', #6886, 14.30000000000000782 ) ;
#4401 = ADVANCED_FACE ( 'NONE', ( #6992 ), #9935, .F. ) ;
#4402 = DIRECTION ( 'NONE',  ( 0.000000000000000000, 0.000000000000000000, 1.000000000000000000 ) ) ;
#4403 = AXIS2_PLACEMENT_3D ( 'NONE', #6245, #220, #10084 ) ;
#4404 = DIRECTION ( 'NONE',  ( 1.000000000000000000, 0.000000000000000000, 0.000000000000000000 ) ) ;
#4405 = ORIENTED_EDGE ( 'NONE', *, *, #1732, .F. ) ;
#4406 = EDGE_CURVE ( 'NONE', #1007, #2227, #1158, .T. ) ;
#4407 = VERTEX_POINT ( 'NONE', #970 ) ;
#4408 = EDGE_CURVE ( 'NONE', #5690, #12670, #11744, .T. ) ;
#4409 = VECTOR ( 'NONE', #6232, 1000.000000000000000 ) ;
#4410 = ORIENTED_EDGE ( 'NONE', *, *, #11375, .F. ) ;
#4411 = DIRECTION ( 'NONE',  ( -1.000000000000000000, -0.000000000000000000, -0.000000000000000000 ) ) ;
#4412 = CARTESIAN_POINT ( 'NONE',  ( 12.70000000000000107, 16.22512784221258997, 132.7208071559915936 ) ) ;
#4413 = AXIS2_PLACEMENT_3D ( 'NONE', #2781, #6703, #5812 ) ;
#4414 = AXIS2_PLACEMENT_3D ( 'NONE', #859, #10728, #7720 ) ;
#4415 = CARTESIAN_POINT ( 'NONE',  ( -9.525000000000002132, -12.69999999999999929, 116.7999999999999829 ) ) ;
#4416 = CARTESIAN_POINT ( 'NONE',  ( 12.70000000000000107, 8.791741348502393194, 150.9780886705609078 ) ) ;
#4417 = LINE ( 'NONE', #10314, #281 ) ;
#4418 = VECTOR ( 'NONE', #315, 1000.000000000000000 ) ;
#4419 = DIRECTION ( 'NONE',  ( 0.000000000000000000, 0.000000000000000000, 1.000000000000000000 ) ) ;
#4420 = CIRCLE ( 'NONE', #9528, 2.499999999999992006 ) ;
#4421 = ORIENTED_EDGE ( 'NONE', *, *, #10605, .F. ) ;
#4422 = AXIS2_PLACEMENT_3D ( 'NONE', #8033, #12322, #1487 ) ;
#4423 = VERTEX_POINT ( 'NONE', #201 ) ;
#4424 = ORIENTED_EDGE ( 'NONE', *, *, #8198, .F. ) ;
#4425 = EDGE_CURVE ( 'NONE', #12657, #5772, #5610, .T. ) ;
#4426 = ORIENTED_EDGE ( 'NONE', *, *, #7077, .T. ) ;
#4427 = EDGE_LOOP ( 'NONE', ( #7963, #978, #10504, #11572 ) ) ;
#4428 = AXIS2_PLACEMENT_3D ( 'NONE', #2583, #7402, #1626 ) ;
#4429 = DIRECTION ( 'NONE',  ( -1.000000000000000000, 0.000000000000000000, 0.000000000000000000 ) ) ;
#4430 = DIRECTION ( 'NONE',  ( -1.000000000000000000, 0.000000000000000000, 0.000000000000000000 ) ) ;
#4431 = FACE_OUTER_BOUND ( 'NONE', #3709, .T. ) ;
#4432 = CARTESIAN_POINT ( 'NONE',  ( 9.525000000000000355, -12.69999999999999929, 65.99999999999998579 ) ) ;
#4433 = CARTESIAN_POINT ( 'NONE',  ( 9.525000000000000355, -4.072800018551144596, 73.66895216488211418 ) ) ;
#4434 = FACE_OUTER_BOUND ( 'NONE', #5472, .T. ) ;
#4435 = CIRCLE ( 'NONE', #1344, 2.499999999999992006 ) ;
#4436 = DIRECTION ( 'NONE',  ( 0.000000000000000000, 0.000000000000000000, 1.000000000000000000 ) ) ;
#4437 = AXIS2_PLACEMENT_3D ( 'NONE', #10670, #1893, #3042 ) ;
#4438 = DIRECTION ( 'NONE',  ( 0.000000000000000000, 0.000000000000000000, 1.000000000000000000 ) ) ;
#4439 = AXIS2_PLACEMENT_3D ( 'NONE', #3701, #7620, #5828 ) ;
#4440 = EDGE_LOOP ( 'NONE', ( #7564, #6074, #1216, #9658 ) ) ;
#4441 = ORIENTED_EDGE ( 'NONE', *, *, #11111, .T. ) ;
#4442 = EDGE_CURVE ( 'NONE', #5549, #7423, #297, .T. ) ;
#4443 = ORIENTED_EDGE ( 'NONE', *, *, #7929, .F. ) ;
#4444 = VERTEX_POINT ( 'NONE', #9876 ) ;
#4445 = DIRECTION ( 'NONE',  ( 0.000000000000000000, 0.000000000000000000, -1.000000000000000000 ) ) ;
#4446 = DIRECTION ( 'NONE',  ( 0.000000000000000000, 0.000000000000000000, 1.000000000000000000 ) ) ;
#4447 = VECTOR ( 'NONE', #730, 1000.000000000000000 ) ;
#4448 = DIRECTION ( 'NONE',  ( -1.000000000000000000, -0.000000000000000000, -0.000000000000000000 ) ) ;
#4449 = DIRECTION ( 'NONE',  ( 1.000000000000000000, -0.000000000000000000, -0.000000000000000000 ) ) ;
#4450 = CARTESIAN_POINT ( 'NONE',  ( 0.000000000000000000, -22.22499999999999787, 12.69999999999999929 ) ) ;
#4451 = EDGE_CURVE ( 'NONE', #5090, #11245, #10115, .T. ) ;
#4452 = ORIENTED_EDGE ( 'NONE', *, *, #9221, .F. ) ;
#4453 = ORIENTED_EDGE ( 'NONE', *, *, #10105, .F. ) ;
#4454 = EDGE_CURVE ( 'NONE', #4323, #239, #7254, .T. ) ;
#4455 = AXIS2_PLACEMENT_3D ( 'NONE', #7571, #8464, #5337 ) ;
#4456 = ORIENTED_EDGE ( 'NONE', *, *, #4425, .T. ) ;
#4457 = EDGE_CURVE ( 'NONE', #7155, #7727, #1115, .T. ) ;
#4458 = ORIENTED_EDGE ( 'NONE', *, *, #7792, .F. ) ;
#4459 = EDGE_CURVE ( 'NONE', #12012, #12044, #4387, .T. ) ;
#4460 = DIRECTION ( 'NONE',  ( 0.000000000000000000, 0.000000000000000000, 1.000000000000000000 ) ) ;
#4461 = FACE_OUTER_BOUND ( 'NONE', #1636, .T. ) ;
#4462 = DIRECTION ( 'NONE',  ( -0.000000000000000000, 1.000000000000000000, -0.000000000000000000 ) ) ;
#4463 = CARTESIAN_POINT ( 'NONE',  ( 12.70000000000000107, -16.22354728284505399, 86.63785636811216762 ) ) ;
#4464 = DIRECTION ( 'NONE',  ( -1.000000000000000000, -0.000000000000000000, -0.000000000000000000 ) ) ;
#4465 = CARTESIAN_POINT ( 'NONE',  ( -12.69999999999999751, -6.152699789198520897, 73.71892409761429121 ) ) ;
#4466 = AXIS2_PLACEMENT_3D ( 'NONE', #1946, #4061, #919 ) ;
#4467 = ORIENTED_EDGE ( 'NONE', *, *, #6805, .F. ) ;
#4468 = EDGE_CURVE ( 'NONE', #1601, #5421, #2939, .T. ) ;
#4469 = ORIENTED_EDGE ( 'NONE', *, *, #10931, .F. ) ;
#4470 = AXIS2_PLACEMENT_3D ( 'NONE', #10675, #6635, #3687 ) ;
#4471 = VECTOR ( 'NONE', #6246, 1000.000000000000000 ) ;
#4472 = CARTESIAN_POINT ( 'NONE',  ( 12.70000000000000107, -12.69999999999999929, 114.2999999999999972 ) ) ;
#4473 = CARTESIAN_POINT ( 'NONE',  ( 9.525000000000000355, -16.22512784221253312, 95.87919284400851438 ) ) ;
#4474 = CARTESIAN_POINT ( 'NONE',  ( 9.525000000000000355, -10.07084749364648069, 128.8615677295020134 ) ) ;
#4475 = DIRECTION ( 'NONE',  ( 0.000000000000000000, 0.000000000000000000, 1.000000000000000000 ) ) ;
#4476 = CARTESIAN_POINT ( 'NONE',  ( 9.525000000000000355, -10.07084749364648069, 126.7810677295020128 ) ) ;
#4477 = CARTESIAN_POINT ( 'NONE',  ( 12.70000000000000107, 0.000000000000000000, 114.2999999999999972 ) ) ;
#4478 = DIRECTION ( 'NONE',  ( 0.000000000000000000, 0.000000000000000000, 1.000000000000000000 ) ) ;
#4479 = CIRCLE ( 'NONE', #10014, 2.500000000000002220 ) ;
#4480 = EDGE_CURVE ( 'NONE', #6300, #10535, #3853, .T. ) ;
#4481 = CIRCLE ( 'NONE', #8182, 2.499999999999988454 ) ;
#4482 = ORIENTED_EDGE ( 'NONE', *, *, #10762, .F. ) ;
#4483 = EDGE_LOOP ( 'NONE', ( #484, #11187, #10683, #2756 ) ) ;
#4484 = ORIENTED_EDGE ( 'NONE', *, *, #8295, .F. ) ;
#4485 = VERTEX_POINT ( 'NONE', #7243 ) ;
#4486 = VECTOR ( 'NONE', #5085, 1000.000000000000000 ) ;
#4487 = AXIS2_PLACEMENT_3D ( 'NONE', #6796, #5001, #1926 ) ;
#4488 = CARTESIAN_POINT ( 'NONE',  ( 12.70000000000000107, 6.152699789198528002, 22.91892409761429406 ) ) ;
#4489 = LINE ( 'NONE', #7445, #7968 ) ;
#4490 = LINE ( 'NONE', #5584, #3197 ) ;
#4491 = CARTESIAN_POINT ( 'NONE',  ( 12.70000000000000107, 16.22354728284508951, 86.63785636811238078 ) ) ;
#4492 = FACE_OUTER_BOUND ( 'NONE', #5361, .T. ) ;
#4493 = AXIS2_PLACEMENT_3D ( 'NONE', #4998, #6987, #9931 ) ;
#4494 = CARTESIAN_POINT ( 'NONE',  ( 12.70000000000000107, 3.061616997868375746E-16, 61.00000000000000711 ) ) ;
#4495 = DIRECTION ( 'NONE',  ( 0.000000000000000000, 3.335204952611022446E-15, 1.000000000000000000 ) ) ;
#4496 = EDGE_CURVE ( 'NONE', #11320, #11798, #2140, .T. ) ;
#4497 = VECTOR ( 'NONE', #7892, 1000.000000000000000 ) ;
#4498 = FACE_OUTER_BOUND ( 'NONE', #8415, .T. ) ;
#4499 = ORIENTED_EDGE ( 'NONE', *, *, #311, .T. ) ;
#4500 = VERTEX_POINT ( 'NONE', #7308 ) ;
#4501 = ORIENTED_EDGE ( 'NONE', *, *, #9606, .T. ) ;
#4502 = AXIS2_PLACEMENT_3D ( 'NONE', #4274, #4209, #437 ) ;
#4503 = VERTEX_POINT ( 'NONE', #4415 ) ;
#4504 = ORIENTED_EDGE ( 'NONE', *, *, #4496, .T. ) ;
#4505 = CYLINDRICAL_SURFACE ( 'NONE', #11946, 2.500000000000002220 ) ;
#4506 = DIRECTION ( 'NONE',  ( 1.000000000000000000, 0.000000000000000000, 0.000000000000000000 ) ) ;
#4507 = CARTESIAN_POINT ( 'NONE',  ( 12.70000000000000107, 3.577867169202164632E-15, 139.7000000000000171 ) ) ;
#4508 = CARTESIAN_POINT ( 'NONE',  ( 1.555301434917138038E-15, -22.22499999999999787, 76.19999999999998863 ) ) ;
#4509 = ADVANCED_FACE ( 'NONE', ( #10125 ), #6354, .T. ) ;
#4510 = AXIS2_PLACEMENT_3D ( 'NONE', #3847, #1668, #12377 ) ;
#4511 = FACE_OUTER_BOUND ( 'NONE', #8140, .T. ) ;
#4512 = VERTEX_POINT ( 'NONE', #8078 ) ;
#4513 = ORIENTED_EDGE ( 'NONE', *, *, #633, .F. ) ;
#4514 = ORIENTED_EDGE ( 'NONE', *, *, #5373, .F. ) ;
#4515 = ORIENTED_EDGE ( 'NONE', *, *, #6132, .T. ) ;
#4516 = FACE_BOUND ( 'NONE', #1779, .T. ) ;
#4517 = DIRECTION ( 'NONE',  ( 0.000000000000000000, 0.000000000000000000, -1.000000000000000000 ) ) ;
#4518 = CIRCLE ( 'NONE', #11088, 2.080499999999998906 ) ;
#4519 = DIRECTION ( 'NONE',  ( 0.000000000000000000, 0.000000000000000000, 1.000000000000000000 ) ) ;
#4520 = CARTESIAN_POINT ( 'NONE',  ( -9.525000000000000355, -10.07084749364656950, 51.01893227049793467 ) ) ;
#4521 = CYLINDRICAL_SURFACE ( 'NONE', #7919, 2.080499999999998906 ) ;
#4522 = FACE_OUTER_BOUND ( 'NONE', #9828, .T. ) ;
#4523 = EDGE_CURVE ( 'NONE', #10524, #5269, #12178, .T. ) ;
#4524 = DIRECTION ( 'NONE',  ( 0.000000000000000000, 0.000000000000000000, 1.000000000000000000 ) ) ;
#4525 = ADVANCED_FACE ( 'NONE', ( #1346 ), #4170, .F. ) ;
#4526 = VERTEX_POINT ( 'NONE', #2493 ) ;
#4527 = AXIS2_PLACEMENT_3D ( 'NONE', #5695, #2796, #12495 ) ;
#4528 = CARTESIAN_POINT ( 'NONE',  ( 12.70000000000000107, -16.22512784221249404, 132.7208071559913947 ) ) ;
#4529 = ORIENTED_EDGE ( 'NONE', *, *, #61, .T. ) ;
#4530 = ORIENTED_EDGE ( 'NONE', *, *, #9387, .T. ) ;
#4531 = DIRECTION ( 'NONE',  ( -1.000000000000000000, 0.000000000000000000, 0.000000000000000000 ) ) ;
#4532 = FACE_OUTER_BOUND ( 'NONE', #8772, .T. ) ;
#4533 = EDGE_CURVE ( 'NONE', #11185, #10321, #508, .T. ) ;
#4534 = AXIS2_PLACEMENT_3D ( 'NONE', #11859, #117, #1015 ) ;
#4535 = CIRCLE ( 'NONE', #11511, 2.499999999999996891 ) ;
#4536 = CARTESIAN_POINT ( 'NONE',  ( 1.080765552152139773E-15, 22.22500000000000142, 99.10000000000000853 ) ) ;
#4537 = CARTESIAN_POINT ( 'NONE',  ( -12.69999999999999929, 3.061616997868390537E-16, 162.6000000000000227 ) ) ;
#4538 = DIRECTION ( 'NONE',  ( 0.000000000000000000, 0.000000000000000000, 1.000000000000000000 ) ) ;
#4539 = DIRECTION ( 'NONE',  ( -0.000000000000000000, 1.000000000000000000, -0.000000000000000000 ) ) ;
#4540 = ADVANCED_FACE ( 'NONE', ( #2368 ), #2246, .F. ) ;
#4541 = CYLINDRICAL_SURFACE ( 'NONE', #4602, 2.499999999999988454 ) ;
#4542 = AXIS2_PLACEMENT_3D ( 'NONE', #3542, #3602, #7459 ) ;
#4543 = LINE ( 'NONE', #7563, #7609 ) ;
#4544 = ORIENTED_EDGE ( 'NONE', *, *, #4294, .F. ) ;
#4545 = ORIENTED_EDGE ( 'NONE', *, *, #4389, .F. ) ;
#4546 = EDGE_LOOP ( 'NONE', ( #8031, #7142, #8086, #4601 ) ) ;
#4547 = VERTEX_POINT ( 'NONE', #10063 ) ;
#4548 = EDGE_CURVE ( 'NONE', #7250, #5854, #12585, .T. ) ;
#4549 = DIRECTION ( 'NONE',  ( 0.000000000000000000, 0.000000000000000000, 1.000000000000000000 ) ) ;
#4550 = ADVANCED_FACE ( 'NONE', ( #2432 ), #328, .F. ) ;
#4551 = CARTESIAN_POINT ( 'NONE',  ( 12.70000000000000107, -1.802455207620986100, 104.1855954242718525 ) ) ;
#4552 = DIRECTION ( 'NONE',  ( -1.000000000000000000, -0.000000000000000000, -0.000000000000000000 ) ) ;
#4553 = CARTESIAN_POINT ( 'NONE',  ( 12.70000000000000107, 10.07084749364666365, 25.18106772950216765 ) ) ;
#4554 = CIRCLE ( 'NONE', #6212, 14.30000000000000782 ) ;
#4555 = CARTESIAN_POINT ( 'NONE',  ( 7.746038523653021987E-16, 25.40000000000000213, 104.0999999999999801 ) ) ;
#4556 = CIRCLE ( 'NONE', #2311, 2.080499999999998906 ) ;
#4557 = CARTESIAN_POINT ( 'NONE',  ( 7.746038523653021987E-16, 25.40000000000000213, 152.3999999999999773 ) ) ;
#4558 = DIRECTION ( 'NONE',  ( -1.000000000000000000, -0.000000000000000000, -0.000000000000000000 ) ) ;
#4559 = DIRECTION ( 'NONE',  ( 1.000000000000000000, -0.000000000000000000, -0.000000000000000000 ) ) ;
#4560 = FACE_BOUND ( 'NONE', #9694, .T. ) ;
#4561 = ORIENTED_EDGE ( 'NONE', *, *, #8167, .F. ) ;
#4562 = ORIENTED_EDGE ( 'NONE', *, *, #6099, .T. ) ;
#4563 = CIRCLE ( 'NONE', #499, 17.66249999999999787 ) ;
#4564 = ORIENTED_EDGE ( 'NONE', *, *, #11674, .F. ) ;
#4565 = EDGE_LOOP ( 'NONE', ( #10277, #9465, #7235, #12492 ) ) ;
#4566 = FACE_OUTER_BOUND ( 'NONE', #1535, .T. ) ;
#4567 = EDGE_CURVE ( 'NONE', #3281, #2200, #9220, .T. ) ;
#4568 = CARTESIAN_POINT ( 'NONE',  ( 12.70000000000000107, -1.802455207620986100, 154.9855954242718497 ) ) ;
#4569 = CARTESIAN_POINT ( 'NONE',  ( 12.70000000000000107, 3.577867169202164632E-15, 38.10000000000001563 ) ) ;
#4570 = CARTESIAN_POINT ( 'NONE',  ( 9.525000000000000355, 16.22512784221244786, 146.6791928440087247 ) ) ;
#4571 = FACE_BOUND ( 'NONE', #11964, .T. ) ;
#4572 = DIRECTION ( 'NONE',  ( 0.000000000000000000, 0.000000000000000000, 1.000000000000000000 ) ) ;
#4573 = AXIS2_PLACEMENT_3D ( 'NONE', #6783, #7749, #11668 ) ;
#4574 = DIRECTION ( 'NONE',  ( 0.000000000000000000, 3.335204952611044534E-15, -1.000000000000000000 ) ) ;
#4575 = ORIENTED_EDGE ( 'NONE', *, *, #2826, .T. ) ;
#4576 = VERTEX_POINT ( 'NONE', #3452 ) ;
#4577 = EDGE_LOOP ( 'NONE', ( #11293, #664, #2410, #6140 ) ) ;
#4578 = EDGE_CURVE ( 'NONE', #1989, #11948, #9291, .T. ) ;
#4579 = VECTOR ( 'NONE', #6289, 1000.000000000000000 ) ;
#4580 = DIRECTION ( 'NONE',  ( -1.000000000000000000, -0.000000000000000000, -0.000000000000000000 ) ) ;
#4581 = CARTESIAN_POINT ( 'NONE',  ( 12.70000000000000107, -14.13894155320104851, 82.81817428684736626 ) ) ;
#4582 = DIRECTION ( 'NONE',  ( 0.000000000000000000, 0.000000000000000000, 1.000000000000000000 ) ) ;
#4583 = LINE ( 'NONE', #8497, #11801 ) ;
#4584 = CARTESIAN_POINT ( 'NONE',  ( 1.861463134703975909E-15, -25.39999999999999503, 22.90000000000000213 ) ) ;
#4585 = PLANE ( 'NONE',  #2300 ) ;
#4586 = DIRECTION ( 'NONE',  ( -1.000000000000000000, 0.000000000000000000, 0.000000000000000000 ) ) ;
#4587 = ORIENTED_EDGE ( 'NONE', *, *, #3162, .T. ) ;
#4588 = AXIS2_PLACEMENT_3D ( 'NONE', #4316, #12203, #9181 ) ;
#4589 = ORIENTED_EDGE ( 'NONE', *, *, #11131, .F. ) ;
#4590 = EDGE_LOOP ( 'NONE', ( #2661, #1877, #2239, #8479 ) ) ;
#4591 = ADVANCED_FACE ( 'NONE', ( #12126 ), #4233, .F. ) ;
#4592 = DIRECTION ( 'NONE',  ( -0.000000000000000000, 1.000000000000000000, -0.000000000000000000 ) ) ;
#4593 = EDGE_CURVE ( 'NONE', #10348, #8053, #4293, .T. ) ;
#4594 = CARTESIAN_POINT ( 'NONE',  ( 12.70000000000000107, 11.15407434219237004, 49.24267219815811814 ) ) ;
#4595 = AXIS2_PLACEMENT_3D ( 'NONE', #5591, #3658, #11487 ) ;
#4596 = CARTESIAN_POINT ( 'NONE',  ( 12.70000000000000107, -8.791741348502544184, 49.37808867056075712 ) ) ;
#4597 = FACE_OUTER_BOUND ( 'NONE', #5757, .T. ) ;
#4598 = CARTESIAN_POINT ( 'NONE',  ( 12.70000000000000107, 4.072800018551152590, 22.86895216488212412 ) ) ;
#4599 = DIRECTION ( 'NONE',  ( 0.000000000000000000, 0.000000000000000000, 1.000000000000000000 ) ) ;
#4600 = DIRECTION ( 'NONE',  ( 0.000000000000000000, 1.667602476305511223E-15, -1.000000000000000000 ) ) ;
#4601 = ORIENTED_EDGE ( 'NONE', *, *, #4746, .F. ) ;
#4602 = AXIS2_PLACEMENT_3D ( 'NONE', #583, #1474, #1531 ) ;
#4603 = DIRECTION ( 'NONE',  ( -1.000000000000000000, -0.000000000000000000, -0.000000000000000000 ) ) ;
#4604 = ORIENTED_EDGE ( 'NONE', *, *, #7268, .T. ) ;
#4605 = ORIENTED_EDGE ( 'NONE', *, *, #9966, .F. ) ;
#4606 = EDGE_CURVE ( 'NONE', #8334, #6462, #9711, .T. ) ;
#4607 = ORIENTED_EDGE ( 'NONE', *, *, #1470, .T. ) ;
#4608 = AXIS2_PLACEMENT_3D ( 'NONE', #2526, #10343, #2645 ) ;
#4609 = FACE_OUTER_BOUND ( 'NONE', #2333, .T. ) ;
#4610 = ADVANCED_FACE ( 'NONE', ( #3330 ), #9280, .T. ) ;
#4611 = CARTESIAN_POINT ( 'NONE',  ( 9.525000000000000355, 14.13894155320113555, 82.81817428684756521 ) ) ;
#4612 = DIRECTION ( 'NONE',  ( -0.000000000000000000, 1.000000000000000000, -0.000000000000000000 ) ) ;
#4613 = CARTESIAN_POINT ( 'NONE',  ( 1.555301434917138038E-15, -25.39999999999999503, 78.69999999999997442 ) ) ;
#4614 = CIRCLE ( 'NONE', #5680, 2.499999999999988454 ) ;
#4615 = FACE_OUTER_BOUND ( 'NONE', #4577, .T. ) ;
#4616 = AXIS2_PLACEMENT_3D ( 'NONE', #8771, #1081, #5898 ) ;
#4617 = LINE ( 'NONE', #7703, #2255 ) ;
#4618 = DIRECTION ( 'NONE',  ( -1.000000000000000000, -0.000000000000000000, -0.000000000000000000 ) ) ;
#4619 = DIRECTION ( 'NONE',  ( 0.000000000000000000, 0.000000000000000000, -1.000000000000000000 ) ) ;
#4620 = AXIS2_PLACEMENT_3D ( 'NONE', #1861, #2289, #6795 ) ;
#4621 = AXIS2_PLACEMENT_3D ( 'NONE', #3223, #12021, #285 ) ;
#4622 = CARTESIAN_POINT ( 'NONE',  ( -12.69999999999999751, 3.577867169202164632E-15, 38.10000000000001563 ) ) ;
#4623 = ORIENTED_EDGE ( 'NONE', *, *, #10875, .T. ) ;
#4624 = EDGE_CURVE ( 'NONE', #12155, #1322, #8286, .T. ) ;
#4625 = CIRCLE ( 'NONE', #9133, 2.080499999999998906 ) ;
#4626 = ORIENTED_EDGE ( 'NONE', *, *, #8309, .F. ) ;
#4627 = ORIENTED_EDGE ( 'NONE', *, *, #10592, .T. ) ;
#4628 = VECTOR ( 'NONE', #3012, 1000.000000000000000 ) ;
#4629 = ORIENTED_EDGE ( 'NONE', *, *, #1321, .F. ) ;
#4630 = ORIENTED_EDGE ( 'NONE', *, *, #2392, .F. ) ;
#4631 = CARTESIAN_POINT ( 'NONE',  ( 7.746038523653021987E-16, 25.40000000000000213, 139.6999999999999886 ) ) ;
#4632 = EDGE_CURVE ( 'NONE', #4333, #4761, #6527, .T. ) ;
#4633 = CARTESIAN_POINT ( 'NONE',  ( -12.69999999999999929, -12.69999999999999929, 167.5999999999999659 ) ) ;
#4634 = FACE_OUTER_BOUND ( 'NONE', #9577, .T. ) ;
#4635 = AXIS2_PLACEMENT_3D ( 'NONE', #8061, #1206, #246 ) ;
#4636 = EDGE_CURVE ( 'NONE', #3052, #461, #5827, .T. ) ;
#4637 = CIRCLE ( 'NONE', #10167, 14.30000000000000782 ) ;
#4638 = DIRECTION ( 'NONE',  ( 0.000000000000000000, 0.000000000000000000, 1.000000000000000000 ) ) ;
#4639 = CYLINDRICAL_SURFACE ( 'NONE', #188, 2.271000000000002128 ) ;
#4640 = CARTESIAN_POINT ( 'NONE',  ( 9.525000000000000355, 5.371240620587829362, 75.64708431341438200 ) ) ;
#4641 = AXIS2_PLACEMENT_3D ( 'NONE', #2161, #12048, #1327 ) ;
#4642 = EDGE_CURVE ( 'NONE', #5549, #4526, #2669, .T. ) ;
#4643 = DIRECTION ( 'NONE',  ( 0.000000000000000000, 5.002807428916566801E-15, -1.000000000000000000 ) ) ;
#4644 = ORIENTED_EDGE ( 'NONE', *, *, #3906, .F. ) ;
#4645 = LOCAL_TIME ( 14, 50, 18.00000000000000000, #10789 ) ;
#4646 = ORIENTED_EDGE ( 'NONE', *, *, #8679, .T. ) ;
#4647 = ORIENTED_EDGE ( 'NONE', *, *, #2571, .T. ) ;
#4648 = ORIENTED_EDGE ( 'NONE', *, *, #10145, .F. ) ;
#4649 = VECTOR ( 'NONE', #5163, 1000.000000000000000 ) ;
#4650 = AXIS2_PLACEMENT_3D ( 'NONE', #11907, #6068, #931 ) ;
#4651 = DIRECTION ( 'NONE',  ( -1.000000000000000000, 0.000000000000000000, 0.000000000000000000 ) ) ;
#4652 = FACE_OUTER_BOUND ( 'NONE', #11574, .T. ) ;
#4653 = DIRECTION ( 'NONE',  ( -1.000000000000000000, -0.000000000000000000, -0.000000000000000000 ) ) ;
#4654 = CYLINDRICAL_SURFACE ( 'NONE', #3592, 2.271000000000002128 ) ;
#4655 = CARTESIAN_POINT ( 'NONE',  ( 1.080765552152139379E-15, 25.40000000000000213, 48.30000000000001137 ) ) ;
#4656 = CARTESIAN_POINT ( 'NONE',  ( 1.555301434917138038E-15, 25.40000000000000213, 76.19999999999998863 ) ) ;
#4657 = DIRECTION ( 'NONE',  ( 0.000000000000000000, 0.000000000000000000, 1.000000000000000000 ) ) ;
#4658 = CIRCLE ( 'NONE', #372, 2.500000000000002220 ) ;
#4659 = ADVANCED_FACE ( 'NONE', ( #2550 ), #7492, .F. ) ;
#4660 = EDGE_LOOP ( 'NONE', ( #8199, #9564 ) ) ;
#4661 = VERTEX_POINT ( 'NONE', #3636 ) ;
#4662 = EDGE_LOOP ( 'NONE', ( #3002, #9103, #9122, #1174 ) ) ;
#4663 = VERTEX_POINT ( 'NONE', #4536 ) ;
#4664 = CARTESIAN_POINT ( 'NONE',  ( 12.70000000000000107, 3.577867169202164632E-15, 139.7000000000000171 ) ) ;
#4665 = CARTESIAN_POINT ( 'NONE',  ( -9.525000000000000355, -10.07084749364648069, 126.7810677295020128 ) ) ;
#4666 = AXIS2_PLACEMENT_3D ( 'NONE', #8615, #7594, #2706 ) ;
#4667 = DIRECTION ( 'NONE',  ( 0.000000000000000000, 0.000000000000000000, 1.000000000000000000 ) ) ;
#4668 = CARTESIAN_POINT ( 'NONE',  ( 7.746038523653021987E-16, -25.39999999999999503, 88.89999999999999147 ) ) ;
#4669 = DIRECTION ( 'NONE',  ( -1.000000000000000000, -0.000000000000000000, -0.000000000000000000 ) ) ;
#4670 = CARTESIAN_POINT ( 'NONE',  ( -12.69999999999999751, 11.15407434219260630, 128.5573278018421490 ) ) ;
#4671 = DIRECTION ( 'NONE',  ( 0.000000000000000000, 0.000000000000000000, -1.000000000000000000 ) ) ;
#4672 = EDGE_CURVE ( 'NONE', #7673, #8812, #7432, .T. ) ;
#4673 = ORIENTED_EDGE ( 'NONE', *, *, #9131, .F. ) ;
#4674 = AXIS2_PLACEMENT_3D ( 'NONE', #11096, #749, #8268 ) ;
#4675 = AXIS2_PLACEMENT_3D ( 'NONE', #8662, #3480, #5592 ) ;
#4676 = CARTESIAN_POINT ( 'NONE',  ( 12.70000000000000107, 0.000000000000000000, 12.69999999999993356 ) ) ;
#4677 = EDGE_LOOP ( 'NONE', ( #2838, #6323 ) ) ;
#4678 = ORIENTED_EDGE ( 'NONE', *, *, #2638, .F. ) ;
#4679 = ORIENTED_EDGE ( 'NONE', *, *, #11843, .T. ) ;
#4680 = DIRECTION ( 'NONE',  ( 1.000000000000000000, 0.000000000000000000, 0.000000000000000000 ) ) ;
#4681 = EDGE_CURVE ( 'NONE', #7004, #10262, #11533, .T. ) ;
#4682 = DIRECTION ( 'NONE',  ( -1.000000000000000000, -0.000000000000000000, -0.000000000000000000 ) ) ;
#4683 = DIRECTION ( 'NONE',  ( -1.000000000000000000, -0.000000000000000000, -0.000000000000000000 ) ) ;
#4684 = CARTESIAN_POINT ( 'NONE',  ( -9.525000000000000355, -14.15672222192817387, 78.33822353099797908 ) ) ;
#4685 = EDGE_CURVE ( 'NONE', #4512, #8054, #8640, .T. ) ;
#4686 = DIRECTION ( 'NONE',  ( -1.000000000000000000, -0.000000000000000000, -0.000000000000000000 ) ) ;
#4687 = CARTESIAN_POINT ( 'NONE',  ( 7.746038523653021987E-16, 25.40000000000000213, 91.39999999999997726 ) ) ;
#4688 = CARTESIAN_POINT ( 'NONE',  ( -12.69999999999999929, -12.69999999999999929, 116.7999999999999829 ) ) ;
#4689 = ADVANCED_FACE ( 'NONE', ( #5507 ), #10372, .F. ) ;
#4690 = EDGE_CURVE ( 'NONE', #5996, #1149, #7058, .T. ) ;
#4691 = CARTESIAN_POINT ( 'NONE',  ( -12.69999999999999751, 3.577867169202164632E-15, 38.10000000000001563 ) ) ;
#4692 = VERTEX_POINT ( 'NONE', #579 ) ;
#4693 = ORIENTED_EDGE ( 'NONE', *, *, #3895, .F. ) ;
#4694 = ORIENTED_EDGE ( 'NONE', *, *, #1976, .F. ) ;
#4695 = VECTOR ( 'NONE', #412, 1000.000000000000000 ) ;
#4696 = AXIS2_PLACEMENT_3D ( 'NONE', #10138, #2506, #2385 ) ;
#4697 = ORIENTED_EDGE ( 'NONE', *, *, #12265, .F. ) ;
#4698 = VERTEX_POINT ( 'NONE', #11402 ) ;
#4699 = LINE ( 'NONE', #11430, #6405 ) ;
#4700 = DIRECTION ( 'NONE',  ( -1.000000000000000000, -0.000000000000000000, -0.000000000000000000 ) ) ;
#4701 = AXIS2_PLACEMENT_3D ( 'NONE', #6513, #4717, #8431 ) ;
#4702 = CYLINDRICAL_SURFACE ( 'NONE', #9538, 2.499999999999988454 ) ;
#4703 = EDGE_CURVE ( 'NONE', #6091, #6314, #5423, .T. ) ;
#4704 = EDGE_CURVE ( 'NONE', #6344, #11657, #5217, .T. ) ;
#4705 = CARTESIAN_POINT ( 'NONE',  ( 12.70000000000000107, -14.13894155320108759, 44.18182571315256268 ) ) ;
#4706 = DIRECTION ( 'NONE',  ( 1.000000000000000000, 0.000000000000000000, 0.000000000000000000 ) ) ;
#4707 = AXIS2_PLACEMENT_3D ( 'NONE', #5384, #5264, #8330 ) ;
#4708 = AXIS2_PLACEMENT_3D ( 'NONE', #2917, #2978, #3821 ) ;
#4709 = EDGE_CURVE ( 'NONE', #2038, #1989, #1655, .T. ) ;
#4710 = CARTESIAN_POINT ( 'NONE',  ( 7.746038523653021987E-16, 25.40000000000000213, 152.3999999999999773 ) ) ;
#4711 = VERTEX_POINT ( 'NONE', #4596 ) ;
#4712 = ORIENTED_EDGE ( 'NONE', *, *, #3756, .F. ) ;
#4713 = ORIENTED_EDGE ( 'NONE', *, *, #10678, .T. ) ;
#4714 = VERTEX_POINT ( 'NONE', #8574 ) ;
#4715 = CARTESIAN_POINT ( 'NONE',  ( -9.525000000000000355, 6.152699789198528002, 154.8810759023857315 ) ) ;
#4716 = LINE ( 'NONE', #8622, #865 ) ;
#4717 = DIRECTION ( 'NONE',  ( -0.000000000000000000, 1.000000000000000000, -0.000000000000000000 ) ) ;
#4718 = DIRECTION ( 'NONE',  ( -1.000000000000000000, -0.000000000000000000, -0.000000000000000000 ) ) ;
#4719 = EDGE_CURVE ( 'NONE', #12406, #4758, #1122, .T. ) ;
#4720 = LINE ( 'NONE', #2784, #2830 ) ;
#4721 = VECTOR ( 'NONE', #7938, 1000.000000000000000 ) ;
#4722 = CARTESIAN_POINT ( 'NONE',  ( 1.555301434917138433E-15, 25.40000000000000213, 114.2999999999999972 ) ) ;
#4723 = DIRECTION ( 'NONE',  ( 0.000000000000000000, 0.000000000000000000, 1.000000000000000000 ) ) ;
#4724 = ORIENTED_EDGE ( 'NONE', *, *, #7353, .T. ) ;
#4725 = ORIENTED_EDGE ( 'NONE', *, *, #5416, .F. ) ;
#4726 = ORIENTED_EDGE ( 'NONE', *, *, #5622, .T. ) ;
#4727 = AXIS2_PLACEMENT_3D ( 'NONE', #3931, #11699, #793 ) ;
#4728 = ORIENTED_EDGE ( 'NONE', *, *, #6982, .T. ) ;
#4729 = DIRECTION ( 'NONE',  ( -1.000000000000000000, -0.000000000000000000, -0.000000000000000000 ) ) ;
#4730 = CARTESIAN_POINT ( 'NONE',  ( -9.525000000000002132, -12.69999999999999929, 63.50000000000000000 ) ) ;
#4731 = EDGE_CURVE ( 'NONE', #12502, #2543, #12183, .T. ) ;
#4732 = DIRECTION ( 'NONE',  ( 0.000000000000000000, -1.000000000000000000, 0.000000000000000000 ) ) ;
#4733 = DIRECTION ( 'NONE',  ( -1.000000000000000000, -0.000000000000000000, -0.000000000000000000 ) ) ;
#4734 = DIRECTION ( 'NONE',  ( -1.000000000000000000, 0.000000000000000000, 0.000000000000000000 ) ) ;
#4735 = CIRCLE ( 'NONE', #11918, 17.66249999999999787 ) ;
#4736 = DIRECTION ( 'NONE',  ( 0.000000000000000000, 0.000000000000000000, 1.000000000000000000 ) ) ;
#4737 = DIRECTION ( 'NONE',  ( -1.000000000000000000, -0.000000000000000000, -0.000000000000000000 ) ) ;
#4738 = VERTEX_POINT ( 'NONE', #11339 ) ;
#4739 = DIRECTION ( 'NONE',  ( 0.000000000000000000, 0.000000000000000000, 1.000000000000000000 ) ) ;
#4740 = VERTEX_POINT ( 'NONE', #2731 ) ;
#4741 = VERTEX_POINT ( 'NONE', #5442 ) ;
#4742 = VECTOR ( 'NONE', #2612, 1000.000000000000000 ) ;
#4743 = AXIS2_PLACEMENT_3D ( 'NONE', #3178, #7227, #2163 ) ;
#4744 = ORIENTED_EDGE ( 'NONE', *, *, #11111, .F. ) ;
#4745 = DIRECTION ( 'NONE',  ( -0.000000000000000000, 1.000000000000000000, -0.000000000000000000 ) ) ;
#4746 = EDGE_CURVE ( 'NONE', #980, #10029, #12374, .T. ) ;
#4747 = CARTESIAN_POINT ( 'NONE',  ( -12.69999999999999751, 5.371240620587829362, 126.4470843134143934 ) ) ;
#4748 = DIRECTION ( 'NONE',  ( 1.000000000000000000, 0.000000000000000000, 0.000000000000000000 ) ) ;
#4749 = CARTESIAN_POINT ( 'NONE',  ( 12.70000000000000107, 4.072800018551152590, 124.4689521648821113 ) ) ;
#4750 = DIRECTION ( 'NONE',  ( -1.000000000000000000, 0.000000000000000000, 0.000000000000000000 ) ) ;
#4751 = CYLINDRICAL_SURFACE ( 'NONE', #2847, 2.080499999999998906 ) ;
#4752 = DIRECTION ( 'NONE',  ( -1.000000000000000000, -0.000000000000000000, -0.000000000000000000 ) ) ;
#4753 = DIRECTION ( 'NONE',  ( -1.000000000000000000, -0.000000000000000000, -0.000000000000000000 ) ) ;
#4754 = AXIS2_PLACEMENT_3D ( 'NONE', #10874, #3047, #5816 ) ;
#4755 = CC_DESIGN_DATE_AND_TIME_ASSIGNMENT ( #4053, #9767, ( #7500 ) ) ;
#4756 = CARTESIAN_POINT ( 'NONE',  ( 12.70000000000000107, 10.07084749364639542, 101.8189322704980668 ) ) ;
#4757 = ORIENTED_EDGE ( 'NONE', *, *, #10249, .T. ) ;
#4758 = VERTEX_POINT ( 'NONE', #1784 ) ;
#4759 = VERTEX_POINT ( 'NONE', #5697 ) ;
#4760 = ORIENTED_EDGE ( 'NONE', *, *, #4052, .F. ) ;
#4761 = VERTEX_POINT ( 'NONE', #4474 ) ;
#4762 = CARTESIAN_POINT ( 'NONE',  ( 12.70000000000000107, 3.577867169202164632E-15, 88.90000000000000568 ) ) ;
#4763 = ADVANCED_FACE ( 'NONE', ( #12548 ), #9960, .T. ) ;
#4764 = AXIS2_PLACEMENT_3D ( 'NONE', #4201, #8050, #9364 ) ;
#4765 = CYLINDRICAL_SURFACE ( 'NONE', #8, 2.499999999999988454 ) ;
#4766 = AXIS2_PLACEMENT_3D ( 'NONE', #9969, #1187, #5096 ) ;
#4767 = EDGE_CURVE ( 'NONE', #10550, #8812, #7464, .T. ) ;
#4768 = DIRECTION ( 'NONE',  ( -1.000000000000000000, -0.000000000000000000, -0.000000000000000000 ) ) ;
#4769 = DIRECTION ( 'NONE',  ( -1.000000000000000000, -0.000000000000000000, -0.000000000000000000 ) ) ;
#4770 = DIRECTION ( 'NONE',  ( 0.000000000000000000, 0.000000000000000000, 1.000000000000000000 ) ) ;
#4771 = CARTESIAN_POINT ( 'NONE',  ( 12.70000000000000107, 15.22687436074360257, 143.7883756369601258 ) ) ;
#4772 = VECTOR ( 'NONE', #7514, 1000.000000000000000 ) ;
#4773 = ORIENTED_EDGE ( 'NONE', *, *, #5546, .T. ) ;
#4774 = VECTOR ( 'NONE', #7502, 1000.000000000000000 ) ;
#4775 = ORIENTED_EDGE ( 'NONE', *, *, #10513, .T. ) ;
#4776 = ORIENTED_EDGE ( 'NONE', *, *, #7498, .T. ) ;
#4777 = ADVANCED_FACE ( 'NONE', ( #1180 ), #8993, .F. ) ;
#4778 = VERTEX_POINT ( 'NONE', #9897 ) ;
#4779 = FACE_BOUND ( 'NONE', #9993, .T. ) ;
#4780 = EDGE_CURVE ( 'NONE', #707, #10430, #2549, .T. ) ;
#4781 = DIRECTION ( 'NONE',  ( 1.000000000000000000, 0.000000000000000000, 0.000000000000000000 ) ) ;
#4782 = FACE_OUTER_BOUND ( 'NONE', #10168, .T. ) ;
#4783 = CARTESIAN_POINT ( 'NONE',  ( -9.525000000000002132, -12.69999999999999929, 63.50000000000000000 ) ) ;
#4784 = CIRCLE ( 'NONE', #3750, 2.080499999999985139 ) ;
#4785 = DIRECTION ( 'NONE',  ( -1.000000000000000000, -0.000000000000000000, -0.000000000000000000 ) ) ;
#4786 = CARTESIAN_POINT ( 'NONE',  ( 12.70000000000000107, -8.791741348502467801, 128.4219113294392116 ) ) ;
#4787 = VERTEX_POINT ( 'NONE', #8628 ) ;
#4788 = ORIENTED_EDGE ( 'NONE', *, *, #8287, .F. ) ;
#4789 = ORIENTED_EDGE ( 'NONE', *, *, #2359, .F. ) ;
#4790 = ADVANCED_FACE ( 'NONE', ( #4962 ), #6945, .F. ) ;
#4791 = VECTOR ( 'NONE', #5780, 1000.000000000000000 ) ;
#4792 = ORIENTED_EDGE ( 'NONE', *, *, #11056, .T. ) ;
#4793 = DIRECTION ( 'NONE',  ( -1.000000000000000000, -0.000000000000000000, -0.000000000000000000 ) ) ;
#4794 = FACE_OUTER_BOUND ( 'NONE', #10523, .T. ) ;
#4795 = DIRECTION ( 'NONE',  ( 1.000000000000000000, 0.000000000000000000, 0.000000000000000000 ) ) ;
#4796 = AXIS2_PLACEMENT_3D ( 'NONE', #10255, #12245, #11160 ) ;
#4797 = DIRECTION ( 'NONE',  ( 0.000000000000000000, 0.000000000000000000, -1.000000000000000000 ) ) ;
#4798 = CARTESIAN_POINT ( 'NONE',  ( 9.525000000000000355, -22.22499999999999787, 177.8000000000000114 ) ) ;
#4799 = CARTESIAN_POINT ( 'NONE',  ( 1.555301434917138433E-15, 22.22500000000000142, 63.50000000000000000 ) ) ;
#4800 = CARTESIAN_POINT ( 'NONE',  ( 12.70000000000000107, -2.068405620284295310, 55.64096931301052251 ) ) ;
#4801 = ORIENTED_EDGE ( 'NONE', *, *, #10031, .T. ) ;
#4802 = EDGE_CURVE ( 'NONE', #11426, #4825, #10331, .T. ) ;
#4803 = EDGE_CURVE ( 'NONE', #8663, #1089, #6450, .T. ) ;
#4804 = ORIENTED_EDGE ( 'NONE', *, *, #79, .T. ) ;
#4805 = ORIENTED_EDGE ( 'NONE', *, *, #9542, .F. ) ;
#4806 = AXIS2_PLACEMENT_3D ( 'NONE', #2721, #157, #11832 ) ;
#4807 = ORIENTED_EDGE ( 'NONE', *, *, #9186, .F. ) ;
#4808 = CARTESIAN_POINT ( 'NONE',  ( 12.70000000000000107, 10.07084749364639542, 152.6189322704980782 ) ) ;
#4809 = CARTESIAN_POINT ( 'NONE',  ( -12.69999999999999751, 12.33648634557998314, 100.3747697111193986 ) ) ;
#4810 = LINE ( 'NONE', #11617, #1754 ) ;
#4811 = CYLINDRICAL_SURFACE ( 'NONE', #12090, 2.499999999999988454 ) ;
#4812 = DIRECTION ( 'NONE',  ( 0.000000000000000000, 1.000000000000000000, 0.000000000000000000 ) ) ;
#4813 = CARTESIAN_POINT ( 'NONE',  ( 9.525000000000000355, 3.577867169202164632E-15, 139.7000000000000171 ) ) ;
#4814 = CARTESIAN_POINT ( 'NONE',  ( -12.69999999999999751, 12.69999999999999929, 165.0999999999999943 ) ) ;
#4815 = LINE ( 'NONE', #7513, #11874 ) ;
#4816 = CARTESIAN_POINT ( 'NONE',  ( 12.70000000000000107, 14.13894155320113555, 133.6181742868475624 ) ) ;
#4817 = DIRECTION ( 'NONE',  ( 0.000000000000000000, 0.000000000000000000, 1.000000000000000000 ) ) ;
#4818 = CYLINDRICAL_SURFACE ( 'NONE', #9596, 2.271000000000002128 ) ;
#4819 = EDGE_CURVE ( 'NONE', #12221, #8844, #5088, .T. ) ;
#4820 = ORIENTED_EDGE ( 'NONE', *, *, #8433, .F. ) ;
#4821 = AXIS2_PLACEMENT_3D ( 'NONE', #3673, #4706, #8358 ) ;
#4822 = VERTEX_POINT ( 'NONE', #6578 ) ;
#4823 = VERTEX_POINT ( 'NONE', #10859 ) ;
#4824 = ORIENTED_EDGE ( 'NONE', *, *, #1578, .T. ) ;
#4825 = VERTEX_POINT ( 'NONE', #7973 ) ;
#4826 = FACE_OUTER_BOUND ( 'NONE', #10801, .T. ) ;
#4827 = CIRCLE ( 'NONE', #8910, 17.66250000000000142 ) ;
#4828 = DIRECTION ( 'NONE',  ( 0.000000000000000000, 0.000000000000000000, 1.000000000000000000 ) ) ;
#4829 = DIRECTION ( 'NONE',  ( -1.000000000000000000, -0.000000000000000000, -0.000000000000000000 ) ) ;
#4830 = CYLINDRICAL_SURFACE ( 'NONE', #6277, 14.30000000000000782 ) ;
#4831 = VECTOR ( 'NONE', #3819, 1000.000000000000000 ) ;
#4832 = CIRCLE ( 'NONE', #10158, 2.080499999999998906 ) ;
#4833 = AXIS2_PLACEMENT_3D ( 'NONE', #1565, #4448, #2524 ) ;
#4834 = DIRECTION ( 'NONE',  ( -1.000000000000000000, -0.000000000000000000, -0.000000000000000000 ) ) ;
#4835 = EDGE_CURVE ( 'NONE', #4759, #11867, #9657, .T. ) ;
#4836 = CIRCLE ( 'NONE', #9329, 14.30000000000000782 ) ;
#4837 = ORIENTED_EDGE ( 'NONE', *, *, #5406, .T. ) ;
#4838 = ORIENTED_EDGE ( 'NONE', *, *, #9978, .T. ) ;
#4839 = VERTEX_POINT ( 'NONE', #6638 ) ;
#4840 = VECTOR ( 'NONE', #1515, 1000.000000000000000 ) ;
#4841 = ORIENTED_EDGE ( 'NONE', *, *, #8256, .T. ) ;
#4842 = DIRECTION ( 'NONE',  ( 1.000000000000000000, 0.000000000000000000, 0.000000000000000000 ) ) ;
#4843 = AXIS2_PLACEMENT_3D ( 'NONE', #6181, #217, #348 ) ;
#4844 = FACE_BOUND ( 'NONE', #4379, .T. ) ;
#4845 = DIRECTION ( 'NONE',  ( -1.000000000000000000, -0.000000000000000000, -0.000000000000000000 ) ) ;
#4846 = AXIS2_PLACEMENT_3D ( 'NONE', #1443, #9008, #2467 ) ;
#4847 = ADVANCED_FACE ( 'NONE', ( #1710 ), #11895, .F. ) ;
#4848 = FACE_BOUND ( 'NONE', #2651, .T. ) ;
#4849 = DIRECTION ( 'NONE',  ( -1.000000000000000000, 0.000000000000000000, 0.000000000000000000 ) ) ;
#4850 = CIRCLE ( 'NONE', #1769, 2.270999999999995467 ) ;
#4851 = LINE ( 'NONE', #7669, #5502 ) ;
#4852 = CARTESIAN_POINT ( 'NONE',  ( -12.69999999999999929, 12.69999999999999929, 114.2999999999999972 ) ) ;
#4853 = ADVANCED_FACE ( 'NONE', ( #7546 ), #91, .F. ) ;
#4854 = CC_DESIGN_APPROVAL ( #10794, ( #7500 ) ) ;
#4855 = AXIS2_PLACEMENT_3D ( 'NONE', #4370, #11174, #12259 ) ;
#4856 = EDGE_LOOP ( 'NONE', ( #4952, #1699, #3420, #20 ) ) ;
#4857 = EDGE_CURVE ( 'NONE', #6239, #8360, #5620, .T. ) ;
#4858 = EDGE_CURVE ( 'NONE', #10444, #2754, #6844, .T. ) ;
#4859 = ORIENTED_EDGE ( 'NONE', *, *, #5428, .F. ) ;
#4860 = EDGE_LOOP ( 'NONE', ( #4452, #11347, #11336, #4262 ) ) ;
#4861 = CIRCLE ( 'NONE', #6897, 2.080499999999998906 ) ;
#4862 = ORIENTED_EDGE ( 'NONE', *, *, #10130, .F. ) ;
#4863 = CARTESIAN_POINT ( 'NONE',  ( 12.70000000000000107, 16.22354728284508951, 137.4378563681123921 ) ) ;
#4864 = DIRECTION ( 'NONE',  ( 1.000000000000000000, -0.000000000000000000, -0.000000000000000000 ) ) ;
#4865 = VECTOR ( 'NONE', #7461, 1000.000000000000000 ) ;
#4866 = FACE_OUTER_BOUND ( 'NONE', #11491, .T. ) ;
#4867 = DIRECTION ( 'NONE',  ( -1.000000000000000000, -0.000000000000000000, -0.000000000000000000 ) ) ;
#4868 = CYLINDRICAL_SURFACE ( 'NONE', #10420, 2.270999999999995467 ) ;
#4869 = FACE_OUTER_BOUND ( 'NONE', #690, .T. ) ;
#4870 = ORIENTED_EDGE ( 'NONE', *, *, #8004, .F. ) ;
#4871 = EDGE_CURVE ( 'NONE', #2472, #12156, #8485, .T. ) ;
#4872 = FACE_OUTER_BOUND ( 'NONE', #9013, .T. ) ;
#4873 = VERTEX_POINT ( 'NONE', #5687 ) ;
#4874 = ORIENTED_EDGE ( 'NONE', *, *, #11446, .F. ) ;
#4875 = ORIENTED_EDGE ( 'NONE', *, *, #5725, .T. ) ;
#4876 = CYLINDRICAL_SURFACE ( 'NONE', #5527, 2.499999999999988454 ) ;
#4877 = DIRECTION ( 'NONE',  ( 0.000000000000000000, 0.000000000000000000, -1.000000000000000000 ) ) ;
#4878 = LINE ( 'NONE', #2941, #3435 ) ;
#4879 = DIRECTION ( 'NONE',  ( -0.000000000000000000, 1.000000000000000000, -0.000000000000000000 ) ) ;
#4880 = LINE ( 'NONE', #11937, #6145 ) ;
#4881 = DIRECTION ( 'NONE',  ( 1.000000000000000000, -0.000000000000000000, -0.000000000000000000 ) ) ;
#4882 = CARTESIAN_POINT ( 'NONE',  ( 12.70000000000000107, 3.577867169202164632E-15, 139.7000000000000171 ) ) ;
#4883 = EDGE_CURVE ( 'NONE', #6761, #876, #2951, .T. ) ;
#4884 = CARTESIAN_POINT ( 'NONE',  ( 12.70000000000000107, 12.33648634557998314, 98.10376971111941202 ) ) ;
#4885 = CARTESIAN_POINT ( 'NONE',  ( -9.525000000000000355, 5.371240620587830250, 51.35291568658563932 ) ) ;
#4886 = DIRECTION ( 'NONE',  ( -0.000000000000000000, 1.000000000000000000, -0.000000000000000000 ) ) ;
#4887 = CARTESIAN_POINT ( 'NONE',  ( 9.525000000000000355, 1.802455207620993427, 73.61440457572818730 ) ) ;
#4888 = AXIS2_PLACEMENT_3D ( 'NONE', #2836, #8675, #11440 ) ;
#4889 = CARTESIAN_POINT ( 'NONE',  ( 9.525000000000000355, -16.22354728284506820, 141.9621436318877556 ) ) ;
#4890 = ORIENTED_EDGE ( 'NONE', *, *, #8863, .T. ) ;
#4891 = ORIENTED_EDGE ( 'NONE', *, *, #11804, .T. ) ;
#4892 = ORIENTED_EDGE ( 'NONE', *, *, #3760, .T. ) ;
#4893 = ORIENTED_EDGE ( 'NONE', *, *, #9044, .F. ) ;
#4894 = EDGE_LOOP ( 'NONE', ( #421, #3963, #829, #4080 ) ) ;
#4895 = LINE ( 'NONE', #10853, #3324 ) ;
#4896 = CIRCLE ( 'NONE', #12071, 17.66250000000000142 ) ;
#4897 = APPROVAL_ROLE ( '' ) ;
#4898 = DIRECTION ( 'NONE',  ( 0.000000000000000000, 0.000000000000000000, 1.000000000000000000 ) ) ;
#4899 = ADVANCED_FACE ( 'NONE', ( #6706 ), #2078, .F. ) ;
#4900 = DIRECTION ( 'NONE',  ( -1.000000000000000000, -0.000000000000000000, -0.000000000000000000 ) ) ;
#4901 = DIRECTION ( 'NONE',  ( 0.000000000000000000, 0.000000000000000000, 1.000000000000000000 ) ) ;
#4902 = AXIS2_PLACEMENT_3D ( 'NONE', #11068, #10036, #9067 ) ;
#4903 = FACE_OUTER_BOUND ( 'NONE', #3560, .T. ) ;
#4904 = CIRCLE ( 'NONE', #189, 2.080499999999998906 ) ;
#4905 = VERTEX_POINT ( 'NONE', #2454 ) ;
#4906 = ORIENTED_EDGE ( 'NONE', *, *, #8478, .T. ) ;
#4907 = EDGE_LOOP ( 'NONE', ( #8438, #447, #7091, #2317, #12318, #278, #8489, #755, #6365, #8461, #192, #7428, #6774, #1811, #4859, #480, #7003, #12442, #6536, #3537, #2791, #11411, #4410, #9057, #1377, #10684, #6176, #10761, #46, #1418, #3228, #6567, #11493, #3791, #1891, #3940, #10783, #11089, #4630, #12272, #11379 ) ) ;
#4908 = ORIENTED_EDGE ( 'NONE', *, *, #4408, .F. ) ;
#4909 = CARTESIAN_POINT ( 'NONE',  ( 9.525000000000000355, 3.577867169202164632E-15, 157.3625000000000114 ) ) ;
#4910 = DIRECTION ( 'NONE',  ( 0.000000000000000000, 0.000000000000000000, 1.000000000000000000 ) ) ;
#4911 = DIRECTION ( 'NONE',  ( 0.000000000000000000, 0.000000000000000000, 1.000000000000000000 ) ) ;
#4912 = CYLINDRICAL_SURFACE ( 'NONE', #938, 2.271000000000002128 ) ;
#4913 = EDGE_CURVE ( 'NONE', #2545, #5456, #9241, .T. ) ;
#4914 = AXIS2_PLACEMENT_3D ( 'NONE', #10580, #5779, #11548 ) ;
#4915 = FACE_OUTER_BOUND ( 'NONE', #5143, .T. ) ;
#4916 = FACE_OUTER_BOUND ( 'NONE', #10350, .T. ) ;
#4917 = CIRCLE ( 'NONE', #12094, 2.500000000000002220 ) ;
#4918 = EDGE_LOOP ( 'NONE', ( #10445, #12408, #4804, #1760 ) ) ;
#4919 = ORIENTED_EDGE ( 'NONE', *, *, #6711, .F. ) ;
#4920 = VECTOR ( 'NONE', #8019, 1000.000000000000000 ) ;
#4921 = VERTEX_POINT ( 'NONE', #415 ) ;
#4922 = VECTOR ( 'NONE', #11980, 1000.000000000000000 ) ;
#4923 = CYLINDRICAL_SURFACE ( 'NONE', #5953, 2.080499999999998906 ) ;
#4924 = FACE_OUTER_BOUND ( 'NONE', #3742, .T. ) ;
#4925 = EDGE_CURVE ( 'NONE', #11246, #1186, #11772, .T. ) ;
#4926 = EDGE_CURVE ( 'NONE', #3540, #4661, #2149, .T. ) ;
#4927 = CARTESIAN_POINT ( 'NONE',  ( 12.70000000000000107, 12.69999999999999929, 162.5999999999999943 ) ) ;
#4928 = DIRECTION ( 'NONE',  ( -0.000000000000000000, 1.000000000000000000, -0.000000000000000000 ) ) ;
#4929 = DIRECTION ( 'NONE',  ( 0.000000000000000000, 0.000000000000000000, 1.000000000000000000 ) ) ;
#4930 = CARTESIAN_POINT ( 'NONE',  ( 12.70000000000000107, -14.15672222192825025, 99.46177646900194702 ) ) ;
#4931 = VERTEX_POINT ( 'NONE', #2326 ) ;
#4932 = AXIS2_PLACEMENT_3D ( 'NONE', #167, #10033, #9065 ) ;
#4933 = CARTESIAN_POINT ( 'NONE',  ( 12.70000000000000107, -14.15672222192825025, 48.66177646900194276 ) ) ;
#4934 = EDGE_LOOP ( 'NONE', ( #9320, #11695, #10830, #5919 ) ) ;
#4935 = ORIENTED_EDGE ( 'NONE', *, *, #11674, .T. ) ;
#4936 = EDGE_CURVE ( 'NONE', #11443, #10137, #9503, .T. ) ;
#4937 = EDGE_LOOP ( 'NONE', ( #652, #8041, #12701, #12105 ) ) ;
#4938 = CARTESIAN_POINT ( 'NONE',  ( -9.525000000000000355, 12.33648634558017676, 130.4962302888808949 ) ) ;
#4939 = CARTESIAN_POINT ( 'NONE',  ( -9.525000000000002132, 0.000000000000000000, 165.0999999999999943 ) ) ;
#4940 = FACE_OUTER_BOUND ( 'NONE', #2956, .T. ) ;
#4941 = AXIS2_PLACEMENT_3D ( 'NONE', #8385, #12363, #577 ) ;
#4942 = CYLINDRICAL_SURFACE ( 'NONE', #2425, 17.66250000000000497 ) ;
#4943 = EDGE_CURVE ( 'NONE', #5348, #11044, #4256, .T. ) ;
#4944 = DIRECTION ( 'NONE',  ( 1.000000000000000000, 0.000000000000000000, 0.000000000000000000 ) ) ;
#4945 = CARTESIAN_POINT ( 'NONE',  ( -9.525000000000000355, 14.16298196909033003, 40.07482701602503994 ) ) ;
#4946 = CARTESIAN_POINT ( 'NONE',  ( -9.525000000000000355, 4.072800018551153478, 104.1310478351179114 ) ) ;
#4947 = CYLINDRICAL_SURFACE ( 'NONE', #9477, 14.30000000000000071 ) ;
#4948 = CARTESIAN_POINT ( 'NONE',  ( 9.525000000000000355, 0.000000000000000000, 114.2999999999999972 ) ) ;
#4949 = DIRECTION ( 'NONE',  ( -1.000000000000000000, -0.000000000000000000, -0.000000000000000000 ) ) ;
#4950 = ORIENTED_EDGE ( 'NONE', *, *, #1116, .T. ) ;
#4951 = ORIENTED_EDGE ( 'NONE', *, *, #7674, .T. ) ;
#4952 = ORIENTED_EDGE ( 'NONE', *, *, #9180, .F. ) ;
#4953 = EDGE_CURVE ( 'NONE', #10535, #11694, #3154, .T. ) ;
#4954 = ADVANCED_FACE ( 'NONE', ( #5283 ), #6120, .T. ) ;
#4955 = EDGE_LOOP ( 'NONE', ( #4000, #10971, #2199, #12507 ) ) ;
#4956 = ORIENTED_EDGE ( 'NONE', *, *, #5144, .F. ) ;
#4957 = DIRECTION ( 'NONE',  ( 0.000000000000000000, 0.000000000000000000, -1.000000000000000000 ) ) ;
#4958 = PERSON_AND_ORGANIZATION ( #11, #11815 ) ;
#4959 = CARTESIAN_POINT ( 'NONE',  ( -12.69999999999999751, -12.69999999999999929, 162.5999999999999943 ) ) ;
#4960 = LINE ( 'NONE', #218, #9402 ) ;
#4961 = DIRECTION ( 'NONE',  ( 0.000000000000000000, 0.000000000000000000, 1.000000000000000000 ) ) ;
#4962 = FACE_OUTER_BOUND ( 'NONE', #8580, .T. ) ;
#4963 = CARTESIAN_POINT ( 'NONE',  ( 9.525000000000000355, -15.22687436074362388, 34.01162436304002767 ) ) ;
#4964 = EDGE_LOOP ( 'NONE', ( #1509, #3955, #9980, #8188 ) ) ;
#4965 = EDGE_LOOP ( 'NONE', ( #12457, #8236, #9031, #2592 ) ) ;
#4966 = ORIENTED_EDGE ( 'NONE', *, *, #10886, .F. ) ;
#4967 = EDGE_CURVE ( 'NONE', #9155, #5703, #12386, .T. ) ;
#4968 = AXIS2_PLACEMENT_3D ( 'NONE', #4010, #12547, #8756 ) ;
#4969 = CIRCLE ( 'NONE', #12154, 2.270999999999995467 ) ;
#4970 = EDGE_LOOP ( 'NONE', ( #8745, #3581 ) ) ;
#4971 = DIRECTION ( 'NONE',  ( 0.000000000000000000, 0.000000000000000000, 1.000000000000000000 ) ) ;
#4972 = DIRECTION ( 'NONE',  ( 0.000000000000000000, 0.000000000000000000, -1.000000000000000000 ) ) ;
#4973 = CARTESIAN_POINT ( 'NONE',  ( -12.69999999999999751, -15.22687436074362388, 135.6116243630400220 ) ) ;
#4974 = DIRECTION ( 'NONE',  ( 0.000000000000000000, 0.000000000000000000, 1.000000000000000000 ) ) ;
#4975 = DIRECTION ( 'NONE',  ( 0.000000000000000000, 0.000000000000000000, 1.000000000000000000 ) ) ;
#4976 = DIRECTION ( 'NONE',  ( 0.000000000000000000, 0.000000000000000000, 1.000000000000000000 ) ) ;
#4977 = CYLINDRICAL_SURFACE ( 'NONE', #4968, 17.66249999999999787 ) ;
#4978 = CIRCLE ( 'NONE', #874, 2.270999999999995467 ) ;
#4979 = AXIS2_PLACEMENT_3D ( 'NONE', #8221, #2204, #4309 ) ;
#4980 = EDGE_LOOP ( 'NONE', ( #1132, #11024, #7881, #10631 ) ) ;
#4981 = ORIENTED_EDGE ( 'NONE', *, *, #58, .T. ) ;
#4982 = EDGE_CURVE ( 'NONE', #6478, #1622, #10339, .T. ) ;
#4983 = ORIENTED_EDGE ( 'NONE', *, *, #7733, .F. ) ;
#4984 = DIRECTION ( 'NONE',  ( -1.000000000000000000, -0.000000000000000000, -0.000000000000000000 ) ) ;
#4985 = CARTESIAN_POINT ( 'NONE',  ( -12.69999999999999751, 3.577867169202164632E-15, 139.7000000000000171 ) ) ;
#4986 = CYLINDRICAL_SURFACE ( 'NONE', #6461, 2.500000000000002220 ) ;
#4987 = CARTESIAN_POINT ( 'NONE',  ( 12.70000000000000107, 3.577867169202164632E-15, 139.7000000000000171 ) ) ;
#4988 = CARTESIAN_POINT ( 'NONE',  ( 9.525000000000000355, -10.07084749364648069, 25.18106772950202199 ) ) ;
#4989 = CARTESIAN_POINT ( 'NONE',  ( -9.525000000000000355, 14.15672222192810992, 150.2617764690021147 ) ) ;
#4990 = ORIENTED_EDGE ( 'NONE', *, *, #1181, .T. ) ;
#4991 = CIRCLE ( 'NONE', #5604, 17.66249999999999787 ) ;
#4992 = EDGE_CURVE ( 'NONE', #7045, #12523, #7479, .T. ) ;
#4993 = ADVANCED_FACE ( 'NONE', ( #1369 ), #475, .T. ) ;
#4994 = DIRECTION ( 'NONE',  ( 0.000000000000000000, 0.000000000000000000, -1.000000000000000000 ) ) ;
#4995 = ORIENTED_EDGE ( 'NONE', *, *, #8082, .F. ) ;
#4996 = ORIENTED_EDGE ( 'NONE', *, *, #11120, .F. ) ;
#4997 = ORIENTED_EDGE ( 'NONE', *, *, #1082, .T. ) ;
#4998 = CARTESIAN_POINT ( 'NONE',  ( -9.525000000000002132, -12.69999999999999929, 12.69999999999999929 ) ) ;
#4999 = CIRCLE ( 'NONE', #2732, 2.499999999999988454 ) ;
#5000 = DIRECTION ( 'NONE',  ( 0.000000000000000000, 1.000000000000000000, 0.000000000000000000 ) ) ;
#5001 = DIRECTION ( 'NONE',  ( -1.000000000000000000, 0.000000000000000000, 0.000000000000000000 ) ) ;
#5002 = DIRECTION ( 'NONE',  ( 0.000000000000000000, -8.338012381527498527E-15, -1.000000000000000000 ) ) ;
#5003 = CARTESIAN_POINT ( 'NONE',  ( -9.525000000000002132, 0.000000000000000000, 63.50000000000000000 ) ) ;
#5004 = CARTESIAN_POINT ( 'NONE',  ( 12.70000000000000107, 14.16298196909033003, 90.87482701602503710 ) ) ;
#5005 = DIRECTION ( 'NONE',  ( -1.000000000000000000, 0.000000000000000000, 0.000000000000000000 ) ) ;
#5006 = DIRECTION ( 'NONE',  ( 0.000000000000000000, 1.667602476305511223E-15, 1.000000000000000000 ) ) ;
#5007 = EDGE_CURVE ( 'NONE', #291, #665, #1241, .T. ) ;
#5008 = DIRECTION ( 'NONE',  ( 0.000000000000000000, 0.000000000000000000, 1.000000000000000000 ) ) ;
#5009 = EDGE_CURVE ( 'NONE', #5997, #10744, #3170, .T. ) ;
#5010 = AXIS2_PLACEMENT_3D ( 'NONE', #12560, #8450, #4667 ) ;
#5011 = EDGE_LOOP ( 'NONE', ( #3682, #8541, #10916, #11756 ) ) ;
#5012 = ADVANCED_FACE ( 'NONE', ( #2266 ), #10272, .T. ) ;
#5013 = VERTEX_POINT ( 'NONE', #4189 ) ;
#5014 = ORIENTED_EDGE ( 'NONE', *, *, #6698, .T. ) ;
#5015 = VERTEX_POINT ( 'NONE', #8038 ) ;
#5016 = ORIENTED_EDGE ( 'NONE', *, *, #7313, .F. ) ;
#5017 = DIRECTION ( 'NONE',  ( 0.000000000000000000, 0.000000000000000000, -1.000000000000000000 ) ) ;
#5018 = COORDINATED_UNIVERSAL_TIME_OFFSET ( 6, 0, .BEHIND. ) ;
#5019 = DIRECTION ( 'NONE',  ( 0.000000000000000000, 0.000000000000000000, 1.000000000000000000 ) ) ;
#5020 = DIRECTION ( 'NONE',  ( -1.000000000000000000, 0.000000000000000000, 0.000000000000000000 ) ) ;
#5021 = DIRECTION ( 'NONE',  ( 0.000000000000000000, 0.000000000000000000, 1.000000000000000000 ) ) ;
#5022 = CARTESIAN_POINT ( 'NONE',  ( -12.69999999999999751, 6.152699789198528002, 53.28107590238573010 ) ) ;
#5023 = CARTESIAN_POINT ( 'NONE',  ( 12.70000000000000107, 10.07084749364666365, 75.98106772950217191 ) ) ;
#5024 = EDGE_LOOP ( 'NONE', ( #3724, #7407, #12273, #721 ) ) ;
#5025 = ADVANCED_FACE ( 'NONE', ( #7137 ), #8166, .F. ) ;
#5026 = EDGE_LOOP ( 'NONE', ( #9995, #10734, #1261, #9385 ) ) ;
#5027 = CIRCLE ( 'NONE', #8707, 17.66249999999999787 ) ;
#5028 = EDGE_CURVE ( 'NONE', #1436, #11732, #11167, .T. ) ;
#5029 = ORIENTED_EDGE ( 'NONE', *, *, #11464, .T. ) ;
#5030 = DIRECTION ( 'NONE',  ( 1.000000000000000000, 0.000000000000000000, 0.000000000000000000 ) ) ;
#5031 = DIRECTION ( 'NONE',  ( 0.000000000000000000, 0.000000000000000000, 1.000000000000000000 ) ) ;
#5032 = CARTESIAN_POINT ( 'NONE',  ( -12.69999999999999751, 5.371240620587830250, 152.9529156865856407 ) ) ;
#5033 = DIRECTION ( 'NONE',  ( 0.000000000000000000, 0.000000000000000000, 1.000000000000000000 ) ) ;
#5034 = FACE_BOUND ( 'NONE', #12460, .T. ) ;
#5035 = CIRCLE ( 'NONE', #12205, 2.499999999999988454 ) ;
#5036 = LINE ( 'NONE', #235, #11125 ) ;
#5037 = ADVANCED_FACE ( 'NONE', ( #2689 ), #2752, .F. ) ;
#5038 = CIRCLE ( 'NONE', #1558, 2.271000000000002128 ) ;
#5039 = ORIENTED_EDGE ( 'NONE', *, *, #5532, .T. ) ;
#5040 = VERTEX_POINT ( 'NONE', #10517 ) ;
#5041 = CIRCLE ( 'NONE', #11596, 2.499999999999988454 ) ;
#5043 = ORIENTED_EDGE ( 'NONE', *, *, #6373, .F. ) ;
#5042 = AXIS2_PLACEMENT_3D ( 'NONE', #9030, #1087, #257 ) ;
#5044 = ORIENTED_EDGE ( 'NONE', *, *, #12542, .F. ) ;
#5045 = ORIENTED_EDGE ( 'NONE', *, *, #1480, .T. ) ;
#5046 = AXIS2_PLACEMENT_3D ( 'NONE', #7225, #10173, #11205 ) ;
#5047 = CIRCLE ( 'NONE', #5251, 14.30000000000000782 ) ;
#5048 = DIRECTION ( 'NONE',  ( 0.000000000000000000, 0.000000000000000000, -1.000000000000000000 ) ) ;
#5049 = DIRECTION ( 'NONE',  ( 1.000000000000000000, 0.000000000000000000, 0.000000000000000000 ) ) ;
#5050 = DIRECTION ( 'NONE',  ( -1.000000000000000000, -0.000000000000000000, -0.000000000000000000 ) ) ;
#5051 = CIRCLE ( 'NONE', #8317, 2.080499999999998906 ) ;
#5052 = CARTESIAN_POINT ( 'NONE',  ( -9.525000000000000355, -2.068405620284290425, 122.1590306869894960 ) ) ;
#5053 = EDGE_CURVE ( 'NONE', #3540, #1481, #9303, .T. ) ;
#5054 = DIRECTION ( 'NONE',  ( 0.000000000000000000, 1.000000000000000000, 0.000000000000000000 ) ) ;
#5055 = AXIS2_PLACEMENT_3D ( 'NONE', #4715, #4580, #5424 ) ;
#5056 = CARTESIAN_POINT ( 'NONE',  ( -12.69999999999999751, -12.33648634558010748, 148.9037697111192244 ) ) ;
#5057 = AXIS2_PLACEMENT_3D ( 'NONE', #6845, #12693, #6715 ) ;
#5058 = ORIENTED_EDGE ( 'NONE', *, *, #11192, .T. ) ;
#5059 = CARTESIAN_POINT ( 'NONE',  ( -12.69999999999999751, 12.69999999999999929, 111.8000000000000114 ) ) ;
#5060 = ORIENTED_EDGE ( 'NONE', *, *, #12482, .F. ) ;
#5061 = VERTEX_POINT ( 'NONE', #6490 ) ;
#5062 = VERTEX_POINT ( 'NONE', #9365 ) ;
#5063 = CYLINDRICAL_SURFACE ( 'NONE', #7357, 14.30000000000000782 ) ;
#5064 = CYLINDRICAL_SURFACE ( 'NONE', #11702, 14.30000000000000782 ) ;
#5065 = AXIS2_PLACEMENT_3D ( 'NONE', #9064, #5098, #6318 ) ;
#5066 = CARTESIAN_POINT ( 'NONE',  ( -12.69999999999999751, -14.16298196909033535, 86.92517298397507375 ) ) ;
#5067 = CYLINDRICAL_SURFACE ( 'NONE', #6540, 17.66249999999999787 ) ;
#5068 = CARTESIAN_POINT ( 'NONE',  ( 12.70000000000000107, 8.791741348502393194, 100.1780886705608822 ) ) ;
#5069 = EDGE_CURVE ( 'NONE', #10263, #3422, #534, .T. ) ;
#5070 = CARTESIAN_POINT ( 'NONE',  ( -12.69999999999999751, -16.22512784221253312, 95.87919284400851438 ) ) ;
#5071 = CARTESIAN_POINT ( 'NONE',  ( -12.69999999999999929, 0.000000000000000000, 167.5999999999999659 ) ) ;
#5072 = DIRECTION ( 'NONE',  ( 0.000000000000000000, 0.000000000000000000, 1.000000000000000000 ) ) ;
#5073 = DIRECTION ( 'NONE',  ( -1.000000000000000000, -0.000000000000000000, -0.000000000000000000 ) ) ;
#5074 = VECTOR ( 'NONE', #10579, 1000.000000000000000 ) ;
#5075 = FACE_BOUND ( 'NONE', #7176, .T. ) ;
#5076 = ORIENTED_EDGE ( 'NONE', *, *, #856, .F. ) ;
#5077 = ORIENTED_EDGE ( 'NONE', *, *, #7110, .T. ) ;
#5078 = EDGE_CURVE ( 'NONE', #8010, #10553, #6458, .T. ) ;
#5079 = EDGE_LOOP ( 'NONE', ( #8872, #7139, #2280, #6366 ) ) ;
#5080 = ORIENTED_EDGE ( 'NONE', *, *, #11582, .T. ) ;
#5081 = EDGE_CURVE ( 'NONE', #3664, #6807, #9510, .T. ) ;
#5082 = CYLINDRICAL_SURFACE ( 'NONE', #9543, 14.30000000000000782 ) ;
#5083 = EDGE_CURVE ( 'NONE', #9764, #5710, #1739, .T. ) ;
#5084 = CIRCLE ( 'NONE', #3635, 2.080499999999998906 ) ;
#5085 = DIRECTION ( 'NONE',  ( -1.000000000000000000, -0.000000000000000000, -0.000000000000000000 ) ) ;
#5086 = DIRECTION ( 'NONE',  ( 0.000000000000000000, 0.000000000000000000, 1.000000000000000000 ) ) ;
#5087 = EDGE_CURVE ( 'NONE', #11365, #4331, #5849, .T. ) ;
#5088 = LINE ( 'NONE', #4059, #3372 ) ;
#5089 = DIRECTION ( 'NONE',  ( 1.000000000000000000, -0.000000000000000000, -0.000000000000000000 ) ) ;
#5090 = VERTEX_POINT ( 'NONE', #4688 ) ;
#5091 = EDGE_LOOP ( 'NONE', ( #30, #2518, #8915, #2502, #4179, #7724, #7014, #7256, #7790, #4032, #10951, #851, #9612, #5623, #1533, #7330, #10846, #3339, #5982, #9184, #3157, #1298, #8305, #12254, #4064, #4837, #9912, #8918, #5832, #1044, #4529, #7314, #464, #9135, #12334, #5232, #6401, #3693, #11427, #1133, #8983 ) ) ;
#5092 = EDGE_LOOP ( 'NONE', ( #6850, #2142, #3954, #10199 ) ) ;
#5093 = AXIS2_PLACEMENT_3D ( 'NONE', #2029, #6704, #8625 ) ;
#5094 = CIRCLE ( 'NONE', #6324, 14.30000000000000071 ) ;
#5095 = ORIENTED_EDGE ( 'NONE', *, *, #3691, .F. ) ;
#5096 = DIRECTION ( 'NONE',  ( 0.000000000000000000, 0.000000000000000000, 1.000000000000000000 ) ) ;
#5097 = EDGE_CURVE ( 'NONE', #8844, #7045, #3381, .T. ) ;
#5098 = DIRECTION ( 'NONE',  ( 1.000000000000000000, 0.000000000000000000, 0.000000000000000000 ) ) ;
#5099 = EDGE_CURVE ( 'NONE', #7774, #9170, #2355, .T. ) ;
#5100 = FACE_OUTER_BOUND ( 'NONE', #631, .T. ) ;
#5101 = DIRECTION ( 'NONE',  ( -0.000000000000000000, 1.000000000000000000, -0.000000000000000000 ) ) ;
#5102 = CARTESIAN_POINT ( 'NONE',  ( 9.525000000000000355, -16.22354728284506820, 91.16214363188775849 ) ) ;
#5103 = ADVANCED_FACE ( 'NONE', ( #10586 ), #10391, .F. ) ;
#5104 = CARTESIAN_POINT ( 'NONE',  ( 7.746038523653021987E-16, 22.22500000000000142, 50.79999999999999716 ) ) ;
#5105 = VECTOR ( 'NONE', #1444, 1000.000000000000000 ) ;
#5106 = CIRCLE ( 'NONE', #5324, 14.30000000000000782 ) ;
#5107 = ORIENTED_EDGE ( 'NONE', *, *, #9723, .F. ) ;
#5108 = VERTEX_POINT ( 'NONE', #3721 ) ;
#5109 = AXIS2_PLACEMENT_3D ( 'NONE', #9873, #7350, #8014 ) ;
#5110 = VERTEX_POINT ( 'NONE', #7577 ) ;
#5111 = VERTEX_POINT ( 'NONE', #6671 ) ;
#5112 = AXIS2_PLACEMENT_3D ( 'NONE', #3412, #2324, #5402 ) ;
#5113 = EDGE_CURVE ( 'NONE', #11868, #3846, #1333, .T. ) ;
#5114 = DIRECTION ( 'NONE',  ( -1.000000000000000000, -0.000000000000000000, -0.000000000000000000 ) ) ;
#5115 = EDGE_CURVE ( 'NONE', #11948, #1989, #8492, .T. ) ;
#5116 = CARTESIAN_POINT ( 'NONE',  ( 12.70000000000000107, -10.07084749364656950, 152.6189322704979361 ) ) ;
#5117 = DIRECTION ( 'NONE',  ( 0.000000000000000000, 0.000000000000000000, 1.000000000000000000 ) ) ;
#5118 = LINE ( 'NONE', #2, #8914 ) ;
#5119 = VECTOR ( 'NONE', #12122, 1000.000000000000000 ) ;
#5120 = LINE ( 'NONE', #441, #5370 ) ;
#5121 = DIRECTION ( 'NONE',  ( 0.000000000000000000, 0.000000000000000000, 1.000000000000000000 ) ) ;
#5122 = CARTESIAN_POINT ( 'NONE',  ( 12.70000000000000107, -12.33648634558010748, 98.10376971111922728 ) ) ;
#5123 = AXIS2_PLACEMENT_3D ( 'NONE', #3920, #8975, #3204 ) ;
#5124 = ORIENTED_EDGE ( 'NONE', *, *, #10737, .F. ) ;
#5125 = CIRCLE ( 'NONE', #8589, 2.270999999999995467 ) ;
#5126 = DIRECTION ( 'NONE',  ( 0.000000000000000000, 0.000000000000000000, 1.000000000000000000 ) ) ;
#5127 = ORIENTED_EDGE ( 'NONE', *, *, #11970, .T. ) ;
#5128 = VERTEX_POINT ( 'NONE', #660 ) ;
#5129 = ADVANCED_FACE ( 'NONE', ( #12326 ), #12452, .F. ) ;
#5130 = VERTEX_POINT ( 'NONE', #11423 ) ;
#5131 = DIRECTION ( 'NONE',  ( 0.000000000000000000, 0.000000000000000000, 1.000000000000000000 ) ) ;
#5132 = CARTESIAN_POINT ( 'NONE',  ( 12.70000000000000107, 5.371240620587829362, 75.64708431341438200 ) ) ;
#5133 = DIRECTION ( 'NONE',  ( -1.000000000000000000, -0.000000000000000000, -0.000000000000000000 ) ) ;
#5134 = CARTESIAN_POINT ( 'NONE',  ( 7.746038523653021987E-16, 25.40000000000000213, 88.89999999999999147 ) ) ;
#5135 = FACE_OUTER_BOUND ( 'NONE', #8569, .T. ) ;
#5136 = CARTESIAN_POINT ( 'NONE',  ( -12.69999999999999751, 12.33648634557998314, 98.10376971111941202 ) ) ;
#5137 = AXIS2_PLACEMENT_3D ( 'NONE', #3234, #7084, #2218 ) ;
#5138 = DIRECTION ( 'NONE',  ( -1.000000000000000000, 0.000000000000000000, 0.000000000000000000 ) ) ;
#5139 = DIRECTION ( 'NONE',  ( -0.000000000000000000, 1.000000000000000000, -0.000000000000000000 ) ) ;
#5140 = CARTESIAN_POINT ( 'NONE',  ( 12.70000000000000107, 3.577867169202164632E-15, 38.10000000000001563 ) ) ;
#5141 = ORIENTED_EDGE ( 'NONE', *, *, #11306, .F. ) ;
#5142 = EDGE_LOOP ( 'NONE', ( #10069, #10150, #3524, #4348 ) ) ;
#5143 = EDGE_LOOP ( 'NONE', ( #3632, #122, #400, #10220 ) ) ;
#5144 = EDGE_CURVE ( 'NONE', #10439, #2254, #109, .T. ) ;
#5145 = AXIS2_PLACEMENT_3D ( 'NONE', #7048, #2304, #11995 ) ;
#5146 = EDGE_LOOP ( 'NONE', ( #1320, #8445, #10616, #10656 ) ) ;
#5147 = ORIENTED_EDGE ( 'NONE', *, *, #7517, .F. ) ;
#5148 = PERSON_AND_ORGANIZATION ( #11, #11815 ) ;
#5149 = DIRECTION ( 'NONE',  ( -0.000000000000000000, 1.000000000000000000, -0.000000000000000000 ) ) ;
#5150 = CARTESIAN_POINT ( 'NONE',  ( -12.69999999999999751, -12.33648634558010748, 98.10376971111922728 ) ) ;
#5151 = CYLINDRICAL_SURFACE ( 'NONE', #10426, 14.30000000000000071 ) ;
#5152 = DIRECTION ( 'NONE',  ( -1.000000000000000000, 0.000000000000000000, 0.000000000000000000 ) ) ;
#5153 = CARTESIAN_POINT ( 'NONE',  ( 12.70000000000000107, 10.07084749364666365, 25.18106772950216765 ) ) ;
#5154 = DIRECTION ( 'NONE',  ( 1.000000000000000000, 0.000000000000000000, 0.000000000000000000 ) ) ;
#5155 = VERTEX_POINT ( 'NONE', #2569 ) ;
#5156 = ORIENTED_EDGE ( 'NONE', *, *, #6163, .T. ) ;
#5157 = ORIENTED_EDGE ( 'NONE', *, *, #2871, .F. ) ;
#5158 = EDGE_CURVE ( 'NONE', #2444, #10938, #12190, .T. ) ;
#5159 = ORIENTED_EDGE ( 'NONE', *, *, #5615, .F. ) ;
#5160 = EDGE_CURVE ( 'NONE', #9792, #9310, #6646, .T. ) ;
#5161 = DIRECTION ( 'NONE',  ( 0.000000000000000000, 0.000000000000000000, 1.000000000000000000 ) ) ;
#5162 = AXIS2_PLACEMENT_3D ( 'NONE', #10497, #4669, #2735 ) ;
#5163 = DIRECTION ( 'NONE',  ( -1.000000000000000000, -0.000000000000000000, -0.000000000000000000 ) ) ;
#5164 = AXIS2_PLACEMENT_3D ( 'NONE', #1121, #5030, #10930 ) ;
#5165 = CARTESIAN_POINT ( 'NONE',  ( 12.70000000000000107, 8.791741348502393194, 100.1780886705608822 ) ) ;
#5166 = DIRECTION ( 'NONE',  ( -1.000000000000000000, -0.000000000000000000, -0.000000000000000000 ) ) ;
#5167 = CARTESIAN_POINT ( 'NONE',  ( 12.70000000000000107, -5.371240620587816927, 75.64708431341438200 ) ) ;
#5168 = CYLINDRICAL_SURFACE ( 'NONE', #482, 2.499999999999988454 ) ;
#5169 = EDGE_LOOP ( 'NONE', ( #4990, #12360, #4469, #2381 ) ) ;
#5170 = AXIS2_PLACEMENT_3D ( 'NONE', #2480, #3504, #12235 ) ;
#5171 = VERTEX_POINT ( 'NONE', #7833 ) ;
#5172 = AXIS2_PLACEMENT_3D ( 'NONE', #6381, #10282, #1502 ) ;
#5173 = ORIENTED_EDGE ( 'NONE', *, *, #619, .T. ) ;
#5174 = ORIENTED_EDGE ( 'NONE', *, *, #8610, .F. ) ;
#5175 = EDGE_CURVE ( 'NONE', #9335, #1119, #719, .T. ) ;
#5176 = CARTESIAN_POINT ( 'NONE',  ( -9.525000000000000355, 14.13894155320113555, 133.6181742868475624 ) ) ;
#5177 = LINE ( 'NONE', #5599, #10039 ) ;
#5178 = LINE ( 'NONE', #9920, #6392 ) ;
#5179 = DIRECTION ( 'NONE',  ( 0.000000000000000000, 0.000000000000000000, 1.000000000000000000 ) ) ;
#5180 = AXIS2_PLACEMENT_3D ( 'NONE', #5104, #6071, #4077 ) ;
#5181 = CIRCLE ( 'NONE', #9462, 2.500000000000002220 ) ;
#5182 = DIRECTION ( 'NONE',  ( -1.000000000000000000, -0.000000000000000000, -0.000000000000000000 ) ) ;
#5183 = DIRECTION ( 'NONE',  ( -0.000000000000000000, 1.000000000000000000, -0.000000000000000000 ) ) ;
#5184 = LINE ( 'NONE', #9026, #12624 ) ;
#5185 = EDGE_CURVE ( 'NONE', #83, #6094, #6254, .T. ) ;
#5186 = ORIENTED_EDGE ( 'NONE', *, *, #564, .T. ) ;
#5187 = ADVANCED_FACE ( 'NONE', ( #10 ), #7958, .T. ) ;
#5188 = EDGE_CURVE ( 'NONE', #1341, #4787, #7681, .T. ) ;
#5189 = ORIENTED_EDGE ( 'NONE', *, *, #7853, .T. ) ;
#5190 = ORIENTED_EDGE ( 'NONE', *, *, #311, .F. ) ;
#5191 = EDGE_LOOP ( 'NONE', ( #11837, #3680, #11524, #2892 ) ) ;
#5192 = EDGE_CURVE ( 'NONE', #665, #11754, #9102, .T. ) ;
#5193 = CARTESIAN_POINT ( 'NONE',  ( 12.70000000000000107, -8.791741348502544184, 49.37808867056075712 ) ) ;
#5194 = DIRECTION ( 'NONE',  ( -1.000000000000000000, -0.000000000000000000, -0.000000000000000000 ) ) ;
#5195 = DIRECTION ( 'NONE',  ( -0.000000000000000000, 1.000000000000000000, -0.000000000000000000 ) ) ;
#5196 = CARTESIAN_POINT ( 'NONE',  ( 1.555301434917138038E-15, 25.40000000000000213, 76.19999999999998863 ) ) ;
#5197 = CARTESIAN_POINT ( 'NONE',  ( -12.69999999999999751, -12.69999999999999929, 167.5999999999999943 ) ) ;
#5198 = DIRECTION ( 'NONE',  ( -1.000000000000000000, -0.000000000000000000, -0.000000000000000000 ) ) ;
#5199 = EDGE_CURVE ( 'NONE', #6936, #5550, #11624, .T. ) ;
#5200 = CARTESIAN_POINT ( 'NONE',  ( 1.080765552152138393E-15, -25.39999999999999503, 137.1999999999999886 ) ) ;
#5201 = ADVANCED_FACE ( 'NONE', ( #8724 ), #2886, .F. ) ;
#5202 = DIRECTION ( 'NONE',  ( 0.000000000000000000, -3.335204952610999569E-15, 1.000000000000000000 ) ) ;
#5203 = ORIENTED_EDGE ( 'NONE', *, *, #6337, .T. ) ;
#5204 = ORIENTED_EDGE ( 'NONE', *, *, #880, .F. ) ;
#5205 = VERTEX_POINT ( 'NONE', #9755 ) ;
#5206 = AXIS2_PLACEMENT_3D ( 'NONE', #3975, #4944, #6797 ) ;
#5207 = ORIENTED_EDGE ( 'NONE', *, *, #1884, .T. ) ;
#5208 = ORIENTED_EDGE ( 'NONE', *, *, #9246, .F. ) ;
#5209 = DIRECTION ( 'NONE',  ( 0.000000000000000000, 0.000000000000000000, 1.000000000000000000 ) ) ;
#5210 = CARTESIAN_POINT ( 'NONE',  ( 12.70000000000000107, 14.13894155320113555, 32.01817428684756095 ) ) ;
#5211 = CARTESIAN_POINT ( 'NONE',  ( -12.69999999999999751, 6.152699789198528002, 124.5189240976142884 ) ) ;
#5212 = DIRECTION ( 'NONE',  ( -1.000000000000000000, -0.000000000000000000, -0.000000000000000000 ) ) ;
#5213 = FACE_OUTER_BOUND ( 'NONE', #9840, .T. ) ;
#5214 = DIRECTION ( 'NONE',  ( -1.000000000000000000, -0.000000000000000000, -0.000000000000000000 ) ) ;
#5215 = CARTESIAN_POINT ( 'NONE',  ( 7.746038523653021987E-16, -22.22499999999999787, 38.09999999999999432 ) ) ;
#5216 = EDGE_CURVE ( 'NONE', #9661, #1041, #9519, .T. ) ;
#5217 = CIRCLE ( 'NONE', #11565, 2.499999999999992006 ) ;
#5218 = CARTESIAN_POINT ( 'NONE',  ( 9.525000000000000355, -12.33648634558010748, 98.10376971111922728 ) ) ;
#5219 = VERTEX_POINT ( 'NONE', #4043 ) ;
#5220 = VERTEX_POINT ( 'NONE', #3015 ) ;
#5221 = ORIENTED_EDGE ( 'NONE', *, *, #6977, .F. ) ;
#5222 = ORIENTED_EDGE ( 'NONE', *, *, #8167, .T. ) ;
#5223 = DIRECTION ( 'NONE',  ( -1.000000000000000000, -0.000000000000000000, -0.000000000000000000 ) ) ;
#5224 = AXIS2_PLACEMENT_3D ( 'NONE', #5215, #12087, #3289 ) ;
#5225 = DIRECTION ( 'NONE',  ( -1.000000000000000000, -0.000000000000000000, -0.000000000000000000 ) ) ;
#5226 = LINE ( 'NONE', #6893, #4119 ) ;
#5227 = FACE_OUTER_BOUND ( 'NONE', #574, .T. ) ;
#5228 = FACE_OUTER_BOUND ( 'NONE', #8518, .T. ) ;
#5229 = EDGE_CURVE ( 'NONE', #7524, #7457, #9123, .T. ) ;
#5230 = ORIENTED_EDGE ( 'NONE', *, *, #6583, .T. ) ;
#5231 = AXIS2_PLACEMENT_3D ( 'NONE', #12131, #10129, #4299 ) ;
#5232 = ORIENTED_EDGE ( 'NONE', *, *, #5081, .T. ) ;
#5233 = EDGE_LOOP ( 'NONE', ( #126, #8696, #9678, #7869 ) ) ;
#5234 = VERTEX_POINT ( 'NONE', #3785 ) ;
#5235 = ADVANCED_FACE ( 'NONE', ( #11748 ), #3079, .F. ) ;
#5236 = CARTESIAN_POINT ( 'NONE',  ( -12.69999999999999751, -10.07084749364656950, 101.8189322704979247 ) ) ;
#5237 = CARTESIAN_POINT ( 'NONE',  ( -9.525000000000000355, -6.152699789198520897, 124.5189240976142884 ) ) ;
#5238 = CARTESIAN_POINT ( 'NONE',  ( -12.69999999999999751, 3.577867169202164632E-15, 38.10000000000001563 ) ) ;
#5239 = AXIS2_PLACEMENT_3D ( 'NONE', #1459, #1518, #2481 ) ;
#5240 = LINE ( 'NONE', #4152, #7283 ) ;
#5241 = AXIS2_PLACEMENT_3D ( 'NONE', #2867, #6784, #4220 ) ;
#5242 = EDGE_CURVE ( 'NONE', #2695, #9183, #11377, .T. ) ;
#5243 = DIRECTION ( 'NONE',  ( -0.000000000000000000, 1.000000000000000000, -0.000000000000000000 ) ) ;
#5244 = ADVANCED_FACE ( 'NONE', ( #11690 ), #2821, .F. ) ;
#5245 = FACE_OUTER_BOUND ( 'NONE', #7791, .T. ) ;
#5246 = AXIS2_PLACEMENT_3D ( 'NONE', #2090, #6005, #4975 ) ;
#5247 = EDGE_CURVE ( 'NONE', #8840, #11850, #9625, .T. ) ;
#5248 = CARTESIAN_POINT ( 'NONE',  ( -9.525000000000000355, 14.13894155320113555, 32.01817428684756095 ) ) ;
#5249 = ORIENTED_EDGE ( 'NONE', *, *, #11478, .T. ) ;
#5250 = AXIS2_PLACEMENT_3D ( 'NONE', #672, #9442, #10404 ) ;
#5251 = AXIS2_PLACEMENT_3D ( 'NONE', #1410, #10193, #8974 ) ;
#5252 = ORIENTED_EDGE ( 'NONE', *, *, #8911, .T. ) ;
#5253 = ORIENTED_EDGE ( 'NONE', *, *, #7169, .F. ) ;
#5254 = ORIENTED_EDGE ( 'NONE', *, *, #5489, .T. ) ;
#5255 = AXIS2_PLACEMENT_3D ( 'NONE', #5906, #8847, #3008 ) ;
#5256 = CARTESIAN_POINT ( 'NONE',  ( -9.525000000000000355, 16.22512784221258997, 31.12080715599162417 ) ) ;
#5257 = CIRCLE ( 'NONE', #353, 2.499999999999988454 ) ;
#5258 = CARTESIAN_POINT ( 'NONE',  ( 0.000000000000000000, -25.39999999999999503, 12.69999999999999929 ) ) ;
#5259 = CARTESIAN_POINT ( 'NONE',  ( 12.70000000000000107, -11.15407434219252103, 100.0426721981579590 ) ) ;
#5260 = AXIS2_PLACEMENT_3D ( 'NONE', #11647, #7923, #6002 ) ;
#5261 = CARTESIAN_POINT ( 'NONE',  ( 12.70000000000000107, 10.07084749364666365, 25.18106772950216765 ) ) ;
#5262 = CIRCLE ( 'NONE', #2587, 2.080499999999998906 ) ;
#5263 = FACE_OUTER_BOUND ( 'NONE', #6866, .T. ) ;
#5264 = DIRECTION ( 'NONE',  ( 0.000000000000000000, -1.000000000000000000, 0.000000000000000000 ) ) ;
#5265 = DIRECTION ( 'NONE',  ( 0.000000000000000000, 0.000000000000000000, 1.000000000000000000 ) ) ;
#5266 = EDGE_CURVE ( 'NONE', #1727, #9015, #10752, .T. ) ;
#5267 = CARTESIAN_POINT ( 'NONE',  ( 12.70000000000000107, 3.577867169202164632E-15, 55.76250000000001705 ) ) ;
#5268 = CARTESIAN_POINT ( 'NONE',  ( 7.746038523653021987E-16, -25.39999999999999503, 154.8999999999999773 ) ) ;
#5269 = VERTEX_POINT ( 'NONE', #5784 ) ;
#5270 = VECTOR ( 'NONE', #12672, 1000.000000000000000 ) ;
#5271 = EDGE_LOOP ( 'NONE', ( #5249, #8776, #819, #1501 ) ) ;
#5272 = VERTEX_POINT ( 'NONE', #9690 ) ;
#5273 = VECTOR ( 'NONE', #249, 1000.000000000000000 ) ;
#5274 = ORIENTED_EDGE ( 'NONE', *, *, #9758, .T. ) ;
#5275 = EDGE_LOOP ( 'NONE', ( #11397, #7239, #11232, #11794 ) ) ;
#5276 = EDGE_CURVE ( 'NONE', #4363, #10637, #8302, .T. ) ;
#5277 = DIRECTION ( 'NONE',  ( 0.000000000000000000, 0.000000000000000000, 1.000000000000000000 ) ) ;
#5278 = CARTESIAN_POINT ( 'NONE',  ( 12.70000000000000107, 3.577867169202164632E-15, 106.5625000000000000 ) ) ;
#5279 = DIRECTION ( 'NONE',  ( -1.000000000000000000, 0.000000000000000000, 0.000000000000000000 ) ) ;
#5280 = DIRECTION ( 'NONE',  ( -1.000000000000000000, -0.000000000000000000, -0.000000000000000000 ) ) ;
#5281 = LINE ( 'NONE', #4315, #10362 ) ;
#5282 = AXIS2_PLACEMENT_3D ( 'NONE', #1994, #3849, #6794 ) ;
#5283 = FACE_OUTER_BOUND ( 'NONE', #1170, .T. ) ;
#5284 = DIRECTION ( 'NONE',  ( -1.000000000000000000, -0.000000000000000000, -0.000000000000000000 ) ) ;
#5285 = EDGE_LOOP ( 'NONE', ( #4605, #6010, #805, #7127 ) ) ;
#5286 = ORIENTED_EDGE ( 'NONE', *, *, #9638, .F. ) ;
#5287 = ORIENTED_EDGE ( 'NONE', *, *, #12227, .T. ) ;
#5288 = ORIENTED_EDGE ( 'NONE', *, *, #152, .F. ) ;
#5289 = CYLINDRICAL_SURFACE ( 'NONE', #5576, 14.30000000000000782 ) ;
#5290 = EDGE_CURVE ( 'NONE', #12044, #9388, #8500, .T. ) ;
#5291 = VECTOR ( 'NONE', #5605, 1000.000000000000000 ) ;
#5292 = DIRECTION ( 'NONE',  ( 0.000000000000000000, 1.000000000000000000, 0.000000000000000000 ) ) ;
#5293 = CARTESIAN_POINT ( 'NONE',  ( 12.70000000000000107, 14.13894155320100943, 94.98182571315275879 ) ) ;
#5294 = DIRECTION ( 'NONE',  ( 0.000000000000000000, 0.000000000000000000, -1.000000000000000000 ) ) ;
#5295 = ORIENTED_EDGE ( 'NONE', *, *, #2528, .T. ) ;
#5296 = AXIS2_PLACEMENT_3D ( 'NONE', #5023, #8930, #158 ) ;
#5297 = ORIENTED_EDGE ( 'NONE', *, *, #4457, .F. ) ;
#5298 = VERTEX_POINT ( 'NONE', #9820 ) ;
#5299 = ORIENTED_EDGE ( 'NONE', *, *, #1544, .F. ) ;
#5300 = ORIENTED_EDGE ( 'NONE', *, *, #6570, .T. ) ;
#5301 = EDGE_CURVE ( 'NONE', #2728, #2578, #9113, .T. ) ;
#5302 = CARTESIAN_POINT ( 'NONE',  ( -12.69999999999999929, 0.000000000000000000, 165.0999999999999943 ) ) ;
#5303 = CARTESIAN_POINT ( 'NONE',  ( 9.525000000000000355, 3.577867169202164632E-15, 38.10000000000001563 ) ) ;
#5304 = AXIS2_PLACEMENT_3D ( 'NONE', #7734, #2851, #4976 ) ;
#5305 = DIRECTION ( 'NONE',  ( -1.000000000000000000, 0.000000000000000000, 0.000000000000000000 ) ) ;
#5306 = DIRECTION ( 'NONE',  ( 0.000000000000000000, 0.000000000000000000, 1.000000000000000000 ) ) ;
#5307 = AXIS2_PLACEMENT_3D ( 'NONE', #206, #4114, #7484 ) ;
#5308 = CARTESIAN_POINT ( 'NONE',  ( 12.70000000000000107, 6.152699789198528002, 22.91892409761429406 ) ) ;
#5309 = DIRECTION ( 'NONE',  ( 0.000000000000000000, -1.000000000000000000, 0.000000000000000000 ) ) ;
#5310 = CARTESIAN_POINT ( 'NONE',  ( -12.69999999999999751, -10.07084749364648069, 126.7810677295020128 ) ) ;
#5311 = EDGE_CURVE ( 'NONE', #7059, #4822, #3334, .T. ) ;
#5312 = ORIENTED_EDGE ( 'NONE', *, *, #3117, .T. ) ;
#5313 = AXIS2_PLACEMENT_3D ( 'NONE', #1427, #3531, #1612 ) ;
#5314 = CIRCLE ( 'NONE', #8372, 17.66250000000000497 ) ;
#5315 = ORIENTED_EDGE ( 'NONE', *, *, #5242, .T. ) ;
#5316 = EDGE_CURVE ( 'NONE', #7690, #7596, #8977, .T. ) ;
#5317 = ORIENTED_EDGE ( 'NONE', *, *, #4802, .T. ) ;
#5318 = DIRECTION ( 'NONE',  ( 0.000000000000000000, 0.000000000000000000, -1.000000000000000000 ) ) ;
#5319 = ADVANCED_FACE ( 'NONE', ( #10067 ), #8150, .F. ) ;
#5320 = CARTESIAN_POINT ( 'NONE',  ( -9.525000000000000355, 3.577867169202164632E-15, 139.7000000000000171 ) ) ;
#5321 = DIRECTION ( 'NONE',  ( 0.000000000000000000, 0.000000000000000000, -1.000000000000000000 ) ) ;
#5322 = AXIS2_PLACEMENT_3D ( 'NONE', #7310, #4358, #5326 ) ;
#5323 = DIRECTION ( 'NONE',  ( -1.000000000000000000, -0.000000000000000000, -0.000000000000000000 ) ) ;
#5324 = AXIS2_PLACEMENT_3D ( 'NONE', #1300, #4430, #6368 ) ;
#5325 = CARTESIAN_POINT ( 'NONE',  ( 12.70000000000000107, -11.15407434219244465, 128.5573278018419785 ) ) ;
#5326 = DIRECTION ( 'NONE',  ( 0.000000000000000000, 0.000000000000000000, 1.000000000000000000 ) ) ;
#5327 = LINE ( 'NONE', #11100, #7437 ) ;
#5328 = DIRECTION ( 'NONE',  ( -1.000000000000000000, 0.000000000000000000, 0.000000000000000000 ) ) ;
#5329 = AXIS2_PLACEMENT_3D ( 'NONE', #8779, #12706, #3912 ) ;
#5330 = CARTESIAN_POINT ( 'NONE',  ( 7.746038523653021987E-16, 25.40000000000000213, 154.8999999999999773 ) ) ;
#5331 = VERTEX_POINT ( 'NONE', #5267 ) ;
#5332 = ORIENTED_EDGE ( 'NONE', *, *, #3657, .T. ) ;
#5333 = ORIENTED_EDGE ( 'NONE', *, *, #9802, .F. ) ;
#5334 = EDGE_LOOP ( 'NONE', ( #12139, #1918, #11230, #1247 ) ) ;
#5335 = ORIENTED_EDGE ( 'NONE', *, *, #559, .F. ) ;
#5336 = EDGE_CURVE ( 'NONE', #8410, #12458, #9166, .T. ) ;
#5337 = DIRECTION ( 'NONE',  ( 0.000000000000000000, 0.000000000000000000, -1.000000000000000000 ) ) ;
#5338 = VECTOR ( 'NONE', #4020, 1000.000000000000000 ) ;
#5339 = FACE_OUTER_BOUND ( 'NONE', #9172, .T. ) ;
#5340 = DIRECTION ( 'NONE',  ( -0.000000000000000000, -0.000000000000000000, -1.000000000000000000 ) ) ;
#5341 = DIRECTION ( 'NONE',  ( -1.000000000000000000, -0.000000000000000000, -0.000000000000000000 ) ) ;
#5342 = CARTESIAN_POINT ( 'NONE',  ( 1.080765552152139379E-15, 25.40000000000000213, 35.60000000000000853 ) ) ;
#5343 = CARTESIAN_POINT ( 'NONE',  ( 9.525000000000000355, 14.13894155320100943, 44.18182571315276874 ) ) ;
#5344 = ADVANCED_FACE ( 'NONE', ( #12070 ), #2310, .F. ) ;
#5345 = CARTESIAN_POINT ( 'NONE',  ( -9.525000000000000355, 16.22512784221244786, 146.6791928440087247 ) ) ;
#5346 = ORIENTED_EDGE ( 'NONE', *, *, #770, .F. ) ;
#5347 = VECTOR ( 'NONE', #7758, 1000.000000000000000 ) ;
#5348 = VERTEX_POINT ( 'NONE', #394 ) ;
#5349 = ORIENTED_EDGE ( 'NONE', *, *, #7613, .F. ) ;
#5350 = ORIENTED_EDGE ( 'NONE', *, *, #11296, .F. ) ;
#5351 = DIRECTION ( 'NONE',  ( 0.000000000000000000, 0.000000000000000000, 1.000000000000000000 ) ) ;
#5352 = CARTESIAN_POINT ( 'NONE',  ( 12.70000000000000107, -8.791741348502467801, 26.82191132943921019 ) ) ;
#5353 = CARTESIAN_POINT ( 'NONE',  ( 12.70000000000000107, -10.07084749364648069, 25.18106772950202199 ) ) ;
#5354 = FACE_BOUND ( 'NONE', #11277, .T. ) ;
#5355 = VECTOR ( 'NONE', #3898, 1000.000000000000000 ) ;
#5356 = EDGE_CURVE ( 'NONE', #12524, #11571, #11101, .T. ) ;
#5357 = ORIENTED_EDGE ( 'NONE', *, *, #713, .F. ) ;
#5358 = ORIENTED_EDGE ( 'NONE', *, *, #10729, .T. ) ;
#5359 = ORIENTED_EDGE ( 'NONE', *, *, #2075, .T. ) ;
#5360 = ORIENTED_EDGE ( 'NONE', *, *, #7674, .F. ) ;
#5361 = EDGE_LOOP ( 'NONE', ( #9212, #6746, #6538, #9983 ) ) ;
#5362 = CIRCLE ( 'NONE', #3711, 2.270999999999995467 ) ;
#5363 = AXIS2_PLACEMENT_3D ( 'NONE', #6210, #4275, #3313 ) ;
#5364 = CYLINDRICAL_SURFACE ( 'NONE', #5046, 2.270999999999995467 ) ;
#5365 = DIRECTION ( 'NONE',  ( 0.000000000000000000, 0.000000000000000000, 1.000000000000000000 ) ) ;
#5366 = DIRECTION ( 'NONE',  ( -0.000000000000000000, -0.000000000000000000, -1.000000000000000000 ) ) ;
#5367 = DIRECTION ( 'NONE',  ( 0.000000000000000000, 0.000000000000000000, -1.000000000000000000 ) ) ;
#5368 = CARTESIAN_POINT ( 'NONE',  ( 12.70000000000000107, 3.061616997868380183E-16, 10.19999999999993712 ) ) ;
#5369 = DIRECTION ( 'NONE',  ( 0.000000000000000000, 0.000000000000000000, 1.000000000000000000 ) ) ;
#5370 = VECTOR ( 'NONE', #4342, 1000.000000000000000 ) ;
#5371 = CIRCLE ( 'NONE', #12539, 2.270999999999995467 ) ;
#5372 = CARTESIAN_POINT ( 'NONE',  ( -9.525000000000000355, -14.13894155320108759, 94.98182571315255984 ) ) ;
#5373 = EDGE_CURVE ( 'NONE', #4322, #588, #8211, .T. ) ;
#5374 = ORIENTED_EDGE ( 'NONE', *, *, #7658, .F. ) ;
#5375 = VERTEX_POINT ( 'NONE', #12003 ) ;
#5376 = AXIS2_PLACEMENT_3D ( 'NONE', #10111, #2233, #7038 ) ;
#5377 = AXIS2_PLACEMENT_3D ( 'NONE', #6826, #994, #5938 ) ;
#5378 = ORIENTED_EDGE ( 'NONE', *, *, #6191, .T. ) ;
#5379 = DIRECTION ( 'NONE',  ( -1.000000000000000000, -0.000000000000000000, -0.000000000000000000 ) ) ;
#5380 = DIRECTION ( 'NONE',  ( -1.000000000000000000, -0.000000000000000000, -0.000000000000000000 ) ) ;
#5381 = CARTESIAN_POINT ( 'NONE',  ( -12.69999999999999751, 14.16298196909037088, 137.7251729839752841 ) ) ;
#5382 = DIRECTION ( 'NONE',  ( -0.000000000000000000, 1.000000000000000000, -0.000000000000000000 ) ) ;
#5383 = FACE_OUTER_BOUND ( 'NONE', #12659, .T. ) ;
#5384 = CARTESIAN_POINT ( 'NONE',  ( 0.000000000000000000, 22.22500000000000142, 12.69999999999999929 ) ) ;
#5385 = CARTESIAN_POINT ( 'NONE',  ( 1.861463134703975514E-15, 25.40000000000000213, 73.70000000000000284 ) ) ;
#5386 = DIRECTION ( 'NONE',  ( -1.000000000000000000, -0.000000000000000000, -0.000000000000000000 ) ) ;
#5387 = EDGE_CURVE ( 'NONE', #2675, #9764, #9319, .T. ) ;
#5388 = AXIS2_PLACEMENT_3D ( 'NONE', #9429, #2751, #5783 ) ;
#5389 = AXIS2_PLACEMENT_3D ( 'NONE', #2872, #12569, #4739 ) ;
#5390 = ORIENTED_EDGE ( 'NONE', *, *, #5458, .F. ) ;
#5391 = ORIENTED_EDGE ( 'NONE', *, *, #4067, .F. ) ;
#5392 = VERTEX_POINT ( 'NONE', #3398 ) ;
#5393 = ORIENTED_EDGE ( 'NONE', *, *, #8151, .F. ) ;
#5394 = ORIENTED_EDGE ( 'NONE', *, *, #7462, .F. ) ;
#5395 = ADVANCED_FACE ( 'NONE', ( #11944 ), #2251, .F. ) ;
#5396 = AXIS2_PLACEMENT_3D ( 'NONE', #12130, #3456, #10259 ) ;
#5397 = DIRECTION ( 'NONE',  ( 0.000000000000000000, 0.000000000000000000, 1.000000000000000000 ) ) ;
#5398 = FACE_OUTER_BOUND ( 'NONE', #3877, .T. ) ;
#5399 = CARTESIAN_POINT ( 'NONE',  ( -12.69999999999999751, -5.371240620587821368, 51.35291568658563932 ) ) ;
#5400 = CYLINDRICAL_SURFACE ( 'NONE', #10508, 2.080499999999998906 ) ;
#5401 = EDGE_CURVE ( 'NONE', #276, #3297, #3272, .T. ) ;
#5402 = DIRECTION ( 'NONE',  ( 0.000000000000000000, 8.338012381527556114E-16, -1.000000000000000000 ) ) ;
#5403 = DIRECTION ( 'NONE',  ( -1.000000000000000000, 0.000000000000000000, 0.000000000000000000 ) ) ;
#5404 = DIRECTION ( 'NONE',  ( 0.000000000000000000, 0.000000000000000000, 1.000000000000000000 ) ) ;
#5405 = ADVANCED_FACE ( 'NONE', ( #2126 ), #6105, .F. ) ;
#5406 = EDGE_CURVE ( 'NONE', #9453, #9497, #5027, .T. ) ;
#5407 = DIRECTION ( 'NONE',  ( 0.000000000000000000, 0.000000000000000000, 1.000000000000000000 ) ) ;
#5408 = AXIS2_PLACEMENT_3D ( 'NONE', #2866, #5279, #594 ) ;
#5409 = ORIENTED_EDGE ( 'NONE', *, *, #10332, .T. ) ;
#5410 = ORIENTED_EDGE ( 'NONE', *, *, #1884, .F. ) ;
#5411 = ORIENTED_EDGE ( 'NONE', *, *, #10400, .F. ) ;
#5412 = ORIENTED_EDGE ( 'NONE', *, *, #6719, .T. ) ;
#5413 = CYLINDRICAL_SURFACE ( 'NONE', #2702, 2.500000000000002220 ) ;
#5414 = CARTESIAN_POINT ( 'NONE',  ( 12.70000000000000107, 8.791741348502393194, 49.37808867056088502 ) ) ;
#5415 = CARTESIAN_POINT ( 'NONE',  ( 12.70000000000000107, -12.69999999999999929, 15.19999999999999574 ) ) ;
#5416 = EDGE_CURVE ( 'NONE', #1041, #9661, #6463, .T. ) ;
#5417 = PLANE ( 'NONE',  #8784 ) ;
#5418 = DIRECTION ( 'NONE',  ( 0.000000000000000000, 0.000000000000000000, 1.000000000000000000 ) ) ;
#5419 = EDGE_CURVE ( 'NONE', #4244, #6123, #6061, .T. ) ;
#5420 = ORIENTED_EDGE ( 'NONE', *, *, #8443, .T. ) ;
#5421 = VERTEX_POINT ( 'NONE', #7124 ) ;
#5422 = VERTEX_POINT ( 'NONE', #5200 ) ;
#5423 = CIRCLE ( 'NONE', #5010, 14.30000000000000071 ) ;
#5424 = DIRECTION ( 'NONE',  ( 0.000000000000000000, 3.752105571687424903E-15, -1.000000000000000000 ) ) ;
#5425 = LINE ( 'NONE', #6394, #5992 ) ;
#5426 = LINE ( 'NONE', #2478, #7771 ) ;
#5427 = CARTESIAN_POINT ( 'NONE',  ( 1.080765552152139379E-15, 25.40000000000000213, 48.30000000000001137 ) ) ;
#5428 = EDGE_CURVE ( 'NONE', #1937, #6497, #3796, .T. ) ;
#5429 = EDGE_CURVE ( 'NONE', #6681, #4303, #10347, .T. ) ;
#5430 = CARTESIAN_POINT ( 'NONE',  ( 1.861463134703976303E-15, -22.22499999999999787, 61.00000000000001421 ) ) ;
#5431 = AXIS2_PLACEMENT_3D ( 'NONE', #12517, #1675, #4619 ) ;
#5432 = CARTESIAN_POINT ( 'NONE',  ( 9.525000000000000355, 2.068405620284300195, 20.55903068698950520 ) ) ;
#5433 = ORIENTED_EDGE ( 'NONE', *, *, #7036, .F. ) ;
#5434 = CIRCLE ( 'NONE', #8129, 2.080499999999998906 ) ;
#5435 = VERTEX_POINT ( 'NONE', #8579 ) ;
#5436 = ORIENTED_EDGE ( 'NONE', *, *, #8681, .F. ) ;
#5437 = DIRECTION ( 'NONE',  ( 0.000000000000000000, 0.000000000000000000, 1.000000000000000000 ) ) ;
#5438 = CARTESIAN_POINT ( 'NONE',  ( 12.70000000000000107, 12.69999999999999929, 111.7999999999999972 ) ) ;
#5439 = EDGE_CURVE ( 'NONE', #5996, #6326, #6413, .T. ) ;
#5440 = AXIS2_PLACEMENT_3D ( 'NONE', #1064, #3045, #9845 ) ;
#5441 = AXIS2_PLACEMENT_3D ( 'NONE', #12409, #3619, #6689 ) ;
#5442 = CARTESIAN_POINT ( 'NONE',  ( -12.69999999999999751, -15.22687436074362388, 84.81162436304001062 ) ) ;
#5443 = CARTESIAN_POINT ( 'NONE',  ( 12.70000000000000107, 3.577867169202164632E-15, 88.90000000000000568 ) ) ;
#5444 = FACE_BOUND ( 'NONE', #8187, .T. ) ;
#5445 = DIRECTION ( 'NONE',  ( 0.000000000000000000, 1.000000000000000000, 0.000000000000000000 ) ) ;
#5446 = DESIGN_CONTEXT ( 'detailed design', #9524, 'design' ) ;
#5447 = CIRCLE ( 'NONE', #7288, 2.500000000000002220 ) ;
#5448 = DIRECTION ( 'NONE',  ( 0.000000000000000000, 0.000000000000000000, -1.000000000000000000 ) ) ;
#5449 = CIRCLE ( 'NONE', #2576, 2.270999999999995467 ) ;
#5450 = ORIENTED_EDGE ( 'NONE', *, *, #332, .F. ) ;
#5451 = CC_DESIGN_APPROVAL ( #9290, ( #11575 ) ) ;
#5452 = VECTOR ( 'NONE', #3220, 1000.000000000000000 ) ;
#5453 = EDGE_LOOP ( 'NONE', ( #10381, #5287, #4083, #1008 ) ) ;
#5454 = ORIENTED_EDGE ( 'NONE', *, *, #698, .F. ) ;
#5455 = VERTEX_POINT ( 'NONE', #3572 ) ;
#5456 = VERTEX_POINT ( 'NONE', #7497 ) ;
#5457 = VECTOR ( 'NONE', #4768, 1000.000000000000000 ) ;
#5458 = EDGE_CURVE ( 'NONE', #9607, #5392, #9415, .T. ) ;
#5459 = AXIS2_PLACEMENT_3D ( 'NONE', #3383, #4346, #10244 ) ;
#5460 = DIRECTION ( 'NONE',  ( 0.000000000000000000, 0.000000000000000000, -1.000000000000000000 ) ) ;
#5461 = DIRECTION ( 'NONE',  ( 0.000000000000000000, 0.000000000000000000, -1.000000000000000000 ) ) ;
#5462 = DIRECTION ( 'NONE',  ( -1.000000000000000000, -0.000000000000000000, -0.000000000000000000 ) ) ;
#5463 = DIRECTION ( 'NONE',  ( -1.000000000000000000, -0.000000000000000000, -0.000000000000000000 ) ) ;
#5464 = DIRECTION ( 'NONE',  ( 0.000000000000000000, 0.000000000000000000, -1.000000000000000000 ) ) ;
#5465 = LOCAL_TIME ( 14, 50, 18.00000000000000000, #11954 ) ;
#5466 = FACE_OUTER_BOUND ( 'NONE', #2443, .T. ) ;
#5467 = VECTOR ( 'NONE', #4023, 1000.000000000000000 ) ;
#5468 = CARTESIAN_POINT ( 'NONE',  ( 12.70000000000000107, 5.371240620587830250, 51.35291568658563932 ) ) ;
#5469 = AXIS2_PLACEMENT_3D ( 'NONE', #6891, #11576, #35 ) ;
#5470 = DIRECTION ( 'NONE',  ( -1.000000000000000000, -0.000000000000000000, -0.000000000000000000 ) ) ;
#5471 = AXIS2_PLACEMENT_3D ( 'NONE', #7683, #5897, #3836 ) ;
#5472 = EDGE_LOOP ( 'NONE', ( #303, #6050, #1448, #6811 ) ) ;
#5473 = EDGE_CURVE ( 'NONE', #11073, #9511, #9475, .T. ) ;
#5474 = EDGE_LOOP ( 'NONE', ( #4016, #9868 ) ) ;
#5475 = EDGE_LOOP ( 'NONE', ( #710, #3054, #3523, #12488 ) ) ;
#5476 = LINE ( 'NONE', #9311, #3942 ) ;
#5477 = ADVANCED_FACE ( 'NONE', ( #2554 ), #4541, .F. ) ;
#5478 = DIRECTION ( 'NONE',  ( -1.000000000000000000, -0.000000000000000000, -0.000000000000000000 ) ) ;
#5479 = EDGE_CURVE ( 'NONE', #7879, #2007, #4827, .T. ) ;
#5480 = AXIS2_PLACEMENT_3D ( 'NONE', #10223, #7984, #11904 ) ;
#5481 = DIRECTION ( 'NONE',  ( -0.000000000000000000, 1.000000000000000000, -0.000000000000000000 ) ) ;
#5482 = FACE_BOUND ( 'NONE', #7534, .T. ) ;
#5483 = DIRECTION ( 'NONE',  ( -1.000000000000000000, 0.000000000000000000, 0.000000000000000000 ) ) ;
#5484 = DIRECTION ( 'NONE',  ( 0.000000000000000000, 0.000000000000000000, 1.000000000000000000 ) ) ;
#5485 = ORIENTED_EDGE ( 'NONE', *, *, #444, .T. ) ;
#5486 = AXIS2_PLACEMENT_3D ( 'NONE', #7826, #10704, #5643 ) ;
#5487 = ORIENTED_EDGE ( 'NONE', *, *, #12542, .T. ) ;
#5488 = ORIENTED_EDGE ( 'NONE', *, *, #12075, .F. ) ;
#5489 = EDGE_CURVE ( 'NONE', #1023, #2257, #11229, .T. ) ;
#5490 = VERTEX_POINT ( 'NONE', #520 ) ;
#5491 = FACE_OUTER_BOUND ( 'NONE', #8354, .T. ) ;
#5492 = ADVANCED_FACE ( 'NONE', ( #10438 ), #7560, .F. ) ;
#5493 = DIRECTION ( 'NONE',  ( -1.000000000000000000, -0.000000000000000000, -0.000000000000000000 ) ) ;
#5494 = DIRECTION ( 'NONE',  ( -1.000000000000000000, 0.000000000000000000, 0.000000000000000000 ) ) ;
#5495 = CARTESIAN_POINT ( 'NONE',  ( 12.70000000000000107, -25.39999999999999503, 0.000000000000000000 ) ) ;
#5496 = CARTESIAN_POINT ( 'NONE',  ( 12.70000000000000107, -10.07084749364648069, 25.18106772950202199 ) ) ;
#5497 = FACE_OUTER_BOUND ( 'NONE', #6919, .T. ) ;
#5498 = VECTOR ( 'NONE', #5995, 1000.000000000000000 ) ;
#5499 = VERTEX_POINT ( 'NONE', #12313 ) ;
#5500 = EDGE_CURVE ( 'NONE', #8709, #3615, #728, .T. ) ;
#5501 = EDGE_LOOP ( 'NONE', ( #12210, #2558, #2020, #8089 ) ) ;
#5502 = VECTOR ( 'NONE', #3751, 1000.000000000000000 ) ;
#5503 = CIRCLE ( 'NONE', #3869, 2.270999999999995467 ) ;
#5504 = VERTEX_POINT ( 'NONE', #11472 ) ;
#5505 = DIRECTION ( 'NONE',  ( 0.000000000000000000, 1.000000000000000000, 0.000000000000000000 ) ) ;
#5506 = DIRECTION ( 'NONE',  ( -1.000000000000000000, -0.000000000000000000, -0.000000000000000000 ) ) ;
#5507 = FACE_OUTER_BOUND ( 'NONE', #5727, .T. ) ;
#5508 = DIRECTION ( 'NONE',  ( -1.000000000000000000, -0.000000000000000000, -0.000000000000000000 ) ) ;
#5509 = CARTESIAN_POINT ( 'NONE',  ( -12.69999999999999751, 4.072800018551153478, 154.9310478351179086 ) ) ;
#5510 = FACE_OUTER_BOUND ( 'NONE', #5985, .T. ) ;
#5511 = DIRECTION ( 'NONE',  ( -0.000000000000000000, 1.000000000000000000, -0.000000000000000000 ) ) ;
#5512 = AXIS2_PLACEMENT_3D ( 'NONE', #10660, #6621, #732 ) ;
#5513 = CIRCLE ( 'NONE', #12472, 2.499999999999992006 ) ;
#5514 = EDGE_CURVE ( 'NONE', #8235, #11233, #935, .T. ) ;
#5515 = VECTOR ( 'NONE', #8968, 1000.000000000000000 ) ;
#5516 = ORIENTED_EDGE ( 'NONE', *, *, #10543, .T. ) ;
#5517 = EDGE_LOOP ( 'NONE', ( #7793, #8028, #5107, #11059 ) ) ;
#5518 = VERTEX_POINT ( 'NONE', #8332 ) ;
#5519 = EDGE_LOOP ( 'NONE', ( #5335, #5044, #1497, #7691 ) ) ;
#5520 = AXIS2_PLACEMENT_3D ( 'NONE', #3475, #10388, #10271 ) ;
#5521 = CIRCLE ( 'NONE', #10428, 2.270999999999998575 ) ;
#5522 = CARTESIAN_POINT ( 'NONE',  ( 7.746038523653021987E-16, -22.22499999999999787, 104.0999999999999801 ) ) ;
#5523 = CARTESIAN_POINT ( 'NONE',  ( 12.70000000000000107, 14.13894155320113555, 32.01817428684756095 ) ) ;
#5524 = CARTESIAN_POINT ( 'NONE',  ( 12.70000000000000107, 8.791741348502629450, 128.4219113294393253 ) ) ;
#5525 = CARTESIAN_POINT ( 'NONE',  ( 12.70000000000000107, -12.69999999999999929, 63.50000000000000000 ) ) ;
#5526 = FACE_OUTER_BOUND ( 'NONE', #1356, .T. ) ;
#5527 = AXIS2_PLACEMENT_3D ( 'NONE', #9998, #1220, #5131 ) ;
#5528 = DIRECTION ( 'NONE',  ( -1.000000000000000000, -0.000000000000000000, -0.000000000000000000 ) ) ;
#5529 = DIRECTION ( 'NONE',  ( 0.000000000000000000, 0.000000000000000000, -1.000000000000000000 ) ) ;
#5530 = CIRCLE ( 'NONE', #2646, 2.499999999999995115 ) ;
#5531 = FACE_BOUND ( 'NONE', #10363, .T. ) ;
#5532 = EDGE_CURVE ( 'NONE', #12005, #10992, #4213, .T. ) ;
#5533 = ORIENTED_EDGE ( 'NONE', *, *, #9460, .T. ) ;
#5534 = ORIENTED_EDGE ( 'NONE', *, *, #7532, .T. ) ;
#5535 = EDGE_LOOP ( 'NONE', ( #33, #10280, #3865, #5609 ) ) ;
#5536 = AXIS2_PLACEMENT_3D ( 'NONE', #9636, #9831, #10596 ) ;
#5537 = ORIENTED_EDGE ( 'NONE', *, *, #4261, .F. ) ;
#5538 = ORIENTED_EDGE ( 'NONE', *, *, #10058, .F. ) ;
#5539 = CARTESIAN_POINT ( 'NONE',  ( 1.555301434917138038E-15, 25.40000000000000213, 127.0000000000000000 ) ) ;
#5540 = CARTESIAN_POINT ( 'NONE',  ( 9.525000000000000355, 12.69999999999999929, 111.8000000000000114 ) ) ;
#5541 = CARTESIAN_POINT ( 'NONE',  ( 9.525000000000000355, -11.15407434219252103, 150.8426721981579419 ) ) ;
#5542 = CARTESIAN_POINT ( 'NONE',  ( 12.70000000000000107, -12.33648634558010748, 148.9037697111192244 ) ) ;
#5543 = LINE ( 'NONE', #2584, #6733 ) ;
#5544 = DIRECTION ( 'NONE',  ( 1.000000000000000000, -0.000000000000000000, -0.000000000000000000 ) ) ;
#5545 = DIRECTION ( 'NONE',  ( -1.000000000000000000, -0.000000000000000000, -0.000000000000000000 ) ) ;
#5546 = EDGE_CURVE ( 'NONE', #4547, #11884, #335, .T. ) ;
#5547 = EDGE_LOOP ( 'NONE', ( #6218, #10866, #1522, #2070 ) ) ;
#5548 = EDGE_CURVE ( 'NONE', #11868, #8604, #2614, .T. ) ;
#5549 = VERTEX_POINT ( 'NONE', #11344 ) ;
#5550 = VERTEX_POINT ( 'NONE', #6475 ) ;
#5551 = ORIENTED_EDGE ( 'NONE', *, *, #32, .F. ) ;
#5552 = DIRECTION ( 'NONE',  ( -0.000000000000000000, 1.000000000000000000, -0.000000000000000000 ) ) ;
#5553 = AXIS2_PLACEMENT_3D ( 'NONE', #7214, #9092, #9218 ) ;
#5554 = DIRECTION ( 'NONE',  ( -1.000000000000000000, 0.000000000000000000, 0.000000000000000000 ) ) ;
#5555 = CARTESIAN_POINT ( 'NONE',  ( 12.70000000000000107, 8.791741348502629450, 77.62191132943932814 ) ) ;
#5556 = DIRECTION ( 'NONE',  ( -0.000000000000000000, 1.000000000000000000, -0.000000000000000000 ) ) ;
#5557 = DIRECTION ( 'NONE',  ( 0.000000000000000000, 0.000000000000000000, 1.000000000000000000 ) ) ;
#5558 = CYLINDRICAL_SURFACE ( 'NONE', #8718, 2.499999999999988454 ) ;
#5559 = ORIENTED_EDGE ( 'NONE', *, *, #11226, .T. ) ;
#5560 = EDGE_CURVE ( 'NONE', #1872, #12240, #10772, .T. ) ;
#5561 = CIRCLE ( 'NONE', #7204, 14.30000000000000071 ) ;
#5562 = ADVANCED_FACE ( 'NONE', ( #8517 ), #10377, .F. ) ;
#5563 = ORIENTED_EDGE ( 'NONE', *, *, #10326, .T. ) ;
#5564 = ORIENTED_EDGE ( 'NONE', *, *, #3910, .T. ) ;
#5565 = FACE_OUTER_BOUND ( 'NONE', #4918, .T. ) ;
#5566 = CYLINDRICAL_SURFACE ( 'NONE', #8218, 2.271000000000002128 ) ;
#5567 = AXIS2_PLACEMENT_3D ( 'NONE', #12562, #3767, #7684 ) ;
#5568 = DIRECTION ( 'NONE',  ( -1.000000000000000000, -0.000000000000000000, -0.000000000000000000 ) ) ;
#5569 = DIRECTION ( 'NONE',  ( -1.000000000000000000, -0.000000000000000000, -0.000000000000000000 ) ) ;
#5570 = CARTESIAN_POINT ( 'NONE',  ( -12.69999999999999751, -14.13894155320108759, 94.98182571315255984 ) ) ;
#5571 = CYLINDRICAL_SURFACE ( 'NONE', #9282, 2.080499999999998906 ) ;
#5572 = DIRECTION ( 'NONE',  ( -1.000000000000000000, -0.000000000000000000, -0.000000000000000000 ) ) ;
#5573 = ORIENTED_EDGE ( 'NONE', *, *, #7400, .T. ) ;
#5574 = EDGE_CURVE ( 'NONE', #10042, #8120, #7499, .T. ) ;
#5575 = AXIS2_PLACEMENT_3D ( 'NONE', #10481, #812, #6577 ) ;
#5576 = AXIS2_PLACEMENT_3D ( 'NONE', #3232, #7081, #3298 ) ;
#5577 = EDGE_CURVE ( 'NONE', #9968, #3985, #5633, .T. ) ;
#5578 = DIRECTION ( 'NONE',  ( -1.000000000000000000, 0.000000000000000000, 0.000000000000000000 ) ) ;
#5579 = ORIENTED_EDGE ( 'NONE', *, *, #11074, .T. ) ;
#5580 = ORIENTED_EDGE ( 'NONE', *, *, #10179, .T. ) ;
#5581 = EDGE_LOOP ( 'NONE', ( #9633, #909 ) ) ;
#5582 = CARTESIAN_POINT ( 'NONE',  ( -12.69999999999999751, -25.39999999999999503, 0.000000000000000000 ) ) ;
#5583 = LINE ( 'NONE', #12380, #7361 ) ;
#5584 = CARTESIAN_POINT ( 'NONE',  ( 12.70000000000000107, 8.791741348502393194, 150.9780886705609078 ) ) ;
#5585 = DIRECTION ( 'NONE',  ( -1.000000000000000000, -0.000000000000000000, -0.000000000000000000 ) ) ;
#5586 = ADVANCED_FACE ( 'NONE', ( #2931 ), #121, .F. ) ;
#5587 = VECTOR ( 'NONE', #5528, 1000.000000000000000 ) ;
#5588 = LINE ( 'NONE', #6799, #12490 ) ;
#5589 = AXIS2_PLACEMENT_3D ( 'NONE', #12639, #4603, #6598 ) ;
#5590 = LINE ( 'NONE', #3589, #12153 ) ;
#5591 = CARTESIAN_POINT ( 'NONE',  ( -9.525000000000002132, 12.69999999999999929, 165.0999999999999943 ) ) ;
#5592 = DIRECTION ( 'NONE',  ( 0.000000000000000000, 0.000000000000000000, -1.000000000000000000 ) ) ;
#5593 = ORIENTED_EDGE ( 'NONE', *, *, #9474, .F. ) ;
#5594 = ORIENTED_EDGE ( 'NONE', *, *, #6909, .F. ) ;
#5595 = AXIS2_PLACEMENT_3D ( 'NONE', #3921, #5005, #10005 ) ;
#5596 = EDGE_LOOP ( 'NONE', ( #1400, #10717, #11705, #42 ) ) ;
#5597 = ORIENTED_EDGE ( 'NONE', *, *, #2247, .F. ) ;
#5598 = CARTESIAN_POINT ( 'NONE',  ( -12.69999999999999751, 5.371240620587830250, 102.1529156865856294 ) ) ;
#5599 = CARTESIAN_POINT ( 'NONE',  ( -12.69999999999999751, 12.69999999999999929, 167.5999999999999943 ) ) ;
#5600 = CARTESIAN_POINT ( 'NONE',  ( 12.70000000000000107, -10.07084749364648069, 27.26156772950202267 ) ) ;
#5601 = EDGE_CURVE ( 'NONE', #12314, #2159, #9751, .T. ) ;
#5602 = CARTESIAN_POINT ( 'NONE',  ( 12.70000000000000107, 15.22687436074368783, 135.6116243630402494 ) ) ;
#5603 = CARTESIAN_POINT ( 'NONE',  ( 1.555301434917138038E-15, 25.40000000000000213, 25.39999999999999858 ) ) ;
#5604 = AXIS2_PLACEMENT_3D ( 'NONE', #11471, #3704, #703 ) ;
#5605 = DIRECTION ( 'NONE',  ( -1.000000000000000000, -0.000000000000000000, -0.000000000000000000 ) ) ;
#5606 = ORIENTED_EDGE ( 'NONE', *, *, #6876, .F. ) ;
#5607 = ORIENTED_EDGE ( 'NONE', *, *, #8505, .F. ) ;
#5608 = ORIENTED_EDGE ( 'NONE', *, *, #4060, .T. ) ;
#5609 = ORIENTED_EDGE ( 'NONE', *, *, #2891, .F. ) ;
#5610 = CIRCLE ( 'NONE', #6837, 2.080499999999998906 ) ;
#5611 = FACE_BOUND ( 'NONE', #9996, .T. ) ;
#5612 = PLANE ( 'NONE',  #9667 ) ;
#5613 = DIRECTION ( 'NONE',  ( -1.000000000000000000, -0.000000000000000000, -0.000000000000000000 ) ) ;
#5614 = CARTESIAN_POINT ( 'NONE',  ( 12.70000000000000107, 14.15672222192810992, 150.2617764690021147 ) ) ;
#5615 = EDGE_CURVE ( 'NONE', #12424, #2227, #2981, .T. ) ;
#5616 = DIRECTION ( 'NONE',  ( 0.000000000000000000, 0.000000000000000000, -1.000000000000000000 ) ) ;
#5617 = DIRECTION ( 'NONE',  ( 0.000000000000000000, 2.918304333534644600E-14, -1.000000000000000000 ) ) ;
#5618 = CARTESIAN_POINT ( 'NONE',  ( 12.70000000000000107, 3.577867169202164632E-15, 38.10000000000001563 ) ) ;
#5619 = ORIENTED_EDGE ( 'NONE', *, *, #2197, .F. ) ;
#5620 = CIRCLE ( 'NONE', #9093, 2.080499999999998906 ) ;
#5621 = ORIENTED_EDGE ( 'NONE', *, *, #10487, .T. ) ;
#5622 = EDGE_CURVE ( 'NONE', #213, #11851, #10358, .T. ) ;
#5623 = ORIENTED_EDGE ( 'NONE', *, *, #8449, .T. ) ;
#5624 = DIRECTION ( 'NONE',  ( 0.000000000000000000, 0.000000000000000000, 1.000000000000000000 ) ) ;
#5625 = DIRECTION ( 'NONE',  ( -1.000000000000000000, -0.000000000000000000, -0.000000000000000000 ) ) ;
#5626 = EDGE_CURVE ( 'NONE', #7965, #1665, #12209, .T. ) ;
#5627 = AXIS2_PLACEMENT_3D ( 'NONE', #8408, #6548, #8599 ) ;
#5628 = EDGE_CURVE ( 'NONE', #1888, #6915, #2804, .T. ) ;
#5629 = CARTESIAN_POINT ( 'NONE',  ( 12.70000000000000107, -11.15407434219252103, 100.0426721981579590 ) ) ;
#5630 = LINE ( 'NONE', #9535, #3215 ) ;
#5631 = DIRECTION ( 'NONE',  ( -1.000000000000000000, -0.000000000000000000, -0.000000000000000000 ) ) ;
#5632 = LINE ( 'NONE', #3517, #6228 ) ;
#5633 = LINE ( 'NONE', #9539, #945 ) ;
#5634 = ORIENTED_EDGE ( 'NONE', *, *, #10002, .T. ) ;
#5635 = AXIS2_PLACEMENT_3D ( 'NONE', #5977, #6801, #9880 ) ;
#5636 = LINE ( 'NONE', #3773, #6580 ) ;
#5637 = ORIENTED_EDGE ( 'NONE', *, *, #1984, .T. ) ;
#5638 = ORIENTED_EDGE ( 'NONE', *, *, #1242, .F. ) ;
#5639 = EDGE_CURVE ( 'NONE', #8360, #12458, #4836, .T. ) ;
#5640 = ORIENTED_EDGE ( 'NONE', *, *, #10120, .T. ) ;
#5641 = VECTOR ( 'NONE', #11684, 1000.000000000000000 ) ;
#5642 = DIRECTION ( 'NONE',  ( 0.000000000000000000, 0.000000000000000000, 1.000000000000000000 ) ) ;
#5643 = DIRECTION ( 'NONE',  ( 0.000000000000000000, 0.000000000000000000, 1.000000000000000000 ) ) ;
#5644 = DIRECTION ( 'NONE',  ( -1.000000000000000000, 0.000000000000000000, 0.000000000000000000 ) ) ;
#5645 = EDGE_CURVE ( 'NONE', #7380, #5504, #10694, .T. ) ;
#5646 = FACE_OUTER_BOUND ( 'NONE', #7611, .T. ) ;
#5647 = CIRCLE ( 'NONE', #6271, 2.270999999999995467 ) ;
#5648 = LINE ( 'NONE', #10449, #7049 ) ;
#5649 = CIRCLE ( 'NONE', #3599, 2.500000000000002220 ) ;
#5650 = CARTESIAN_POINT ( 'NONE',  ( 12.70000000000000107, -14.15672222192817387, 27.53822353099798192 ) ) ;
#5651 = LINE ( 'NONE', #12384, #4772 ) ;
#5652 = DIRECTION ( 'NONE',  ( -1.000000000000000000, -0.000000000000000000, -0.000000000000000000 ) ) ;
#5653 = CIRCLE ( 'NONE', #10777, 2.270999999999995467 ) ;
#5654 = AXIS2_PLACEMENT_3D ( 'NONE', #3934, #12597, #10600 ) ;
#5655 = CYLINDRICAL_SURFACE ( 'NONE', #4278, 2.499999999999988454 ) ;
#5656 = ORIENTED_EDGE ( 'NONE', *, *, #3691, .T. ) ;
#5657 = CIRCLE ( 'NONE', #133, 2.499999999999988454 ) ;
#5658 = ORIENTED_EDGE ( 'NONE', *, *, #6191, .F. ) ;
#5659 = ORIENTED_EDGE ( 'NONE', *, *, #10676, .T. ) ;
#5660 = ADVANCED_FACE ( 'NONE', ( #4869 ), #10823, .F. ) ;
#5661 = AXIS2_PLACEMENT_3D ( 'NONE', #9039, #329, #4235 ) ;
#5662 = ORIENTED_EDGE ( 'NONE', *, *, #2542, .T. ) ;
#5663 = VERTEX_POINT ( 'NONE', #12695 ) ;
#5664 = DIRECTION ( 'NONE',  ( 0.000000000000000000, 0.000000000000000000, -1.000000000000000000 ) ) ;
#5665 = LINE ( 'NONE', #7652, #10440 ) ;
#5666 = DIRECTION ( 'NONE',  ( 0.000000000000000000, 1.000000000000000000, 0.000000000000000000 ) ) ;
#5667 = CC_DESIGN_SECURITY_CLASSIFICATION ( #7500, ( #12022 ) ) ;
#5668 = AXIS2_PLACEMENT_3D ( 'NONE', #2325, #3288, #2207 ) ;
#5669 = LINE ( 'NONE', #5600, #7913 ) ;
#5670 = DIRECTION ( 'NONE',  ( 0.000000000000000000, 0.000000000000000000, 1.000000000000000000 ) ) ;
#5671 = AXIS2_PLACEMENT_3D ( 'NONE', #11445, #4651, #3554 ) ;
#5672 = CIRCLE ( 'NONE', #11002, 2.499999999999992006 ) ;
#5673 = DIRECTION ( 'NONE',  ( -0.000000000000000000, 1.000000000000000000, -0.000000000000000000 ) ) ;
#5674 = VERTEX_POINT ( 'NONE', #4800 ) ;
#5675 = ORIENTED_EDGE ( 'NONE', *, *, #6051, .F. ) ;
#5676 = ORIENTED_EDGE ( 'NONE', *, *, #3688, .F. ) ;
#5677 = EDGE_CURVE ( 'NONE', #2755, #9968, #3902, .T. ) ;
#5678 = VERTEX_POINT ( 'NONE', #7878 ) ;
#5679 = AXIS2_PLACEMENT_3D ( 'NONE', #8297, #8417, #3543 ) ;
#5680 = AXIS2_PLACEMENT_3D ( 'NONE', #8196, #5054, #5121 ) ;
#5681 = CARTESIAN_POINT ( 'NONE',  ( 12.70000000000000107, 14.16298196909033003, 90.87482701602503710 ) ) ;
#5682 = DIRECTION ( 'NONE',  ( -1.000000000000000000, 0.000000000000000000, 0.000000000000000000 ) ) ;
#5683 = CARTESIAN_POINT ( 'NONE',  ( -9.525000000000002132, 0.000000000000000000, 12.69999999999993356 ) ) ;
#5684 = DIRECTION ( 'NONE',  ( -1.000000000000000000, 0.000000000000000000, 0.000000000000000000 ) ) ;
#5685 = DIRECTION ( 'NONE',  ( 0.000000000000000000, 0.000000000000000000, 1.000000000000000000 ) ) ;
#5686 = CYLINDRICAL_SURFACE ( 'NONE', #3730, 17.66249999999999787 ) ;
#5687 = CARTESIAN_POINT ( 'NONE',  ( 12.70000000000000107, 10.07084749364666365, 78.06156772950215839 ) ) ;
#5688 = CIRCLE ( 'NONE', #4455, 2.270999999999995467 ) ;
#5689 = VERTEX_POINT ( 'NONE', #2737 ) ;
#5690 = VERTEX_POINT ( 'NONE', #7750 ) ;
#5691 = EDGE_LOOP ( 'NONE', ( #6903, #7019 ) ) ;
#5692 = EDGE_CURVE ( 'NONE', #1919, #401, #1757, .T. ) ;
#5693 = ORIENTED_EDGE ( 'NONE', *, *, #1253, .F. ) ;
#5694 = DIRECTION ( 'NONE',  ( 0.000000000000000000, 0.000000000000000000, 1.000000000000000000 ) ) ;
#5695 = CARTESIAN_POINT ( 'NONE',  ( 9.525000000000000355, 12.33648634558017676, 130.4962302888808949 ) ) ;
#5696 = CIRCLE ( 'NONE', #4466, 2.270999999999995467 ) ;
#5697 = CARTESIAN_POINT ( 'NONE',  ( -9.525000000000000355, -14.15672222192817387, 129.1382235309979762 ) ) ;
#5698 = EDGE_CURVE ( 'NONE', #5392, #8884, #12015, .T. ) ;
#5699 = DIRECTION ( 'NONE',  ( 0.000000000000000000, 0.000000000000000000, -1.000000000000000000 ) ) ;
#5700 = DIRECTION ( 'NONE',  ( -1.000000000000000000, -0.000000000000000000, -0.000000000000000000 ) ) ;
#5701 = FACE_OUTER_BOUND ( 'NONE', #5285, .T. ) ;
#5702 = DIRECTION ( 'NONE',  ( 0.000000000000000000, 0.000000000000000000, -1.000000000000000000 ) ) ;
#5703 = VERTEX_POINT ( 'NONE', #828 ) ;
#5704 = AXIS2_PLACEMENT_3D ( 'NONE', #11997, #10254, #1468 ) ;
#5705 = EDGE_CURVE ( 'NONE', #1665, #1399, #1018, .T. ) ;
#5706 = CIRCLE ( 'NONE', #1402, 2.499999999999988454 ) ;
#5707 = EDGE_CURVE ( 'NONE', #8884, #3421, #11796, .T. ) ;
#5708 = CARTESIAN_POINT ( 'NONE',  ( 12.70000000000000107, -5.371240620587821368, 152.9529156865856407 ) ) ;
#5709 = ORIENTED_EDGE ( 'NONE', *, *, #12422, .T. ) ;
#5710 = VERTEX_POINT ( 'NONE', #6914 ) ;
#5711 = ORIENTED_EDGE ( 'NONE', *, *, #7253, .F. ) ;
#5712 = CARTESIAN_POINT ( 'NONE',  ( 1.080765552152140168E-15, -25.39999999999999503, 48.30000000000000426 ) ) ;
#5713 = DIRECTION ( 'NONE',  ( -1.000000000000000000, -0.000000000000000000, -0.000000000000000000 ) ) ;
#5714 = CARTESIAN_POINT ( 'NONE',  ( 12.70000000000000107, 12.33648634557998314, 148.9037697111193950 ) ) ;
#5715 = VECTOR ( 'NONE', #3672, 1000.000000000000000 ) ;
#5716 = DIRECTION ( 'NONE',  ( -1.000000000000000000, -0.000000000000000000, -0.000000000000000000 ) ) ;
#5717 = CIRCLE ( 'NONE', #407, 2.499999999999992006 ) ;
#5718 = CARTESIAN_POINT ( 'NONE',  ( 12.70000000000000107, 10.07084749364666365, 75.98106772950217191 ) ) ;
#5719 = DIRECTION ( 'NONE',  ( -0.000000000000000000, 1.000000000000000000, -0.000000000000000000 ) ) ;
#5720 = DIRECTION ( 'NONE',  ( 0.000000000000000000, 0.000000000000000000, -1.000000000000000000 ) ) ;
#5721 = DIRECTION ( 'NONE',  ( 1.000000000000000000, -0.000000000000000000, -0.000000000000000000 ) ) ;
#5722 = AXIS2_PLACEMENT_3D ( 'NONE', #1582, #8370, #11385 ) ;
#5723 = DIRECTION ( 'NONE',  ( 0.000000000000000000, 0.000000000000000000, 1.000000000000000000 ) ) ;
#5724 = ORIENTED_EDGE ( 'NONE', *, *, #2955, .F. ) ;
#5725 = EDGE_CURVE ( 'NONE', #7504, #11696, #5768, .T. ) ;
#5726 = VERTEX_POINT ( 'NONE', #4989 ) ;
#5727 = EDGE_LOOP ( 'NONE', ( #6838, #11378, #4148, #5834 ) ) ;
#5728 = VECTOR ( 'NONE', #1672, 1000.000000000000000 ) ;
#5729 = ORIENTED_EDGE ( 'NONE', *, *, #7327, .F. ) ;
#5730 = ORIENTED_EDGE ( 'NONE', *, *, #8956, .F. ) ;
#5731 = CARTESIAN_POINT ( 'NONE',  ( 12.70000000000000107, -16.22354728284506820, 40.36214363188775422 ) ) ;
#5732 = DIRECTION ( 'NONE',  ( 0.000000000000000000, 0.000000000000000000, 1.000000000000000000 ) ) ;
#5733 = CIRCLE ( 'NONE', #10855, 2.080499999999998906 ) ;
#5734 = DIRECTION ( 'NONE',  ( 1.000000000000000000, 0.000000000000000000, 0.000000000000000000 ) ) ;
#5735 = CARTESIAN_POINT ( 'NONE',  ( 12.70000000000000107, -2.068405620284295310, 55.64096931301052251 ) ) ;
#5736 = FACE_OUTER_BOUND ( 'NONE', #3890, .T. ) ;
#5737 = CIRCLE ( 'NONE', #210, 17.66249999999999787 ) ;
#5738 = EDGE_CURVE ( 'NONE', #11836, #5455, #3769, .T. ) ;
#5739 = ORIENTED_EDGE ( 'NONE', *, *, #8067, .T. ) ;
#5740 = ORIENTED_EDGE ( 'NONE', *, *, #9638, .T. ) ;
#5741 = ADVANCED_FACE ( 'NONE', ( #3840 ), #11669, .T. ) ;
#5742 = VERTEX_POINT ( 'NONE', #4281 ) ;
#5743 = ORIENTED_EDGE ( 'NONE', *, *, #6969, .F. ) ;
#5744 = ORIENTED_EDGE ( 'NONE', *, *, #8067, .F. ) ;
#5745 = DIRECTION ( 'NONE',  ( 0.000000000000000000, 0.000000000000000000, -1.000000000000000000 ) ) ;
#5746 = DIRECTION ( 'NONE',  ( -1.000000000000000000, 0.000000000000000000, 0.000000000000000000 ) ) ;
#5747 = DIRECTION ( 'NONE',  ( 1.000000000000000000, 0.000000000000000000, 0.000000000000000000 ) ) ;
#5748 = DIRECTION ( 'NONE',  ( 0.000000000000000000, 0.000000000000000000, -1.000000000000000000 ) ) ;
#5749 = DIRECTION ( 'NONE',  ( 0.000000000000000000, 0.000000000000000000, 1.000000000000000000 ) ) ;
#5750 = AXIS2_PLACEMENT_3D ( 'NONE', #9569, #915, #5732 ) ;
#5751 = EDGE_CURVE ( 'NONE', #4873, #2472, #10053, .T. ) ;
#5752 = DIRECTION ( 'NONE',  ( 1.000000000000000000, -0.000000000000000000, -0.000000000000000000 ) ) ;
#5753 = EDGE_CURVE ( 'NONE', #1386, #11629, #5449, .T. ) ;
#5754 = CARTESIAN_POINT ( 'NONE',  ( -12.69999999999999751, 0.000000000000000000, 114.2999999999999972 ) ) ;
#5755 = VERTEX_POINT ( 'NONE', #9150 ) ;
#5756 = ORIENTED_EDGE ( 'NONE', *, *, #12023, .T. ) ;
#5757 = EDGE_LOOP ( 'NONE', ( #1917, #3826, #9367, #5538 ) ) ;
#5758 = VECTOR ( 'NONE', #6349, 1000.000000000000000 ) ;
#5759 = ORIENTED_EDGE ( 'NONE', *, *, #5276, .F. ) ;
#5760 = CARTESIAN_POINT ( 'NONE',  ( 12.70000000000000107, 3.577867169202164632E-15, 88.90000000000000568 ) ) ;
#5761 = DIRECTION ( 'NONE',  ( -0.000000000000000000, 1.000000000000000000, -0.000000000000000000 ) ) ;
#5762 = CYLINDRICAL_SURFACE ( 'NONE', #4534, 2.499999999999992006 ) ;
#5763 = ADVANCED_FACE ( 'NONE', ( #8133 ), #4026, .F. ) ;
#5764 = FACE_OUTER_BOUND ( 'NONE', #1758, .T. ) ;
#5765 = DIRECTION ( 'NONE',  ( -0.000000000000000000, 1.000000000000000000, -0.000000000000000000 ) ) ;
#5766 = CIRCLE ( 'NONE', #8825, 2.270999999999995467 ) ;
#5767 = DIRECTION ( 'NONE',  ( -1.000000000000000000, -0.000000000000000000, -0.000000000000000000 ) ) ;
#5768 = LINE ( 'NONE', #8644, #2174 ) ;
#5769 = ORIENTED_EDGE ( 'NONE', *, *, #7425, .F. ) ;
#5770 = FACE_OUTER_BOUND ( 'NONE', #358, .T. ) ;
#5771 = ORIENTED_EDGE ( 'NONE', *, *, #10917, .T. ) ;
#5772 = VERTEX_POINT ( 'NONE', #10890 ) ;
#5773 = AXIS2_PLACEMENT_3D ( 'NONE', #3639, #7558, #2671 ) ;
#5774 = AXIS2_PLACEMENT_3D ( 'NONE', #8888, #4021, #1268 ) ;
#5775 = VERTEX_POINT ( 'NONE', #2109 ) ;
#5776 = DIRECTION ( 'NONE',  ( -1.000000000000000000, -0.000000000000000000, -0.000000000000000000 ) ) ;
#5777 = DIRECTION ( 'NONE',  ( -1.000000000000000000, -0.000000000000000000, -0.000000000000000000 ) ) ;
#5778 = CYLINDRICAL_SURFACE ( 'NONE', #11180, 17.66249999999999787 ) ;
#5779 = DIRECTION ( 'NONE',  ( -0.000000000000000000, 1.000000000000000000, -0.000000000000000000 ) ) ;
#5780 = DIRECTION ( 'NONE',  ( -1.000000000000000000, -0.000000000000000000, -0.000000000000000000 ) ) ;
#5781 = EDGE_CURVE ( 'NONE', #5499, #7318, #4420, .T. ) ;
#5782 = CARTESIAN_POINT ( 'NONE',  ( 12.70000000000000107, 3.577867169202164632E-15, 88.90000000000000568 ) ) ;
#5783 = DIRECTION ( 'NONE',  ( 0.000000000000000000, 0.000000000000000000, 1.000000000000000000 ) ) ;
#5784 = CARTESIAN_POINT ( 'NONE',  ( 9.525000000000000355, 15.22687436074368783, 34.01162436304024084 ) ) ;
#5785 = CIRCLE ( 'NONE', #59, 2.500000000000002220 ) ;
#5786 = AXIS2_PLACEMENT_3D ( 'NONE', #1952, #4842, #11839 ) ;
#5787 = DIRECTION ( 'NONE',  ( 0.000000000000000000, 0.000000000000000000, 1.000000000000000000 ) ) ;
#5788 = ORIENTED_EDGE ( 'NONE', *, *, #3743, .F. ) ;
#5789 = VERTEX_POINT ( 'NONE', #7040 ) ;
#5790 = ORIENTED_EDGE ( 'NONE', *, *, #256, .T. ) ;
#5791 = EDGE_CURVE ( 'NONE', #8237, #9679, #11387, .T. ) ;
#5792 = ORIENTED_EDGE ( 'NONE', *, *, #10283, .F. ) ;
#5793 = ORIENTED_EDGE ( 'NONE', *, *, #824, .T. ) ;
#5794 = CARTESIAN_POINT ( 'NONE',  ( 12.70000000000000107, 6.152699789198528002, 53.28107590238573010 ) ) ;
#5795 = AXIS2_PLACEMENT_3D ( 'NONE', #12451, #1674, #1867 ) ;
#5796 = CARTESIAN_POINT ( 'NONE',  ( 1.861463134703974331E-15, 22.22500000000000142, 162.5999999999999943 ) ) ;
#5797 = EDGE_CURVE ( 'NONE', #4741, #588, #3399, .T. ) ;
#5798 = ADVANCED_FACE ( 'NONE', ( #10950 ), #3253, .F. ) ;
#5799 = DIRECTION ( 'NONE',  ( 0.000000000000000000, 0.000000000000000000, 1.000000000000000000 ) ) ;
#5800 = DIRECTION ( 'NONE',  ( 1.000000000000000000, -0.000000000000000000, -0.000000000000000000 ) ) ;
#5801 = EDGE_CURVE ( 'NONE', #3297, #8709, #9134, .T. ) ;
#5802 = CARTESIAN_POINT ( 'NONE',  ( -9.525000000000000355, 11.15407434219237004, 100.0426721981581153 ) ) ;
#5803 = VECTOR ( 'NONE', #10713, 1000.000000000000000 ) ;
#5804 = VERTEX_POINT ( 'NONE', #9992 ) ;
#5805 = ORIENTED_EDGE ( 'NONE', *, *, #4857, .F. ) ;
#5806 = VERTEX_POINT ( 'NONE', #1143 ) ;
#5807 = ORIENTED_EDGE ( 'NONE', *, *, #8550, .F. ) ;
#5808 = DIRECTION ( 'NONE',  ( 0.000000000000000000, 0.000000000000000000, 1.000000000000000000 ) ) ;
#5809 = CARTESIAN_POINT ( 'NONE',  ( -12.69999999999999751, 6.152699789198528002, 104.0810759023857344 ) ) ;
#5810 = DIRECTION ( 'NONE',  ( -1.000000000000000000, -0.000000000000000000, -0.000000000000000000 ) ) ;
#5811 = FACE_BOUND ( 'NONE', #7841, .T. ) ;
#5812 = DIRECTION ( 'NONE',  ( 0.000000000000000000, 0.000000000000000000, -1.000000000000000000 ) ) ;
#5813 = AXIS2_PLACEMENT_3D ( 'NONE', #7685, #6651, #8643 ) ;
#5814 = DIRECTION ( 'NONE',  ( -1.000000000000000000, 0.000000000000000000, 0.000000000000000000 ) ) ;
#5815 = EDGE_CURVE ( 'NONE', #9140, #9950, #11186, .T. ) ;
#5816 = DIRECTION ( 'NONE',  ( 0.000000000000000000, 0.000000000000000000, 1.000000000000000000 ) ) ;
#5817 = ORIENTED_EDGE ( 'NONE', *, *, #1517, .T. ) ;
#5818 = ORIENTED_EDGE ( 'NONE', *, *, #10267, .T. ) ;
#5819 = EDGE_LOOP ( 'NONE', ( #3986, #2889, #7281, #3928, #5487, #1826, #8009, #960, #11820, #10639, #4223, #558, #6142, #12286, #12521, #8425, #6124, #2408, #11655, #11350, #11677, #7901, #9561, #65, #6205, #1058, #9309, #2483, #10202, #8476, #12106, #12331, #445, #10657, #11381, #8460, #1969, #7994, #2485, #3578, #6420 ) ) ;
#5820 = AXIS2_PLACEMENT_3D ( 'NONE', #11938, #2121, #2185 ) ;
#5821 = ORIENTED_EDGE ( 'NONE', *, *, #16, .T. ) ;
#5822 = EDGE_CURVE ( 'NONE', #5854, #7250, #5649, .T. ) ;
#5823 = ADVANCED_FACE ( 'NONE', ( #11988 ), #7944, .F. ) ;
#5824 = DIRECTION ( 'NONE',  ( -1.000000000000000000, 0.000000000000000000, 0.000000000000000000 ) ) ;
#5825 = CARTESIAN_POINT ( 'NONE',  ( -12.69999999999999751, -12.69999999999999929, 165.0999999999999943 ) ) ;
#5826 = CYLINDRICAL_SURFACE ( 'NONE', #10680, 2.499999999999992006 ) ;
#5827 = CIRCLE ( 'NONE', #1525, 2.499999999999988454 ) ;
#5828 = DIRECTION ( 'NONE',  ( 0.000000000000000000, 0.000000000000000000, -1.000000000000000000 ) ) ;
#5829 = DIRECTION ( 'NONE',  ( -1.000000000000000000, -0.000000000000000000, -0.000000000000000000 ) ) ;
#5830 = CARTESIAN_POINT ( 'NONE',  ( -12.69999999999999751, 2.068405620284298418, 106.4409693130105268 ) ) ;
#5831 = DIRECTION ( 'NONE',  ( 0.000000000000000000, 0.000000000000000000, 1.000000000000000000 ) ) ;
#5832 = ORIENTED_EDGE ( 'NONE', *, *, #10019, .T. ) ;
#5833 = CARTESIAN_POINT ( 'NONE',  ( 12.70000000000000107, -5.371240620587816927, 126.4470843134143934 ) ) ;
#5834 = ORIENTED_EDGE ( 'NONE', *, *, #11911, .T. ) ;
#5835 = ORIENTED_EDGE ( 'NONE', *, *, #6982, .F. ) ;
#5836 = EDGE_CURVE ( 'NONE', #11900, #754, #2170, .T. ) ;
#5837 = VECTOR ( 'NONE', #5568, 1000.000000000000000 ) ;
#5838 = ORIENTED_EDGE ( 'NONE', *, *, #9323, .T. ) ;
#5839 = DIRECTION ( 'NONE',  ( 0.000000000000000000, 0.000000000000000000, 1.000000000000000000 ) ) ;
#5840 = DIRECTION ( 'NONE',  ( -1.000000000000000000, -0.000000000000000000, -0.000000000000000000 ) ) ;
#5841 = LINE ( 'NONE', #8590, #5074 ) ;
#5842 = DIRECTION ( 'NONE',  ( 0.000000000000000000, 0.000000000000000000, 1.000000000000000000 ) ) ;
#5843 = FACE_OUTER_BOUND ( 'NONE', #1967, .T. ) ;
#5844 = CARTESIAN_POINT ( 'NONE',  ( -12.69999999999999751, 25.40000000000000213, 177.8000000000000114 ) ) ;
#5845 = CARTESIAN_POINT ( 'NONE',  ( 9.525000000000000355, -12.69999999999999929, 63.50000000000000000 ) ) ;
#5846 = CARTESIAN_POINT ( 'NONE',  ( -9.525000000000000355, -5.371240620587821368, 102.1529156865856294 ) ) ;
#5847 = DIRECTION ( 'NONE',  ( 0.000000000000000000, 0.000000000000000000, 1.000000000000000000 ) ) ;
#5848 = CARTESIAN_POINT ( 'NONE',  ( 1.555301434917138433E-15, 25.40000000000000213, 114.2999999999999972 ) ) ;
#5849 = CIRCLE ( 'NONE', #4203, 2.080499999999998906 ) ;
#5850 = DIRECTION ( 'NONE',  ( 0.000000000000000000, 0.000000000000000000, -1.000000000000000000 ) ) ;
#5851 = ORIENTED_EDGE ( 'NONE', *, *, #7271, .F. ) ;
#5852 = AXIS2_PLACEMENT_3D ( 'NONE', #10386, #12381, #9487 ) ;
#5853 = ORIENTED_EDGE ( 'NONE', *, *, #7601, .T. ) ;
#5854 = VERTEX_POINT ( 'NONE', #3185 ) ;
#5855 = EDGE_CURVE ( 'NONE', #5220, #2444, #5184, .T. ) ;
#5856 = ORIENTED_EDGE ( 'NONE', *, *, #8228, .T. ) ;
#5857 = ORIENTED_EDGE ( 'NONE', *, *, #7498, .F. ) ;
#5858 = DIRECTION ( 'NONE',  ( -1.000000000000000000, -0.000000000000000000, -0.000000000000000000 ) ) ;
#5859 = AXIS2_PLACEMENT_3D ( 'NONE', #12249, #11408, #5448 ) ;
#5860 = CALENDAR_DATE ( 2024, 18, 9 ) ;
#5861 = DIRECTION ( 'NONE',  ( 0.000000000000000000, 0.000000000000000000, -1.000000000000000000 ) ) ;
#5862 = CYLINDRICAL_SURFACE ( 'NONE', #200, 2.271000000000002128 ) ;
#5863 = DIRECTION ( 'NONE',  ( -1.000000000000000000, 0.000000000000000000, 0.000000000000000000 ) ) ;
#5864 = CIRCLE ( 'NONE', #9322, 14.30000000000000071 ) ;
#5865 = EDGE_CURVE ( 'NONE', #8524, #6283, #9085, .T. ) ;
#5866 = AXIS2_PLACEMENT_3D ( 'NONE', #9502, #11313, #4638 ) ;
#5867 = CYLINDRICAL_SURFACE ( 'NONE', #8163, 2.080499999999998906 ) ;
#5868 = EDGE_LOOP ( 'NONE', ( #2859, #4694, #4269, #5533 ) ) ;
#5869 = ORIENTED_EDGE ( 'NONE', *, *, #12299, .T. ) ;
#5870 = ORIENTED_EDGE ( 'NONE', *, *, #11913, .F. ) ;
#5871 = ADVANCED_FACE ( 'NONE', ( #11019 ), #2236, .F. ) ;
#5872 = CIRCLE ( 'NONE', #8117, 17.66250000000000497 ) ;
#5873 = ORIENTED_EDGE ( 'NONE', *, *, #5751, .F. ) ;
#5874 = EDGE_CURVE ( 'NONE', #8669, #6013, #5038, .T. ) ;
#5875 = DIRECTION ( 'NONE',  ( 0.000000000000000000, 0.000000000000000000, 1.000000000000000000 ) ) ;
#5876 = AXIS2_PLACEMENT_3D ( 'NONE', #10212, #10143, #6119 ) ;
#5877 = DIRECTION ( 'NONE',  ( 1.000000000000000000, 0.000000000000000000, 0.000000000000000000 ) ) ;
#5878 = LINE ( 'NONE', #8558, #6196 ) ;
#5879 = CIRCLE ( 'NONE', #2790, 17.66249999999999787 ) ;
#5880 = CARTESIAN_POINT ( 'NONE',  ( 12.70000000000000107, 3.577867169202164632E-15, 88.90000000000000568 ) ) ;
#5881 = LINE ( 'NONE', #9653, #4218 ) ;
#5882 = DIRECTION ( 'NONE',  ( 0.000000000000000000, 0.000000000000000000, 1.000000000000000000 ) ) ;
#5883 = CYLINDRICAL_SURFACE ( 'NONE', #4754, 17.66250000000000497 ) ;
#5884 = AXIS2_PLACEMENT_3D ( 'NONE', #11015, #5050, #6910 ) ;
#5885 = EDGE_CURVE ( 'NONE', #10472, #9709, #9763, .T. ) ;
#5886 = VERTEX_POINT ( 'NONE', #443 ) ;
#5887 = ORIENTED_EDGE ( 'NONE', *, *, #9338, .F. ) ;
#5888 = VECTOR ( 'NONE', #10032, 1000.000000000000000 ) ;
#5889 = ORIENTED_EDGE ( 'NONE', *, *, #5639, .F. ) ;
#5890 = EDGE_CURVE ( 'NONE', #1375, #209, #2990, .T. ) ;
#5891 = ORIENTED_EDGE ( 'NONE', *, *, #8629, .F. ) ;
#5892 = CARTESIAN_POINT ( 'NONE',  ( -9.525000000000000355, -10.07084749364656950, 101.8189322704979247 ) ) ;
#5893 = LINE ( 'NONE', #10686, #5355 ) ;
#5894 = DIRECTION ( 'NONE',  ( 0.000000000000000000, 0.000000000000000000, -1.000000000000000000 ) ) ;
#5895 = AXIS2_PLACEMENT_3D ( 'NONE', #408, #5149, #2320 ) ;
#5896 = DIRECTION ( 'NONE',  ( -0.000000000000000000, 1.000000000000000000, -0.000000000000000000 ) ) ;
#5897 = DIRECTION ( 'NONE',  ( -1.000000000000000000, -0.000000000000000000, -0.000000000000000000 ) ) ;
#5898 = DIRECTION ( 'NONE',  ( 0.000000000000000000, 0.000000000000000000, 1.000000000000000000 ) ) ;
#5899 = EDGE_CURVE ( 'NONE', #689, #4512, #7299, .T. ) ;
#5900 = ORIENTED_EDGE ( 'NONE', *, *, #10876, .T. ) ;
#5901 = CARTESIAN_POINT ( 'NONE',  ( 9.525000000000000355, 11.15407434219237004, 100.0426721981581153 ) ) ;
#5902 = ORIENTED_EDGE ( 'NONE', *, *, #11538, .F. ) ;
#5903 = ORIENTED_EDGE ( 'NONE', *, *, #9298, .T. ) ;
#5904 = ORIENTED_EDGE ( 'NONE', *, *, #10978, .T. ) ;
#5905 = LINE ( 'NONE', #6032, #5515 ) ;
#5906 = CARTESIAN_POINT ( 'NONE',  ( -12.69999999999999751, -16.22354728284506820, 40.36214363188775422 ) ) ;
#5907 = FACE_OUTER_BOUND ( 'NONE', #207, .T. ) ;
#5908 = DIRECTION ( 'NONE',  ( 0.000000000000000000, 0.000000000000000000, 1.000000000000000000 ) ) ;
#5909 = CARTESIAN_POINT ( 'NONE',  ( 12.70000000000000107, 3.577867169202164632E-15, 88.90000000000000568 ) ) ;
#5910 = DIRECTION ( 'NONE',  ( 0.000000000000000000, 0.000000000000000000, 1.000000000000000000 ) ) ;
#5911 = CARTESIAN_POINT ( 'NONE',  ( -9.525000000000000355, -16.22354728284506820, 141.9621436318877556 ) ) ;
#5912 = CYLINDRICAL_SURFACE ( 'NONE', #12100, 2.270999999999995467 ) ;
#5913 = DIRECTION ( 'NONE',  ( 0.000000000000000000, 0.000000000000000000, 1.000000000000000000 ) ) ;
#5914 = DIRECTION ( 'NONE',  ( 0.000000000000000000, 1.000000000000000000, 0.000000000000000000 ) ) ;
#5915 = ADVANCED_FACE ( 'NONE', ( #9817 ), #3854, .T. ) ;
#5916 = VECTOR ( 'NONE', #3032, 1000.000000000000000 ) ;
#5917 = DIRECTION ( 'NONE',  ( -1.000000000000000000, 0.000000000000000000, 0.000000000000000000 ) ) ;
#5918 = VERTEX_POINT ( 'NONE', #8721 ) ;
#5919 = ORIENTED_EDGE ( 'NONE', *, *, #11777, .F. ) ;
#5920 = ORIENTED_EDGE ( 'NONE', *, *, #9947, .T. ) ;
#5921 = ORIENTED_EDGE ( 'NONE', *, *, #7817, .T. ) ;
#5922 = CARTESIAN_POINT ( 'NONE',  ( 12.70000000000000107, 8.791741348502393194, 49.37808867056088502 ) ) ;
#5923 = AXIS2_PLACEMENT_3D ( 'NONE', #6443, #6504, #11371 ) ;
#5924 = VECTOR ( 'NONE', #5284, 1000.000000000000000 ) ;
#5925 = DIRECTION ( 'NONE',  ( 1.000000000000000000, 0.000000000000000000, 0.000000000000000000 ) ) ;
#5926 = DIRECTION ( 'NONE',  ( 1.000000000000000000, 0.000000000000000000, 0.000000000000000000 ) ) ;
#5927 = DIRECTION ( 'NONE',  ( 0.000000000000000000, 0.000000000000000000, 1.000000000000000000 ) ) ;
#5928 = DIRECTION ( 'NONE',  ( -1.000000000000000000, -0.000000000000000000, -0.000000000000000000 ) ) ;
#5929 = EDGE_CURVE ( 'NONE', #3793, #4046, #8733, .T. ) ;
#5930 = CIRCLE ( 'NONE', #613, 2.499999999999988454 ) ;
#5931 = DIRECTION ( 'NONE',  ( -1.000000000000000000, -0.000000000000000000, -0.000000000000000000 ) ) ;
#5932 = AXIS2_PLACEMENT_3D ( 'NONE', #4889, #8794, #5202 ) ;
#5933 = ORIENTED_EDGE ( 'NONE', *, *, #923, .T. ) ;
#5934 = VERTEX_POINT ( 'NONE', #7767 ) ;
#5935 = ORIENTED_EDGE ( 'NONE', *, *, #8770, .T. ) ;
#5936 = AXIS2_PLACEMENT_3D ( 'NONE', #10239, #1456, #3440 ) ;
#5937 = VERTEX_POINT ( 'NONE', #12651 ) ;
#5938 = DIRECTION ( 'NONE',  ( 0.000000000000000000, 0.000000000000000000, 1.000000000000000000 ) ) ;
#5939 = LINE ( 'NONE', #6699, #1370 ) ;
#5940 = CARTESIAN_POINT ( 'NONE',  ( 9.525000000000000355, -12.69999999999999929, 165.0999999999999943 ) ) ;
#5941 = AXIS2_PLACEMENT_3D ( 'NONE', #330, #11227, #6411 ) ;
#5942 = FACE_BOUND ( 'NONE', #925, .T. ) ;
#5943 = DIRECTION ( 'NONE',  ( 0.000000000000000000, 0.000000000000000000, 1.000000000000000000 ) ) ;
#5944 = FACE_OUTER_BOUND ( 'NONE', #7302, .T. ) ;
#5945 = CARTESIAN_POINT ( 'NONE',  ( -9.525000000000002132, 12.69999999999999929, 15.19999999999999218 ) ) ;
#5946 = EDGE_CURVE ( 'NONE', #6613, #11974, #2883, .T. ) ;
#5947 = VECTOR ( 'NONE', #5379, 1000.000000000000000 ) ;
#5948 = EDGE_CURVE ( 'NONE', #3446, #1341, #9752, .T. ) ;
#5949 = ORIENTED_EDGE ( 'NONE', *, *, #6948, .F. ) ;
#5950 = ORIENTED_EDGE ( 'NONE', *, *, #6187, .T. ) ;
#5951 = ORIENTED_EDGE ( 'NONE', *, *, #7518, .F. ) ;
#5952 = ORIENTED_EDGE ( 'NONE', *, *, #7906, .F. ) ;
#5953 = AXIS2_PLACEMENT_3D ( 'NONE', #3114, #8763, #2991 ) ;
#5954 = DIRECTION ( 'NONE',  ( 1.000000000000000000, 0.000000000000000000, 0.000000000000000000 ) ) ;
#5955 = DIRECTION ( 'NONE',  ( -1.000000000000000000, -0.000000000000000000, -0.000000000000000000 ) ) ;
#5956 = DIRECTION ( 'NONE',  ( 0.000000000000000000, 0.000000000000000000, 1.000000000000000000 ) ) ;
#5957 = EDGE_CURVE ( 'NONE', #832, #2855, #2383, .T. ) ;
#5958 = LINE ( 'NONE', #4092, #8944 ) ;
#5959 = EDGE_CURVE ( 'NONE', #9249, #225, #6679, .T. ) ;
#5960 = DIRECTION ( 'NONE',  ( 0.000000000000000000, 0.000000000000000000, -1.000000000000000000 ) ) ;
#5961 = ORIENTED_EDGE ( 'NONE', *, *, #6132, .F. ) ;
#5962 = DIRECTION ( 'NONE',  ( -1.000000000000000000, -0.000000000000000000, -0.000000000000000000 ) ) ;
#5963 = ORIENTED_EDGE ( 'NONE', *, *, #7856, .T. ) ;
#5964 = ORIENTED_EDGE ( 'NONE', *, *, #8986, .T. ) ;
#5965 = ORIENTED_EDGE ( 'NONE', *, *, #12402, .T. ) ;
#5966 = DIRECTION ( 'NONE',  ( 0.000000000000000000, 0.000000000000000000, -1.000000000000000000 ) ) ;
#5967 = PLANE ( 'NONE',  #6075 ) ;
#5968 = CARTESIAN_POINT ( 'NONE',  ( 12.70000000000000107, -6.152699789198520897, 154.8810759023857315 ) ) ;
#5969 = ADVANCED_FACE ( 'NONE', ( #971 ), #11811, .F. ) ;
#5970 = CIRCLE ( 'NONE', #10456, 2.271000000000002128 ) ;
#5971 = CYLINDRICAL_SURFACE ( 'NONE', #6962, 2.271000000000002128 ) ;
#5972 = CARTESIAN_POINT ( 'NONE',  ( -12.69999999999999751, -16.22354728284506820, 141.9621436318877556 ) ) ;
#5973 = CARTESIAN_POINT ( 'NONE',  ( 0.000000000000000000, 25.40000000000000213, 15.19999999999999218 ) ) ;
#5974 = CARTESIAN_POINT ( 'NONE',  ( 12.70000000000000107, 11.15407434219237004, 49.24267219815811814 ) ) ;
#5975 = CYLINDRICAL_SURFACE ( 'NONE', #3125, 2.270999999999995467 ) ;
#5976 = EDGE_CURVE ( 'NONE', #290, #5726, #11396, .T. ) ;
#5977 = CARTESIAN_POINT ( 'NONE',  ( 12.70000000000000107, 3.577867169202164632E-15, 88.90000000000000568 ) ) ;
#5978 = EDGE_CURVE ( 'NONE', #6760, #8410, #11810, .T. ) ;
#5979 = CARTESIAN_POINT ( 'NONE',  ( 12.70000000000000107, -12.33648634558010748, 151.1747697111192394 ) ) ;
#5980 = ORIENTED_EDGE ( 'NONE', *, *, #8594, .T. ) ;
#5981 = VECTOR ( 'NONE', #7034, 1000.000000000000000 ) ;
#5982 = ORIENTED_EDGE ( 'NONE', *, *, #6219, .T. ) ;
#5983 = ORIENTED_EDGE ( 'NONE', *, *, #7569, .F. ) ;
#5984 = ORIENTED_EDGE ( 'NONE', *, *, #8267, .T. ) ;
#5985 = EDGE_LOOP ( 'NONE', ( #7156, #9200, #5792, #9433 ) ) ;
#5986 = DIRECTION ( 'NONE',  ( 0.000000000000000000, 0.000000000000000000, 1.000000000000000000 ) ) ;
#5987 = EDGE_CURVE ( 'NONE', #5678, #1696, #7711, .T. ) ;
#5988 = CALENDAR_DATE ( 2024, 18, 9 ) ;
#5989 = CARTESIAN_POINT ( 'NONE',  ( 12.70000000000000107, 2.068405620284300195, 122.1590306869894960 ) ) ;
#5990 = CIRCLE ( 'NONE', #43, 2.499999999999988454 ) ;
#5991 = CYLINDRICAL_SURFACE ( 'NONE', #3467, 2.080499999999998906 ) ;
#5992 = VECTOR ( 'NONE', #12291, 1000.000000000000000 ) ;
#5993 = CYLINDRICAL_SURFACE ( 'NONE', #10562, 2.271000000000002128 ) ;
#5994 = DIRECTION ( 'NONE',  ( 0.000000000000000000, 1.000000000000000000, 0.000000000000000000 ) ) ;
#5995 = DIRECTION ( 'NONE',  ( -1.000000000000000000, -0.000000000000000000, -0.000000000000000000 ) ) ;
#5996 = VERTEX_POINT ( 'NONE', #4945 ) ;
#5997 = VERTEX_POINT ( 'NONE', #1998 ) ;
#5998 = EDGE_LOOP ( 'NONE', ( #9901, #2827, #8116, #8011 ) ) ;
#5999 = CIRCLE ( 'NONE', #4766, 2.271000000000002128 ) ;
#6000 = ORIENTED_EDGE ( 'NONE', *, *, #7338, .T. ) ;
#6001 = EDGE_CURVE ( 'NONE', #6250, #10913, #12426, .T. ) ;
#6002 = DIRECTION ( 'NONE',  ( 0.000000000000000000, 0.000000000000000000, 1.000000000000000000 ) ) ;
#6003 = DIRECTION ( 'NONE',  ( 0.000000000000000000, 0.000000000000000000, 1.000000000000000000 ) ) ;
#6004 = CARTESIAN_POINT ( 'NONE',  ( 7.746038523653021987E-16, 25.40000000000000213, 104.0999999999999801 ) ) ;
#6005 = DIRECTION ( 'NONE',  ( 1.000000000000000000, -0.000000000000000000, -0.000000000000000000 ) ) ;
#6006 = CARTESIAN_POINT ( 'NONE',  ( 12.70000000000000107, 6.152699789198528002, 124.5189240976142884 ) ) ;
#6007 = CARTESIAN_POINT ( 'NONE',  ( 9.525000000000000355, -15.22687436074365230, 92.98837563695990127 ) ) ;
#6008 = AXIS2_PLACEMENT_3D ( 'NONE', #12041, #3533, #11004 ) ;
#6009 = AXIS2_PLACEMENT_3D ( 'NONE', #8670, #6812, #9891 ) ;
#6010 = ORIENTED_EDGE ( 'NONE', *, *, #8549, .T. ) ;
#6011 = ORIENTED_EDGE ( 'NONE', *, *, #3040, .F. ) ;
#6012 = ORIENTED_EDGE ( 'NONE', *, *, #11255, .F. ) ;
#6013 = VERTEX_POINT ( 'NONE', #7891 ) ;
#6014 = EDGE_LOOP ( 'NONE', ( #11023, #9646 ) ) ;
#6015 = EDGE_CURVE ( 'NONE', #2577, #7737, #1803, .T. ) ;
#6016 = AXIS2_PLACEMENT_3D ( 'NONE', #10195, #5198, #8149 ) ;
#6017 = CYLINDRICAL_SURFACE ( 'NONE', #10863, 2.080499999999985139 ) ;
#6018 = LINE ( 'NONE', #9079, #1666 ) ;
#6019 = DIRECTION ( 'NONE',  ( -1.000000000000000000, -0.000000000000000000, -0.000000000000000000 ) ) ;
#6020 = CARTESIAN_POINT ( 'NONE',  ( -9.525000000000002132, 0.000000000000000000, 65.99999999999998579 ) ) ;
#6021 = DIRECTION ( 'NONE',  ( -1.000000000000000000, -0.000000000000000000, -0.000000000000000000 ) ) ;
#6022 = DIRECTION ( 'NONE',  ( 0.000000000000000000, 0.000000000000000000, 1.000000000000000000 ) ) ;
#6023 = ADVANCED_FACE ( 'NONE', ( #10583 ), #6927, .F. ) ;
#6024 = ORIENTED_EDGE ( 'NONE', *, *, #1394, .F. ) ;
#6025 = CIRCLE ( 'NONE', #8463, 2.499999999999996891 ) ;
#6026 = EDGE_CURVE ( 'NONE', #6283, #11512, #6282, .T. ) ;
#6027 = CARTESIAN_POINT ( 'NONE',  ( 9.525000000000000355, -14.15672222192817387, 27.53822353099798192 ) ) ;
#6028 = VERTEX_POINT ( 'NONE', #6667 ) ;
#6029 = EDGE_LOOP ( 'NONE', ( #4120, #11720, #7251, #5739 ) ) ;
#6030 = EDGE_CURVE ( 'NONE', #2037, #11489, #1570, .T. ) ;
#6031 = ORIENTED_EDGE ( 'NONE', *, *, #7282, .T. ) ;
#6032 = CARTESIAN_POINT ( 'NONE',  ( 12.70000000000000107, -16.22512784221249404, 31.12080715599139324 ) ) ;
#6033 = EDGE_CURVE ( 'NONE', #5689, #1199, #1865, .T. ) ;
#6034 = CARTESIAN_POINT ( 'NONE',  ( -9.525000000000000355, 1.802455207620993427, 73.61440457572818730 ) ) ;
#6035 = VECTOR ( 'NONE', #11619, 1000.000000000000000 ) ;
#6036 = PLANE ( 'NONE',  #2641 ) ;
#6037 = LINE ( 'NONE', #9934, #6125 ) ;
#6038 = CARTESIAN_POINT ( 'NONE',  ( 9.525000000000000355, 14.16298196909033003, 90.87482701602503710 ) ) ;
#6039 = DIRECTION ( 'NONE',  ( 0.000000000000000000, 0.000000000000000000, 1.000000000000000000 ) ) ;
#6040 = DIRECTION ( 'NONE',  ( 1.000000000000000000, 0.000000000000000000, 0.000000000000000000 ) ) ;
#6041 = DIRECTION ( 'NONE',  ( -1.000000000000000000, -0.000000000000000000, -0.000000000000000000 ) ) ;
#6042 = DIRECTION ( 'NONE',  ( 0.000000000000000000, 0.000000000000000000, 1.000000000000000000 ) ) ;
#6043 = EDGE_CURVE ( 'NONE', #5742, #4012, #11620, .T. ) ;
#6044 = FACE_OUTER_BOUND ( 'NONE', #7503, .T. ) ;
#6045 = AXIS2_PLACEMENT_3D ( 'NONE', #6055, #7607, #1772 ) ;
#6046 = ORIENTED_EDGE ( 'NONE', *, *, #10392, .F. ) ;
#6047 = ORIENTED_EDGE ( 'NONE', *, *, #5316, .T. ) ;
#6048 = VERTEX_POINT ( 'NONE', #8905 ) ;
#6049 = VERTEX_POINT ( 'NONE', #9097 ) ;
#6050 = ORIENTED_EDGE ( 'NONE', *, *, #5479, .T. ) ;
#6051 = EDGE_CURVE ( 'NONE', #11262, #11696, #4850, .T. ) ;
#6052 = CYLINDRICAL_SURFACE ( 'NONE', #4422, 17.66249999999999787 ) ;
#6053 = CARTESIAN_POINT ( 'NONE',  ( -12.69999999999999929, 12.69999999999999929, 162.6000000000000227 ) ) ;
#6054 = CARTESIAN_POINT ( 'NONE',  ( 12.70000000000000107, -15.22687436074365230, 42.18837563695990411 ) ) ;
#6055 = CARTESIAN_POINT ( 'NONE',  ( 9.525000000000000355, 10.07084749364666365, 75.98106772950217191 ) ) ;
#6056 = ADVANCED_FACE ( 'NONE', ( #10903 ), #11031, .F. ) ;
#6057 = CARTESIAN_POINT ( 'NONE',  ( -12.69999999999999751, -14.16298196909034779, 141.6748270160248637 ) ) ;
#6058 = EDGE_LOOP ( 'NONE', ( #2463, #240, #10914, #5391 ) ) ;
#6059 = VERTEX_POINT ( 'NONE', #5070 ) ;
#6060 = EDGE_LOOP ( 'NONE', ( #11366, #6435, #524, #4381 ) ) ;
#6061 = CIRCLE ( 'NONE', #1137, 2.499999999999988454 ) ;
#6062 = VERTEX_POINT ( 'NONE', #202 ) ;
#6063 = CARTESIAN_POINT ( 'NONE',  ( 1.080765552152139379E-15, 25.40000000000000213, 35.60000000000000853 ) ) ;
#6064 = DIRECTION ( 'NONE',  ( -1.000000000000000000, -0.000000000000000000, -0.000000000000000000 ) ) ;
#6065 = CIRCLE ( 'NONE', #535, 17.66249999999999787 ) ;
#6066 = DIRECTION ( 'NONE',  ( 0.000000000000000000, 0.000000000000000000, 1.000000000000000000 ) ) ;
#6067 = CIRCLE ( 'NONE', #5042, 17.66250000000000497 ) ;
#6068 = DIRECTION ( 'NONE',  ( -1.000000000000000000, -0.000000000000000000, -0.000000000000000000 ) ) ;
#6069 = DIRECTION ( 'NONE',  ( -1.000000000000000000, 0.000000000000000000, 0.000000000000000000 ) ) ;
#6070 = AXIS2_PLACEMENT_3D ( 'NONE', #11331, #630, #10243 ) ;
#6071 = DIRECTION ( 'NONE',  ( 0.000000000000000000, -1.000000000000000000, 0.000000000000000000 ) ) ;
#6072 = EDGE_CURVE ( 'NONE', #2007, #8950, #12219, .T. ) ;
#6073 = VERTEX_POINT ( 'NONE', #136 ) ;
#6074 = ORIENTED_EDGE ( 'NONE', *, *, #9622, .T. ) ;
#6075 = AXIS2_PLACEMENT_3D ( 'NONE', #6855, #11805, #10767 ) ;
#6077 = ORIENTED_EDGE ( 'NONE', *, *, #7763, .T. ) ;
#6076 = VECTOR ( 'NONE', #1178, 1000.000000000000000 ) ;
#6078 = EDGE_LOOP ( 'NONE', ( #179, #1449 ) ) ;
#6079 = AXIS2_PLACEMENT_3D ( 'NONE', #5542, #6620, #731 ) ;
#6080 = VECTOR ( 'NONE', #11341, 1000.000000000000000 ) ;
#6081 = DIRECTION ( 'NONE',  ( 0.000000000000000000, 0.000000000000000000, 1.000000000000000000 ) ) ;
#6082 = CARTESIAN_POINT ( 'NONE',  ( 12.70000000000000107, 3.577867169202164632E-15, 106.5625000000000000 ) ) ;
#6083 = DIRECTION ( 'NONE',  ( 0.000000000000000000, 0.000000000000000000, 1.000000000000000000 ) ) ;
#6084 = CIRCLE ( 'NONE', #6867, 2.499999999999988454 ) ;
#6085 = FACE_OUTER_BOUND ( 'NONE', #2531, .T. ) ;
#6086 = CARTESIAN_POINT ( 'NONE',  ( -9.525000000000000355, -6.152699789198520897, 154.8810759023857315 ) ) ;
#6087 = CIRCLE ( 'NONE', #6690, 2.080499999999998906 ) ;
#6088 = DIRECTION ( 'NONE',  ( -1.000000000000000000, -0.000000000000000000, -0.000000000000000000 ) ) ;
#6089 = EDGE_CURVE ( 'NONE', #5331, #11290, #9540, .T. ) ;
#6090 = AXIS2_PLACEMENT_3D ( 'NONE', #11534, #1017, #4929 ) ;
#6091 = VERTEX_POINT ( 'NONE', #4109 ) ;
#6092 = CARTESIAN_POINT ( 'NONE',  ( 1.555301434917138038E-15, 25.40000000000000213, 25.39999999999999858 ) ) ;
#6093 = ORIENTED_EDGE ( 'NONE', *, *, #374, .T. ) ;
#6094 = VERTEX_POINT ( 'NONE', #8147 ) ;
#6095 = VERTEX_POINT ( 'NONE', #1225 ) ;
#6096 = CARTESIAN_POINT ( 'NONE',  ( 12.70000000000000107, 5.371240620587830250, 152.9529156865856407 ) ) ;
#6097 = LINE ( 'NONE', #197, #446 ) ;
#6098 = CIRCLE ( 'NONE', #5065, 14.30000000000000782 ) ;
#6099 = EDGE_CURVE ( 'NONE', #401, #4363, #5262, .T. ) ;
#6100 = FACE_OUTER_BOUND ( 'NONE', #10994, .T. ) ;
#6101 = DIRECTION ( 'NONE',  ( 0.000000000000000000, 0.000000000000000000, 1.000000000000000000 ) ) ;
#6102 = CARTESIAN_POINT ( 'NONE',  ( 9.525000000000000355, 12.33648634557998314, 98.10376971111941202 ) ) ;
#6103 = DIRECTION ( 'NONE',  ( 0.000000000000000000, 0.000000000000000000, -1.000000000000000000 ) ) ;
#6104 = DIRECTION ( 'NONE',  ( 0.000000000000000000, 0.000000000000000000, 1.000000000000000000 ) ) ;
#6105 = CYLINDRICAL_SURFACE ( 'NONE', #11583, 2.499999999999988454 ) ;
#6106 = ADVANCED_FACE ( 'NONE', ( #5135 ), #8207, .F. ) ;
#6107 = ADVANCED_FACE ( 'NONE', ( #10126 ), #3269, .T. ) ;
#6108 = CIRCLE ( 'NONE', #6911, 2.270999999999995467 ) ;
#6109 = DIRECTION ( 'NONE',  ( 0.000000000000000000, 0.000000000000000000, 1.000000000000000000 ) ) ;
#6110 = ORIENTED_EDGE ( 'NONE', *, *, #313, .F. ) ;
#6111 = EDGE_LOOP ( 'NONE', ( #7779, #1042, #11977, #9761 ) ) ;
#6112 = EDGE_LOOP ( 'NONE', ( #9949, #8634 ) ) ;
#6113 = EDGE_LOOP ( 'NONE', ( #1576, #4776, #3891, #2427 ) ) ;
#6114 = EDGE_LOOP ( 'NONE', ( #6787, #7614, #9358, #5771 ) ) ;
#6115 = CARTESIAN_POINT ( 'NONE',  ( -9.525000000000000355, 3.577867169202164632E-15, 55.76250000000001705 ) ) ;
#6116 = CARTESIAN_POINT ( 'NONE',  ( 1.080765552152139773E-15, -22.22499999999999787, 35.60000000000000853 ) ) ;
#6117 = CIRCLE ( 'NONE', #4268, 2.500000000000002220 ) ;
#6118 = CARTESIAN_POINT ( 'NONE',  ( -9.525000000000000355, 8.791741348502393194, 150.9780886705609078 ) ) ;
#6119 = DIRECTION ( 'NONE',  ( 0.000000000000000000, 0.000000000000000000, -1.000000000000000000 ) ) ;
#6120 = CYLINDRICAL_SURFACE ( 'NONE', #314, 2.080499999999998906 ) ;
#6121 = EDGE_CURVE ( 'NONE', #9777, #9592, #5047, .T. ) ;
#6122 = DIRECTION ( 'NONE',  ( 0.000000000000000000, 0.000000000000000000, 1.000000000000000000 ) ) ;
#6123 = VERTEX_POINT ( 'NONE', #4173 ) ;
#6124 = ORIENTED_EDGE ( 'NONE', *, *, #5099, .T. ) ;
#6125 = VECTOR ( 'NONE', #1156, 1000.000000000000000 ) ;
#6126 = CIRCLE ( 'NONE', #3249, 2.270999999999995467 ) ;
#6127 = ORIENTED_EDGE ( 'NONE', *, *, #2748, .T. ) ;
#6128 = CARTESIAN_POINT ( 'NONE',  ( 9.525000000000000355, 10.07084749364666365, 75.98106772950217191 ) ) ;
#6129 = CARTESIAN_POINT ( 'NONE',  ( 1.080765552152137998E-15, 22.22500000000000142, 149.8999999999999773 ) ) ;
#6130 = FACE_OUTER_BOUND ( 'NONE', #7917, .T. ) ;
#6131 = DIRECTION ( 'NONE',  ( 0.000000000000000000, 0.000000000000000000, 1.000000000000000000 ) ) ;
#6132 = EDGE_CURVE ( 'NONE', #3325, #2038, #8320, .T. ) ;
#6133 = EDGE_CURVE ( 'NONE', #5040, #9453, #6229, .T. ) ;
#6134 = FACE_BOUND ( 'NONE', #989, .T. ) ;
#6135 = DIRECTION ( 'NONE',  ( 0.000000000000000000, 0.000000000000000000, 1.000000000000000000 ) ) ;
#6136 = AXIS2_PLACEMENT_3D ( 'NONE', #8180, #6963, #11909 ) ;
#6137 = AXIS2_PLACEMENT_3D ( 'NONE', #4240, #8214, #8152 ) ;
#6138 = ADVANCED_FACE ( 'NONE', ( #5263 ), #9163, .T. ) ;
#6139 = EDGE_LOOP ( 'NONE', ( #1592, #1374, #10281, #8301 ) ) ;
#6140 = ORIENTED_EDGE ( 'NONE', *, *, #758, .F. ) ;
#6141 = CIRCLE ( 'NONE', #5722, 14.30000000000000782 ) ;
#6142 = ORIENTED_EDGE ( 'NONE', *, *, #7327, .T. ) ;
#6143 = ORIENTED_EDGE ( 'NONE', *, *, #11322, .F. ) ;
#6144 = AXIS2_PLACEMENT_3D ( 'NONE', #1239, #8866, #7009 ) ;
#6145 = VECTOR ( 'NONE', #7050, 1000.000000000000000 ) ;
#6146 = CARTESIAN_POINT ( 'NONE',  ( 9.525000000000000355, 10.07084749364639542, 51.01893227049807678 ) ) ;
#6147 = DIRECTION ( 'NONE',  ( -1.000000000000000000, -0.000000000000000000, -0.000000000000000000 ) ) ;
#6149 = EDGE_CURVE ( 'NONE', #1888, #8669, #11605, .T. ) ;
#6148 = DIRECTION ( 'NONE',  ( -1.000000000000000000, -0.000000000000000000, -0.000000000000000000 ) ) ;
#6150 = DIRECTION ( 'NONE',  ( 0.000000000000000000, 0.000000000000000000, -1.000000000000000000 ) ) ;
#6151 = ADVANCED_FACE ( 'NONE', ( #3138 ), #2123, .F. ) ;
#6152 = VECTOR ( 'NONE', #9091, 1000.000000000000000 ) ;
#6153 = CARTESIAN_POINT ( 'NONE',  ( -9.525000000000000355, -16.22512784221253312, 146.6791928440085258 ) ) ;
#6154 = CARTESIAN_POINT ( 'NONE',  ( -12.69999999999999929, 0.000000000000000000, 116.7999999999999829 ) ) ;
#6155 = DIRECTION ( 'NONE',  ( -1.000000000000000000, 0.000000000000000000, 0.000000000000000000 ) ) ;
#6156 = DIRECTION ( 'NONE',  ( -1.000000000000000000, -0.000000000000000000, -0.000000000000000000 ) ) ;
#6157 = VERTEX_POINT ( 'NONE', #7053 ) ;
#6158 = ORIENTED_EDGE ( 'NONE', *, *, #9622, .F. ) ;
#6159 = VERTEX_POINT ( 'NONE', #2188 ) ;
#6160 = ORIENTED_EDGE ( 'NONE', *, *, #10044, .T. ) ;
#6161 = CARTESIAN_POINT ( 'NONE',  ( 12.70000000000000107, 3.577867169202164632E-15, 38.10000000000001563 ) ) ;
#6162 = CARTESIAN_POINT ( 'NONE',  ( 0.000000000000000000, -25.39999999999999503, 15.19999999999999218 ) ) ;
#6163 = EDGE_CURVE ( 'NONE', #8894, #9645, #12000, .T. ) ;
#6164 = CARTESIAN_POINT ( 'NONE',  ( 12.70000000000000107, -14.16298196909034779, 40.07482701602484099 ) ) ;
#6165 = CARTESIAN_POINT ( 'NONE',  ( -12.69999999999999751, 12.69999999999999929, 165.0999999999999943 ) ) ;
#6166 = DIRECTION ( 'NONE',  ( 0.000000000000000000, 0.000000000000000000, 1.000000000000000000 ) ) ;
#6167 = CARTESIAN_POINT ( 'NONE',  ( 9.525000000000000355, 2.068405620284298418, 106.4409693130105268 ) ) ;
#6168 = AXIS2_PLACEMENT_3D ( 'NONE', #3648, #7567, #2683 ) ;
#6169 = DIRECTION ( 'NONE',  ( 0.000000000000000000, 0.000000000000000000, 1.000000000000000000 ) ) ;
#6170 = DIRECTION ( 'NONE',  ( 0.000000000000000000, 0.000000000000000000, -1.000000000000000000 ) ) ;
#6171 = PRODUCT ( 'REV-21-3560', 'REV-21-3560', '', ( #4122 ) ) ;
#6172 = CARTESIAN_POINT ( 'NONE',  ( 12.70000000000000107, -5.371240620587821368, 102.1529156865856294 ) ) ;
#6173 = ORIENTED_EDGE ( 'NONE', *, *, #7238, .F. ) ;
#6174 = ORIENTED_EDGE ( 'NONE', *, *, #6537, .T. ) ;
#6175 = ORIENTED_EDGE ( 'NONE', *, *, #1589, .F. ) ;
#6176 = ORIENTED_EDGE ( 'NONE', *, *, #12567, .F. ) ;
#6177 = EDGE_LOOP ( 'NONE', ( #3096, #8336, #2520, #11263 ) ) ;
#6178 = ADVANCED_FACE ( 'NONE', ( #9471 ), #1471, .F. ) ;
#6179 = DIRECTION ( 'NONE',  ( -1.000000000000000000, -0.000000000000000000, -0.000000000000000000 ) ) ;
#6180 = DIRECTION ( 'NONE',  ( -1.000000000000000000, -0.000000000000000000, -0.000000000000000000 ) ) ;
#6181 = CARTESIAN_POINT ( 'NONE',  ( 1.555301434917138433E-15, 25.40000000000000213, 165.0999999999999943 ) ) ;
#6182 = DIRECTION ( 'NONE',  ( -1.000000000000000000, -0.000000000000000000, -0.000000000000000000 ) ) ;
#6183 = CARTESIAN_POINT ( 'NONE',  ( 12.70000000000000107, -11.15407434219244465, 26.95732780184198774 ) ) ;
#6184 = CARTESIAN_POINT ( 'NONE',  ( 9.525000000000000355, 14.15672222192810992, 48.66177646900214881 ) ) ;
#6185 = DIRECTION ( 'NONE',  ( -1.000000000000000000, -0.000000000000000000, -0.000000000000000000 ) ) ;
#6186 = AXIS2_PLACEMENT_3D ( 'NONE', #12112, #8955, #9144 ) ;
#6187 = EDGE_CURVE ( 'NONE', #2254, #1919, #1596, .T. ) ;
#6188 = DIRECTION ( 'NONE',  ( -0.000000000000000000, 1.000000000000000000, -0.000000000000000000 ) ) ;
#6189 = ORIENTED_EDGE ( 'NONE', *, *, #5855, .T. ) ;
#6190 = VERTEX_POINT ( 'NONE', #7557 ) ;
#6191 = EDGE_CURVE ( 'NONE', #225, #1007, #965, .T. ) ;
#6192 = ORIENTED_EDGE ( 'NONE', *, *, #4459, .T. ) ;
#6193 = DIRECTION ( 'NONE',  ( 1.000000000000000000, 0.000000000000000000, 0.000000000000000000 ) ) ;
#6194 = ADVANCED_FACE ( 'NONE', ( #10374 ), #8389, .F. ) ;
#6195 = CARTESIAN_POINT ( 'NONE',  ( 3.061616997868370815E-16, 22.22500000000000142, 10.20000000000000817 ) ) ;
#6196 = VECTOR ( 'NONE', #5810, 1000.000000000000000 ) ;
#6197 = CARTESIAN_POINT ( 'NONE',  ( -12.69999999999999751, 16.22512784221258997, 132.7208071559915936 ) ) ;
#6198 = CARTESIAN_POINT ( 'NONE',  ( -9.525000000000000355, 2.068405620284298418, 55.64096931301052251 ) ) ;
#6199 = CARTESIAN_POINT ( 'NONE',  ( 9.525000000000000355, 14.15672222192832841, 129.1382235309981752 ) ) ;
#6200 = FACE_OUTER_BOUND ( 'NONE', #3879, .T. ) ;
#6201 = VERTEX_POINT ( 'NONE', #7309 ) ;
#6202 = CIRCLE ( 'NONE', #260, 17.66249999999999787 ) ;
#6203 = ORIENTED_EDGE ( 'NONE', *, *, #4035, .F. ) ;
#6204 = VECTOR ( 'NONE', #9499, 1000.000000000000000 ) ;
#6205 = ORIENTED_EDGE ( 'NONE', *, *, #10662, .T. ) ;
#6206 = ORIENTED_EDGE ( 'NONE', *, *, #9005, .F. ) ;
#6207 = LINE ( 'NONE', #500, #355 ) ;
#6208 = DIRECTION ( 'NONE',  ( 0.000000000000000000, -6.253509286145666888E-15, -1.000000000000000000 ) ) ;
#6209 = EDGE_CURVE ( 'NONE', #12641, #3984, #10373, .T. ) ;
#6210 = CARTESIAN_POINT ( 'NONE',  ( -12.69999999999999751, -12.69999999999999929, 12.69999999999999929 ) ) ;
#6211 = CARTESIAN_POINT ( 'NONE',  ( 12.70000000000000107, 2.068405620284300195, 71.35903068698951301 ) ) ;
#6212 = AXIS2_PLACEMENT_3D ( 'NONE', #2221, #3477, #8946 ) ;
#6213 = AXIS2_PLACEMENT_3D ( 'NONE', #5731, #7844, #9635 ) ;
#6214 = DIRECTION ( 'NONE',  ( -1.000000000000000000, -0.000000000000000000, -0.000000000000000000 ) ) ;
#6215 = CARTESIAN_POINT ( 'NONE',  ( 1.861463134703975909E-15, 25.40000000000000213, 111.8000000000000114 ) ) ;
#6216 = DIRECTION ( 'NONE',  ( -1.000000000000000000, 0.000000000000000000, 0.000000000000000000 ) ) ;
#6217 = CARTESIAN_POINT ( 'NONE',  ( 9.525000000000000355, 0.000000000000000000, 12.69999999999993356 ) ) ;
#6218 = ORIENTED_EDGE ( 'NONE', *, *, #171, .F. ) ;
#6219 = EDGE_CURVE ( 'NONE', #8778, #1386, #7521, .T. ) ;
#6220 = AXIS2_PLACEMENT_3D ( 'NONE', #1288, #9165, #4298 ) ;
#6221 = EDGE_LOOP ( 'NONE', ( #5711, #3087, #957, #1020 ) ) ;
#6222 = ORIENTED_EDGE ( 'NONE', *, *, #12115, .F. ) ;
#6223 = EDGE_LOOP ( 'NONE', ( #4995, #3616, #8676, #8363 ) ) ;
#6224 = CARTESIAN_POINT ( 'NONE',  ( 1.080765552152139379E-15, 25.40000000000000213, 149.8999999999999773 ) ) ;
#6225 = CARTESIAN_POINT ( 'NONE',  ( 7.746038523653021987E-16, 25.40000000000000213, 53.29999999999998295 ) ) ;
#6226 = DIRECTION ( 'NONE',  ( 0.000000000000000000, 0.000000000000000000, -1.000000000000000000 ) ) ;
#6227 = DIRECTION ( 'NONE',  ( 0.000000000000000000, 0.000000000000000000, 1.000000000000000000 ) ) ;
#6228 = VECTOR ( 'NONE', #9473, 1000.000000000000000 ) ;
#6229 = LINE ( 'NONE', #12128, #12028 ) ;
#6230 = DIRECTION ( 'NONE',  ( -1.000000000000000000, 0.000000000000000000, 0.000000000000000000 ) ) ;
#6231 = DIRECTION ( 'NONE',  ( 1.000000000000000000, -0.000000000000000000, -0.000000000000000000 ) ) ;
#6232 = DIRECTION ( 'NONE',  ( -1.000000000000000000, -0.000000000000000000, -0.000000000000000000 ) ) ;
#6233 = CARTESIAN_POINT ( 'NONE',  ( -12.69999999999999751, 0.000000000000000000, 114.2999999999999972 ) ) ;
#6234 = EDGE_CURVE ( 'NONE', #6190, #6346, #2670, .T. ) ;
#6235 = EDGE_LOOP ( 'NONE', ( #5983, #892 ) ) ;
#6236 = ORIENTED_EDGE ( 'NONE', *, *, #1082, .F. ) ;
#6237 = ORIENTED_EDGE ( 'NONE', *, *, #2222, .T. ) ;
#6238 = ORIENTED_EDGE ( 'NONE', *, *, #7672, .T. ) ;
#6239 = VERTEX_POINT ( 'NONE', #12308 ) ;
#6240 = CARTESIAN_POINT ( 'NONE',  ( 12.70000000000000107, 14.16298196909037088, 36.12517298397528975 ) ) ;
#6241 = DIRECTION ( 'NONE',  ( 1.000000000000000000, 0.000000000000000000, 0.000000000000000000 ) ) ;
#6242 = DIRECTION ( 'NONE',  ( -1.000000000000000000, -0.000000000000000000, -0.000000000000000000 ) ) ;
#6243 = CARTESIAN_POINT ( 'NONE',  ( -9.525000000000000355, -4.072800018551144596, 73.66895216488211418 ) ) ;
#6244 = DIRECTION ( 'NONE',  ( 0.000000000000000000, 0.000000000000000000, 1.000000000000000000 ) ) ;
#6245 = CARTESIAN_POINT ( 'NONE',  ( 12.70000000000000107, -6.152699789198520897, 154.8810759023857315 ) ) ;
#6246 = DIRECTION ( 'NONE',  ( -1.000000000000000000, -0.000000000000000000, -0.000000000000000000 ) ) ;
#6247 = EDGE_CURVE ( 'NONE', #8235, #816, #2494, .T. ) ;
#6248 = VERTEX_POINT ( 'NONE', #12366 ) ;
#6249 = ORIENTED_EDGE ( 'NONE', *, *, #1495, .T. ) ;
#6250 = VERTEX_POINT ( 'NONE', #8329 ) ;
#6251 = ORIENTED_EDGE ( 'NONE', *, *, #11523, .F. ) ;
#6252 = ORIENTED_EDGE ( 'NONE', *, *, #1709, .T. ) ;
#6253 = DIRECTION ( 'NONE',  ( 0.000000000000000000, -2.251263343012440111E-14, 1.000000000000000000 ) ) ;
#6254 = CIRCLE ( 'NONE', #3992, 2.500000000000002220 ) ;
#6255 = LINE ( 'NONE', #9253, #7117 ) ;
#6256 = CARTESIAN_POINT ( 'NONE',  ( -12.69999999999999751, 3.577867169202164632E-15, 38.10000000000001563 ) ) ;
#6257 = CC_DESIGN_DATE_AND_TIME_ASSIGNMENT ( #7067, #984, ( #11575 ) ) ;
#6258 = CARTESIAN_POINT ( 'NONE',  ( -9.525000000000002132, -22.22499999999999787, 177.8000000000000114 ) ) ;
#6259 = DIRECTION ( 'NONE',  ( 0.000000000000000000, -1.000000000000000000, 0.000000000000000000 ) ) ;
#6260 = ORIENTED_EDGE ( 'NONE', *, *, #2430, .F. ) ;
#6261 = EDGE_CURVE ( 'NONE', #10486, #10262, #2395, .T. ) ;
#6262 = VECTOR ( 'NONE', #2437, 1000.000000000000000 ) ;
#6263 = ORIENTED_EDGE ( 'NONE', *, *, #2222, .F. ) ;
#6264 = ADVANCED_FACE ( 'NONE', ( #5383 ), #12186, .T. ) ;
#6265 = ORIENTED_EDGE ( 'NONE', *, *, #7282, .F. ) ;
#6266 = VERTEX_POINT ( 'NONE', #4537 ) ;
#6267 = AXIS2_PLACEMENT_3D ( 'NONE', #9716, #3625, #1705 ) ;
#6268 = DIRECTION ( 'NONE',  ( 0.000000000000000000, 0.000000000000000000, -1.000000000000000000 ) ) ;
#6269 = CYLINDRICAL_SURFACE ( 'NONE', #12503, 2.080499999999998906 ) ;
#6270 = FACE_OUTER_BOUND ( 'NONE', #1006, .T. ) ;
#6271 = AXIS2_PLACEMENT_3D ( 'NONE', #1210, #6155, #3183 ) ;
#6272 = DIRECTION ( 'NONE',  ( 1.000000000000000000, 0.000000000000000000, 0.000000000000000000 ) ) ;
#6273 = CARTESIAN_POINT ( 'NONE',  ( -12.69999999999999751, 12.69999999999999929, 162.5999999999999943 ) ) ;
#6274 = CARTESIAN_POINT ( 'NONE',  ( 12.70000000000000107, -2.068405620284295310, 106.4409693130105268 ) ) ;
#6275 = FACE_OUTER_BOUND ( 'NONE', #8353, .T. ) ;
#6276 = AXIS2_PLACEMENT_3D ( 'NONE', #2916, #1959, #12545 ) ;
#6277 = AXIS2_PLACEMENT_3D ( 'NONE', #3735, #7908, #11567 ) ;
#6278 = DIRECTION ( 'NONE',  ( 0.000000000000000000, 0.000000000000000000, 1.000000000000000000 ) ) ;
#6279 = VERTEX_POINT ( 'NONE', #6528 ) ;
#6280 = ADVANCED_FACE ( 'NONE', ( #1528 ), #6356, .F. ) ;
#6281 = CIRCLE ( 'NONE', #7097, 2.499999999999988454 ) ;
#6282 = CIRCLE ( 'NONE', #12636, 2.080499999999998906 ) ;
#6283 = VERTEX_POINT ( 'NONE', #10435 ) ;
#6284 = ORIENTED_EDGE ( 'NONE', *, *, #2692, .T. ) ;
#6285 = LOCAL_TIME ( 14, 50, 18.00000000000000000, #5018 ) ;
#6286 = CARTESIAN_POINT ( 'NONE',  ( 7.746038523653021987E-16, -25.39999999999999503, 152.3999999999999773 ) ) ;
#6287 = DIRECTION ( 'NONE',  ( 1.000000000000000000, 0.000000000000000000, 0.000000000000000000 ) ) ;
#6288 = CARTESIAN_POINT ( 'NONE',  ( 1.080765552152140168E-15, -25.39999999999999503, 99.10000000000000853 ) ) ;
#6289 = DIRECTION ( 'NONE',  ( -0.000000000000000000, -1.000000000000000000, -0.000000000000000000 ) ) ;
#6290 = EDGE_CURVE ( 'NONE', #4576, #1339, #1656, .T. ) ;
#6291 = AXIS2_PLACEMENT_3D ( 'NONE', #6913, #8701, #1720 ) ;
#6292 = DIRECTION ( 'NONE',  ( 1.000000000000000000, 0.000000000000000000, 0.000000000000000000 ) ) ;
#6293 = CARTESIAN_POINT ( 'NONE',  ( -9.525000000000000355, 3.577867169202164632E-15, 88.90000000000000568 ) ) ;
#6294 = LINE ( 'NONE', #6473, #8871 ) ;
#6295 = DIRECTION ( 'NONE',  ( 0.000000000000000000, 1.000000000000000000, 0.000000000000000000 ) ) ;
#6296 = DIRECTION ( 'NONE',  ( 1.000000000000000000, 0.000000000000000000, 0.000000000000000000 ) ) ;
#6297 = ORIENTED_EDGE ( 'NONE', *, *, #1544, .T. ) ;
#6298 = CIRCLE ( 'NONE', #762, 2.499999999999974243 ) ;
#6299 = ORIENTED_EDGE ( 'NONE', *, *, #12568, .F. ) ;
#6300 = VERTEX_POINT ( 'NONE', #701 ) ;
#6301 = AXIS2_PLACEMENT_3D ( 'NONE', #5880, #2027, #4974 ) ;
#6302 = ORIENTED_EDGE ( 'NONE', *, *, #10653, .F. ) ;
#6303 = ORIENTED_EDGE ( 'NONE', *, *, #4060, .F. ) ;
#6304 = CARTESIAN_POINT ( 'NONE',  ( 12.70000000000000107, -16.22512784221253312, 95.87919284400851438 ) ) ;
#6305 = CARTESIAN_POINT ( 'NONE',  ( -9.525000000000002132, 3.061616997868375253E-16, 10.19999999999994067 ) ) ;
#6306 = DIRECTION ( 'NONE',  ( 1.000000000000000000, 0.000000000000000000, 0.000000000000000000 ) ) ;
#6307 = CARTESIAN_POINT ( 'NONE',  ( -12.69999999999999751, -12.69999999999999929, 116.7999999999999829 ) ) ;
#6308 = ADVANCED_FACE ( 'NONE', ( #4597 ), #8514, .F. ) ;
#6309 = DIRECTION ( 'NONE',  ( 0.000000000000000000, 0.000000000000000000, -1.000000000000000000 ) ) ;
#6310 = CARTESIAN_POINT ( 'NONE',  ( -12.69999999999999751, 3.577867169202164632E-15, 88.90000000000000568 ) ) ;
#6311 = AXIS2_PLACEMENT_3D ( 'NONE', #11616, #8848, #11683 ) ;
#6312 = CARTESIAN_POINT ( 'NONE',  ( 12.70000000000000107, 3.577867169202164632E-15, 139.7000000000000171 ) ) ;
#6313 = CARTESIAN_POINT ( 'NONE',  ( -9.525000000000000355, 10.07084749364666365, 27.26156772950216833 ) ) ;
#6314 = VERTEX_POINT ( 'NONE', #9283 ) ;
#6315 = ORIENTED_EDGE ( 'NONE', *, *, #9936, .T. ) ;
#6316 = EDGE_LOOP ( 'NONE', ( #4757, #2985, #2907, #7537 ) ) ;
#6317 = FACE_OUTER_BOUND ( 'NONE', #7918, .T. ) ;
#6318 = DIRECTION ( 'NONE',  ( 0.000000000000000000, 0.000000000000000000, -1.000000000000000000 ) ) ;
#6319 = CARTESIAN_POINT ( 'NONE',  ( 1.555301434917138433E-15, 25.40000000000000213, 165.0999999999999943 ) ) ;
#6320 = EDGE_CURVE ( 'NONE', #4503, #7678, #9975, .T. ) ;
#6321 = CARTESIAN_POINT ( 'NONE',  ( -9.525000000000000355, -8.791741348502467801, 128.4219113294392116 ) ) ;
#6322 = AXIS2_PLACEMENT_3D ( 'NONE', #8687, #5814, #12612 ) ;
#6323 = ORIENTED_EDGE ( 'NONE', *, *, #2032, .F. ) ;
#6324 = AXIS2_PLACEMENT_3D ( 'NONE', #4622, #7520, #7579 ) ;
#6325 = ORIENTED_EDGE ( 'NONE', *, *, #7517, .T. ) ;
#6326 = VERTEX_POINT ( 'NONE', #12630 ) ;
#6327 = ORIENTED_EDGE ( 'NONE', *, *, #1093, .T. ) ;
#6328 = ORIENTED_EDGE ( 'NONE', *, *, #7153, .T. ) ;
#6329 = CARTESIAN_POINT ( 'NONE',  ( 9.525000000000000355, -15.22687436074365230, 42.18837563695990411 ) ) ;
#6330 = CARTESIAN_POINT ( 'NONE',  ( 12.70000000000000107, 14.16298196909033003, 141.6748270160250343 ) ) ;
#6331 = CYLINDRICAL_SURFACE ( 'NONE', #8241, 14.30000000000000071 ) ;
#6332 = AXIS2_PLACEMENT_3D ( 'NONE', #2153, #6259, #1256 ) ;
#6333 = LINE ( 'NONE', #6924, #6347 ) ;
#6334 = DIRECTION ( 'NONE',  ( 0.000000000000000000, 0.000000000000000000, -1.000000000000000000 ) ) ;
#6335 = EDGE_CURVE ( 'NONE', #12177, #7712, #2201, .T. ) ;
#6336 = VECTOR ( 'NONE', #10198, 1000.000000000000000 ) ;
#6337 = EDGE_CURVE ( 'NONE', #7965, #9707, #10754, .T. ) ;
#6338 = FACE_OUTER_BOUND ( 'NONE', #4565, .T. ) ;
#6339 = DIRECTION ( 'NONE',  ( 0.000000000000000000, 0.000000000000000000, 1.000000000000000000 ) ) ;
#6340 = CIRCLE ( 'NONE', #804, 2.080499999999998906 ) ;
#6341 = DIRECTION ( 'NONE',  ( 0.000000000000000000, 0.000000000000000000, -1.000000000000000000 ) ) ;
#6342 = ORIENTED_EDGE ( 'NONE', *, *, #3710, .F. ) ;
#6343 = AXIS2_PLACEMENT_3D ( 'NONE', #5782, #9688, #11687 ) ;
#6344 = VERTEX_POINT ( 'NONE', #10564 ) ;
#6345 = EDGE_CURVE ( 'NONE', #3642, #4692, #951, .T. ) ;
#6346 = VERTEX_POINT ( 'NONE', #11728 ) ;
#6347 = VECTOR ( 'NONE', #5366, 1000.000000000000000 ) ;
#6348 = CARTESIAN_POINT ( 'NONE',  ( -9.525000000000000355, -4.072800018551144596, 124.4689521648821113 ) ) ;
#6349 = DIRECTION ( 'NONE',  ( -0.000000000000000000, 1.000000000000000000, -0.000000000000000000 ) ) ;
#6350 = EDGE_CURVE ( 'NONE', #1796, #6556, #9773, .T. ) ;
#6351 = CYLINDRICAL_SURFACE ( 'NONE', #4065, 2.499999999999992006 ) ;
#6352 = EDGE_CURVE ( 'NONE', #2593, #3171, #7722, .T. ) ;
#6353 = AXIS2_PLACEMENT_3D ( 'NONE', #10514, #12652, #716 ) ;
#6354 = CYLINDRICAL_SURFACE ( 'NONE', #11557, 2.080499999999998906 ) ;
#6355 = CIRCLE ( 'NONE', #4096, 14.30000000000000782 ) ;
#6356 = CYLINDRICAL_SURFACE ( 'NONE', #3621, 2.270999999999995467 ) ;
#6357 = FACE_BOUND ( 'NONE', #7773, .T. ) ;
#6358 = CARTESIAN_POINT ( 'NONE',  ( 12.70000000000000107, 12.69999999999999929, 10.20000000000000284 ) ) ;
#6359 = UNCERTAINTY_MEASURE_WITH_UNIT (LENGTH_MEASURE( 1.000000000000000082E-05 ), #966, 'distance_accuracy_value', 'NONE');
#6360 = CARTESIAN_POINT ( 'NONE',  ( -12.69999999999999751, 3.577867169202164632E-15, 139.7000000000000171 ) ) ;
#6361 = AXIS2_PLACEMENT_3D ( 'NONE', #2364, #11337, #7304 ) ;
#6362 = ORIENTED_EDGE ( 'NONE', *, *, #1637, .T. ) ;
#6363 = ORIENTED_EDGE ( 'NONE', *, *, #5601, .T. ) ;
#6364 = ORIENTED_EDGE ( 'NONE', *, *, #4953, .F. ) ;
#6365 = ORIENTED_EDGE ( 'NONE', *, *, #10088, .F. ) ;
#6366 = ORIENTED_EDGE ( 'NONE', *, *, #118, .T. ) ;
#6367 = CYLINDRICAL_SURFACE ( 'NONE', #11410, 2.080499999999998906 ) ;
#6368 = DIRECTION ( 'NONE',  ( 0.000000000000000000, 0.000000000000000000, 1.000000000000000000 ) ) ;
#6369 = EDGE_CURVE ( 'NONE', #4444, #9494, #5672, .T. ) ;
#6370 = CARTESIAN_POINT ( 'NONE',  ( -12.69999999999999751, -14.16298196909034779, 40.07482701602484099 ) ) ;
#6371 = CYLINDRICAL_SURFACE ( 'NONE', #3354, 17.66249999999999787 ) ;
#6372 = CARTESIAN_POINT ( 'NONE',  ( -12.69999999999999751, 0.000000000000000000, 165.0999999999999943 ) ) ;
#6373 = EDGE_CURVE ( 'NONE', #291, #2904, #146, .T. ) ;
#6374 = DIRECTION ( 'NONE',  ( 0.000000000000000000, 0.000000000000000000, 1.000000000000000000 ) ) ;
#6375 = CARTESIAN_POINT ( 'NONE',  ( -9.525000000000000355, 3.577867169202164632E-15, 106.5625000000000000 ) ) ;
#6376 = AXIS2_PLACEMENT_3D ( 'NONE', #1190, #11968, #7148 ) ;
#6377 = EDGE_LOOP ( 'NONE', ( #2666, #1841, #7525, #10915 ) ) ;
#6378 = EDGE_CURVE ( 'NONE', #1045, #8605, #3766, .T. ) ;
#6379 = VERTEX_POINT ( 'NONE', #10691 ) ;
#6380 = ORIENTED_EDGE ( 'NONE', *, *, #5791, .T. ) ;
#6381 = CARTESIAN_POINT ( 'NONE',  ( 7.746038523653021987E-16, 22.22500000000000142, 50.79999999999999716 ) ) ;
#6382 = CARTESIAN_POINT ( 'NONE',  ( -12.69999999999999929, 12.69999999999999929, 63.50000000000000000 ) ) ;
#6383 = DIRECTION ( 'NONE',  ( -1.000000000000000000, -0.000000000000000000, -0.000000000000000000 ) ) ;
#6384 = FACE_BOUND ( 'NONE', #10780, .T. ) ;
#6385 = CIRCLE ( 'NONE', #9650, 2.080499999999998906 ) ;
#6386 = ORIENTED_EDGE ( 'NONE', *, *, #4329, .F. ) ;
#6387 = VERTEX_POINT ( 'NONE', #9799 ) ;
#6388 = ORIENTED_EDGE ( 'NONE', *, *, #2035, .T. ) ;
#6389 = VERTEX_POINT ( 'NONE', #55 ) ;
#6390 = EDGE_CURVE ( 'NONE', #9950, #3083, #6493, .T. ) ;
#6391 = CIRCLE ( 'NONE', #5567, 14.30000000000000071 ) ;
#6392 = VECTOR ( 'NONE', #11013, 1000.000000000000000 ) ;
#6393 = DIRECTION ( 'NONE',  ( -1.000000000000000000, -0.000000000000000000, -0.000000000000000000 ) ) ;
#6394 = CARTESIAN_POINT ( 'NONE',  ( -12.69999999999999751, 0.000000000000000000, 116.7999999999999829 ) ) ;
#6395 = FACE_BOUND ( 'NONE', #863, .T. ) ;
#6396 = CARTESIAN_POINT ( 'NONE',  ( 12.70000000000000107, -12.33648634558010748, 47.30376971111923723 ) ) ;
#6397 = FACE_BOUND ( 'NONE', #8664, .T. ) ;
#6398 = CARTESIAN_POINT ( 'NONE',  ( -12.69999999999999751, 12.33648634557998314, 98.10376971111941202 ) ) ;
#6399 = VECTOR ( 'NONE', #4464, 1000.000000000000000 ) ;
#6400 = AXIS2_PLACEMENT_3D ( 'NONE', #2846, #6765, #927 ) ;
#6401 = ORIENTED_EDGE ( 'NONE', *, *, #1293, .T. ) ;
#6402 = EDGE_CURVE ( 'NONE', #738, #1838, #4027, .T. ) ;
#6403 = ORIENTED_EDGE ( 'NONE', *, *, #1637, .F. ) ;
#6404 = CIRCLE ( 'NONE', #8044, 2.499999999999988454 ) ;
#6405 = VECTOR ( 'NONE', #6617, 1000.000000000000000 ) ;
#6406 = VERTEX_POINT ( 'NONE', #764 ) ;
#6407 = FACE_OUTER_BOUND ( 'NONE', #8747, .T. ) ;
#6408 = CARTESIAN_POINT ( 'NONE',  ( 9.525000000000000355, 12.33648634557998314, 47.30376971111940776 ) ) ;
#6409 = DIRECTION ( 'NONE',  ( 0.000000000000000000, 0.000000000000000000, 1.000000000000000000 ) ) ;
#6410 = CARTESIAN_POINT ( 'NONE',  ( 7.746038523653021987E-16, 25.40000000000000213, 53.29999999999998295 ) ) ;
#6411 = DIRECTION ( 'NONE',  ( 0.000000000000000000, 0.000000000000000000, -1.000000000000000000 ) ) ;
#6412 = DIRECTION ( 'NONE',  ( -1.000000000000000000, 0.000000000000000000, 0.000000000000000000 ) ) ;
#6413 = LINE ( 'NONE', #6593, #6864 ) ;
#6414 = AXIS2_PLACEMENT_3D ( 'NONE', #3205, #7186, #4237 ) ;
#6415 = EDGE_CURVE ( 'NONE', #4759, #4485, #1579, .T. ) ;
#6416 = EDGE_CURVE ( 'NONE', #5726, #11188, #11821, .T. ) ;
#6417 = ORIENTED_EDGE ( 'NONE', *, *, #492, .F. ) ;
#6418 = EDGE_CURVE ( 'NONE', #6049, #8249, #12561, .T. ) ;
#6419 = EDGE_LOOP ( 'NONE', ( #4222, #6772, #4951, #3692 ) ) ;
#6420 = ORIENTED_EDGE ( 'NONE', *, *, #12297, .T. ) ;
#6421 = ORIENTED_EDGE ( 'NONE', *, *, #724, .T. ) ;
#6422 = ORIENTED_EDGE ( 'NONE', *, *, #8402, .T. ) ;
#6423 = CARTESIAN_POINT ( 'NONE',  ( 9.525000000000000355, 3.577867169202164632E-15, 88.90000000000000568 ) ) ;
#6424 = FACE_OUTER_BOUND ( 'NONE', #9523, .T. ) ;
#6425 = CARTESIAN_POINT ( 'NONE',  ( -9.525000000000002132, 12.69999999999999929, 65.99999999999998579 ) ) ;
#6426 = DIRECTION ( 'NONE',  ( 0.000000000000000000, 0.000000000000000000, 1.000000000000000000 ) ) ;
#6427 = CARTESIAN_POINT ( 'NONE',  ( 9.525000000000000355, 2.068405620284298418, 55.64096931301052251 ) ) ;
#6428 = DIRECTION ( 'NONE',  ( 0.000000000000000000, 0.000000000000000000, 1.000000000000000000 ) ) ;
#6429 = CARTESIAN_POINT ( 'NONE',  ( 12.70000000000000107, 3.061616997868385113E-16, 111.7999999999999972 ) ) ;
#6430 = DIRECTION ( 'NONE',  ( 0.000000000000000000, 0.000000000000000000, 1.000000000000000000 ) ) ;
#6431 = EDGE_CURVE ( 'NONE', #10335, #1436, #2996, .T. ) ;
#6432 = DIRECTION ( 'NONE',  ( 1.000000000000000000, 0.000000000000000000, 0.000000000000000000 ) ) ;
#6433 = AXIS2_PLACEMENT_3D ( 'NONE', #953, #1913, #3838 ) ;
#6434 = ADVANCED_FACE ( 'NONE', ( #5764 ), #9669, .F. ) ;
#6435 = ORIENTED_EDGE ( 'NONE', *, *, #3363, .F. ) ;
#6436 = ORIENTED_EDGE ( 'NONE', *, *, #6320, .T. ) ;
#6437 = VERTEX_POINT ( 'NONE', #7747 ) ;
#6438 = ORIENTED_EDGE ( 'NONE', *, *, #7346, .T. ) ;
#6439 = DIRECTION ( 'NONE',  ( -1.000000000000000000, -0.000000000000000000, -0.000000000000000000 ) ) ;
#6440 = DIRECTION ( 'NONE',  ( 0.000000000000000000, 0.000000000000000000, 1.000000000000000000 ) ) ;
#6441 = DIRECTION ( 'NONE',  ( -1.000000000000000000, -0.000000000000000000, -0.000000000000000000 ) ) ;
#6442 = CIRCLE ( 'NONE', #11153, 2.500000000000002220 ) ;
#6443 = CARTESIAN_POINT ( 'NONE',  ( -12.69999999999999751, -10.07084749364648069, 75.98106772950202981 ) ) ;
#6444 = CARTESIAN_POINT ( 'NONE',  ( 12.70000000000000107, 12.33648634557998314, 49.57476971111940856 ) ) ;
#6445 = EDGE_CURVE ( 'NONE', #3000, #7584, #5630, .T. ) ;
#6446 = ORIENTED_EDGE ( 'NONE', *, *, #12228, .F. ) ;
#6447 = ORIENTED_EDGE ( 'NONE', *, *, #5216, .F. ) ;
#6448 = ORIENTED_EDGE ( 'NONE', *, *, #3996, .T. ) ;
#6449 = EDGE_LOOP ( 'NONE', ( #11898, #498, #7218, #3893 ) ) ;
#6450 = CIRCLE ( 'NONE', #4806, 2.499999999999988454 ) ;
#6451 = ORIENTED_EDGE ( 'NONE', *, *, #1723, .T. ) ;
#6452 = DIRECTION ( 'NONE',  ( 0.000000000000000000, -7.087310524298422894E-15, -1.000000000000000000 ) ) ;
#6453 = DIRECTION ( 'NONE',  ( -1.000000000000000000, 0.000000000000000000, 0.000000000000000000 ) ) ;
#6454 = DIRECTION ( 'NONE',  ( 0.000000000000000000, 0.000000000000000000, -1.000000000000000000 ) ) ;
#6455 = LINE ( 'NONE', #1583, #10560 ) ;
#6456 = CARTESIAN_POINT ( 'NONE',  ( 1.555301434917138433E-15, 22.22500000000000142, 114.2999999999999972 ) ) ;
#6457 = ADVANCED_FACE ( 'NONE', ( #2864 ), #6780, .F. ) ;
#6458 = CIRCLE ( 'NONE', #5431, 2.270999999999995467 ) ;
#6459 = FACE_OUTER_BOUND ( 'NONE', #9593, .T. ) ;
#6460 = ORIENTED_EDGE ( 'NONE', *, *, #8213, .T. ) ;
#6461 = AXIS2_PLACEMENT_3D ( 'NONE', #247, #6019, #7037 ) ;
#6462 = VERTEX_POINT ( 'NONE', #1140 ) ;
#6463 = CIRCLE ( 'NONE', #12614, 2.499999999999992006 ) ;
#6464 = ORIENTED_EDGE ( 'NONE', *, *, #228, .F. ) ;
#6465 = DIRECTION ( 'NONE',  ( -0.000000000000000000, 1.000000000000000000, -0.000000000000000000 ) ) ;
#6466 = DIRECTION ( 'NONE',  ( 1.000000000000000000, -0.000000000000000000, -0.000000000000000000 ) ) ;
#6467 = CIRCLE ( 'NONE', #5440, 17.66249999999999787 ) ;
#6468 = CIRCLE ( 'NONE', #11191, 2.271000000000009234 ) ;
#6469 = DIRECTION ( 'NONE',  ( 0.000000000000000000, 0.000000000000000000, 1.000000000000000000 ) ) ;
#6470 = EDGE_CURVE ( 'NONE', #878, #11570, #4861, .T. ) ;
#6471 = DIRECTION ( 'NONE',  ( 1.000000000000000000, 0.000000000000000000, 0.000000000000000000 ) ) ;
#6472 = DIRECTION ( 'NONE',  ( 0.000000000000000000, 0.000000000000000000, -1.000000000000000000 ) ) ;
#6473 = CARTESIAN_POINT ( 'NONE',  ( 12.70000000000000107, -5.371240620587821368, 102.1529156865856294 ) ) ;
#6474 = CIRCLE ( 'NONE', #944, 2.499999999999988454 ) ;
#6475 = CARTESIAN_POINT ( 'NONE',  ( 9.525000000000000355, -14.16298196909034779, 141.6748270160248637 ) ) ;
#6476 = VECTOR ( 'NONE', #8892, 1000.000000000000000 ) ;
#6477 = VECTOR ( 'NONE', #4879, 1000.000000000000000 ) ;
#6478 = VERTEX_POINT ( 'NONE', #185 ) ;
#6479 = ORIENTED_EDGE ( 'NONE', *, *, #10726, .F. ) ;
#6480 = ORIENTED_EDGE ( 'NONE', *, *, #769, .F. ) ;
#6481 = VERTEX_POINT ( 'NONE', #12054 ) ;
#6482 = AXIS2_PLACEMENT_3D ( 'NONE', #8079, #8018, #6039 ) ;
#6483 = DIRECTION ( 'NONE',  ( 1.000000000000000000, -0.000000000000000000, -0.000000000000000000 ) ) ;
#6484 = CARTESIAN_POINT ( 'NONE',  ( 12.70000000000000107, -25.39999999999999503, 177.8000000000000114 ) ) ;
#6485 = DIRECTION ( 'NONE',  ( 0.000000000000000000, 0.000000000000000000, 1.000000000000000000 ) ) ;
#6486 = ADVANCED_FACE ( 'NONE', ( #7039 ), #11860, .T. ) ;
#6487 = DIRECTION ( 'NONE',  ( -1.000000000000000000, 0.000000000000000000, 0.000000000000000000 ) ) ;
#6488 = DIRECTION ( 'NONE',  ( 0.000000000000000000, -1.000000000000000000, 0.000000000000000000 ) ) ;
#6489 = EDGE_CURVE ( 'NONE', #9072, #1200, #10822, .T. ) ;
#6490 = CARTESIAN_POINT ( 'NONE',  ( -9.525000000000000355, -15.22687436074365230, 42.18837563695990411 ) ) ;
#6491 = CIRCLE ( 'NONE', #11818, 2.080499999999998906 ) ;
#6492 = DIRECTION ( 'NONE',  ( 0.000000000000000000, 0.000000000000000000, -1.000000000000000000 ) ) ;
#6493 = CIRCLE ( 'NONE', #1383, 2.270999999999995467 ) ;
#6494 = ORIENTED_EDGE ( 'NONE', *, *, #4070, .F. ) ;
#6495 = VERTEX_POINT ( 'NONE', #10887 ) ;
#6496 = ORIENTED_EDGE ( 'NONE', *, *, #7224, .F. ) ;
#6497 = VERTEX_POINT ( 'NONE', #11018 ) ;
#6498 = VERTEX_POINT ( 'NONE', #3252 ) ;
#6499 = DIRECTION ( 'NONE',  ( 1.000000000000000000, 0.000000000000000000, 0.000000000000000000 ) ) ;
#6500 = CYLINDRICAL_SURFACE ( 'NONE', #5679, 2.080500000000013117 ) ;
#6501 = AXIS2_PLACEMENT_3D ( 'NONE', #9971, #10998, #11063 ) ;
#6502 = CARTESIAN_POINT ( 'NONE',  ( 9.525000000000000355, -5.371240620587816927, 75.64708431341438200 ) ) ;
#6503 = ADVANCED_FACE ( 'NONE', ( #9148 ), #2046, .F. ) ;
#6504 = DIRECTION ( 'NONE',  ( -1.000000000000000000, -0.000000000000000000, -0.000000000000000000 ) ) ;
#6505 = DIRECTION ( 'NONE',  ( 0.000000000000000000, 0.000000000000000000, 1.000000000000000000 ) ) ;
#6506 = EDGE_CURVE ( 'NONE', #11884, #5111, #2167, .T. ) ;
#6507 = DIRECTION ( 'NONE',  ( 0.000000000000000000, 0.000000000000000000, 1.000000000000000000 ) ) ;
#6508 = EDGE_LOOP ( 'NONE', ( #8055, #8480 ) ) ;
#6509 = ORIENTED_EDGE ( 'NONE', *, *, #6568, .T. ) ;
#6510 = ORIENTED_EDGE ( 'NONE', *, *, #5336, .T. ) ;
#6511 = DIRECTION ( 'NONE',  ( -1.000000000000000000, -0.000000000000000000, -0.000000000000000000 ) ) ;
#6512 = DIRECTION ( 'NONE',  ( 0.000000000000000000, 0.000000000000000000, 1.000000000000000000 ) ) ;
#6513 = CARTESIAN_POINT ( 'NONE',  ( 1.555301434917138038E-15, 25.40000000000000213, 127.0000000000000000 ) ) ;
#6514 = CARTESIAN_POINT ( 'NONE',  ( 12.70000000000000107, -16.22354728284505399, 86.63785636811216762 ) ) ;
#6515 = EDGE_CURVE ( 'NONE', #12524, #5789, #11204, .T. ) ;
#6516 = DIRECTION ( 'NONE',  ( 0.000000000000000000, 0.000000000000000000, -1.000000000000000000 ) ) ;
#6517 = CARTESIAN_POINT ( 'NONE',  ( -12.69999999999999751, -12.69999999999999929, 12.69999999999999929 ) ) ;
#6518 = AXIS2_PLACEMENT_3D ( 'NONE', #10925, #9963, #9705 ) ;
#6519 = EDGE_CURVE ( 'NONE', #6062, #12206, #5958, .T. ) ;
#6520 = ORIENTED_EDGE ( 'NONE', *, *, #11422, .T. ) ;
#6521 = DIRECTION ( 'NONE',  ( -1.000000000000000000, 0.000000000000000000, 0.000000000000000000 ) ) ;
#6522 = VERTEX_POINT ( 'NONE', #4217 ) ;
#6523 = AXIS2_PLACEMENT_3D ( 'NONE', #10287, #7403, #12278 ) ;
#6524 = EDGE_CURVE ( 'NONE', #3550, #2115, #8528, .T. ) ;
#6525 = CARTESIAN_POINT ( 'NONE',  ( -12.69999999999999751, 4.072800018551153478, 53.33104783511791425 ) ) ;
#6526 = CARTESIAN_POINT ( 'NONE',  ( 12.70000000000000107, 3.577867169202164632E-15, 139.7000000000000171 ) ) ;
#6527 = LINE ( 'NONE', #9411, #5837 ) ;
#6528 = CARTESIAN_POINT ( 'NONE',  ( -12.69999999999999751, 15.22687436074360257, 92.98837563696011443 ) ) ;
#6529 = CARTESIAN_POINT ( 'NONE',  ( 9.525000000000000355, 4.072800018551153478, 154.9310478351179086 ) ) ;
#6530 = CARTESIAN_POINT ( 'NONE',  ( 12.70000000000000107, -12.69999999999999929, 165.0999999999999943 ) ) ;
#6531 = DIRECTION ( 'NONE',  ( -1.000000000000000000, -0.000000000000000000, -0.000000000000000000 ) ) ;
#6532 = VECTOR ( 'NONE', #12202, 1000.000000000000000 ) ;
#6533 = VECTOR ( 'NONE', #4653, 1000.000000000000000 ) ;
#6534 = LINE ( 'NONE', #6723, #7026 ) ;
#6535 = ORIENTED_EDGE ( 'NONE', *, *, #7997, .F. ) ;
#6536 = ORIENTED_EDGE ( 'NONE', *, *, #12010, .F. ) ;
#6537 = EDGE_CURVE ( 'NONE', #6695, #10263, #10578, .T. ) ;
#6538 = ORIENTED_EDGE ( 'NONE', *, *, #12238, .F. ) ;
#6539 = CIRCLE ( 'NONE', #7974, 2.080499999999998906 ) ;
#6540 = AXIS2_PLACEMENT_3D ( 'NONE', #10706, #4169, #1095 ) ;
#6541 = CARTESIAN_POINT ( 'NONE',  ( -12.69999999999999751, 3.577867169202164632E-15, 55.76250000000001705 ) ) ;
#6542 = DIRECTION ( 'NONE',  ( -1.000000000000000000, -0.000000000000000000, -0.000000000000000000 ) ) ;
#6543 = CARTESIAN_POINT ( 'NONE',  ( -12.69999999999999751, 3.577867169202164632E-15, 139.7000000000000171 ) ) ;
#6544 = CARTESIAN_POINT ( 'NONE',  ( 1.861463134703975514E-15, 25.40000000000000213, 124.5000000000000142 ) ) ;
#6545 = CARTESIAN_POINT ( 'NONE',  ( -9.525000000000000355, 10.07084749364639542, 152.6189322704980782 ) ) ;
#6546 = AXIS2_PLACEMENT_3D ( 'NONE', #12558, #2861, #8636 ) ;
#6547 = CARTESIAN_POINT ( 'NONE',  ( 12.70000000000000107, 3.577867169202164632E-15, 88.90000000000000568 ) ) ;
#6548 = DIRECTION ( 'NONE',  ( -1.000000000000000000, -0.000000000000000000, -0.000000000000000000 ) ) ;
#6549 = AXIS2_PLACEMENT_3D ( 'NONE', #5136, #9040, #268 ) ;
#6550 = LINE ( 'NONE', #9366, #1208 ) ;
#6551 = ORIENTED_EDGE ( 'NONE', *, *, #1630, .F. ) ;
#6552 = ORIENTED_EDGE ( 'NONE', *, *, #6726, .F. ) ;
#6553 = ORIENTED_EDGE ( 'NONE', *, *, #10322, .F. ) ;
#6554 = EDGE_CURVE ( 'NONE', #6556, #1796, #333, .T. ) ;
#6555 = CIRCLE ( 'NONE', #2461, 2.080499999999998906 ) ;
#6556 = VERTEX_POINT ( 'NONE', #379 ) ;
#6557 = ORIENTED_EDGE ( 'NONE', *, *, #11703, .T. ) ;
#6558 = CARTESIAN_POINT ( 'NONE',  ( 1.861463134703975514E-15, 25.40000000000000213, 124.5000000000000142 ) ) ;
#6559 = CARTESIAN_POINT ( 'NONE',  ( 12.70000000000000107, 4.072800018551153478, 53.33104783511791425 ) ) ;
#6560 = FACE_OUTER_BOUND ( 'NONE', #9951, .T. ) ;
#6561 = DIRECTION ( 'NONE',  ( 0.000000000000000000, 1.000000000000000000, 0.000000000000000000 ) ) ;
#6562 = CYLINDRICAL_SURFACE ( 'NONE', #9595, 2.270999999999995467 ) ;
#6563 = DIRECTION ( 'NONE',  ( 1.000000000000000000, 0.000000000000000000, 0.000000000000000000 ) ) ;
#6564 = EDGE_CURVE ( 'NONE', #10430, #707, #4614, .T. ) ;
#6565 = DIRECTION ( 'NONE',  ( -1.000000000000000000, -0.000000000000000000, -0.000000000000000000 ) ) ;
#6566 = EDGE_LOOP ( 'NONE', ( #10847, #9997, #12224, #4382 ) ) ;
#6567 = ORIENTED_EDGE ( 'NONE', *, *, #79, .F. ) ;
#6568 = EDGE_CURVE ( 'NONE', #9289, #9258, #1080, .T. ) ;
#6569 = ORIENTED_EDGE ( 'NONE', *, *, #1090, .T. ) ;
#6570 = EDGE_CURVE ( 'NONE', #1119, #9335, #10554, .T. ) ;
#6571 = CARTESIAN_POINT ( 'NONE',  ( 12.70000000000000107, -8.791741348502544184, 100.1780886705607543 ) ) ;
#6572 = CIRCLE ( 'NONE', #11292, 17.66249999999999787 ) ;
#6573 = DIRECTION ( 'NONE',  ( 0.000000000000000000, 0.000000000000000000, 1.000000000000000000 ) ) ;
#6574 = CARTESIAN_POINT ( 'NONE',  ( -9.525000000000000355, -14.15672222192825025, 48.66177646900194276 ) ) ;
#6575 = CARTESIAN_POINT ( 'NONE',  ( -9.525000000000000355, 8.791741348502629450, 77.62191132943932814 ) ) ;
#6576 = CARTESIAN_POINT ( 'NONE',  ( 12.70000000000000107, -14.13894155320104851, 32.01817428684736200 ) ) ;
#6577 = DIRECTION ( 'NONE',  ( 0.000000000000000000, 0.000000000000000000, 1.000000000000000000 ) ) ;
#6578 = CARTESIAN_POINT ( 'NONE',  ( 9.525000000000000355, 11.15407434219260630, 128.5573278018421490 ) ) ;
#6579 = ORIENTED_EDGE ( 'NONE', *, *, #5751, .T. ) ;
#6580 = VECTOR ( 'NONE', #1726, 1000.000000000000000 ) ;
#6581 = CIRCLE ( 'NONE', #8027, 2.270999999999995467 ) ;
#6582 = ORIENTED_EDGE ( 'NONE', *, *, #8681, .T. ) ;
#6583 = EDGE_CURVE ( 'NONE', #9318, #7965, #5647, .T. ) ;
#6584 = ORIENTED_EDGE ( 'NONE', *, *, #11915, .T. ) ;
#6585 = CARTESIAN_POINT ( 'NONE',  ( 1.555301434917138433E-15, 25.40000000000000213, 165.0999999999999943 ) ) ;
#6586 = DIRECTION ( 'NONE',  ( 1.000000000000000000, 0.000000000000000000, 0.000000000000000000 ) ) ;
#6587 = VECTOR ( 'NONE', #5182, 1000.000000000000000 ) ;
#6588 = AXIS2_PLACEMENT_3D ( 'NONE', #1892, #1059, #5808 ) ;
#6589 = DIRECTION ( 'NONE',  ( -1.000000000000000000, -0.000000000000000000, -0.000000000000000000 ) ) ;
#6590 = CARTESIAN_POINT ( 'NONE',  ( 12.70000000000000107, -5.371240620587816927, 24.84708431341438839 ) ) ;
#6591 = CYLINDRICAL_SURFACE ( 'NONE', #2898, 2.270999999999995467 ) ;
#6592 = DIRECTION ( 'NONE',  ( 0.000000000000000000, 0.000000000000000000, 1.000000000000000000 ) ) ;
#6593 = CARTESIAN_POINT ( 'NONE',  ( 12.70000000000000107, 14.16298196909033003, 40.07482701602503994 ) ) ;
#6594 = EDGE_CURVE ( 'NONE', #5518, #6279, #11085, .T. ) ;
#6595 = VERTEX_POINT ( 'NONE', #7170 ) ;
#6596 = AXIS2_PLACEMENT_3D ( 'NONE', #7735, #11652, #9849 ) ;
#6597 = AXIS2_PLACEMENT_3D ( 'NONE', #11966, #3161, #1378 ) ;
#6598 = DIRECTION ( 'NONE',  ( 0.000000000000000000, 0.000000000000000000, 1.000000000000000000 ) ) ;
#6599 = EDGE_LOOP ( 'NONE', ( #3067, #6612 ) ) ;
#6600 = ORIENTED_EDGE ( 'NONE', *, *, #10196, .T. ) ;
#6601 = ORIENTED_EDGE ( 'NONE', *, *, #3980, .T. ) ;
#6602 = CARTESIAN_POINT ( 'NONE',  ( 9.525000000000000355, 15.22687436074368783, 84.81162436304023799 ) ) ;
#6603 = CARTESIAN_POINT ( 'NONE',  ( 1.080765552152139379E-15, 25.40000000000000213, 137.1999999999999886 ) ) ;
#6604 = CARTESIAN_POINT ( 'NONE',  ( 12.70000000000000107, -8.791741348502467801, 128.4219113294392116 ) ) ;
#6605 = CYLINDRICAL_SURFACE ( 'NONE', #10311, 2.080499999999985139 ) ;
#6606 = AXIS2_PLACEMENT_3D ( 'NONE', #12653, #11486, #8660 ) ;
#6607 = DIRECTION ( 'NONE',  ( -1.000000000000000000, -0.000000000000000000, -0.000000000000000000 ) ) ;
#6608 = DIRECTION ( 'NONE',  ( 0.000000000000000000, 5.002807428916566801E-15, -1.000000000000000000 ) ) ;
#6609 = CARTESIAN_POINT ( 'NONE',  ( 1.555301434917138433E-15, 25.40000000000000213, 114.2999999999999972 ) ) ;
#6610 = EDGE_CURVE ( 'NONE', #6791, #11974, #9120, .T. ) ;
#6611 = CARTESIAN_POINT ( 'NONE',  ( -9.525000000000002132, 12.69999999999999929, 10.20000000000000639 ) ) ;
#6612 = ORIENTED_EDGE ( 'NONE', *, *, #5781, .F. ) ;
#6613 = VERTEX_POINT ( 'NONE', #8960 ) ;
#6614 = AXIS2_PLACEMENT_3D ( 'NONE', #2948, #10966, #6104 ) ;
#6615 = ORIENTED_EDGE ( 'NONE', *, *, #9020, .F. ) ;
#6616 = EDGE_LOOP ( 'NONE', ( #555, #10825, #1120, #3280, #2679, #1150, #1790, #8619, #9121, #370, #10412, #3129, #4467, #11609, #2213, #4626, #5851, #6143, #1440, #8138, #10878, #1682, #7332, #3358, #11413, #4820, #6206, #3355, #10490, #11479, #10165, #11304, #723, #11332, #2521, #1296, #3463, #10880, #5190, #1903, #9216 ) ) ;
#6617 = DIRECTION ( 'NONE',  ( -1.000000000000000000, -0.000000000000000000, -0.000000000000000000 ) ) ;
#6618 = CARTESIAN_POINT ( 'NONE',  ( -12.69999999999999751, 0.000000000000000000, 165.0999999999999943 ) ) ;
#6619 = CARTESIAN_POINT ( 'NONE',  ( 12.70000000000000107, -4.072800018551144596, 104.1310478351178972 ) ) ;
#6620 = DIRECTION ( 'NONE',  ( -1.000000000000000000, -0.000000000000000000, -0.000000000000000000 ) ) ;
#6621 = DIRECTION ( 'NONE',  ( -1.000000000000000000, -0.000000000000000000, -0.000000000000000000 ) ) ;
#6622 = FACE_OUTER_BOUND ( 'NONE', #6720, .T. ) ;
#6623 = ADVANCED_FACE ( 'NONE', ( #5245 ), #12116, .F. ) ;
#6624 = CIRCLE ( 'NONE', #2328, 2.080499999999998906 ) ;
#6625 = DIRECTION ( 'NONE',  ( 0.000000000000000000, 0.000000000000000000, 1.000000000000000000 ) ) ;
#6626 = VERTEX_POINT ( 'NONE', #5432 ) ;
#6627 = ORIENTED_EDGE ( 'NONE', *, *, #8004, .T. ) ;
#6628 = ORIENTED_EDGE ( 'NONE', *, *, #7658, .T. ) ;
#6629 = ORIENTED_EDGE ( 'NONE', *, *, #7964, .F. ) ;
#6630 = AXIS2_PLACEMENT_3D ( 'NONE', #1927, #2059, #10771 ) ;
#6631 = DIRECTION ( 'NONE',  ( -1.000000000000000000, -0.000000000000000000, -0.000000000000000000 ) ) ;
#6632 = CARTESIAN_POINT ( 'NONE',  ( -9.525000000000000355, 5.371240620587829362, 126.4470843134143934 ) ) ;
#6633 = FACE_OUTER_BOUND ( 'NONE', #8552, .T. ) ;
#6634 = DIRECTION ( 'NONE',  ( -1.000000000000000000, -0.000000000000000000, -0.000000000000000000 ) ) ;
#6635 = DIRECTION ( 'NONE',  ( -1.000000000000000000, -0.000000000000000000, -0.000000000000000000 ) ) ;
#6636 = CARTESIAN_POINT ( 'NONE',  ( 12.70000000000000107, 15.22687436074360257, 143.7883756369601258 ) ) ;
#6637 = EDGE_CURVE ( 'NONE', #8073, #12424, #1961, .T. ) ;
#6638 = CARTESIAN_POINT ( 'NONE',  ( 9.525000000000000355, -12.69999999999999929, 15.19999999999999218 ) ) ;
#6639 = ADVANCED_FACE ( 'NONE', ( #6459 ), #5558, .F. ) ;
#6640 = ORIENTED_EDGE ( 'NONE', *, *, #12009, .F. ) ;
#6641 = ORIENTED_EDGE ( 'NONE', *, *, #3503, .T. ) ;
#6642 = VERTEX_POINT ( 'NONE', #10180 ) ;
#6643 = VERTEX_POINT ( 'NONE', #3559 ) ;
#6644 = DIRECTION ( 'NONE',  ( -1.000000000000000000, -0.000000000000000000, -0.000000000000000000 ) ) ;
#6645 = DIRECTION ( 'NONE',  ( -1.000000000000000000, -0.000000000000000000, -0.000000000000000000 ) ) ;
#6646 = CIRCLE ( 'NONE', #4595, 2.500000000000002220 ) ;
#6647 = EDGE_CURVE ( 'NONE', #371, #5108, #8501, .T. ) ;
#6648 = DIRECTION ( 'NONE',  ( 1.000000000000000000, 0.000000000000000000, 0.000000000000000000 ) ) ;
#6649 = DIRECTION ( 'NONE',  ( 0.000000000000000000, 0.000000000000000000, -1.000000000000000000 ) ) ;
#6650 = CARTESIAN_POINT ( 'NONE',  ( -9.525000000000000355, -14.16298196909033535, 137.7251729839750851 ) ) ;
#6651 = DIRECTION ( 'NONE',  ( -1.000000000000000000, -0.000000000000000000, -0.000000000000000000 ) ) ;
#6652 = EDGE_CURVE ( 'NONE', #8859, #621, #11833, .T. ) ;
#6653 = CARTESIAN_POINT ( 'NONE',  ( -12.69999999999999751, -10.07084749364648069, 25.18106772950202199 ) ) ;
#6654 = ORIENTED_EDGE ( 'NONE', *, *, #7982, .T. ) ;
#6655 = ORIENTED_EDGE ( 'NONE', *, *, #4054, .T. ) ;
#6656 = VERTEX_POINT ( 'NONE', #8374 ) ;
#6657 = ORIENTED_EDGE ( 'NONE', *, *, #6470, .F. ) ;
#6658 = CIRCLE ( 'NONE', #4413, 2.270999999999995467 ) ;
#6659 = DIRECTION ( 'NONE',  ( 1.000000000000000000, 0.000000000000000000, 0.000000000000000000 ) ) ;
#6660 = AXIS2_PLACEMENT_3D ( 'NONE', #1986, #9866, #5126 ) ;
#6661 = EDGE_CURVE ( 'NONE', #5015, #4012, #3397, .T. ) ;
#6662 = CARTESIAN_POINT ( 'NONE',  ( 12.70000000000000107, 16.22512784221258997, 81.92080715599162488 ) ) ;
#6663 = FACE_OUTER_BOUND ( 'NONE', #12427, .T. ) ;
#6664 = AXIS2_PLACEMENT_3D ( 'NONE', #2089, #9784, #10806 ) ;
#6665 = CARTESIAN_POINT ( 'NONE',  ( 12.70000000000000107, 6.152699789198528002, 154.8810759023857315 ) ) ;
#6666 = AXIS2_PLACEMENT_3D ( 'NONE', #2295, #6156, #1335 ) ;
#6667 = CARTESIAN_POINT ( 'NONE',  ( 9.525000000000000355, -12.69999999999999929, 162.5999999999999943 ) ) ;
#6668 = CARTESIAN_POINT ( 'NONE',  ( 12.70000000000000107, 3.577867169202164632E-15, 139.7000000000000171 ) ) ;
#6669 = DIRECTION ( 'NONE',  ( 0.000000000000000000, 0.000000000000000000, 1.000000000000000000 ) ) ;
#6670 = EDGE_CURVE ( 'NONE', #5130, #6810, #735, .T. ) ;
#6671 = CARTESIAN_POINT ( 'NONE',  ( 9.525000000000000355, 8.791741348502629450, 128.4219113294393253 ) ) ;
#6672 = CIRCLE ( 'NONE', #8520, 2.500000000000002220 ) ;
#6673 = VECTOR ( 'NONE', #3907, 1000.000000000000000 ) ;
#6674 = DIRECTION ( 'NONE',  ( -1.000000000000000000, -0.000000000000000000, -0.000000000000000000 ) ) ;
#6675 = VERTEX_POINT ( 'NONE', #7293 ) ;
#6676 = CIRCLE ( 'NONE', #4428, 2.080499999999998906 ) ;
#6677 = ORIENTED_EDGE ( 'NONE', *, *, #3196, .T. ) ;
#6678 = ORIENTED_EDGE ( 'NONE', *, *, #1263, .F. ) ;
#6679 = CIRCLE ( 'NONE', #10163, 2.270999999999995467 ) ;
#6680 = ORIENTED_EDGE ( 'NONE', *, *, #4022, .T. ) ;
#6681 = VERTEX_POINT ( 'NONE', #7233 ) ;
#6682 = CYLINDRICAL_SURFACE ( 'NONE', #10920, 17.66250000000000497 ) ;
#6683 = EDGE_CURVE ( 'NONE', #2005, #2037, #10149, .T. ) ;
#6684 = ADVANCED_FACE ( 'NONE', ( #6275 ), #12298, .F. ) ;
#6685 = CARTESIAN_POINT ( 'NONE',  ( 12.70000000000000107, -15.22687436074365230, 92.98837563695990127 ) ) ;
#6686 = AXIS2_PLACEMENT_3D ( 'NONE', #8223, #1301, #12018 ) ;
#6687 = DIRECTION ( 'NONE',  ( 0.000000000000000000, 0.000000000000000000, -1.000000000000000000 ) ) ;
#6688 = LINE ( 'NONE', #5735, #1821 ) ;
#6689 = DIRECTION ( 'NONE',  ( 0.000000000000000000, 1.667602476305522267E-15, -1.000000000000000000 ) ) ;
#6690 = AXIS2_PLACEMENT_3D ( 'NONE', #12290, #2475, #10476 ) ;
#6691 = VECTOR ( 'NONE', #9222, 1000.000000000000000 ) ;
#6692 = DIRECTION ( 'NONE',  ( -1.000000000000000000, -0.000000000000000000, -0.000000000000000000 ) ) ;
#6693 = ORIENTED_EDGE ( 'NONE', *, *, #256, .F. ) ;
#6694 = EDGE_LOOP ( 'NONE', ( #7995, #1434, #12459, #1217 ) ) ;
#6695 = VERTEX_POINT ( 'NONE', #11150 ) ;
#6696 = ORIENTED_EDGE ( 'NONE', *, *, #4925, .F. ) ;
#6697 = AXIS2_PLACEMENT_3D ( 'NONE', #8240, #9004, #230 ) ;
#6698 = EDGE_CURVE ( 'NONE', #3277, #9707, #7935, .T. ) ;
#6699 = CARTESIAN_POINT ( 'NONE',  ( 12.70000000000000107, 15.22687436074360257, 92.98837563696011443 ) ) ;
#6700 = DIRECTION ( 'NONE',  ( 1.000000000000000000, 0.000000000000000000, 0.000000000000000000 ) ) ;
#6701 = DIRECTION ( 'NONE',  ( 0.000000000000000000, 0.000000000000000000, -1.000000000000000000 ) ) ;
#6702 = FACE_OUTER_BOUND ( 'NONE', #5092, .T. ) ;
#6703 = DIRECTION ( 'NONE',  ( 1.000000000000000000, 0.000000000000000000, 0.000000000000000000 ) ) ;
#6704 = DIRECTION ( 'NONE',  ( -0.000000000000000000, 1.000000000000000000, -0.000000000000000000 ) ) ;
#6705 = FACE_OUTER_BOUND ( 'NONE', #10679, .T. ) ;
#6706 = FACE_OUTER_BOUND ( 'NONE', #6377, .T. ) ;
#6707 = ORIENTED_EDGE ( 'NONE', *, *, #11082, .F. ) ;
#6708 = ORIENTED_EDGE ( 'NONE', *, *, #2739, .T. ) ;
#6709 = VERTEX_POINT ( 'NONE', #11390 ) ;
#6710 = VERTEX_POINT ( 'NONE', #11273 ) ;
#6711 = EDGE_CURVE ( 'NONE', #7114, #4663, #5035, .T. ) ;
#6712 = CARTESIAN_POINT ( 'NONE',  ( 12.70000000000000107, 10.07084749364666365, 126.7810677295021549 ) ) ;
#6713 = CARTESIAN_POINT ( 'NONE',  ( 1.861463134703975909E-15, 25.40000000000000213, 162.5999999999999943 ) ) ;
#6714 = FACE_OUTER_BOUND ( 'NONE', #8567, .T. ) ;
#6715 = DIRECTION ( 'NONE',  ( 0.000000000000000000, 0.000000000000000000, 1.000000000000000000 ) ) ;
#6716 = CARTESIAN_POINT ( 'NONE',  ( 12.70000000000000107, 3.577867169202164632E-15, 38.10000000000001563 ) ) ;
#6717 = CYLINDRICAL_SURFACE ( 'NONE', #9076, 2.500000000000002220 ) ;
#6718 = DIRECTION ( 'NONE',  ( -1.000000000000000000, 0.000000000000000000, 0.000000000000000000 ) ) ;
#6719 = EDGE_CURVE ( 'NONE', #11694, #12505, #2602, .T. ) ;
#6720 = EDGE_LOOP ( 'NONE', ( #1483, #112, #359, #10410 ) ) ;
#6721 = AXIS2_PLACEMENT_3D ( 'NONE', #6768, #10611, #8755 ) ;
#6722 = CIRCLE ( 'NONE', #5296, 2.080499999999998906 ) ;
#6723 = CARTESIAN_POINT ( 'NONE',  ( 12.70000000000000107, -14.15672222192825025, 48.66177646900194276 ) ) ;
#6724 = EDGE_LOOP ( 'NONE', ( #1638, #7996, #982, #2036 ) ) ;
#6725 = ORIENTED_EDGE ( 'NONE', *, *, #5311, .T. ) ;
#6726 = EDGE_CURVE ( 'NONE', #9837, #4839, #9326, .T. ) ;
#6727 = EDGE_LOOP ( 'NONE', ( #9048, #12682, #5790, #4017 ) ) ;
#6728 = CARTESIAN_POINT ( 'NONE',  ( -9.525000000000002132, 12.69999999999999929, 167.5999999999999943 ) ) ;
#6729 = ADVANCED_FACE ( 'NONE', ( #5497 ), #506, .F. ) ;
#6730 = DIRECTION ( 'NONE',  ( -0.000000000000000000, 1.000000000000000000, -0.000000000000000000 ) ) ;
#6731 = DIRECTION ( 'NONE',  ( -0.000000000000000000, -0.000000000000000000, -1.000000000000000000 ) ) ;
#6732 = DIRECTION ( 'NONE',  ( 0.000000000000000000, 0.000000000000000000, 1.000000000000000000 ) ) ;
#6733 = VECTOR ( 'NONE', #10160, 1000.000000000000000 ) ;
#6734 = LINE ( 'NONE', #9554, #1511 ) ;
#6735 = VECTOR ( 'NONE', #906, 1000.000000000000000 ) ;
#6736 = DIRECTION ( 'NONE',  ( -0.000000000000000000, 1.000000000000000000, -0.000000000000000000 ) ) ;
#6737 = DIRECTION ( 'NONE',  ( -1.000000000000000000, -0.000000000000000000, -0.000000000000000000 ) ) ;
#6738 = CARTESIAN_POINT ( 'NONE',  ( 9.525000000000000355, 12.33648634557998314, 148.9037697111193950 ) ) ;
#6739 = DIRECTION ( 'NONE',  ( 1.000000000000000000, 0.000000000000000000, 0.000000000000000000 ) ) ;
#6740 = CIRCLE ( 'NONE', #1219, 2.271000000000009234 ) ;
#6741 = LINE ( 'NONE', #9822, #7959 ) ;
#6742 = ORIENTED_EDGE ( 'NONE', *, *, #3859, .F. ) ;
#6743 = VERTEX_POINT ( 'NONE', #10422 ) ;
#6744 = AXIS2_PLACEMENT_3D ( 'NONE', #3583, #9486, #900 ) ;
#6745 = ORIENTED_EDGE ( 'NONE', *, *, #8767, .T. ) ;
#6746 = ORIENTED_EDGE ( 'NONE', *, *, #12194, .F. ) ;
#6747 = FACE_OUTER_BOUND ( 'NONE', #6114, .T. ) ;
#6748 = EDGE_CURVE ( 'NONE', #10603, #12079, #2404, .T. ) ;
#6749 = CARTESIAN_POINT ( 'NONE',  ( 12.70000000000000107, 15.22687436074368783, 34.01162436304024084 ) ) ;
#6750 = DIRECTION ( 'NONE',  ( 0.000000000000000000, 0.000000000000000000, 1.000000000000000000 ) ) ;
#6751 = AXIS2_PLACEMENT_3D ( 'NONE', #3326, #3510, #5318 ) ;
#6752 = CARTESIAN_POINT ( 'NONE',  ( -9.525000000000000355, 14.15672222192832841, 27.53822353099818443 ) ) ;
#6753 = DIRECTION ( 'NONE',  ( 0.000000000000000000, 0.000000000000000000, 1.000000000000000000 ) ) ;
#6754 = CIRCLE ( 'NONE', #6549, 2.270999999999995467 ) ;
#6755 = VECTOR ( 'NONE', #8145, 1000.000000000000000 ) ;
#6756 = EDGE_CURVE ( 'NONE', #9310, #9792, #5447, .T. ) ;
#6757 = CARTESIAN_POINT ( 'NONE',  ( -12.69999999999999929, 0.000000000000000000, 63.50000000000000000 ) ) ;
#6758 = ORIENTED_EDGE ( 'NONE', *, *, #9020, .T. ) ;
#6759 = ADVANCED_FACE ( 'NONE', ( #4074, #11844, #10934, #8817, #2848, #10870, #7861, #12610, #5811, #9715, #4848, #2915, #5942, #6960, #6829, #7731 ), #11712, .T. ) ;
#6760 = VERTEX_POINT ( 'NONE', #103 ) ;
#6761 = VERTEX_POINT ( 'NONE', #7022 ) ;
#6762 = ORIENTED_EDGE ( 'NONE', *, *, #8440, .F. ) ;
#6763 = DIRECTION ( 'NONE',  ( -1.000000000000000000, -0.000000000000000000, -0.000000000000000000 ) ) ;
#6764 = CARTESIAN_POINT ( 'NONE',  ( -9.525000000000000355, -11.15407434219252103, 49.24267219815796182 ) ) ;
#6765 = DIRECTION ( 'NONE',  ( -1.000000000000000000, -0.000000000000000000, -0.000000000000000000 ) ) ;
#6766 = DIRECTION ( 'NONE',  ( -1.000000000000000000, 0.000000000000000000, 0.000000000000000000 ) ) ;
#6767 = LINE ( 'NONE', #3885, #4831 ) ;
#6768 = CARTESIAN_POINT ( 'NONE',  ( 1.555301434917138433E-15, -25.39999999999999503, 114.2999999999999972 ) ) ;
#6769 = AXIS2_PLACEMENT_3D ( 'NONE', #1315, #10869, #2274 ) ;
#6770 = DIRECTION ( 'NONE',  ( -1.000000000000000000, -0.000000000000000000, -0.000000000000000000 ) ) ;
#6771 = ADVANCED_FACE ( 'NONE', ( #9844 ), #10673, .T. ) ;
#6772 = ORIENTED_EDGE ( 'NONE', *, *, #6072, .T. ) ;
#6773 = ORIENTED_EDGE ( 'NONE', *, *, #6637, .F. ) ;
#6774 = ORIENTED_EDGE ( 'NONE', *, *, #2629, .F. ) ;
#6775 = CIRCLE ( 'NONE', #6990, 2.270999999999995467 ) ;
#6776 = VERTEX_POINT ( 'NONE', #6004 ) ;
#6777 = LINE ( 'NONE', #11786, #11070 ) ;
#6778 = DIRECTION ( 'NONE',  ( -1.000000000000000000, -0.000000000000000000, -0.000000000000000000 ) ) ;
#6779 = DIRECTION ( 'NONE',  ( -1.000000000000000000, -0.000000000000000000, -0.000000000000000000 ) ) ;
#6780 = CYLINDRICAL_SURFACE ( 'NONE', #12039, 2.270999999999995467 ) ;
#6781 = DIRECTION ( 'NONE',  ( -1.000000000000000000, 0.000000000000000000, 0.000000000000000000 ) ) ;
#6782 = VECTOR ( 'NONE', #5955, 1000.000000000000000 ) ;
#6783 = CARTESIAN_POINT ( 'NONE',  ( 1.555301434917138038E-15, -22.22499999999999787, 127.0000000000000000 ) ) ;
#6784 = DIRECTION ( 'NONE',  ( -1.000000000000000000, -0.000000000000000000, -0.000000000000000000 ) ) ;
#6785 = EDGE_CURVE ( 'NONE', #5234, #6761, #1555, .T. ) ;
#6786 = EDGE_LOOP ( 'NONE', ( #1024, #6249 ) ) ;
#6787 = ORIENTED_EDGE ( 'NONE', *, *, #12567, .T. ) ;
#6788 = ORIENTED_EDGE ( 'NONE', *, *, #12482, .T. ) ;
#6789 = CIRCLE ( 'NONE', #8426, 2.499999999999988454 ) ;
#6790 = VECTOR ( 'NONE', #10738, 1000.000000000000000 ) ;
#6791 = VERTEX_POINT ( 'NONE', #168 ) ;
#6792 = CARTESIAN_POINT ( 'NONE',  ( 1.555301434917138433E-15, 25.40000000000000213, 165.0999999999999943 ) ) ;
#6793 = CARTESIAN_POINT ( 'NONE',  ( 12.70000000000000107, 3.577867169202164632E-15, 139.7000000000000171 ) ) ;
#6794 = DIRECTION ( 'NONE',  ( 0.000000000000000000, 0.000000000000000000, 1.000000000000000000 ) ) ;
#6795 = DIRECTION ( 'NONE',  ( 0.000000000000000000, 0.000000000000000000, 1.000000000000000000 ) ) ;
#6796 = CARTESIAN_POINT ( 'NONE',  ( 12.70000000000000107, -14.13894155320104851, 32.01817428684736200 ) ) ;
#6797 = DIRECTION ( 'NONE',  ( 0.000000000000000000, 0.000000000000000000, -1.000000000000000000 ) ) ;
#6798 = CARTESIAN_POINT ( 'NONE',  ( -12.69999999999999751, 0.000000000000000000, 65.99999999999998579 ) ) ;
#6799 = CARTESIAN_POINT ( 'NONE',  ( 12.70000000000000107, -10.07084749364648069, 27.26156772950202267 ) ) ;
#6800 = DIRECTION ( 'NONE',  ( 0.000000000000000000, 0.000000000000000000, -1.000000000000000000 ) ) ;
#6801 = DIRECTION ( 'NONE',  ( -1.000000000000000000, -0.000000000000000000, -0.000000000000000000 ) ) ;
#6802 = ADVANCED_FACE ( 'NONE', ( #4782 ), #6895, .F. ) ;
#6803 = AXIS2_PLACEMENT_3D ( 'NONE', #5308, #9082, #9024 ) ;
#6804 = AXIS2_PLACEMENT_3D ( 'NONE', #9125, #7211, #4263 ) ;
#6805 = EDGE_CURVE ( 'NONE', #521, #290, #10758, .T. ) ;
#6806 = CARTESIAN_POINT ( 'NONE',  ( 9.525000000000000355, 6.152699789198528002, 104.0810759023857344 ) ) ;
#6807 = VERTEX_POINT ( 'NONE', #5032 ) ;
#6808 = VERTEX_POINT ( 'NONE', #38 ) ;
#6809 = ORIENTED_EDGE ( 'NONE', *, *, #7481, .T. ) ;
#6810 = VERTEX_POINT ( 'NONE', #3947 ) ;
#6811 = ORIENTED_EDGE ( 'NONE', *, *, #489, .F. ) ;
#6812 = DIRECTION ( 'NONE',  ( -1.000000000000000000, 0.000000000000000000, 0.000000000000000000 ) ) ;
#6813 = CIRCLE ( 'NONE', #3530, 17.66249999999999787 ) ;
#6814 = DIRECTION ( 'NONE',  ( -0.000000000000000000, 1.000000000000000000, -0.000000000000000000 ) ) ;
#6815 = AXIS2_PLACEMENT_3D ( 'NONE', #4676, #8583, #8708 ) ;
#6816 = EDGE_CURVE ( 'NONE', #11851, #12601, #7486, .T. ) ;
#6817 = CARTESIAN_POINT ( 'NONE',  ( -9.525000000000000355, -12.33648634558010748, 47.30376971111923723 ) ) ;
#6818 = CARTESIAN_POINT ( 'NONE',  ( 12.70000000000000107, -16.22354728284506820, 141.9621436318877556 ) ) ;
#6819 = EDGE_CURVE ( 'NONE', #622, #11262, #9526, .T. ) ;
#6820 = DIRECTION ( 'NONE',  ( -1.000000000000000000, -0.000000000000000000, -0.000000000000000000 ) ) ;
#6821 = VECTOR ( 'NONE', #11287, 1000.000000000000000 ) ;
#6822 = EDGE_LOOP ( 'NONE', ( #9339, #7778, #8706, #6236 ) ) ;
#6823 = VERTEX_POINT ( 'NONE', #3103 ) ;
#6824 = ORIENTED_EDGE ( 'NONE', *, *, #6554, .F. ) ;
#6825 = ORIENTED_EDGE ( 'NONE', *, *, #758, .T. ) ;
#6826 = CARTESIAN_POINT ( 'NONE',  ( 7.746038523653021987E-16, -25.39999999999999503, 101.5999999999999943 ) ) ;
#6827 = CARTESIAN_POINT ( 'NONE',  ( 12.70000000000000107, 5.371240620587829362, 24.84708431341438839 ) ) ;
#6828 = CARTESIAN_POINT ( 'NONE',  ( 9.525000000000000355, 12.69999999999999929, 114.2999999999999972 ) ) ;
#6829 = FACE_BOUND ( 'NONE', #10185, .T. ) ;
#6830 = FACE_OUTER_BOUND ( 'NONE', #7739, .T. ) ;
#6831 = ADVANCED_FACE ( 'NONE', ( #1063 ), #1895, .T. ) ;
#6832 = CARTESIAN_POINT ( 'NONE',  ( -9.525000000000000355, 12.33648634557998314, 148.9037697111193950 ) ) ;
#6833 = FACE_OUTER_BOUND ( 'NONE', #399, .T. ) ;
#6834 = ORIENTED_EDGE ( 'NONE', *, *, #9802, .T. ) ;
#6835 = EDGE_LOOP ( 'NONE', ( #12255, #7209, #6011, #1278 ) ) ;
#6836 = ORIENTED_EDGE ( 'NONE', *, *, #4636, .F. ) ;
#6837 = AXIS2_PLACEMENT_3D ( 'NONE', #3136, #6859, #7889 ) ;
#6838 = ORIENTED_EDGE ( 'NONE', *, *, #3833, .F. ) ;
#6839 = DIRECTION ( 'NONE',  ( -1.000000000000000000, -0.000000000000000000, -0.000000000000000000 ) ) ;
#6840 = LINE ( 'NONE', #9795, #7001 ) ;
#6841 = ADVANCED_FACE ( 'NONE', ( #3884 ), #7797, .F. ) ;
#6842 = DIRECTION ( 'NONE',  ( -1.000000000000000000, -0.000000000000000000, -0.000000000000000000 ) ) ;
#6843 = DIRECTION ( 'NONE',  ( 0.000000000000000000, 0.000000000000000000, 1.000000000000000000 ) ) ;
#6844 = CIRCLE ( 'NONE', #4395, 2.270999999999995467 ) ;
#6845 = CARTESIAN_POINT ( 'NONE',  ( 9.525000000000000355, -12.33648634558010748, 148.9037697111192244 ) ) ;
#6846 = CARTESIAN_POINT ( 'NONE',  ( 9.525000000000000355, 3.577867169202164632E-15, 88.90000000000000568 ) ) ;
#6847 = ORIENTED_EDGE ( 'NONE', *, *, #9271, .F. ) ;
#6848 = CARTESIAN_POINT ( 'NONE',  ( 12.70000000000000107, -14.15672222192817387, 129.1382235309979762 ) ) ;
#6849 = ORIENTED_EDGE ( 'NONE', *, *, #8448, .F. ) ;
#6850 = ORIENTED_EDGE ( 'NONE', *, *, #255, .F. ) ;
#6851 = AXIS2_PLACEMENT_3D ( 'NONE', #598, #8533, #9430 ) ;
#6852 = ORIENTED_EDGE ( 'NONE', *, *, #152, .T. ) ;
#6853 = DIRECTION ( 'NONE',  ( 1.000000000000000000, 0.000000000000000000, 0.000000000000000000 ) ) ;
#6854 = ADVANCED_FACE ( 'NONE', ( #8879 ), #4005, .F. ) ;
#6855 = CARTESIAN_POINT ( 'NONE',  ( 0.000000000000000000, 0.000000000000000000, 0.000000000000000000 ) ) ;
#6856 = CYLINDRICAL_SURFACE ( 'NONE', #5282, 2.270999999999995467 ) ;
#6857 = CARTESIAN_POINT ( 'NONE',  ( 12.70000000000000107, 5.371240620587830250, 51.35291568658563932 ) ) ;
#6858 = DIRECTION ( 'NONE',  ( -1.000000000000000000, -0.000000000000000000, -0.000000000000000000 ) ) ;
#6859 = DIRECTION ( 'NONE',  ( -1.000000000000000000, -0.000000000000000000, -0.000000000000000000 ) ) ;
#6860 = DIRECTION ( 'NONE',  ( 1.000000000000000000, 0.000000000000000000, 0.000000000000000000 ) ) ;
#6861 = LINE ( 'NONE', #7122, #3062 ) ;
#6862 = LINE ( 'NONE', #11943, #9686 ) ;
#6863 = CARTESIAN_POINT ( 'NONE',  ( -12.69999999999999751, 0.000000000000000000, 63.50000000000000000 ) ) ;
#6864 = VECTOR ( 'NONE', #7375, 1000.000000000000000 ) ;
#6865 = DIRECTION ( 'NONE',  ( -0.000000000000000000, 1.000000000000000000, -0.000000000000000000 ) ) ;
#6866 = EDGE_LOOP ( 'NONE', ( #757, #11591, #12029, #2318 ) ) ;
#6867 = AXIS2_PLACEMENT_3D ( 'NONE', #7531, #1753, #9445 ) ;
#6868 = VERTEX_POINT ( 'NONE', #7275 ) ;
#6869 = ORIENTED_EDGE ( 'NONE', *, *, #9416, .F. ) ;
#6870 = ORIENTED_EDGE ( 'NONE', *, *, #8947, .F. ) ;
#6871 = ORIENTED_EDGE ( 'NONE', *, *, #6247, .F. ) ;
#6872 = CARTESIAN_POINT ( 'NONE',  ( 12.70000000000000107, 1.802455207620993427, 154.9855954242718497 ) ) ;
#6873 = CIRCLE ( 'NONE', #12014, 14.30000000000000782 ) ;
#6874 = EDGE_CURVE ( 'NONE', #11425, #1633, #11214, .T. ) ;
#6875 = CYLINDRICAL_SURFACE ( 'NONE', #9018, 2.500000000000002220 ) ;
#6876 = EDGE_CURVE ( 'NONE', #2258, #9105, #6873, .T. ) ;
#6877 = CARTESIAN_POINT ( 'NONE',  ( 12.70000000000000107, 3.577867169202164632E-15, 38.10000000000001563 ) ) ;
#6878 = CARTESIAN_POINT ( 'NONE',  ( -12.69999999999999751, -5.371240620587823145, 102.1529156865856294 ) ) ;
#6879 = CIRCLE ( 'NONE', #10972, 2.270999999999998575 ) ;
#6880 = AXIS2_PLACEMENT_3D ( 'NONE', #9572, #12338, #794 ) ;
#6881 = DIRECTION ( 'NONE',  ( 0.000000000000000000, 1.667602476305511223E-15, -1.000000000000000000 ) ) ;
#6882 = AXIS2_PLACEMENT_3D ( 'NONE', #7245, #6292, #6994 ) ;
#6883 = ORIENTED_EDGE ( 'NONE', *, *, #12047, .F. ) ;
#6884 = ORIENTED_EDGE ( 'NONE', *, *, #10574, .T. ) ;
#6885 = ORIENTED_EDGE ( 'NONE', *, *, #98, .T. ) ;
#6886 = AXIS2_PLACEMENT_3D ( 'NONE', #6793, #5840, #11740 ) ;
#6887 = ORIENTED_EDGE ( 'NONE', *, *, #1789, .F. ) ;
#6888 = DIRECTION ( 'NONE',  ( 0.000000000000000000, 0.000000000000000000, 1.000000000000000000 ) ) ;
#6889 = CIRCLE ( 'NONE', #12223, 2.080499999999998906 ) ;
#6890 = EDGE_CURVE ( 'NONE', #2708, #6495, #4625, .T. ) ;
#6891 = CARTESIAN_POINT ( 'NONE',  ( -9.525000000000000355, 12.33648634557998314, 98.10376971111941202 ) ) ;
#6892 = ADVANCED_FACE ( 'NONE', ( #11193 ), #2339, .F. ) ;
#6893 = CARTESIAN_POINT ( 'NONE',  ( 12.70000000000000107, -15.22687436074365230, 143.7883756369598984 ) ) ;
#6894 = CIRCLE ( 'NONE', #8527, 2.080499999999985139 ) ;
#6895 = CYLINDRICAL_SURFACE ( 'NONE', #8507, 2.271000000000009234 ) ;
#6896 = CARTESIAN_POINT ( 'NONE',  ( 12.70000000000000107, -12.33648634558010748, 47.30376971111923723 ) ) ;
#6897 = AXIS2_PLACEMENT_3D ( 'NONE', #4988, #1272, #8002 ) ;
#6898 = CARTESIAN_POINT ( 'NONE',  ( 9.525000000000000355, 5.371240620587830250, 51.35291568658563932 ) ) ;
#6899 = DIRECTION ( 'NONE',  ( 0.000000000000000000, 0.000000000000000000, 1.000000000000000000 ) ) ;
#6900 = ORIENTED_EDGE ( 'NONE', *, *, #3573, .F. ) ;
#6901 = ORIENTED_EDGE ( 'NONE', *, *, #5028, .T. ) ;
#6902 = CIRCLE ( 'NONE', #8951, 2.499999999999992006 ) ;
#6903 = ORIENTED_EDGE ( 'NONE', *, *, #3107, .F. ) ;
#6904 = VECTOR ( 'NONE', #10949, 1000.000000000000000 ) ;
#6905 = ORIENTED_EDGE ( 'NONE', *, *, #6337, .F. ) ;
#6906 = DIRECTION ( 'NONE',  ( 0.000000000000000000, 0.000000000000000000, 1.000000000000000000 ) ) ;
#6907 = EDGE_CURVE ( 'NONE', #7381, #4363, #1381, .T. ) ;
#6908 = CARTESIAN_POINT ( 'NONE',  ( 12.70000000000000107, -15.22687436074362388, 84.81162436304001062 ) ) ;
#6909 = EDGE_CURVE ( 'NONE', #4711, #6478, #8730, .T. ) ;
#6910 = DIRECTION ( 'NONE',  ( 0.000000000000000000, 0.000000000000000000, 1.000000000000000000 ) ) ;
#6911 = AXIS2_PLACEMENT_3D ( 'NONE', #711, #12197, #2384 ) ;
#6912 = FACE_OUTER_BOUND ( 'NONE', #5334, .T. ) ;
#6913 = CARTESIAN_POINT ( 'NONE',  ( 7.746038523653021987E-16, 25.40000000000000213, 101.5999999999999943 ) ) ;
#6914 = CARTESIAN_POINT ( 'NONE',  ( -9.525000000000000355, -16.22512784221249404, 132.7208071559913947 ) ) ;
#6915 = VERTEX_POINT ( 'NONE', #11254 ) ;
#6916 = EDGE_CURVE ( 'NONE', #5490, #4132, #10354, .T. ) ;
#6917 = CARTESIAN_POINT ( 'NONE',  ( 12.70000000000000107, -5.371240620587816927, 126.4470843134143934 ) ) ;
#6918 = VERTEX_POINT ( 'NONE', #4137 ) ;
#6919 = EDGE_LOOP ( 'NONE', ( #10337, #10879, #7932, #2101 ) ) ;
#6920 = AXIS2_PLACEMENT_3D ( 'NONE', #12403, #10601, #6507 ) ;
#6921 = EDGE_LOOP ( 'NONE', ( #507, #9235, #11429, #1652 ) ) ;
#6922 = DIRECTION ( 'NONE',  ( -1.000000000000000000, -0.000000000000000000, -0.000000000000000000 ) ) ;
#6923 = CARTESIAN_POINT ( 'NONE',  ( -12.69999999999999751, 0.000000000000000000, 63.50000000000000000 ) ) ;
#6924 = CARTESIAN_POINT ( 'NONE',  ( 12.70000000000000107, 25.40000000000000213, 177.8000000000000114 ) ) ;
#6925 = DIRECTION ( 'NONE',  ( 0.000000000000000000, 0.000000000000000000, 1.000000000000000000 ) ) ;
#6926 = CARTESIAN_POINT ( 'NONE',  ( 12.70000000000000107, -10.07084749364648069, 128.8615677295020134 ) ) ;
#6927 = CYLINDRICAL_SURFACE ( 'NONE', #9337, 2.500000000000002220 ) ;
#6928 = LINE ( 'NONE', #11812, #7368 ) ;
#6929 = DIRECTION ( 'NONE',  ( -1.000000000000000000, -0.000000000000000000, -0.000000000000000000 ) ) ;
#6930 = DIRECTION ( 'NONE',  ( 0.000000000000000000, -1.000000000000000000, 0.000000000000000000 ) ) ;
#6931 = CARTESIAN_POINT ( 'NONE',  ( 12.70000000000000107, 10.07084749364639542, 101.8189322704980668 ) ) ;
#6932 = ADVANCED_FACE ( 'NONE', ( #3166 ), #8048, .T. ) ;
#6933 = VERTEX_POINT ( 'NONE', #6198 ) ;
#6934 = VERTEX_POINT ( 'NONE', #7215 ) ;
#6935 = VERTEX_POINT ( 'NONE', #6258 ) ;
#6936 = VERTEX_POINT ( 'NONE', #1317 ) ;
#6937 = DIRECTION ( 'NONE',  ( 0.000000000000000000, 0.000000000000000000, -1.000000000000000000 ) ) ;
#6938 = CIRCLE ( 'NONE', #1414, 2.499999999999988454 ) ;
#6939 = VECTOR ( 'NONE', #8401, 1000.000000000000000 ) ;
#6940 = DATE_AND_TIME ( #5860, #9532 ) ;
#6941 = CARTESIAN_POINT ( 'NONE',  ( -12.69999999999999751, 12.69999999999999929, 15.19999999999999218 ) ) ;
#6942 = DIRECTION ( 'NONE',  ( 0.000000000000000000, 0.000000000000000000, 1.000000000000000000 ) ) ;
#6943 = FACE_OUTER_BOUND ( 'NONE', #4365, .T. ) ;
#6944 = DIRECTION ( 'NONE',  ( -1.000000000000000000, 0.000000000000000000, 0.000000000000000000 ) ) ;
#6945 = CYLINDRICAL_SURFACE ( 'NONE', #1933, 2.499999999999988454 ) ;
#6946 = CIRCLE ( 'NONE', #9605, 17.66250000000000497 ) ;
#6947 = FACE_OUTER_BOUND ( 'NONE', #10187, .T. ) ;
#6948 = EDGE_CURVE ( 'NONE', #12505, #7363, #4386, .T. ) ;
#6949 = AXIS2_PLACEMENT_3D ( 'NONE', #1734, #7510, #2814 ) ;
#6950 = ORIENTED_EDGE ( 'NONE', *, *, #6133, .T. ) ;
#6951 = ORIENTED_EDGE ( 'NONE', *, *, #9888, .T. ) ;
#6952 = ORIENTED_EDGE ( 'NONE', *, *, #11841, .T. ) ;
#6953 = VECTOR ( 'NONE', #1990, 1000.000000000000000 ) ;
#6954 = ORIENTED_EDGE ( 'NONE', *, *, #4982, .F. ) ;
#6955 = DIRECTION ( 'NONE',  ( -1.000000000000000000, -0.000000000000000000, -0.000000000000000000 ) ) ;
#6956 = DIRECTION ( 'NONE',  ( -1.000000000000000000, -0.000000000000000000, -0.000000000000000000 ) ) ;
#6957 = CARTESIAN_POINT ( 'NONE',  ( -9.525000000000002132, 22.22500000000000142, 177.8000000000000114 ) ) ;
#6958 = VECTOR ( 'NONE', #1472, 1000.000000000000000 ) ;
#6959 = EDGE_CURVE ( 'NONE', #981, #9631, #2988, .T. ) ;
#6960 = FACE_OUTER_BOUND ( 'NONE', #4937, .T. ) ;
#6961 = CARTESIAN_POINT ( 'NONE',  ( 12.70000000000000107, -14.15672222192825025, 99.46177646900194702 ) ) ;
#6962 = AXIS2_PLACEMENT_3D ( 'NONE', #4038, #8972, #199 ) ;
#6963 = DIRECTION ( 'NONE',  ( -1.000000000000000000, 0.000000000000000000, 0.000000000000000000 ) ) ;
#6964 = DIRECTION ( 'NONE',  ( -1.000000000000000000, -0.000000000000000000, -0.000000000000000000 ) ) ;
#6965 = CIRCLE ( 'NONE', #5329, 2.500000000000002220 ) ;
#6966 = VERTEX_POINT ( 'NONE', #9255 ) ;
#6967 = EDGE_CURVE ( 'NONE', #2129, #11152, #6474, .T. ) ;
#6968 = ORIENTED_EDGE ( 'NONE', *, *, #4731, .F. ) ;
#6969 = EDGE_CURVE ( 'NONE', #10335, #6379, #11603, .T. ) ;
#6970 = ORIENTED_EDGE ( 'NONE', *, *, #5707, .T. ) ;
#6971 = ORIENTED_EDGE ( 'NONE', *, *, #4567, .T. ) ;
#6972 = ORIENTED_EDGE ( 'NONE', *, *, #12554, .T. ) ;
#6973 = AXIS2_PLACEMENT_3D ( 'NONE', #7100, #2287, #1328 ) ;
#6974 = CARTESIAN_POINT ( 'NONE',  ( -9.525000000000000355, 3.577867169202164632E-15, 38.10000000000001563 ) ) ;
#6975 = DIRECTION ( 'NONE',  ( 0.000000000000000000, 5.419708047992911671E-15, -1.000000000000000000 ) ) ;
#6976 = CARTESIAN_POINT ( 'NONE',  ( 12.70000000000000107, -2.068405620284290425, 71.35903068698951301 ) ) ;
#6977 = EDGE_CURVE ( 'NONE', #10444, #12044, #2219, .T. ) ;
#6978 = CARTESIAN_POINT ( 'NONE',  ( 7.746038523653021987E-16, -25.39999999999999503, 50.79999999999999716 ) ) ;
#6979 = DIRECTION ( 'NONE',  ( -1.000000000000000000, -0.000000000000000000, -0.000000000000000000 ) ) ;
#6980 = VERTEX_POINT ( 'NONE', #4198 ) ;
#6981 = VECTOR ( 'NONE', #4700, 1000.000000000000000 ) ;
#6982 = EDGE_CURVE ( 'NONE', #5886, #5997, #427, .T. ) ;
#6983 = DIRECTION ( 'NONE',  ( 0.000000000000000000, 0.000000000000000000, 1.000000000000000000 ) ) ;
#6984 = EDGE_LOOP ( 'NONE', ( #4002, #11817 ) ) ;
#6985 = ORIENTED_EDGE ( 'NONE', *, *, #5725, .F. ) ;
#6986 = ORIENTED_EDGE ( 'NONE', *, *, #9875, .F. ) ;
#6987 = DIRECTION ( 'NONE',  ( 1.000000000000000000, 0.000000000000000000, 0.000000000000000000 ) ) ;
#6988 = DIRECTION ( 'NONE',  ( 0.000000000000000000, 0.000000000000000000, 1.000000000000000000 ) ) ;
#6989 = DIRECTION ( 'NONE',  ( 1.000000000000000000, -0.000000000000000000, -0.000000000000000000 ) ) ;
#6990 = AXIS2_PLACEMENT_3D ( 'NONE', #6034, #6287, #10961 ) ;
#6991 = CARTESIAN_POINT ( 'NONE',  ( 12.70000000000000107, -10.07084749364656950, 51.01893227049793467 ) ) ;
#6992 = FACE_OUTER_BOUND ( 'NONE', #5596, .T. ) ;
#6993 = ADVANCED_FACE ( 'NONE', ( #3235 ), #8242, .F. ) ;
#6994 = DIRECTION ( 'NONE',  ( 0.000000000000000000, 0.000000000000000000, -1.000000000000000000 ) ) ;
#6995 = DIRECTION ( 'NONE',  ( -0.000000000000000000, 1.000000000000000000, -0.000000000000000000 ) ) ;
#6996 = LINE ( 'NONE', #4112, #1498 ) ;
#6997 = DIRECTION ( 'NONE',  ( -1.000000000000000000, -0.000000000000000000, -0.000000000000000000 ) ) ;
#6998 = DIRECTION ( 'NONE',  ( -1.000000000000000000, -0.000000000000000000, -0.000000000000000000 ) ) ;
#6999 = ORIENTED_EDGE ( 'NONE', *, *, #6352, .F. ) ;
#7000 = CIRCLE ( 'NONE', #4362, 2.270999999999995467 ) ;
#7001 = VECTOR ( 'NONE', #7873, 1000.000000000000000 ) ;
#7002 = EDGE_LOOP ( 'NONE', ( #5637, #9739, #7061, #10118 ) ) ;
#7003 = ORIENTED_EDGE ( 'NONE', *, *, #860, .F. ) ;
#7004 = VERTEX_POINT ( 'NONE', #2275 ) ;
#7005 = ORIENTED_EDGE ( 'NONE', *, *, #5574, .T. ) ;
#7006 = CARTESIAN_POINT ( 'NONE',  ( -9.525000000000000355, 1.802455207620993427, 53.38559542427184823 ) ) ;
#7007 = CARTESIAN_POINT ( 'NONE',  ( -12.69999999999999751, 3.577867169202164632E-15, 38.10000000000001563 ) ) ;
#7008 = ADVANCED_FACE ( 'NONE', ( #5227 ), #9130, .F. ) ;
#7009 = DIRECTION ( 'NONE',  ( 0.000000000000000000, 0.000000000000000000, 1.000000000000000000 ) ) ;
#7010 = CIRCLE ( 'NONE', #8639, 14.30000000000000071 ) ;
#7011 = DIRECTION ( 'NONE',  ( -1.000000000000000000, -0.000000000000000000, -0.000000000000000000 ) ) ;
#7012 = DIRECTION ( 'NONE',  ( 1.000000000000000000, 0.000000000000000000, 0.000000000000000000 ) ) ;
#7013 = FACE_OUTER_BOUND ( 'NONE', #8156, .T. ) ;
#7014 = ORIENTED_EDGE ( 'NONE', *, *, #1263, .T. ) ;
#7015 = EDGE_LOOP ( 'NONE', ( #2379, #2772, #7582, #9915 ) ) ;
#7016 = ORIENTED_EDGE ( 'NONE', *, *, #6554, .T. ) ;
#7017 = CIRCLE ( 'NONE', #6596, 2.500000000000002220 ) ;
#7018 = CIRCLE ( 'NONE', #10082, 2.080499999999998906 ) ;
#7019 = ORIENTED_EDGE ( 'NONE', *, *, #3903, .F. ) ;
#7020 = DIRECTION ( 'NONE',  ( -1.000000000000000000, 0.000000000000000000, 0.000000000000000000 ) ) ;
#7021 = LINE ( 'NONE', #4197, #9353 ) ;
#7022 = CARTESIAN_POINT ( 'NONE',  ( 9.525000000000000355, -12.33648634558010748, 49.57476971111923802 ) ) ;
#7023 = EDGE_CURVE ( 'NONE', #10348, #9900, #10770, .T. ) ;
#7024 = FACE_BOUND ( 'NONE', #3434, .T. ) ;
#7025 = DIRECTION ( 'NONE',  ( 0.000000000000000000, -1.000000000000000000, 0.000000000000000000 ) ) ;
#7026 = VECTOR ( 'NONE', #10636, 1000.000000000000000 ) ;
#7027 = ORIENTED_EDGE ( 'NONE', *, *, #1921, .T. ) ;
#7028 = ORIENTED_EDGE ( 'NONE', *, *, #8846, .F. ) ;
#7029 = ORIENTED_EDGE ( 'NONE', *, *, #12306, .F. ) ;
#7030 = ORIENTED_EDGE ( 'NONE', *, *, #2841, .T. ) ;
#7031 = CC_DESIGN_PERSON_AND_ORGANIZATION_ASSIGNMENT ( #2073, #2959, ( #12022 ) ) ;
#7032 = AXIS2_PLACEMENT_3D ( 'NONE', #12188, #1412, #6169 ) ;
#7033 = CARTESIAN_POINT ( 'NONE',  ( -12.69999999999999751, -4.072800018551144596, 104.1310478351178972 ) ) ;
#7034 = DIRECTION ( 'NONE',  ( -0.000000000000000000, 1.000000000000000000, -0.000000000000000000 ) ) ;
#7035 = ADVANCED_FACE ( 'NONE', ( #2703 ), #12277, .F. ) ;
#7036 = EDGE_CURVE ( 'NONE', #8953, #11426, #6676, .T. ) ;
#7037 = DIRECTION ( 'NONE',  ( 0.000000000000000000, 0.000000000000000000, 1.000000000000000000 ) ) ;
#7038 = DIRECTION ( 'NONE',  ( 0.000000000000000000, 0.000000000000000000, 1.000000000000000000 ) ) ;
#7039 = FACE_OUTER_BOUND ( 'NONE', #6111, .T. ) ;
#7040 = CARTESIAN_POINT ( 'NONE',  ( -9.525000000000000355, -5.371240620587821368, 152.9529156865856407 ) ) ;
#7041 = ORIENTED_EDGE ( 'NONE', *, *, #4593, .F. ) ;
#7042 = AXIS2_PLACEMENT_3D ( 'NONE', #3717, #8530, #11354 ) ;
#7043 = CARTESIAN_POINT ( 'NONE',  ( -12.69999999999999751, -8.791741348502544184, 49.37808867056075712 ) ) ;
#7044 = ORIENTED_EDGE ( 'NONE', *, *, #1549, .F. ) ;
#7045 = VERTEX_POINT ( 'NONE', #4570 ) ;
#7046 = VERTEX_POINT ( 'NONE', #6502 ) ;
#7047 = FACE_OUTER_BOUND ( 'NONE', #993, .T. ) ;
#7048 = CARTESIAN_POINT ( 'NONE',  ( 12.70000000000000107, -6.152699789198520897, 22.91892409761429406 ) ) ;
#7049 = VECTOR ( 'NONE', #5716, 1000.000000000000000 ) ;
#7050 = DIRECTION ( 'NONE',  ( -1.000000000000000000, -0.000000000000000000, -0.000000000000000000 ) ) ;
#7051 = EDGE_CURVE ( 'NONE', #11963, #7993, #6281, .T. ) ;
#7052 = DIRECTION ( 'NONE',  ( 0.000000000000000000, -1.667602476305511223E-15, 1.000000000000000000 ) ) ;
#7053 = CARTESIAN_POINT ( 'NONE',  ( 9.525000000000000355, -14.16298196909034779, 40.07482701602484099 ) ) ;
#7054 = CARTESIAN_POINT ( 'NONE',  ( 9.525000000000000355, 3.577867169202164632E-15, 139.7000000000000171 ) ) ;
#7055 = CARTESIAN_POINT ( 'NONE',  ( -9.525000000000002132, 12.69999999999999929, 63.50000000000000000 ) ) ;
#7056 = DIRECTION ( 'NONE',  ( -1.000000000000000000, -0.000000000000000000, -0.000000000000000000 ) ) ;
#7057 = DIRECTION ( 'NONE',  ( -1.000000000000000000, -0.000000000000000000, -0.000000000000000000 ) ) ;
#7058 = CIRCLE ( 'NONE', #916, 2.080499999999998906 ) ;
#7059 = VERTEX_POINT ( 'NONE', #1690 ) ;
#7060 = ORIENTED_EDGE ( 'NONE', *, *, #11145, .T. ) ;
#7061 = ORIENTED_EDGE ( 'NONE', *, *, #6099, .F. ) ;
#7062 = ADVANCED_FACE ( 'NONE', ( #11370 ), #8357, .F. ) ;
#7063 = EDGE_CURVE ( 'NONE', #11290, #1936, #1157, .T. ) ;
#7064 = ORIENTED_EDGE ( 'NONE', *, *, #2710, .T. ) ;
#7065 = ORIENTED_EDGE ( 'NONE', *, *, #9416, .T. ) ;
#7066 = CYLINDRICAL_SURFACE ( 'NONE', #11127, 2.499999999999988454 ) ;
#7067 = DATE_AND_TIME ( #11759, #6285 ) ;
#7068 = EDGE_CURVE ( 'NONE', #9383, #12314, #10161, .T. ) ;
#7069 = CARTESIAN_POINT ( 'NONE',  ( 1.555301434917138038E-15, 22.22500000000000142, 27.89999999999999147 ) ) ;
#7070 = AXIS2_PLACEMENT_3D ( 'NONE', #7073, #3414, #3225 ) ;
#7071 = DIRECTION ( 'NONE',  ( -0.000000000000000000, -0.000000000000000000, -1.000000000000000000 ) ) ;
#7072 = LINE ( 'NONE', #8165, #4227 ) ;
#7073 = CARTESIAN_POINT ( 'NONE',  ( -12.69999999999999751, 3.577867169202164632E-15, 88.90000000000000568 ) ) ;
#7074 = AXIS2_PLACEMENT_3D ( 'NONE', #675, #1628, #9574 ) ;
#7075 = CYLINDRICAL_SURFACE ( 'NONE', #8979, 2.270999999999995467 ) ;
#7076 = ORIENTED_EDGE ( 'NONE', *, *, #6320, .F. ) ;
#7077 = EDGE_CURVE ( 'NONE', #1556, #9645, #5657, .T. ) ;
#7078 = ORIENTED_EDGE ( 'NONE', *, *, #10605, .T. ) ;
#7079 = ADVANCED_FACE ( 'NONE', ( #8546 ), #11434, .T. ) ;
#7080 = ORIENTED_EDGE ( 'NONE', *, *, #7644, .F. ) ;
#7081 = DIRECTION ( 'NONE',  ( -1.000000000000000000, -0.000000000000000000, -0.000000000000000000 ) ) ;
#7082 = DIRECTION ( 'NONE',  ( 0.000000000000000000, 0.000000000000000000, 1.000000000000000000 ) ) ;
#7083 = AXIS2_PLACEMENT_3D ( 'NONE', #10610, #6634, #7541 ) ;
#7084 = DIRECTION ( 'NONE',  ( -1.000000000000000000, -0.000000000000000000, -0.000000000000000000 ) ) ;
#7085 = CIRCLE ( 'NONE', #10973, 14.30000000000000071 ) ;
#7086 = DIRECTION ( 'NONE',  ( 0.000000000000000000, 0.000000000000000000, 1.000000000000000000 ) ) ;
#7087 = CARTESIAN_POINT ( 'NONE',  ( 9.525000000000000355, -12.69999999999999929, 167.5999999999999943 ) ) ;
#7088 = CARTESIAN_POINT ( 'NONE',  ( 1.555301434917138433E-15, -22.22499999999999787, 165.0999999999999943 ) ) ;
#7089 = VECTOR ( 'NONE', #11086, 1000.000000000000000 ) ;
#7090 = ORIENTED_EDGE ( 'NONE', *, *, #9512, .T. ) ;
#7091 = ORIENTED_EDGE ( 'NONE', *, *, #6335, .F. ) ;
#7092 = CIRCLE ( 'NONE', #4635, 17.66249999999999787 ) ;
#7094 = ORIENTED_EDGE ( 'NONE', *, *, #1603, .T. ) ;
#7093 = CIRCLE ( 'NONE', #10778, 2.080499999999998906 ) ;
#7095 = ORIENTED_EDGE ( 'NONE', *, *, #3913, .F. ) ;
#7096 = EDGE_CURVE ( 'NONE', #2005, #11570, #5669, .T. ) ;
#7097 = AXIS2_PLACEMENT_3D ( 'NONE', #10528, #6561, #8418 ) ;
#7098 = AXIS2_PLACEMENT_3D ( 'NONE', #12514, #10647, #11745 ) ;
#7099 = CARTESIAN_POINT ( 'NONE',  ( -9.525000000000000355, -10.07084749364648069, 78.06156772950203049 ) ) ;
#7100 = CARTESIAN_POINT ( 'NONE',  ( 12.70000000000000107, 3.577867169202164632E-15, 88.90000000000000568 ) ) ;
#7101 = DIRECTION ( 'NONE',  ( -1.000000000000000000, -0.000000000000000000, -0.000000000000000000 ) ) ;
#7102 = FACE_OUTER_BOUND ( 'NONE', #509, .T. ) ;
#7103 = CARTESIAN_POINT ( 'NONE',  ( 1.080765552152139773E-15, -22.22499999999999787, 99.10000000000000853 ) ) ;
#7104 = DIRECTION ( 'NONE',  ( 0.000000000000000000, 0.000000000000000000, 1.000000000000000000 ) ) ;
#7105 = DIRECTION ( 'NONE',  ( -1.000000000000000000, -0.000000000000000000, -0.000000000000000000 ) ) ;
#7106 = CIRCLE ( 'NONE', #11000, 2.270999999999995467 ) ;
#7107 = CARTESIAN_POINT ( 'NONE',  ( 12.70000000000000107, -14.16298196909033535, 36.12517298397507659 ) ) ;
#7108 = AXIS2_PLACEMENT_3D ( 'NONE', #7877, #11791, #4797 ) ;
#7109 = ORIENTED_EDGE ( 'NONE', *, *, #8107, .F. ) ;
#7110 = EDGE_CURVE ( 'NONE', #3774, #430, #553, .T. ) ;
#7111 = DIRECTION ( 'NONE',  ( 0.000000000000000000, 0.000000000000000000, 1.000000000000000000 ) ) ;
#7112 = ORIENTED_EDGE ( 'NONE', *, *, #4703, .F. ) ;
#7113 = ORIENTED_EDGE ( 'NONE', *, *, #9474, .T. ) ;
#7114 = VERTEX_POINT ( 'NONE', #12466 ) ;
#7115 = CARTESIAN_POINT ( 'NONE',  ( -9.525000000000000355, -14.16298196909033535, 36.12517298397507659 ) ) ;
#7116 = DIRECTION ( 'NONE',  ( 0.000000000000000000, 0.000000000000000000, 1.000000000000000000 ) ) ;
#7117 = VECTOR ( 'NONE', #1189, 1000.000000000000000 ) ;
#7118 = DIRECTION ( 'NONE',  ( -0.000000000000000000, 1.000000000000000000, -0.000000000000000000 ) ) ;
#7119 = DIRECTION ( 'NONE',  ( 1.000000000000000000, -0.000000000000000000, -0.000000000000000000 ) ) ;
#7120 = ADVANCED_FACE ( 'NONE', ( #7591 ), #3733, .F. ) ;
#7121 = CARTESIAN_POINT ( 'NONE',  ( 12.70000000000000107, 2.068405620284298418, 106.4409693130105268 ) ) ;
#7122 = CARTESIAN_POINT ( 'NONE',  ( 12.70000000000000107, -15.22687436074362388, 135.6116243630400220 ) ) ;
#7123 = CARTESIAN_POINT ( 'NONE',  ( -12.69999999999999751, -2.068405620284290425, 20.55903068698950520 ) ) ;
#7124 = CARTESIAN_POINT ( 'NONE',  ( 9.525000000000000355, 14.16298196909037088, 137.7251729839752841 ) ) ;
#7125 = DIRECTION ( 'NONE',  ( -1.000000000000000000, -0.000000000000000000, -0.000000000000000000 ) ) ;
#7126 = EDGE_CURVE ( 'NONE', #1199, #12206, #10988, .T. ) ;
#7127 = ORIENTED_EDGE ( 'NONE', *, *, #6874, .T. ) ;
#7128 = ORIENTED_EDGE ( 'NONE', *, *, #5078, .T. ) ;
#7129 = ORIENTED_EDGE ( 'NONE', *, *, #7964, .T. ) ;
#7130 = ORIENTED_EDGE ( 'NONE', *, *, #2050, .F. ) ;
#7131 = APPROVAL_DATE_TIME ( #6940, #9290 ) ;
#7132 = CARTESIAN_POINT ( 'NONE',  ( -12.69999999999999751, -12.69999999999999929, 63.50000000000000000 ) ) ;
#7133 = CARTESIAN_POINT ( 'NONE',  ( 12.70000000000000107, -11.15407434219244465, 128.5573278018419785 ) ) ;
#7134 = CIRCLE ( 'NONE', #9796, 2.499999999999988454 ) ;
#7135 = CYLINDRICAL_SURFACE ( 'NONE', #10630, 2.499999999999992006 ) ;
#7136 = CARTESIAN_POINT ( 'NONE',  ( -12.69999999999999751, 3.061616997868373773E-16, 61.00000000000000711 ) ) ;
#7137 = FACE_OUTER_BOUND ( 'NONE', #12697, .T. ) ;
#7138 = CARTESIAN_POINT ( 'NONE',  ( 9.525000000000000355, 12.33648634558017676, 28.89623028888087930 ) ) ;
#7139 = ORIENTED_EDGE ( 'NONE', *, *, #5957, .T. ) ;
#7140 = ADVANCED_FACE ( 'NONE', ( #610 ), #4702, .F. ) ;
#7141 = ORIENTED_EDGE ( 'NONE', *, *, #11682, .F. ) ;
#7142 = ORIENTED_EDGE ( 'NONE', *, *, #1527, .T. ) ;
#7143 = AXIS2_PLACEMENT_3D ( 'NONE', #7544, #12125, #5321 ) ;
#7144 = VECTOR ( 'NONE', #9245, 1000.000000000000000 ) ;
#7145 = ORIENTED_EDGE ( 'NONE', *, *, #7675, .F. ) ;
#7146 = DIRECTION ( 'NONE',  ( -1.000000000000000000, -0.000000000000000000, -0.000000000000000000 ) ) ;
#7147 = DIRECTION ( 'NONE',  ( 0.000000000000000000, 0.000000000000000000, 1.000000000000000000 ) ) ;
#7148 = DIRECTION ( 'NONE',  ( 0.000000000000000000, 0.000000000000000000, -1.000000000000000000 ) ) ;
#7149 = DIRECTION ( 'NONE',  ( -0.000000000000000000, 1.000000000000000000, -0.000000000000000000 ) ) ;
#7150 = FACE_BOUND ( 'NONE', #11753, .T. ) ;
#7151 = CARTESIAN_POINT ( 'NONE',  ( 1.555301434917138433E-15, 22.22500000000000142, 114.2999999999999972 ) ) ;
#7152 = CIRCLE ( 'NONE', #1618, 2.270999999999998575 ) ;
#7153 = EDGE_CURVE ( 'NONE', #4224, #4050, #10286, .T. ) ;
#7154 = AXIS2_PLACEMENT_3D ( 'NONE', #11751, #10651, #10779 ) ;
#7155 = VERTEX_POINT ( 'NONE', #5415 ) ;
#7156 = ORIENTED_EDGE ( 'NONE', *, *, #12010, .T. ) ;
#7157 = VECTOR ( 'NONE', #198, 1000.000000000000000 ) ;
#7158 = ORIENTED_EDGE ( 'NONE', *, *, #8298, .F. ) ;
#7159 = ORIENTED_EDGE ( 'NONE', *, *, #3431, .F. ) ;
#7160 = AXIS2_PLACEMENT_3D ( 'NONE', #6372, #11299, #1366 ) ;
#7161 = AXIS2_PLACEMENT_3D ( 'NONE', #10207, #7196, #5277 ) ;
#7162 = DIRECTION ( 'NONE',  ( 0.000000000000000000, 0.000000000000000000, -1.000000000000000000 ) ) ;
#7163 = CYLINDRICAL_SURFACE ( 'NONE', #10247, 2.270999999999995467 ) ;
#7164 = DIRECTION ( 'NONE',  ( 1.000000000000000000, -0.000000000000000000, -0.000000000000000000 ) ) ;
#7165 = DIRECTION ( 'NONE',  ( -1.000000000000000000, -0.000000000000000000, -0.000000000000000000 ) ) ;
#7166 = CIRCLE ( 'NONE', #1635, 2.080499999999998906 ) ;
#7167 = DIRECTION ( 'NONE',  ( 1.000000000000000000, 0.000000000000000000, 0.000000000000000000 ) ) ;
#7168 = FACE_OUTER_BOUND ( 'NONE', #11822, .T. ) ;
#7169 = EDGE_CURVE ( 'NONE', #9124, #6266, #7463, .T. ) ;
#7170 = CARTESIAN_POINT ( 'NONE',  ( 9.525000000000000355, 4.072800018551152590, 22.86895216488212412 ) ) ;
#7171 = DIRECTION ( 'NONE',  ( 0.000000000000000000, 0.000000000000000000, 1.000000000000000000 ) ) ;
#7172 = AXIS2_PLACEMENT_3D ( 'NONE', #2249, #3076, #6103 ) ;
#7173 = ORIENTED_EDGE ( 'NONE', *, *, #477, .T. ) ;
#7174 = DIRECTION ( 'NONE',  ( 0.000000000000000000, 0.000000000000000000, 1.000000000000000000 ) ) ;
#7175 = ORIENTED_EDGE ( 'NONE', *, *, #9713, .F. ) ;
#7176 = EDGE_LOOP ( 'NONE', ( #2635, #9914 ) ) ;
#7177 = ORIENTED_EDGE ( 'NONE', *, *, #460, .T. ) ;
#7178 = DIRECTION ( 'NONE',  ( -1.000000000000000000, -0.000000000000000000, -0.000000000000000000 ) ) ;
#7179 = DIRECTION ( 'NONE',  ( -1.000000000000000000, -0.000000000000000000, -0.000000000000000000 ) ) ;
#7180 = CARTESIAN_POINT ( 'NONE',  ( -12.69999999999999751, 2.068405620284300195, 122.1590306869894960 ) ) ;
#7181 = DIRECTION ( 'NONE',  ( 0.000000000000000000, 0.000000000000000000, -1.000000000000000000 ) ) ;
#7182 = EDGE_CURVE ( 'NONE', #7584, #9904, #1569, .T. ) ;
#7183 = DIRECTION ( 'NONE',  ( 0.000000000000000000, 0.000000000000000000, 1.000000000000000000 ) ) ;
#7184 = CARTESIAN_POINT ( 'NONE',  ( -12.69999999999999751, 12.69999999999999929, 116.7999999999999829 ) ) ;
#7185 = CIRCLE ( 'NONE', #5750, 2.080499999999998906 ) ;
#7186 = DIRECTION ( 'NONE',  ( -1.000000000000000000, -0.000000000000000000, -0.000000000000000000 ) ) ;
#7187 = CARTESIAN_POINT ( 'NONE',  ( -12.69999999999999751, 3.577867169202164632E-15, 139.7000000000000171 ) ) ;
#7188 = LINE ( 'NONE', #4528, #3875 ) ;
#7189 = ORIENTED_EDGE ( 'NONE', *, *, #8466, .F. ) ;
#7190 = ORIENTED_EDGE ( 'NONE', *, *, #3805, .T. ) ;
#7191 = VERTEX_POINT ( 'NONE', #2763 ) ;
#7192 = CIRCLE ( 'NONE', #5145, 2.080499999999998906 ) ;
#7193 = EDGE_LOOP ( 'NONE', ( #5332, #10136, #9308, #8412 ) ) ;
#7194 = VERTEX_POINT ( 'NONE', #7717 ) ;
#7195 = CARTESIAN_POINT ( 'NONE',  ( 12.70000000000000107, 11.15407434219260630, 128.5573278018421490 ) ) ;
#7196 = DIRECTION ( 'NONE',  ( -1.000000000000000000, -0.000000000000000000, -0.000000000000000000 ) ) ;
#7197 = DIRECTION ( 'NONE',  ( -1.000000000000000000, -0.000000000000000000, -0.000000000000000000 ) ) ;
#7198 = DIRECTION ( 'NONE',  ( 0.000000000000000000, 0.000000000000000000, 1.000000000000000000 ) ) ;
#7199 = ADVANCED_FACE ( 'NONE', ( #1818 ), #10598, .F. ) ;
#7200 = FACE_OUTER_BOUND ( 'NONE', #7713, .T. ) ;
#7201 = CARTESIAN_POINT ( 'NONE',  ( 12.70000000000000107, -16.22354728284506820, 141.9621436318877556 ) ) ;
#7202 = EDGE_CURVE ( 'NONE', #2145, #7046, #11195, .T. ) ;
#7203 = DIRECTION ( 'NONE',  ( -1.000000000000000000, -0.000000000000000000, -0.000000000000000000 ) ) ;
#7204 = AXIS2_PLACEMENT_3D ( 'NONE', #5238, #5049, #2230 ) ;
#7205 = DIRECTION ( 'NONE',  ( -1.000000000000000000, 0.000000000000000000, 0.000000000000000000 ) ) ;
#7206 = ORIENTED_EDGE ( 'NONE', *, *, #10843, .F. ) ;
#7207 = ORIENTED_EDGE ( 'NONE', *, *, #9627, .T. ) ;
#7208 = ORIENTED_EDGE ( 'NONE', *, *, #3328, .F. ) ;
#7209 = ORIENTED_EDGE ( 'NONE', *, *, #4356, .F. ) ;
#7210 = VERTEX_POINT ( 'NONE', #9264 ) ;
#7211 = DIRECTION ( 'NONE',  ( -1.000000000000000000, 0.000000000000000000, 0.000000000000000000 ) ) ;
#7212 = ADVANCED_FACE ( 'NONE', ( #2349 ), #5364, .F. ) ;
#7213 = DIRECTION ( 'NONE',  ( 0.000000000000000000, 0.000000000000000000, 1.000000000000000000 ) ) ;
#7214 = CARTESIAN_POINT ( 'NONE',  ( 7.746038523653021987E-16, 22.22500000000000142, 152.3999999999999773 ) ) ;
#7215 = CARTESIAN_POINT ( 'NONE',  ( 9.525000000000000355, 11.15407434219260630, 26.95732780184214405 ) ) ;
#7216 = CARTESIAN_POINT ( 'NONE',  ( 12.70000000000000107, 12.33648634557998314, 47.30376971111940776 ) ) ;
#7217 = EDGE_CURVE ( 'NONE', #4825, #6656, #12217, .T. ) ;
#7218 = ORIENTED_EDGE ( 'NONE', *, *, #11731, .F. ) ;
#7219 = AXIS2_PLACEMENT_3D ( 'NONE', #10421, #11454, #2720 ) ;
#7220 = ORIENTED_EDGE ( 'NONE', *, *, #4953, .T. ) ;
#7221 = AXIS2_PLACEMENT_3D ( 'NONE', #425, #7146, #3360 ) ;
#7222 = ORIENTED_EDGE ( 'NONE', *, *, #10802, .F. ) ;
#7223 = ORIENTED_EDGE ( 'NONE', *, *, #6948, .T. ) ;
#7224 = EDGE_CURVE ( 'NONE', #7059, #4547, #6894, .T. ) ;
#7225 = CARTESIAN_POINT ( 'NONE',  ( 12.70000000000000107, 1.802455207620993427, 154.9855954242718497 ) ) ;
#7226 = DIRECTION ( 'NONE',  ( 0.000000000000000000, 0.000000000000000000, -1.000000000000000000 ) ) ;
#7227 = DIRECTION ( 'NONE',  ( -1.000000000000000000, 0.000000000000000000, 0.000000000000000000 ) ) ;
#7228 = FACE_BOUND ( 'NONE', #2968, .T. ) ;
#7229 = CARTESIAN_POINT ( 'NONE',  ( 9.525000000000000355, 16.22354728284508951, 137.4378563681123921 ) ) ;
#7230 = CIRCLE ( 'NONE', #11733, 2.500000000000002220 ) ;
#7231 = CIRCLE ( 'NONE', #1142, 2.500000000000002220 ) ;
#7232 = DIRECTION ( 'NONE',  ( -0.000000000000000000, 1.000000000000000000, -0.000000000000000000 ) ) ;
#7233 = CARTESIAN_POINT ( 'NONE',  ( 1.861463134703975909E-15, 22.22500000000000142, 124.5000000000000142 ) ) ;
#7234 = DIRECTION ( 'NONE',  ( 0.000000000000000000, 0.000000000000000000, -1.000000000000000000 ) ) ;
#7235 = ORIENTED_EDGE ( 'NONE', *, *, #1953, .T. ) ;
#7236 = CIRCLE ( 'NONE', #6614, 2.080499999999998906 ) ;
#7237 = ORIENTED_EDGE ( 'NONE', *, *, #10574, .F. ) ;
#7238 = EDGE_CURVE ( 'NONE', #373, #10716, #12644, .T. ) ;
#7239 = ORIENTED_EDGE ( 'NONE', *, *, #11038, .F. ) ;
#7240 = CARTESIAN_POINT ( 'NONE',  ( 12.70000000000000107, 1.802455207620993427, 124.4144045757281845 ) ) ;
#7241 = FACE_OUTER_BOUND ( 'NONE', #3493, .T. ) ;
#7242 = DIRECTION ( 'NONE',  ( 0.000000000000000000, 0.000000000000000000, 1.000000000000000000 ) ) ;
#7243 = CARTESIAN_POINT ( 'NONE',  ( -9.525000000000000355, -11.15407434219244465, 128.5573278018419785 ) ) ;
#7244 = VECTOR ( 'NONE', #11298, 1000.000000000000000 ) ;
#7245 = CARTESIAN_POINT ( 'NONE',  ( -9.525000000000000355, 3.577867169202164632E-15, 38.10000000000001563 ) ) ;
#7246 = FACE_BOUND ( 'NONE', #9708, .T. ) ;
#7247 = LINE ( 'NONE', #11163, #1299 ) ;
#7248 = CARTESIAN_POINT ( 'NONE',  ( 7.746038523653021987E-16, 25.40000000000000213, 88.89999999999999147 ) ) ;
#7249 = CARTESIAN_POINT ( 'NONE',  ( 9.525000000000000355, -22.22499999999999787, 0.000000000000000000 ) ) ;
#7250 = VERTEX_POINT ( 'NONE', #12169 ) ;
#7251 = ORIENTED_EDGE ( 'NONE', *, *, #7063, .F. ) ;
#7252 = VERTEX_POINT ( 'NONE', #8251 ) ;
#7253 = EDGE_CURVE ( 'NONE', #6049, #5348, #7925, .T. ) ;
#7254 = CIRCLE ( 'NONE', #12365, 2.080500000000013117 ) ;
#7255 = ORIENTED_EDGE ( 'NONE', *, *, #10289, .F. ) ;
#7256 = ORIENTED_EDGE ( 'NONE', *, *, #4454, .T. ) ;
#7257 = DIRECTION ( 'NONE',  ( -0.000000000000000000, 1.000000000000000000, -0.000000000000000000 ) ) ;
#7258 = DIRECTION ( 'NONE',  ( 0.000000000000000000, 0.000000000000000000, 1.000000000000000000 ) ) ;
#7259 = DIRECTION ( 'NONE',  ( -1.000000000000000000, -0.000000000000000000, -0.000000000000000000 ) ) ;
#7260 = DIRECTION ( 'NONE',  ( 0.000000000000000000, 0.000000000000000000, 1.000000000000000000 ) ) ;
#7261 = DIRECTION ( 'NONE',  ( -1.000000000000000000, -0.000000000000000000, -0.000000000000000000 ) ) ;
#7262 = CARTESIAN_POINT ( 'NONE',  ( 12.70000000000000107, -14.15672222192825025, 150.2617764690019442 ) ) ;
#7263 = AXIS2_PLACEMENT_3D ( 'NONE', #5618, #3092, #3690 ) ;
#7264 = CARTESIAN_POINT ( 'NONE',  ( 9.525000000000000355, 6.152699789198528002, 124.5189240976142884 ) ) ;
#7265 = EDGE_LOOP ( 'NONE', ( #6263, #5743, #8982, #6901 ) ) ;
#7266 = EDGE_LOOP ( 'NONE', ( #3437, #10408, #237, #4320 ) ) ;
#7267 = ORIENTED_EDGE ( 'NONE', *, *, #9005, .T. ) ;
#7268 = EDGE_CURVE ( 'NONE', #2037, #7649, #6207, .T. ) ;
#7269 = EDGE_LOOP ( 'NONE', ( #7342, #9421, #12108, #3878 ) ) ;
#7270 = VERTEX_POINT ( 'NONE', #7285 ) ;
#7271 = EDGE_CURVE ( 'NONE', #5755, #4778, #7106, .T. ) ;
#7272 = CARTESIAN_POINT ( 'NONE',  ( 12.70000000000000107, -15.22687436074362388, 84.81162436304001062 ) ) ;
#7273 = VECTOR ( 'NONE', #1100, 1000.000000000000000 ) ;
#7274 = CARTESIAN_POINT ( 'NONE',  ( 3.061616997868369829E-16, 25.40000000000000213, 10.20000000000001172 ) ) ;
#7275 = CARTESIAN_POINT ( 'NONE',  ( 9.525000000000000355, 14.15672222192810992, 99.46177646900214597 ) ) ;
#7276 = FACE_BOUND ( 'NONE', #6984, .T. ) ;
#7277 = ORIENTED_EDGE ( 'NONE', *, *, #5890, .F. ) ;
#7278 = VECTOR ( 'NONE', #8393, 1000.000000000000000 ) ;
#7279 = EDGE_LOOP ( 'NONE', ( #3631, #9566, #12590, #4713 ) ) ;
#7280 = VERTEX_POINT ( 'NONE', #6329 ) ;
#7281 = ORIENTED_EDGE ( 'NONE', *, *, #4982, .T. ) ;
#7282 = EDGE_CURVE ( 'NONE', #5690, #9383, #9551, .T. ) ;
#7283 = VECTOR ( 'NONE', #3179, 1000.000000000000000 ) ;
#7284 = EDGE_CURVE ( 'NONE', #11198, #12155, #1452, .T. ) ;
#7285 = CARTESIAN_POINT ( 'NONE',  ( -9.525000000000000355, 14.16298196909037088, 36.12517298397528975 ) ) ;
#7286 = DIRECTION ( 'NONE',  ( 0.000000000000000000, 0.000000000000000000, 1.000000000000000000 ) ) ;
#7287 = CYLINDRICAL_SURFACE ( 'NONE', #2284, 2.080499999999998906 ) ;
#7288 = AXIS2_PLACEMENT_3D ( 'NONE', #3382, #4404, #12236 ) ;
#7289 = DIRECTION ( 'NONE',  ( -0.000000000000000000, 1.000000000000000000, -0.000000000000000000 ) ) ;
#7290 = CARTESIAN_POINT ( 'NONE',  ( -12.69999999999999751, 10.07084749364666365, 128.8615677295021271 ) ) ;
#7291 = AXIS2_PLACEMENT_3D ( 'NONE', #2674, #10499, #1724 ) ;
#7292 = LINE ( 'NONE', #6274, #8436 ) ;
#7293 = CARTESIAN_POINT ( 'NONE',  ( 9.525000000000000355, 11.15407434219260630, 77.75732780184213766 ) ) ;
#7294 = VECTOR ( 'NONE', #3502, 1000.000000000000000 ) ;
#7295 = CIRCLE ( 'NONE', #2572, 2.080499999999998906 ) ;
#7296 = DIRECTION ( 'NONE',  ( 1.000000000000000000, 0.000000000000000000, 0.000000000000000000 ) ) ;
#7297 = EDGE_LOOP ( 'NONE', ( #1934, #5980 ) ) ;
#7298 = EDGE_CURVE ( 'NONE', #9027, #5806, #8308, .T. ) ;
#7299 = CIRCLE ( 'NONE', #4019, 17.66249999999999787 ) ;
#7300 = EDGE_CURVE ( 'NONE', #4526, #1071, #8940, .T. ) ;
#7301 = ORIENTED_EDGE ( 'NONE', *, *, #9737, .F. ) ;
#7302 = EDGE_LOOP ( 'NONE', ( #5903, #6327, #4892, #4545 ) ) ;
#7303 = ADVANCED_FACE ( 'NONE', ( #11077 ), #9984, .T. ) ;
#7304 = DIRECTION ( 'NONE',  ( 0.000000000000000000, 0.000000000000000000, -1.000000000000000000 ) ) ;
#7305 = CARTESIAN_POINT ( 'NONE',  ( 12.70000000000000107, 2.068405620284298418, 55.64096931301052251 ) ) ;
#7306 = CYLINDRICAL_SURFACE ( 'NONE', #11855, 2.271000000000002128 ) ;
#7307 = CIRCLE ( 'NONE', #5055, 2.080499999999985139 ) ;
#7308 = CARTESIAN_POINT ( 'NONE',  ( -12.69999999999999751, -14.15672222192825025, 48.66177646900194276 ) ) ;
#7309 = CARTESIAN_POINT ( 'NONE',  ( 1.080765552152139773E-15, 22.22500000000000142, 35.60000000000000853 ) ) ;
#7310 = CARTESIAN_POINT ( 'NONE',  ( 7.746038523653021987E-16, 25.40000000000000213, 38.09999999999999432 ) ) ;
#7311 = DIRECTION ( 'NONE',  ( -1.000000000000000000, -0.000000000000000000, -0.000000000000000000 ) ) ;
#7312 = CARTESIAN_POINT ( 'NONE',  ( 12.70000000000000107, -4.072800018551144596, 154.9310478351179086 ) ) ;
#7313 = EDGE_CURVE ( 'NONE', #3109, #4407, #6491, .T. ) ;
#7314 = ORIENTED_EDGE ( 'NONE', *, *, #1789, .T. ) ;
#7315 = CIRCLE ( 'NONE', #964, 2.080499999999985139 ) ;
#7316 = ORIENTED_EDGE ( 'NONE', *, *, #7837, .T. ) ;
#7317 = ORIENTED_EDGE ( 'NONE', *, *, #10249, .F. ) ;
#7318 = VERTEX_POINT ( 'NONE', #243 ) ;
#7319 = VERTEX_POINT ( 'NONE', #4149 ) ;
#7320 = CARTESIAN_POINT ( 'NONE',  ( 9.525000000000000355, 3.577867169202164632E-15, 38.10000000000001563 ) ) ;
#7321 = CARTESIAN_POINT ( 'NONE',  ( -12.69999999999999751, 16.22354728284504333, 40.36214363188798160 ) ) ;
#7322 = DIRECTION ( 'NONE',  ( 0.000000000000000000, 0.000000000000000000, 1.000000000000000000 ) ) ;
#7323 = CARTESIAN_POINT ( 'NONE',  ( 12.70000000000000107, -16.22512784221253312, 146.6791928440085258 ) ) ;
#7324 = CARTESIAN_POINT ( 'NONE',  ( 12.70000000000000107, 16.22354728284508951, 35.83785636811239073 ) ) ;
#7325 = VECTOR ( 'NONE', #1799, 1000.000000000000000 ) ;
#7326 = DIRECTION ( 'NONE',  ( -0.000000000000000000, -0.000000000000000000, -1.000000000000000000 ) ) ;
#7327 = EDGE_CURVE ( 'NONE', #10569, #5886, #1577, .T. ) ;
#7328 = CYLINDRICAL_SURFACE ( 'NONE', #11037, 2.270999999999995467 ) ;
#7329 = ORIENTED_EDGE ( 'NONE', *, *, #7555, .T. ) ;
#7330 = ORIENTED_EDGE ( 'NONE', *, *, #5500, .T. ) ;
#7331 = VERTEX_POINT ( 'NONE', #7099 ) ;
#7332 = ORIENTED_EDGE ( 'NONE', *, *, #9446, .F. ) ;
#7333 = DIRECTION ( 'NONE',  ( 0.000000000000000000, 1.000000000000000000, 0.000000000000000000 ) ) ;
#7334 = VECTOR ( 'NONE', #5545, 1000.000000000000000 ) ;
#7335 = DIRECTION ( 'NONE',  ( 0.000000000000000000, 0.000000000000000000, 1.000000000000000000 ) ) ;
#7336 = DIRECTION ( 'NONE',  ( 0.000000000000000000, 0.000000000000000000, 1.000000000000000000 ) ) ;
#7337 = FACE_BOUND ( 'NONE', #3340, .T. ) ;
#7338 = EDGE_CURVE ( 'NONE', #8261, #3876, #4232, .T. ) ;
#7339 = AXIS2_PLACEMENT_3D ( 'NONE', #12417, #3626, #9517 ) ;
#7340 = VERTEX_POINT ( 'NONE', #4208 ) ;
#7341 = CIRCLE ( 'NONE', #3448, 2.500000000000002220 ) ;
#7342 = ORIENTED_EDGE ( 'NONE', *, *, #12297, .F. ) ;
#7343 = EDGE_LOOP ( 'NONE', ( #4627, #10810, #4367, #12341 ) ) ;
#7344 = ORIENTED_EDGE ( 'NONE', *, *, #10978, .F. ) ;
#7345 = ORIENTED_EDGE ( 'NONE', *, *, #10104, .F. ) ;
#7346 = EDGE_CURVE ( 'NONE', #12196, #2258, #9973, .T. ) ;
#7347 = CARTESIAN_POINT ( 'NONE',  ( 12.70000000000000107, 10.07084749364666365, 126.7810677295021549 ) ) ;
#7348 = CARTESIAN_POINT ( 'NONE',  ( -12.69999999999999751, 14.15672222192810992, 48.66177646900214881 ) ) ;
#7349 = AXIS2_PLACEMENT_3D ( 'NONE', #4508, #8420, #12339 ) ;
#7350 = DIRECTION ( 'NONE',  ( 1.000000000000000000, 0.000000000000000000, 0.000000000000000000 ) ) ;
#7351 = CARTESIAN_POINT ( 'NONE',  ( 12.70000000000000107, 12.69999999999999929, 114.2999999999999972 ) ) ;
#7352 = AXIS2_PLACEMENT_3D ( 'NONE', #469, #2449, #7385 ) ;
#7353 = EDGE_CURVE ( 'NONE', #11458, #11443, #11203, .T. ) ;
#7354 = CARTESIAN_POINT ( 'NONE',  ( 12.70000000000000107, 3.577867169202164632E-15, 88.90000000000000568 ) ) ;
#7355 = ADVANCED_FACE ( 'NONE', ( #8620 ), #2536, .F. ) ;
#7356 = CARTESIAN_POINT ( 'NONE',  ( -12.69999999999999751, -12.69999999999999929, 15.19999999999999218 ) ) ;
#7357 = AXIS2_PLACEMENT_3D ( 'NONE', #10959, #66, #4033 ) ;
#7358 = ADVANCED_FACE ( 'NONE', ( #1512 ), #11514, .T. ) ;
#7359 = ORIENTED_EDGE ( 'NONE', *, *, #5429, .F. ) ;
#7360 = AXIS2_PLACEMENT_3D ( 'NONE', #8990, #5020, #5927 ) ;
#7361 = VECTOR ( 'NONE', #6542, 1000.000000000000000 ) ;
#7362 = ORIENTED_EDGE ( 'NONE', *, *, #12437, .T. ) ;
#7363 = VERTEX_POINT ( 'NONE', #7538 ) ;
#7364 = VECTOR ( 'NONE', #8324, 1000.000000000000000 ) ;
#7365 = DIRECTION ( 'NONE',  ( 0.000000000000000000, 0.000000000000000000, 1.000000000000000000 ) ) ;
#7366 = DIRECTION ( 'NONE',  ( 1.000000000000000000, 0.000000000000000000, 0.000000000000000000 ) ) ;
#7367 = EDGE_CURVE ( 'NONE', #1730, #1887, #10371, .T. ) ;
#7368 = VECTOR ( 'NONE', #10965, 1000.000000000000000 ) ;
#7369 = CARTESIAN_POINT ( 'NONE',  ( 12.70000000000000107, 10.07084749364666365, 126.7810677295021549 ) ) ;
#7370 = AXIS2_PLACEMENT_3D ( 'NONE', #40, #12677, #1833 ) ;
#7371 = DIRECTION ( 'NONE',  ( -1.000000000000000000, -0.000000000000000000, -0.000000000000000000 ) ) ;
#7372 = FACE_BOUND ( 'NONE', #1376, .T. ) ;
#7373 = CARTESIAN_POINT ( 'NONE',  ( 1.861463134703976303E-15, 22.22500000000000142, 111.8000000000000114 ) ) ;
#7374 = ADVANCED_FACE ( 'NONE', ( #9455 ), #681, .F. ) ;
#7375 = DIRECTION ( 'NONE',  ( -1.000000000000000000, -0.000000000000000000, -0.000000000000000000 ) ) ;
#7376 = VECTOR ( 'NONE', #10237, 1000.000000000000000 ) ;
#7377 = ORIENTED_EDGE ( 'NONE', *, *, #8725, .F. ) ;
#7378 = ORIENTED_EDGE ( 'NONE', *, *, #11506, .T. ) ;
#7379 = ORIENTED_EDGE ( 'NONE', *, *, #3824, .T. ) ;
#7380 = VERTEX_POINT ( 'NONE', #12477 ) ;
#7381 = VERTEX_POINT ( 'NONE', #2652 ) ;
#7382 = ADVANCED_FACE ( 'NONE', ( #3683 ), #12541, .F. ) ;
#7383 = ADVANCED_FACE ( 'NONE', ( #10352 ), #9324, .F. ) ;
#7384 = CIRCLE ( 'NONE', #12110, 17.66249999999999787 ) ;
#7385 = DIRECTION ( 'NONE',  ( 0.000000000000000000, 0.000000000000000000, 1.000000000000000000 ) ) ;
#7386 = FACE_OUTER_BOUND ( 'NONE', #3794, .T. ) ;
#7387 = CYLINDRICAL_SURFACE ( 'NONE', #3759, 2.270999999999995467 ) ;
#7388 = FACE_OUTER_BOUND ( 'NONE', #9890, .T. ) ;
#7389 = CARTESIAN_POINT ( 'NONE',  ( 9.525000000000000355, -14.15672222192817387, 129.1382235309979762 ) ) ;
#7390 = DIRECTION ( 'NONE',  ( 0.000000000000000000, 0.000000000000000000, 1.000000000000000000 ) ) ;
#7391 = DIRECTION ( 'NONE',  ( 0.000000000000000000, -8.338012381527556114E-16, -1.000000000000000000 ) ) ;
#7392 = CYLINDRICAL_SURFACE ( 'NONE', #2625, 2.080499999999998906 ) ;
#7393 = ORIENTED_EDGE ( 'NONE', *, *, #6043, .T. ) ;
#7394 = AXIS2_PLACEMENT_3D ( 'NONE', #9409, #11400, #11338 ) ;
#7395 = ORIENTED_EDGE ( 'NONE', *, *, #5419, .T. ) ;
#7396 = ORIENTED_EDGE ( 'NONE', *, *, #2256, .T. ) ;
#7397 = VERTEX_POINT ( 'NONE', #7599 ) ;
#7398 = ORIENTED_EDGE ( 'NONE', *, *, #12617, .T. ) ;
#7399 = DIRECTION ( 'NONE',  ( 0.000000000000000000, 0.000000000000000000, 1.000000000000000000 ) ) ;
#7400 = EDGE_CURVE ( 'NONE', #1358, #12641, #11266, .T. ) ;
#7401 = DIRECTION ( 'NONE',  ( -1.000000000000000000, -0.000000000000000000, -0.000000000000000000 ) ) ;
#7402 = DIRECTION ( 'NONE',  ( -1.000000000000000000, -0.000000000000000000, -0.000000000000000000 ) ) ;
#7403 = DIRECTION ( 'NONE',  ( 1.000000000000000000, 0.000000000000000000, 0.000000000000000000 ) ) ;
#7404 = VECTOR ( 'NONE', #5761, 1000.000000000000000 ) ;
#7405 = CYLINDRICAL_SURFACE ( 'NONE', #8099, 2.499999999999992006 ) ;
#7406 = ORIENTED_EDGE ( 'NONE', *, *, #10392, .T. ) ;
#7407 = ORIENTED_EDGE ( 'NONE', *, *, #10749, .F. ) ;
#7408 = ORIENTED_EDGE ( 'NONE', *, *, #76, .T. ) ;
#7409 = EDGE_LOOP ( 'NONE', ( #2893, #5317, #162, #6557, #2081, #342, #6284, #5045, #8998, #10831, #12303, #7978, #11169, #10746, #8897, #6600, #12620, #11528, #1968, #9865, #10346, #10939, #4562, #10455, #3758, #5621, #4307, #1275, #3423, #5029, #3998, #1310, #5295, #11926, #9525, #9496, #7329, #434, #9481, #525, #3909 ) ) ;
#7410 = AXIS2_PLACEMENT_3D ( 'NONE', #9798, #5896, #6843 ) ;
#7411 = AXIS2_PLACEMENT_3D ( 'NONE', #11267, #11384, #8253 ) ;
#7412 = VERTEX_POINT ( 'NONE', #1765 ) ;
#7413 = EDGE_CURVE ( 'NONE', #10757, #9904, #563, .T. ) ;
#7414 = FACE_BOUND ( 'NONE', #7561, .T. ) ;
#7415 = CARTESIAN_POINT ( 'NONE',  ( 12.70000000000000107, -16.22354728284506820, 91.16214363188775849 ) ) ;
#7416 = DIRECTION ( 'NONE',  ( -0.000000000000000000, 1.000000000000000000, -0.000000000000000000 ) ) ;
#7417 = DIRECTION ( 'NONE',  ( 0.000000000000000000, 0.000000000000000000, 1.000000000000000000 ) ) ;
#7418 = DIRECTION ( 'NONE',  ( 1.000000000000000000, 0.000000000000000000, 0.000000000000000000 ) ) ;
#7419 = CARTESIAN_POINT ( 'NONE',  ( 12.70000000000000107, -10.07084749364648069, 25.18106772950202199 ) ) ;
#7420 = AXIS2_PLACEMENT_3D ( 'NONE', #10677, #8821, #11581 ) ;
#7421 = CIRCLE ( 'NONE', #5164, 17.66249999999999787 ) ;
#7422 = EDGE_CURVE ( 'NONE', #10114, #11929, #7307, .T. ) ;
#7423 = VERTEX_POINT ( 'NONE', #6571 ) ;
#7424 = EDGE_LOOP ( 'NONE', ( #9466, #12441, #402, #1421 ) ) ;
#7425 = EDGE_CURVE ( 'NONE', #6936, #9058, #10781, .T. ) ;
#7426 = CIRCLE ( 'NONE', #4361, 17.66249999999999787 ) ;
#7427 = AXIS2_PLACEMENT_3D ( 'NONE', #7586, #10460, #4445 ) ;
#7428 = ORIENTED_EDGE ( 'NONE', *, *, #9323, .F. ) ;
#7429 = LINE ( 'NONE', #10251, #5947 ) ;
#7430 = EDGE_CURVE ( 'NONE', #10757, #5518, #6087, .T. ) ;
#7431 = CARTESIAN_POINT ( 'NONE',  ( -9.525000000000000355, -15.22687436074362388, 135.6116243630400220 ) ) ;
#7432 = LINE ( 'NONE', #7556, #101 ) ;
#7433 = DIRECTION ( 'NONE',  ( 0.000000000000000000, 0.000000000000000000, -1.000000000000000000 ) ) ;
#7434 = FACE_BOUND ( 'NONE', #5581, .T. ) ;
#7435 = CARTESIAN_POINT ( 'NONE',  ( -9.525000000000000355, 1.802455207620993427, 154.9855954242718497 ) ) ;
#7436 = CARTESIAN_POINT ( 'NONE',  ( 12.70000000000000107, -11.15407434219244465, 77.75732780184198134 ) ) ;
#7437 = VECTOR ( 'NONE', #7311, 1000.000000000000000 ) ;
#7438 = ORIENTED_EDGE ( 'NONE', *, *, #374, .F. ) ;
#7439 = ORIENTED_EDGE ( 'NONE', *, *, #12703, .F. ) ;
#7440 = ORIENTED_EDGE ( 'NONE', *, *, #3218, .F. ) ;
#7441 = ORIENTED_EDGE ( 'NONE', *, *, #10729, .F. ) ;
#7442 = ADVANCED_FACE ( 'NONE', ( #9513, #3498, #10415, #1702, #1580, #7414, #5491, #5611, #9390, #744, #4516, #4844, #2024, #4779, #7859, #102 ), #2913, .F. ) ;
#7443 = CIRCLE ( 'NONE', #5408, 17.66249999999999787 ) ;
#7444 = DIRECTION ( 'NONE',  ( 0.000000000000000000, 0.000000000000000000, 1.000000000000000000 ) ) ;
#7445 = CARTESIAN_POINT ( 'NONE',  ( -9.525000000000002132, -22.22499999999999787, 177.8000000000000114 ) ) ;
#7446 = CARTESIAN_POINT ( 'NONE',  ( 12.70000000000000107, 3.577867169202164632E-15, 139.7000000000000171 ) ) ;
#7447 = DIRECTION ( 'NONE',  ( 0.000000000000000000, 0.000000000000000000, 1.000000000000000000 ) ) ;
#7448 = DIRECTION ( 'NONE',  ( -1.000000000000000000, -0.000000000000000000, -0.000000000000000000 ) ) ;
#7449 = CYLINDRICAL_SURFACE ( 'NONE', #7637, 14.30000000000000782 ) ;
#7450 = CARTESIAN_POINT ( 'NONE',  ( 9.525000000000000355, 3.577867169202164632E-15, 139.7000000000000171 ) ) ;
#7451 = EDGE_CURVE ( 'NONE', #12005, #11512, #8877, .T. ) ;
#7452 = DIRECTION ( 'NONE',  ( -1.000000000000000000, -0.000000000000000000, -0.000000000000000000 ) ) ;
#7453 = ORIENTED_EDGE ( 'NONE', *, *, #2436, .T. ) ;
#7454 = EDGE_CURVE ( 'NONE', #11991, #11139, #1954, .T. ) ;
#7455 = ORIENTED_EDGE ( 'NONE', *, *, #3291, .F. ) ;
#7456 = ORIENTED_EDGE ( 'NONE', *, *, #10468, .T. ) ;
#7457 = VERTEX_POINT ( 'NONE', #7795 ) ;
#7458 = EDGE_LOOP ( 'NONE', ( #9945, #920, #1196, #8045 ) ) ;
#7459 = DIRECTION ( 'NONE',  ( 0.000000000000000000, 0.000000000000000000, 1.000000000000000000 ) ) ;
#7460 = ADVANCED_FACE ( 'NONE', ( #1123 ), #2086, .F. ) ;
#7461 = DIRECTION ( 'NONE',  ( -1.000000000000000000, -0.000000000000000000, -0.000000000000000000 ) ) ;
#7462 = EDGE_CURVE ( 'NONE', #2868, #5504, #5879, .T. ) ;
#7463 = LINE ( 'NONE', #855, #5457 ) ;
#7464 = CIRCLE ( 'NONE', #10530, 2.080499999999998906 ) ;
#7465 = CARTESIAN_POINT ( 'NONE',  ( 9.525000000000000355, -10.07084749364648069, 126.7810677295020128 ) ) ;
#7466 = DIRECTION ( 'NONE',  ( 0.000000000000000000, 0.000000000000000000, 1.000000000000000000 ) ) ;
#7467 = EDGE_CURVE ( 'NONE', #1938, #10075, #1980, .T. ) ;
#7468 = EDGE_CURVE ( 'NONE', #961, #11867, #11613, .T. ) ;
#7469 = LINE ( 'NONE', #11569, #1197 ) ;
#7470 = ORIENTED_EDGE ( 'NONE', *, *, #7096, .T. ) ;
#7471 = EDGE_LOOP ( 'NONE', ( #111, #5420, #6950, #8935 ) ) ;
#7472 = AXIS2_PLACEMENT_3D ( 'NONE', #6609, #8347, #1806 ) ;
#7473 = ORIENTED_EDGE ( 'NONE', *, *, #2247, .T. ) ;
#7474 = DIRECTION ( 'NONE',  ( 0.000000000000000000, 0.000000000000000000, 1.000000000000000000 ) ) ;
#7475 = DIRECTION ( 'NONE',  ( -1.000000000000000000, -0.000000000000000000, -0.000000000000000000 ) ) ;
#7476 = DIRECTION ( 'NONE',  ( 0.000000000000000000, 0.000000000000000000, 1.000000000000000000 ) ) ;
#7477 = DIRECTION ( 'NONE',  ( -1.000000000000000000, -0.000000000000000000, -0.000000000000000000 ) ) ;
#7478 = CARTESIAN_POINT ( 'NONE',  ( -12.69999999999999751, 25.40000000000000213, 177.8000000000000114 ) ) ;
#7479 = CIRCLE ( 'NONE', #1532, 2.270999999999995467 ) ;
#7480 = DIRECTION ( 'NONE',  ( -1.000000000000000000, 0.000000000000000000, 0.000000000000000000 ) ) ;
#7481 = EDGE_CURVE ( 'NONE', #4132, #11365, #5939, .T. ) ;
#7482 = ORIENTED_EDGE ( 'NONE', *, *, #4681, .T. ) ;
#7483 = AXIS2_PLACEMENT_3D ( 'NONE', #8403, #529, #12142 ) ;
#7484 = DIRECTION ( 'NONE',  ( 0.000000000000000000, 0.000000000000000000, 1.000000000000000000 ) ) ;
#7485 = ORIENTED_EDGE ( 'NONE', *, *, #4523, .F. ) ;
#7486 = CIRCLE ( 'NONE', #2372, 2.080499999999998906 ) ;
#7487 = AXIS2_PLACEMENT_3D ( 'NONE', #704, #9351, #3457 ) ;
#7488 = CARTESIAN_POINT ( 'NONE',  ( 12.70000000000000107, 5.371240620587829362, 24.84708431341438839 ) ) ;
#7489 = CARTESIAN_POINT ( 'NONE',  ( 9.525000000000000355, 14.15672222192832841, 27.53822353099818443 ) ) ;
#7490 = AXIS2_PLACEMENT_3D ( 'NONE', #10674, #4849, #12415 ) ;
#7491 = AXIS2_PLACEMENT_3D ( 'NONE', #6310, #10984, #9179 ) ;
#7492 = CYLINDRICAL_SURFACE ( 'NONE', #11349, 2.270999999999995467 ) ;
#7493 = CARTESIAN_POINT ( 'NONE',  ( 12.70000000000000107, 14.16298196909037088, 137.7251729839752841 ) ) ;
#7494 = DIRECTION ( 'NONE',  ( -0.000000000000000000, -1.000000000000000000, -0.000000000000000000 ) ) ;
#7495 = DIRECTION ( 'NONE',  ( -1.000000000000000000, -0.000000000000000000, -0.000000000000000000 ) ) ;
#7496 = AXIS2_PLACEMENT_3D ( 'NONE', #5293, #8299, #7086 ) ;
#7497 = CARTESIAN_POINT ( 'NONE',  ( 9.525000000000000355, -14.15672222192825025, 150.2617764690019442 ) ) ;
#7498 = EDGE_CURVE ( 'NONE', #6159, #3130, #8751, .T. ) ;
#7499 = CIRCLE ( 'NONE', #7291, 2.271000000000002128 ) ;
#7500 = SECURITY_CLASSIFICATION ( '', '', #9050 ) ;
#7501 = CIRCLE ( 'NONE', #8727, 2.270999999999995467 ) ;
#7502 = DIRECTION ( 'NONE',  ( -0.000000000000000000, 1.000000000000000000, -0.000000000000000000 ) ) ;
#7503 = EDGE_LOOP ( 'NONE', ( #8278, #9578, #893, #10748 ) ) ;
#7504 = VERTEX_POINT ( 'NONE', #11709 ) ;
#7505 = VERTEX_POINT ( 'NONE', #8683 ) ;
#7506 = AXIS2_PLACEMENT_3D ( 'NONE', #1641, #2596, #4460 ) ;
#7507 = EDGE_CURVE ( 'NONE', #12345, #5456, #7721, .T. ) ;
#7508 = VECTOR ( 'NONE', #5508, 1000.000000000000000 ) ;
#7509 = CARTESIAN_POINT ( 'NONE',  ( 9.525000000000000355, 12.69999999999999929, 114.2999999999999972 ) ) ;
#7510 = DIRECTION ( 'NONE',  ( -1.000000000000000000, -0.000000000000000000, -0.000000000000000000 ) ) ;
#7511 = DIRECTION ( 'NONE',  ( 0.000000000000000000, 0.000000000000000000, 1.000000000000000000 ) ) ;
#7512 = LINE ( 'NONE', #11418, #4791 ) ;
#7513 = CARTESIAN_POINT ( 'NONE',  ( 7.746038523653021987E-16, 25.40000000000000213, 142.1999999999999886 ) ) ;
#7514 = DIRECTION ( 'NONE',  ( -1.000000000000000000, -0.000000000000000000, -0.000000000000000000 ) ) ;
#7515 = CIRCLE ( 'NONE', #7074, 2.271000000000009234 ) ;
#7516 = DIRECTION ( 'NONE',  ( 0.000000000000000000, 0.000000000000000000, 1.000000000000000000 ) ) ;
#7517 = EDGE_CURVE ( 'NONE', #7597, #9249, #3827, .T. ) ;
#7518 = EDGE_CURVE ( 'NONE', #5918, #7252, #2777, .T. ) ;
#7519 = AXIS2_PLACEMENT_3D ( 'NONE', #12098, #10932, #7213 ) ;
#7520 = DIRECTION ( 'NONE',  ( 1.000000000000000000, 0.000000000000000000, 0.000000000000000000 ) ) ;
#7521 = CIRCLE ( 'NONE', #2999, 17.66249999999999787 ) ;
#7522 = VERTEX_POINT ( 'NONE', #6827 ) ;
#7523 = ORIENTED_EDGE ( 'NONE', *, *, #8869, .F. ) ;
#7524 = VERTEX_POINT ( 'NONE', #9842 ) ;
#7525 = ORIENTED_EDGE ( 'NONE', *, *, #2871, .T. ) ;
#7526 = CARTESIAN_POINT ( 'NONE',  ( 9.525000000000000355, 3.577867169202164632E-15, 38.10000000000001563 ) ) ;
#7527 = FACE_OUTER_BOUND ( 'NONE', #5233, .T. ) ;
#7528 = CARTESIAN_POINT ( 'NONE',  ( 12.70000000000000107, 14.16298196909037088, 36.12517298397528975 ) ) ;
#7529 = DIRECTION ( 'NONE',  ( 0.000000000000000000, 0.000000000000000000, 1.000000000000000000 ) ) ;
#7530 = CARTESIAN_POINT ( 'NONE',  ( 1.080765552152140168E-15, -25.39999999999999503, 86.40000000000000568 ) ) ;
#7531 = CARTESIAN_POINT ( 'NONE',  ( 9.525000000000000355, 12.69999999999999929, 63.50000000000000000 ) ) ;
#7532 = EDGE_CURVE ( 'NONE', #11139, #10655, #10182, .T. ) ;
#7533 = DIRECTION ( 'NONE',  ( -1.000000000000000000, -0.000000000000000000, -0.000000000000000000 ) ) ;
#7534 = EDGE_LOOP ( 'NONE', ( #5186, #8810 ) ) ;
#7535 = EDGE_LOOP ( 'NONE', ( #4321, #12042 ) ) ;
#7536 = ORIENTED_EDGE ( 'NONE', *, *, #3857, .T. ) ;
#7537 = ORIENTED_EDGE ( 'NONE', *, *, #10502, .T. ) ;
#7538 = CARTESIAN_POINT ( 'NONE',  ( 12.70000000000000107, 25.40000000000000213, 0.000000000000000000 ) ) ;
#7539 = CARTESIAN_POINT ( 'NONE',  ( 7.746038523653021987E-16, 25.40000000000000213, 88.89999999999999147 ) ) ;
#7540 = DIRECTION ( 'NONE',  ( -0.000000000000000000, 1.000000000000000000, -0.000000000000000000 ) ) ;
#7541 = DIRECTION ( 'NONE',  ( 0.000000000000000000, 6.670409905222044891E-15, -1.000000000000000000 ) ) ;
#7542 = EDGE_CURVE ( 'NONE', #371, #11042, #6902, .T. ) ;
#7543 = EDGE_CURVE ( 'NONE', #11850, #11215, #11009, .T. ) ;
#7544 = CARTESIAN_POINT ( 'NONE',  ( -9.525000000000000355, 3.577867169202164632E-15, 88.90000000000000568 ) ) ;
#7545 = CYLINDRICAL_SURFACE ( 'NONE', #10687, 2.080499999999998906 ) ;
#7546 = FACE_OUTER_BOUND ( 'NONE', #5998, .T. ) ;
#7547 = ORIENTED_EDGE ( 'NONE', *, *, #8309, .T. ) ;
#7548 = VERTEX_POINT ( 'NONE', #6764 ) ;
#7549 = CARTESIAN_POINT ( 'NONE',  ( 12.70000000000000107, 3.577867169202164632E-15, 88.90000000000000568 ) ) ;
#7550 = ORIENTED_EDGE ( 'NONE', *, *, #4396, .T. ) ;
#7551 = CIRCLE ( 'NONE', #1213, 17.66249999999999787 ) ;
#7552 = AXIS2_PLACEMENT_3D ( 'NONE', #2394, #11244, #4191 ) ;
#7553 = DIRECTION ( 'NONE',  ( 0.000000000000000000, 0.000000000000000000, 1.000000000000000000 ) ) ;
#7554 = DIRECTION ( 'NONE',  ( 1.000000000000000000, 0.000000000000000000, 0.000000000000000000 ) ) ;
#7555 = EDGE_CURVE ( 'NONE', #10786, #5015, #8335, .T. ) ;
#7556 = CARTESIAN_POINT ( 'NONE',  ( 12.70000000000000107, 4.072800018551153478, 53.33104783511791425 ) ) ;
#7557 = CARTESIAN_POINT ( 'NONE',  ( -9.525000000000000355, -5.371240620587816927, 24.84708431341438839 ) ) ;
#7558 = DIRECTION ( 'NONE',  ( -1.000000000000000000, -0.000000000000000000, -0.000000000000000000 ) ) ;
#7559 = CYLINDRICAL_SURFACE ( 'NONE', #2718, 2.271000000000009234 ) ;
#7560 = CYLINDRICAL_SURFACE ( 'NONE', #1545, 2.499999999999988454 ) ;
#7561 = EDGE_LOOP ( 'NONE', ( #5902, #6222 ) ) ;
#7562 = CIRCLE ( 'NONE', #10838, 2.270999999999995467 ) ;
#7563 = CARTESIAN_POINT ( 'NONE',  ( 12.70000000000000107, -16.22512784221253312, 45.07919284400851723 ) ) ;
#7564 = ORIENTED_EDGE ( 'NONE', *, *, #12362, .F. ) ;
#7565 = ORIENTED_EDGE ( 'NONE', *, *, #12453, .T. ) ;
#7566 = ORIENTED_EDGE ( 'NONE', *, *, #5692, .F. ) ;
#7567 = DIRECTION ( 'NONE',  ( -1.000000000000000000, -0.000000000000000000, -0.000000000000000000 ) ) ;
#7568 = CIRCLE ( 'NONE', #5123, 2.271000000000002128 ) ;
#7569 = EDGE_CURVE ( 'NONE', #12095, #7838, #3834, .T. ) ;
#7570 = AXIS2_PLACEMENT_3D ( 'NONE', #11685, #10962, #2881 ) ;
#7571 = CARTESIAN_POINT ( 'NONE',  ( -9.525000000000000355, 12.33648634558017676, 79.69623028888086935 ) ) ;
#7572 = FACE_OUTER_BOUND ( 'NONE', #6694, .T. ) ;
#7573 = DIRECTION ( 'NONE',  ( 0.000000000000000000, 1.000000000000000000, 0.000000000000000000 ) ) ;
#7574 = DIRECTION ( 'NONE',  ( 0.000000000000000000, 1.667602476305511223E-15, -1.000000000000000000 ) ) ;
#7575 = AXIS2_PLACEMENT_3D ( 'NONE', #3450, #12304, #7365 ) ;
#7576 = DIRECTION ( 'NONE',  ( -1.000000000000000000, 0.000000000000000000, 0.000000000000000000 ) ) ;
#7577 = CARTESIAN_POINT ( 'NONE',  ( 1.555301434917138038E-15, 25.40000000000000213, 78.69999999999997442 ) ) ;
#7578 = EDGE_CURVE ( 'NONE', #10228, #1874, #4242, .T. ) ;
#7579 = DIRECTION ( 'NONE',  ( 0.000000000000000000, 0.000000000000000000, -1.000000000000000000 ) ) ;
#7580 = ORIENTED_EDGE ( 'NONE', *, *, #8705, .T. ) ;
#7581 = ORIENTED_EDGE ( 'NONE', *, *, #840, .F. ) ;
#7582 = ORIENTED_EDGE ( 'NONE', *, *, #8170, .T. ) ;
#7583 = VECTOR ( 'NONE', #10883, 1000.000000000000000 ) ;
#7584 = VERTEX_POINT ( 'NONE', #1252 ) ;
#7585 = ORIENTED_EDGE ( 'NONE', *, *, #11071, .F. ) ;
#7586 = CARTESIAN_POINT ( 'NONE',  ( -12.69999999999999751, 3.577867169202164632E-15, 88.90000000000000568 ) ) ;
#7587 = ADVANCED_FACE ( 'NONE', ( #10094 ), #8177, .T. ) ;
#7588 = CARTESIAN_POINT ( 'NONE',  ( -12.69999999999999751, 14.16298196909033003, 141.6748270160250343 ) ) ;
#7589 = CARTESIAN_POINT ( 'NONE',  ( 12.70000000000000107, -5.371240620587821368, 51.35291568658563932 ) ) ;
#7590 = EDGE_CURVE ( 'NONE', #3325, #11948, #7021, .T. ) ;
#7591 = FACE_OUTER_BOUND ( 'NONE', #3810, .T. ) ;
#7592 = CARTESIAN_POINT ( 'NONE',  ( 12.70000000000000107, -12.33648634558010748, 98.10376971111922728 ) ) ;
#7593 = CARTESIAN_POINT ( 'NONE',  ( -9.525000000000000355, -12.33648634558010748, 100.3747697111192281 ) ) ;
#7594 = DIRECTION ( 'NONE',  ( -1.000000000000000000, 0.000000000000000000, 0.000000000000000000 ) ) ;
#7595 = EDGE_LOOP ( 'NONE', ( #5807, #12008, #9357, #5485 ) ) ;
#7596 = VERTEX_POINT ( 'NONE', #7274 ) ;
#7597 = VERTEX_POINT ( 'NONE', #2337 ) ;
#7598 = EDGE_LOOP ( 'NONE', ( #2358, #2147, #774, #8746 ) ) ;
#7599 = CARTESIAN_POINT ( 'NONE',  ( -9.525000000000000355, -14.15672222192825025, 150.2617764690019442 ) ) ;
#7600 = VECTOR ( 'NONE', #3390, 1000.000000000000000 ) ;
#7601 = EDGE_CURVE ( 'NONE', #2904, #11754, #3100, .T. ) ;
#7602 = DIRECTION ( 'NONE',  ( 0.000000000000000000, 0.000000000000000000, 1.000000000000000000 ) ) ;
#7603 = CARTESIAN_POINT ( 'NONE',  ( 1.555301434917138433E-15, 25.40000000000000213, 167.5999999999999943 ) ) ;
#7604 = FACE_OUTER_BOUND ( 'NONE', #11781, .T. ) ;
#7605 = CARTESIAN_POINT ( 'NONE',  ( 1.080765552152139379E-15, 25.40000000000000213, 48.30000000000001137 ) ) ;
#7606 = FACE_BOUND ( 'NONE', #7535, .T. ) ;
#7607 = DIRECTION ( 'NONE',  ( 1.000000000000000000, -0.000000000000000000, -0.000000000000000000 ) ) ;
#7608 = VERTEX_POINT ( 'NONE', #6129 ) ;
#7609 = VECTOR ( 'NONE', #10442, 1000.000000000000000 ) ;
#7610 = EDGE_LOOP ( 'NONE', ( #11008, #5597, #9089, #7408 ) ) ;
#7611 = EDGE_LOOP ( 'NONE', ( #11770, #12120, #7078, #1876 ) ) ;
#7612 = ADVANCED_FACE ( 'NONE', ( #4325 ), #3299, .F. ) ;
#7613 = EDGE_CURVE ( 'NONE', #7155, #4839, #6255, .T. ) ;
#7614 = ORIENTED_EDGE ( 'NONE', *, *, #647, .F. ) ;
#7615 = CARTESIAN_POINT ( 'NONE',  ( -12.69999999999999751, 12.69999999999999929, 12.69999999999999929 ) ) ;
#7616 = DIRECTION ( 'NONE',  ( 0.000000000000000000, 0.000000000000000000, 1.000000000000000000 ) ) ;
#7617 = AXIS2_PLACEMENT_3D ( 'NONE', #6716, #5700, #4538 ) ;
#7618 = CIRCLE ( 'NONE', #261, 17.66250000000000497 ) ;
#7619 = CARTESIAN_POINT ( 'NONE',  ( -12.69999999999999751, 12.33648634557998314, 148.9037697111193950 ) ) ;
#7620 = DIRECTION ( 'NONE',  ( 1.000000000000000000, 0.000000000000000000, 0.000000000000000000 ) ) ;
#7621 = DIRECTION ( 'NONE',  ( 1.000000000000000000, 0.000000000000000000, 0.000000000000000000 ) ) ;
#7622 = CARTESIAN_POINT ( 'NONE',  ( 1.555301434917138433E-15, 25.40000000000000213, 165.0999999999999943 ) ) ;
#7623 = CARTESIAN_POINT ( 'NONE',  ( -9.525000000000000355, 3.577867169202164632E-15, 38.10000000000001563 ) ) ;
#7624 = ORIENTED_EDGE ( 'NONE', *, *, #3117, .F. ) ;
#7625 = EDGE_CURVE ( 'NONE', #3130, #9952, #11401, .T. ) ;
#7626 = AXIS2_PLACEMENT_3D ( 'NONE', #1066, #10612, #9656 ) ;
#7627 = CIRCLE ( 'NONE', #11522, 17.66249999999999787 ) ;
#7628 = FACE_OUTER_BOUND ( 'NONE', #10100, .T. ) ;
#7629 = ORIENTED_EDGE ( 'NONE', *, *, #12161, .T. ) ;
#7630 = ORIENTED_EDGE ( 'NONE', *, *, #6015, .F. ) ;
#7631 = ORIENTED_EDGE ( 'NONE', *, *, #6290, .T. ) ;
#7632 = CARTESIAN_POINT ( 'NONE',  ( -9.525000000000000355, 4.072800018551152590, 22.86895216488212412 ) ) ;
#7633 = CYLINDRICAL_SURFACE ( 'NONE', #6311, 2.080499999999998906 ) ;
#7634 = DIRECTION ( 'NONE',  ( -1.000000000000000000, -0.000000000000000000, -0.000000000000000000 ) ) ;
#7635 = CARTESIAN_POINT ( 'NONE',  ( 7.746038523653021987E-16, 25.40000000000000213, 139.6999999999999886 ) ) ;
#7636 = LINE ( 'NONE', #4749, #3146 ) ;
#7637 = AXIS2_PLACEMENT_3D ( 'NONE', #10098, #1491, #9301 ) ;
#7638 = DIRECTION ( 'NONE',  ( -1.000000000000000000, -0.000000000000000000, -0.000000000000000000 ) ) ;
#7639 = CARTESIAN_POINT ( 'NONE',  ( 12.70000000000000107, 3.577867169202164632E-15, 157.3625000000000114 ) ) ;
#7640 = VECTOR ( 'NONE', #1939, 1000.000000000000000 ) ;
#7641 = FACE_OUTER_BOUND ( 'NONE', #9352, .T. ) ;
#7642 = DIRECTION ( 'NONE',  ( -1.000000000000000000, -0.000000000000000000, -0.000000000000000000 ) ) ;
#7643 = FACE_BOUND ( 'NONE', #1681, .T. ) ;
#7644 = EDGE_CURVE ( 'NONE', #8053, #11640, #6098, .T. ) ;
#7645 = VERTEX_POINT ( 'NONE', #4264 ) ;
#7646 = EDGE_LOOP ( 'NONE', ( #275, #10797, #2282, #7979 ) ) ;
#7647 = ORIENTED_EDGE ( 'NONE', *, *, #1909, .T. ) ;
#7648 = AXIS2_PLACEMENT_3D ( 'NONE', #11033, #8331, #9099 ) ;
#7649 = VERTEX_POINT ( 'NONE', #11132 ) ;
#7650 = ORIENTED_EDGE ( 'NONE', *, *, #7298, .F. ) ;
#7651 = CARTESIAN_POINT ( 'NONE',  ( -9.525000000000002132, 0.000000000000000000, 63.50000000000000000 ) ) ;
#7652 = CARTESIAN_POINT ( 'NONE',  ( 12.70000000000000107, -14.15672222192817387, 129.1382235309979762 ) ) ;
#7653 = DIRECTION ( 'NONE',  ( 0.000000000000000000, 0.000000000000000000, 1.000000000000000000 ) ) ;
#7654 = LINE ( 'NONE', #2704, #5715 ) ;
#7655 = DIRECTION ( 'NONE',  ( 1.000000000000000000, 0.000000000000000000, 0.000000000000000000 ) ) ;
#7656 = AXIS2_PLACEMENT_3D ( 'NONE', #3411, #2508, #11239 ) ;
#7657 = CARTESIAN_POINT ( 'NONE',  ( 9.525000000000000355, -12.69999999999999929, 165.0999999999999943 ) ) ;
#7658 = EDGE_CURVE ( 'NONE', #8694, #878, #426, .T. ) ;
#7659 = VERTEX_POINT ( 'NONE', #2217 ) ;
#7660 = ORIENTED_EDGE ( 'NONE', *, *, #9246, .T. ) ;
#7661 = ORIENTED_EDGE ( 'NONE', *, *, #2346, .F. ) ;
#7662 = ORIENTED_EDGE ( 'NONE', *, *, #9201, .T. ) ;
#7663 = AXIS2_PLACEMENT_3D ( 'NONE', #5261, #11030, #8206 ) ;
#7664 = DIRECTION ( 'NONE',  ( 0.000000000000000000, 0.000000000000000000, 1.000000000000000000 ) ) ;
#7665 = DIRECTION ( 'NONE',  ( 1.000000000000000000, 0.000000000000000000, 0.000000000000000000 ) ) ;
#7666 = EDGE_CURVE ( 'NONE', #11589, #10637, #363, .T. ) ;
#7667 = DIRECTION ( 'NONE',  ( 0.000000000000000000, 0.000000000000000000, 1.000000000000000000 ) ) ;
#7668 = CARTESIAN_POINT ( 'NONE',  ( -9.525000000000000355, -4.072800018551146373, 104.1310478351178972 ) ) ;
#7669 = CARTESIAN_POINT ( 'NONE',  ( -12.69999999999999751, 12.69999999999999929, 65.99999999999998579 ) ) ;
#7670 = DIRECTION ( 'NONE',  ( -1.000000000000000000, -0.000000000000000000, -0.000000000000000000 ) ) ;
#7671 = DIRECTION ( 'NONE',  ( 0.000000000000000000, 8.338012381527556114E-16, -1.000000000000000000 ) ) ;
#7672 = EDGE_CURVE ( 'NONE', #1839, #4182, #2799, .T. ) ;
#7673 = VERTEX_POINT ( 'NONE', #12158 ) ;
#7674 = EDGE_CURVE ( 'NONE', #8950, #10572, #3362, .T. ) ;
#7675 = EDGE_CURVE ( 'NONE', #3809, #12670, #570, .T. ) ;
#7676 = ORIENTED_EDGE ( 'NONE', *, *, #11145, .F. ) ;
#7677 = ORIENTED_EDGE ( 'NONE', *, *, #7126, .T. ) ;
#7678 = VERTEX_POINT ( 'NONE', #11967 ) ;
#7679 = FACE_OUTER_BOUND ( 'NONE', #8665, .T. ) ;
#7680 = CARTESIAN_POINT ( 'NONE',  ( 1.555301434917138433E-15, -22.22499999999999787, 65.99999999999998579 ) ) ;
#7681 = CIRCLE ( 'NONE', #1943, 2.499999999999988454 ) ;
#7682 = CARTESIAN_POINT ( 'NONE',  ( -12.69999999999999929, 0.000000000000000000, 114.2999999999999972 ) ) ;
#7683 = CARTESIAN_POINT ( 'NONE',  ( -9.525000000000000355, 10.07084749364666365, 25.18106772950216765 ) ) ;
#7684 = DIRECTION ( 'NONE',  ( 0.000000000000000000, 0.000000000000000000, -1.000000000000000000 ) ) ;
#7685 = CARTESIAN_POINT ( 'NONE',  ( 12.70000000000000107, 6.152699789198528002, 124.5189240976142884 ) ) ;
#7686 = DIRECTION ( 'NONE',  ( -1.000000000000000000, -0.000000000000000000, -0.000000000000000000 ) ) ;
#7687 = ORIENTED_EDGE ( 'NONE', *, *, #12373, .F. ) ;
#7688 = EDGE_CURVE ( 'NONE', #11929, #2726, #3164, .T. ) ;
#7689 = CARTESIAN_POINT ( 'NONE',  ( 1.861463134703975909E-15, 25.40000000000000213, 111.8000000000000114 ) ) ;
#7690 = VERTEX_POINT ( 'NONE', #6195 ) ;
#7691 = ORIENTED_EDGE ( 'NONE', *, *, #10719, .T. ) ;
#7692 = EDGE_LOOP ( 'NONE', ( #8413, #602 ) ) ;
#7693 = VECTOR ( 'NONE', #6731, 1000.000000000000000 ) ;
#7694 = CARTESIAN_POINT ( 'NONE',  ( -12.69999999999999751, 3.577867169202164632E-15, 139.7000000000000171 ) ) ;
#7695 = AXIS2_PLACEMENT_3D ( 'NONE', #3802, #987, #11638 ) ;
#7696 = CARTESIAN_POINT ( 'NONE',  ( 1.555301434917138433E-15, -25.39999999999999503, 65.99999999999998579 ) ) ;
#7697 = DIRECTION ( 'NONE',  ( 0.000000000000000000, 0.000000000000000000, 1.000000000000000000 ) ) ;
#7698 = AXIS2_PLACEMENT_3D ( 'NONE', #10360, #4586, #5369 ) ;
#7699 = CARTESIAN_POINT ( 'NONE',  ( -9.525000000000002132, 12.69999999999999929, 116.7999999999999829 ) ) ;
#7700 = EDGE_CURVE ( 'NONE', #8120, #9152, #3224, .T. ) ;
#7701 = VECTOR ( 'NONE', #6531, 1000.000000000000000 ) ;
#7702 = CARTESIAN_POINT ( 'NONE',  ( 1.861463134703975909E-15, 25.40000000000000213, 61.00000000000001421 ) ) ;
#7703 = CARTESIAN_POINT ( 'NONE',  ( 12.70000000000000107, -8.791741348502544184, 100.1780886705607543 ) ) ;
#7704 = DIRECTION ( 'NONE',  ( 0.000000000000000000, 0.000000000000000000, 1.000000000000000000 ) ) ;
#7705 = DIRECTION ( 'NONE',  ( -1.000000000000000000, -0.000000000000000000, -0.000000000000000000 ) ) ;
#7706 = AXIS2_PLACEMENT_3D ( 'NONE', #9175, #2074, #8093 ) ;
#7707 = CARTESIAN_POINT ( 'NONE',  ( 12.70000000000000107, -25.39999999999999503, 177.8000000000000114 ) ) ;
#7708 = ORIENTED_EDGE ( 'NONE', *, *, #7834, .T. ) ;
#7709 = ORIENTED_EDGE ( 'NONE', *, *, #3833, .T. ) ;
#7710 = ORIENTED_EDGE ( 'NONE', *, *, #4130, .F. ) ;
#7711 = CIRCLE ( 'NONE', #10568, 2.271000000000002128 ) ;
#7712 = VERTEX_POINT ( 'NONE', #5541 ) ;
#7713 = EDGE_LOOP ( 'NONE', ( #1171, #3190, #6328, #6677 ) ) ;
#7714 = CARTESIAN_POINT ( 'NONE',  ( 9.525000000000000355, 3.577867169202164632E-15, 139.7000000000000171 ) ) ;
#7715 = FACE_OUTER_BOUND ( 'NONE', #4178, .T. ) ;
#7716 = AXIS2_PLACEMENT_3D ( 'NONE', #11237, #4552, #3472 ) ;
#7717 = CARTESIAN_POINT ( 'NONE',  ( -12.69999999999999751, 15.22687436074368783, 135.6116243630402494 ) ) ;
#7718 = EDGE_CURVE ( 'NONE', #6094, #83, #1179, .T. ) ;
#7719 = CARTESIAN_POINT ( 'NONE',  ( -12.69999999999999751, 5.371240620587829362, 75.64708431341438200 ) ) ;
#7720 = DIRECTION ( 'NONE',  ( 0.000000000000000000, 0.000000000000000000, -1.000000000000000000 ) ) ;
#7721 = CIRCLE ( 'NONE', #2198, 17.66249999999999787 ) ;
#7722 = CIRCLE ( 'NONE', #4439, 2.270999999999995467 ) ;
#7723 = CYLINDRICAL_SURFACE ( 'NONE', #585, 2.500000000000002220 ) ;
#7724 = ORIENTED_EDGE ( 'NONE', *, *, #9302, .T. ) ;
#7725 = ORIENTED_EDGE ( 'NONE', *, *, #11346, .T. ) ;
#7726 = ORIENTED_EDGE ( 'NONE', *, *, #3839, .T. ) ;
#7727 = VERTEX_POINT ( 'NONE', #4385 ) ;
#7728 = AXIS2_PLACEMENT_3D ( 'NONE', #4569, #5478, #4446 ) ;
#7729 = CARTESIAN_POINT ( 'NONE',  ( -12.69999999999999751, 3.577867169202164632E-15, 38.10000000000001563 ) ) ;
#7730 = DIRECTION ( 'NONE',  ( 0.000000000000000000, 0.000000000000000000, -1.000000000000000000 ) ) ;
#7731 = FACE_BOUND ( 'NONE', #7751, .T. ) ;
#7732 = CARTESIAN_POINT ( 'NONE',  ( 12.70000000000000107, 14.15672222192810992, 99.46177646900214597 ) ) ;
#7733 = EDGE_CURVE ( 'NONE', #11320, #9793, #12337, .T. ) ;
#7734 = CARTESIAN_POINT ( 'NONE',  ( 12.70000000000000107, -1.802455207620986100, 124.4144045757281845 ) ) ;
#7735 = CARTESIAN_POINT ( 'NONE',  ( 1.555301434917138433E-15, -25.39999999999999503, 165.0999999999999943 ) ) ;
#7736 = AXIS2_PLACEMENT_3D ( 'NONE', #7320, #2448, #5397 ) ;
#7737 = VERTEX_POINT ( 'NONE', #8483 ) ;
#7738 = ORIENTED_EDGE ( 'NONE', *, *, #11883, .F. ) ;
#7739 = EDGE_LOOP ( 'NONE', ( #11838, #3999, #3005, #2986 ) ) ;
#7740 = ORIENTED_EDGE ( 'NONE', *, *, #2979, .F. ) ;
#7741 = ADVANCED_FACE ( 'NONE', ( #4634 ), #3604, .F. ) ;
#7742 = DIRECTION ( 'NONE',  ( -1.000000000000000000, -0.000000000000000000, -0.000000000000000000 ) ) ;
#7743 = DIRECTION ( 'NONE',  ( 0.000000000000000000, -1.000000000000000000, 0.000000000000000000 ) ) ;
#7744 = ADVANCED_FACE ( 'NONE', ( #11252 ), #9375, .F. ) ;
#7745 = EDGE_CURVE ( 'NONE', #6478, #7524, #1503, .T. ) ;
#7746 = CARTESIAN_POINT ( 'NONE',  ( 12.70000000000000107, -12.33648634558010748, 98.10376971111922728 ) ) ;
#7747 = CARTESIAN_POINT ( 'NONE',  ( 12.70000000000000107, 12.69999999999999929, 167.5999999999999943 ) ) ;
#7748 = CARTESIAN_POINT ( 'NONE',  ( 1.555301434917138433E-15, -25.39999999999999503, 63.50000000000000000 ) ) ;
#7749 = DIRECTION ( 'NONE',  ( 0.000000000000000000, 1.000000000000000000, 0.000000000000000000 ) ) ;
#7750 = CARTESIAN_POINT ( 'NONE',  ( -9.525000000000000355, 2.068405620284300195, 20.55903068698950520 ) ) ;
#7751 = EDGE_LOOP ( 'NONE', ( #5606, #11291, #11542, #6173, #4807, #5060, #8586, #10411, #5658, #8748, #5147, #494, #4744, #2788, #9759, #8601, #6999, #173, #6629, #4564, #15, #3404, #4956, #6158, #8119, #7344, #789, #1088, #10604, #9247, #4453, #1198, #9448, #3600, #8690, #9059, #9693, #9719, #6386, #3193, #2068 ) ) ;
#7752 = CIRCLE ( 'NONE', #9382, 2.500000000000002220 ) ;
#7753 = CARTESIAN_POINT ( 'NONE',  ( -9.525000000000002132, -12.69999999999999929, 10.20000000000000639 ) ) ;
#7754 = VERTEX_POINT ( 'NONE', #608 ) ;
#7755 = ORIENTED_EDGE ( 'NONE', *, *, #1584, .F. ) ;
#7756 = ADVANCED_FACE ( 'NONE', ( #6560 ), #1688, .T. ) ;
#7757 = EDGE_LOOP ( 'NONE', ( #11526, #8981, #2268, #10056 ) ) ;
#7758 = DIRECTION ( 'NONE',  ( -1.000000000000000000, -0.000000000000000000, -0.000000000000000000 ) ) ;
#7759 = DIRECTION ( 'NONE',  ( -1.000000000000000000, -0.000000000000000000, -0.000000000000000000 ) ) ;
#7760 = DIRECTION ( 'NONE',  ( 0.000000000000000000, 0.000000000000000000, 1.000000000000000000 ) ) ;
#7761 = DIRECTION ( 'NONE',  ( -0.000000000000000000, 1.000000000000000000, -0.000000000000000000 ) ) ;
#7762 = CARTESIAN_POINT ( 'NONE',  ( 12.70000000000000107, 6.152699789198528002, 104.0810759023857344 ) ) ;
#7763 = EDGE_CURVE ( 'NONE', #6481, #8663, #2701, .T. ) ;
#7764 = CIRCLE ( 'NONE', #2835, 2.080499999999985139 ) ;
#7765 = DIRECTION ( 'NONE',  ( 0.000000000000000000, 0.000000000000000000, 1.000000000000000000 ) ) ;
#7766 = CIRCLE ( 'NONE', #5932, 2.080500000000013117 ) ;
#7767 = CARTESIAN_POINT ( 'NONE',  ( 12.70000000000000107, 0.000000000000000000, 116.7999999999999972 ) ) ;
#7768 = DIRECTION ( 'NONE',  ( 0.000000000000000000, 0.000000000000000000, 1.000000000000000000 ) ) ;
#7769 = CYLINDRICAL_SURFACE ( 'NONE', #5795, 2.270999999999995467 ) ;
#7770 = CARTESIAN_POINT ( 'NONE',  ( 12.70000000000000107, -10.07084749364656950, 101.8189322704979247 ) ) ;
#7771 = VECTOR ( 'NONE', #7289, 1000.000000000000000 ) ;
#7772 = CARTESIAN_POINT ( 'NONE',  ( -12.69999999999999751, 10.07084749364666365, 27.26156772950216833 ) ) ;
#7773 = EDGE_LOOP ( 'NONE', ( #2397, #910 ) ) ;
#7774 = VERTEX_POINT ( 'NONE', #7528 ) ;
#7775 = EDGE_LOOP ( 'NONE', ( #11090, #4587, #3112, #1072 ) ) ;
#7776 = AXIS2_PLACEMENT_3D ( 'NONE', #11893, #7907, #10922 ) ;
#7777 = EDGE_CURVE ( 'NONE', #9047, #3241, #6298, .T. ) ;
#7778 = ORIENTED_EDGE ( 'NONE', *, *, #1869, .T. ) ;
#7779 = ORIENTED_EDGE ( 'NONE', *, *, #11829, .T. ) ;
#7780 = CARTESIAN_POINT ( 'NONE',  ( -9.525000000000000355, -12.33648634558010748, 148.9037697111192244 ) ) ;
#7781 = CARTESIAN_POINT ( 'NONE',  ( 12.70000000000000107, 3.577867169202164632E-15, 88.90000000000000568 ) ) ;
#7782 = DIRECTION ( 'NONE',  ( -1.000000000000000000, 0.000000000000000000, 0.000000000000000000 ) ) ;
#7783 = VECTOR ( 'NONE', #6922, 1000.000000000000000 ) ;
#7784 = FACE_OUTER_BOUND ( 'NONE', #8934, .T. ) ;
#7785 = CARTESIAN_POINT ( 'NONE',  ( 12.70000000000000107, -1.802455207620986100, 154.9855954242718497 ) ) ;
#7786 = AXIS2_PLACEMENT_3D ( 'NONE', #6545, #2884, #11485 ) ;
#7787 = CARTESIAN_POINT ( 'NONE',  ( 12.70000000000000107, -14.16298196909034779, 141.6748270160248637 ) ) ;
#7788 = ORIENTED_EDGE ( 'NONE', *, *, #8626, .T. ) ;
#7789 = AXIS2_PLACEMENT_3D ( 'NONE', #6618, #10659, #4828 ) ;
#7790 = ORIENTED_EDGE ( 'NONE', *, *, #9404, .T. ) ;
#7791 = EDGE_LOOP ( 'NONE', ( #3911, #10615, #12537, #3925 ) ) ;
#7792 = EDGE_CURVE ( 'NONE', #1325, #5690, #8144, .T. ) ;
#7793 = ORIENTED_EDGE ( 'NONE', *, *, #12378, .T. ) ;
#7794 = CYLINDRICAL_SURFACE ( 'NONE', #10681, 2.080500000000013117 ) ;
#7795 = CARTESIAN_POINT ( 'NONE',  ( 9.525000000000000355, -4.072800018551144596, 53.33104783511790714 ) ) ;
#7796 = CARTESIAN_POINT ( 'NONE',  ( 12.70000000000000107, -2.068405620284295310, 55.64096931301052251 ) ) ;
#7797 = CYLINDRICAL_SURFACE ( 'NONE', #6301, 14.30000000000000782 ) ;
#7798 = DIRECTION ( 'NONE',  ( 0.000000000000000000, 0.000000000000000000, 1.000000000000000000 ) ) ;
#7799 = FACE_OUTER_BOUND ( 'NONE', #9198, .T. ) ;
#7800 = VECTOR ( 'NONE', #11760, 1000.000000000000000 ) ;
#7801 = DIRECTION ( 'NONE',  ( -0.000000000000000000, 1.000000000000000000, -0.000000000000000000 ) ) ;
#7802 = ORIENTED_EDGE ( 'NONE', *, *, #2278, .T. ) ;
#7803 = ORIENTED_EDGE ( 'NONE', *, *, #9159, .F. ) ;
#7804 = EDGE_LOOP ( 'NONE', ( #7345, #722, #11627, #10057 ) ) ;
#7805 = EDGE_CURVE ( 'NONE', #9793, #10232, #12045, .T. ) ;
#7806 = CIRCLE ( 'NONE', #4128, 2.499999999999974243 ) ;
#7807 = ORIENTED_EDGE ( 'NONE', *, *, #7875, .F. ) ;
#7808 = CARTESIAN_POINT ( 'NONE',  ( 12.70000000000000107, -14.15672222192817387, 78.33822353099797908 ) ) ;
#7809 = DIRECTION ( 'NONE',  ( 0.000000000000000000, 0.000000000000000000, -1.000000000000000000 ) ) ;
#7810 = DIRECTION ( 'NONE',  ( 0.000000000000000000, 0.000000000000000000, 1.000000000000000000 ) ) ;
#7811 = CARTESIAN_POINT ( 'NONE',  ( 12.70000000000000107, 2.068405620284298418, 157.2409693130105097 ) ) ;
#7812 = CARTESIAN_POINT ( 'NONE',  ( 9.525000000000000355, -1.802455207620986100, 124.4144045757281845 ) ) ;
#7813 = CIRCLE ( 'NONE', #9036, 2.080499999999998906 ) ;
#7814 = CARTESIAN_POINT ( 'NONE',  ( -12.69999999999999751, 12.69999999999999929, 63.50000000000000000 ) ) ;
#7815 = ORIENTED_EDGE ( 'NONE', *, *, #7718, .T. ) ;
#7816 = ADVANCED_FACE ( 'NONE', ( #487 ), #6500, .T. ) ;
#7817 = EDGE_CURVE ( 'NONE', #6406, #6642, #156, .T. ) ;
#7818 = DIRECTION ( 'NONE',  ( -1.000000000000000000, -0.000000000000000000, -0.000000000000000000 ) ) ;
#7819 = ORIENTED_EDGE ( 'NONE', *, *, #3175, .T. ) ;
#7820 = ORIENTED_EDGE ( 'NONE', *, *, #270, .F. ) ;
#7821 = AXIS2_PLACEMENT_3D ( 'NONE', #11727, #1978, #11790 ) ;
#7822 = AXIS2_PLACEMENT_3D ( 'NONE', #1703, #11774, #996 ) ;
#7823 = ORIENTED_EDGE ( 'NONE', *, *, #11055, .T. ) ;
#7824 = LINE ( 'NONE', #449, #10634 ) ;
#7825 = CARTESIAN_POINT ( 'NONE',  ( 9.525000000000000355, 3.577867169202164632E-15, 38.10000000000001563 ) ) ;
#7826 = CARTESIAN_POINT ( 'NONE',  ( 1.555301434917138038E-15, 25.40000000000000213, 127.0000000000000000 ) ) ;
#7827 = DIRECTION ( 'NONE',  ( -1.000000000000000000, -0.000000000000000000, -0.000000000000000000 ) ) ;
#7828 = DIRECTION ( 'NONE',  ( 1.000000000000000000, 0.000000000000000000, 0.000000000000000000 ) ) ;
#7829 = DIRECTION ( 'NONE',  ( -1.000000000000000000, -0.000000000000000000, -0.000000000000000000 ) ) ;
#7830 = DIRECTION ( 'NONE',  ( 0.000000000000000000, 0.000000000000000000, -1.000000000000000000 ) ) ;
#7831 = DIRECTION ( 'NONE',  ( -1.000000000000000000, -0.000000000000000000, -0.000000000000000000 ) ) ;
#7832 = DIRECTION ( 'NONE',  ( -1.000000000000000000, -0.000000000000000000, -0.000000000000000000 ) ) ;
#7833 = CARTESIAN_POINT ( 'NONE',  ( -9.525000000000000355, 14.15672222192832841, 78.33822353099817803 ) ) ;
#7834 = EDGE_CURVE ( 'NONE', #2741, #9511, #7315, .T. ) ;
#7835 = CIRCLE ( 'NONE', #1901, 2.499999999999995115 ) ;
#7836 = CARTESIAN_POINT ( 'NONE',  ( 0.000000000000000000, 25.40000000000000213, 12.69999999999999929 ) ) ;
#7837 = EDGE_CURVE ( 'NONE', #12196, #8953, #10527, .T. ) ;
#7838 = VERTEX_POINT ( 'NONE', #3425 ) ;
#7839 = EDGE_CURVE ( 'NONE', #3171, #209, #11311, .T. ) ;
#7840 = EDGE_LOOP ( 'NONE', ( #4966, #9779 ) ) ;
#7841 = EDGE_LOOP ( 'NONE', ( #10955, #187 ) ) ;
#7842 = ORIENTED_EDGE ( 'NONE', *, *, #6874, .F. ) ;
#7843 = ORIENTED_EDGE ( 'NONE', *, *, #9298, .F. ) ;
#7844 = DIRECTION ( 'NONE',  ( 1.000000000000000000, -0.000000000000000000, -0.000000000000000000 ) ) ;
#7845 = APPROVAL_STATUS ( 'not_yet_approved' ) ;
#7846 = CARTESIAN_POINT ( 'NONE',  ( -12.69999999999999751, -12.69999999999999929, 111.8000000000000114 ) ) ;
#7847 = AXIS2_PLACEMENT_3D ( 'NONE', #8456, #12504, #2740 ) ;
#7848 = CARTESIAN_POINT ( 'NONE',  ( -9.525000000000000355, 12.33648634558017676, 28.89623028888087930 ) ) ;
#7849 = DIRECTION ( 'NONE',  ( 0.000000000000000000, 0.000000000000000000, -1.000000000000000000 ) ) ;
#7850 = DIRECTION ( 'NONE',  ( 0.000000000000000000, 8.338012381527556114E-16, 1.000000000000000000 ) ) ;
#7851 = CIRCLE ( 'NONE', #9274, 2.080499999999998906 ) ;
#7852 = ORIENTED_EDGE ( 'NONE', *, *, #10429, .F. ) ;
#7853 = EDGE_CURVE ( 'NONE', #12240, #9152, #2640, .T. ) ;
#7854 = ORIENTED_EDGE ( 'NONE', *, *, #5158, .F. ) ;
#7855 = ORIENTED_EDGE ( 'NONE', *, *, #11716, .T. ) ;
#7856 = EDGE_CURVE ( 'NONE', #5269, #5806, #2594, .T. ) ;
#7857 = ORIENTED_EDGE ( 'NONE', *, *, #5677, .F. ) ;
#7858 = DIRECTION ( 'NONE',  ( 0.000000000000000000, 0.000000000000000000, 1.000000000000000000 ) ) ;
#7859 = FACE_BOUND ( 'NONE', #12164, .T. ) ;
#7860 = CYLINDRICAL_SURFACE ( 'NONE', #10896, 2.271000000000002128 ) ;
#7861 = FACE_BOUND ( 'NONE', #6616, .T. ) ;
#7862 = DIRECTION ( 'NONE',  ( -1.000000000000000000, -0.000000000000000000, -0.000000000000000000 ) ) ;
#7863 = CIRCLE ( 'NONE', #8070, 17.66250000000000497 ) ;
#7864 = DIRECTION ( 'NONE',  ( -0.000000000000000000, 1.000000000000000000, -0.000000000000000000 ) ) ;
#7865 = CYLINDRICAL_SURFACE ( 'NONE', #7626, 14.30000000000000071 ) ;
#7866 = EDGE_CURVE ( 'NONE', #7340, #11444, #365, .T. ) ;
#7867 = ORIENTED_EDGE ( 'NONE', *, *, #7451, .T. ) ;
#7868 = ORIENTED_EDGE ( 'NONE', *, *, #12445, .F. ) ;
#7869 = ORIENTED_EDGE ( 'NONE', *, *, #11464, .F. ) ;
#7870 = VECTOR ( 'NONE', #8146, 1000.000000000000000 ) ;
#7871 = ORIENTED_EDGE ( 'NONE', *, *, #1859, .F. ) ;
#7872 = DIRECTION ( 'NONE',  ( -1.000000000000000000, -0.000000000000000000, -0.000000000000000000 ) ) ;
#7873 = DIRECTION ( 'NONE',  ( -0.000000000000000000, 1.000000000000000000, -0.000000000000000000 ) ) ;
#7874 = FACE_OUTER_BOUND ( 'NONE', #1728, .T. ) ;
#7875 = EDGE_CURVE ( 'NONE', #430, #4444, #11828, .T. ) ;
#7876 = AXIS2_PLACEMENT_3D ( 'NONE', #2391, #8098, #10987 ) ;
#7877 = CARTESIAN_POINT ( 'NONE',  ( -9.525000000000000355, 12.33648634557998314, 148.9037697111193950 ) ) ;
#7878 = CARTESIAN_POINT ( 'NONE',  ( 12.70000000000000107, -2.068405620284290425, 20.55903068698950520 ) ) ;
#7879 = VERTEX_POINT ( 'NONE', #6115 ) ;
#7880 = CARTESIAN_POINT ( 'NONE',  ( 1.861463134703975514E-15, 25.40000000000000213, 22.90000000000000924 ) ) ;
#7881 = ORIENTED_EDGE ( 'NONE', *, *, #3113, .F. ) ;
#7882 = ORIENTED_EDGE ( 'NONE', *, *, #4186, .T. ) ;
#7883 = AXIS2_PLACEMENT_3D ( 'NONE', #7450, #8472, #1550 ) ;
#7884 = EDGE_LOOP ( 'NONE', ( #381, #833, #8680, #1260 ) ) ;
#7885 = CARTESIAN_POINT ( 'NONE',  ( 9.525000000000000355, 12.69999999999999929, 165.0999999999999943 ) ) ;
#7886 = DIRECTION ( 'NONE',  ( 1.000000000000000000, -0.000000000000000000, -0.000000000000000000 ) ) ;
#7887 = FACE_BOUND ( 'NONE', #1294, .T. ) ;
#7888 = CARTESIAN_POINT ( 'NONE',  ( 12.70000000000000107, 3.577867169202164632E-15, 139.7000000000000171 ) ) ;
#7889 = DIRECTION ( 'NONE',  ( 0.000000000000000000, 1.667602476305511223E-15, -1.000000000000000000 ) ) ;
#7890 = ADVANCED_FACE ( 'NONE', ( #10016 ), #4123, .F. ) ;
#7891 = CARTESIAN_POINT ( 'NONE',  ( -9.525000000000000355, 15.22687436074368783, 34.01162436304024084 ) ) ;
#7892 = DIRECTION ( 'NONE',  ( -1.000000000000000000, -0.000000000000000000, -0.000000000000000000 ) ) ;
#7893 = CARTESIAN_POINT ( 'NONE',  ( -9.525000000000000355, 3.577867169202164632E-15, 139.7000000000000171 ) ) ;
#7894 = DIRECTION ( 'NONE',  ( 0.000000000000000000, 0.000000000000000000, 1.000000000000000000 ) ) ;
#7895 = DIRECTION ( 'NONE',  ( -1.000000000000000000, 0.000000000000000000, 0.000000000000000000 ) ) ;
#7896 = CIRCLE ( 'NONE', #1965, 2.499999999999988454 ) ;
#7897 = VERTEX_POINT ( 'NONE', #12016 ) ;
#7898 = ORIENTED_EDGE ( 'NONE', *, *, #6470, .T. ) ;
#7899 = ADVANCED_FACE ( 'NONE', ( #8922 ), #3088, .F. ) ;
#7900 = EDGE_LOOP ( 'NONE', ( #10027, #8822, #254, #5095 ) ) ;
#7901 = ORIENTED_EDGE ( 'NONE', *, *, #8519, .T. ) ;
#7902 = LINE ( 'NONE', #5922, #10485 ) ;
#7903 = AXIS2_PLACEMENT_3D ( 'NONE', #10567, #10629, #5702 ) ;
#7904 = CARTESIAN_POINT ( 'NONE',  ( -9.525000000000000355, 14.16298196909033003, 141.6748270160250343 ) ) ;
#7905 = EDGE_CURVE ( 'NONE', #667, #3984, #9108, .T. ) ;
#7906 = EDGE_CURVE ( 'NONE', #2097, #1872, #578, .T. ) ;
#7907 = DIRECTION ( 'NONE',  ( -1.000000000000000000, -0.000000000000000000, -0.000000000000000000 ) ) ;
#7908 = DIRECTION ( 'NONE',  ( -1.000000000000000000, -0.000000000000000000, -0.000000000000000000 ) ) ;
#7909 = VECTOR ( 'NONE', #3379, 1000.000000000000000 ) ;
#7910 = EDGE_CURVE ( 'NONE', #1713, #9136, #9988, .T. ) ;
#7911 = AXIS2_PLACEMENT_3D ( 'NONE', #7785, #6944, #4901 ) ;
#7912 = CARTESIAN_POINT ( 'NONE',  ( 12.70000000000000107, 1.802455207620993427, 73.61440457572818730 ) ) ;
#7913 = VECTOR ( 'NONE', #6383, 1000.000000000000000 ) ;
#7914 = CYLINDRICAL_SURFACE ( 'NONE', #10200, 17.66250000000000497 ) ;
#7915 = AXIS2_PLACEMENT_3D ( 'NONE', #3075, #2369, #11940 ) ;
#7916 = ORIENTED_EDGE ( 'NONE', *, *, #12144, .F. ) ;
#7917 = EDGE_LOOP ( 'NONE', ( #6762, #8414, #1419, #3706 ) ) ;
#7918 = EDGE_LOOP ( 'NONE', ( #6742, #9275, #4117, #8808 ) ) ;
#7919 = AXIS2_PLACEMENT_3D ( 'NONE', #6514, #9458, #3441 ) ;
#7920 = ORIENTED_EDGE ( 'NONE', *, *, #10488, .T. ) ;
#7921 = CARTESIAN_POINT ( 'NONE',  ( -12.69999999999999751, 3.577867169202164632E-15, 88.90000000000000568 ) ) ;
#7922 = CIRCLE ( 'NONE', #6686, 2.270999999999995467 ) ;
#7923 = DIRECTION ( 'NONE',  ( -1.000000000000000000, -0.000000000000000000, -0.000000000000000000 ) ) ;
#7924 = CARTESIAN_POINT ( 'NONE',  ( 9.525000000000000355, 5.371240620587830250, 152.9529156865856407 ) ) ;
#7925 = CIRCLE ( 'NONE', #9141, 2.500000000000002220 ) ;
#7926 = CARTESIAN_POINT ( 'NONE',  ( 7.746038523653021987E-16, 25.40000000000000213, 101.5999999999999943 ) ) ;
#7927 = FACE_OUTER_BOUND ( 'NONE', #8322, .T. ) ;
#7928 = DIRECTION ( 'NONE',  ( 1.000000000000000000, -0.000000000000000000, -0.000000000000000000 ) ) ;
#7929 = EDGE_CURVE ( 'NONE', #4714, #815, #4658, .T. ) ;
#7930 = CARTESIAN_POINT ( 'NONE',  ( 0.000000000000000000, 22.22500000000000142, 12.69999999999999929 ) ) ;
#7931 = EDGE_LOOP ( 'NONE', ( #3908, #7580 ) ) ;
#7932 = ORIENTED_EDGE ( 'NONE', *, *, #6647, .T. ) ;
#7933 = AXIS2_PLACEMENT_3D ( 'NONE', #9312, #4506, #11497 ) ;
#7934 = ORIENTED_EDGE ( 'NONE', *, *, #11094, .F. ) ;
#7935 = CIRCLE ( 'NONE', #540, 2.270999999999995467 ) ;
#7936 = ORIENTED_EDGE ( 'NONE', *, *, #11255, .T. ) ;
#7937 = EDGE_CURVE ( 'NONE', #9399, #10091, #8346, .T. ) ;
#7938 = DIRECTION ( 'NONE',  ( -1.000000000000000000, -0.000000000000000000, -0.000000000000000000 ) ) ;
#7939 = CARTESIAN_POINT ( 'NONE',  ( -9.525000000000000355, -4.072800018551144596, 22.86895216488212412 ) ) ;
#7940 = CARTESIAN_POINT ( 'NONE',  ( -9.525000000000000355, -15.22687436074362388, 34.01162436304002767 ) ) ;
#7941 = AXIS2_PLACEMENT_3D ( 'NONE', #3915, #1, #1860 ) ;
#7942 = FACE_OUTER_BOUND ( 'NONE', #8965, .T. ) ;
#7943 = CARTESIAN_POINT ( 'NONE',  ( 12.70000000000000107, 14.16298196909033003, 141.6748270160250343 ) ) ;
#7944 = CYLINDRICAL_SURFACE ( 'NONE', #8921, 17.66249999999999787 ) ;
#7945 = ORIENTED_EDGE ( 'NONE', *, *, #2588, .T. ) ;
#7946 = LINE ( 'NONE', #9738, #12006 ) ;
#7947 = EDGE_LOOP ( 'NONE', ( #143, #4421 ) ) ;
#7948 = EDGE_LOOP ( 'NONE', ( #5788, #541, #175, #5312 ) ) ;
#7949 = EDGE_CURVE ( 'NONE', #2083, #11571, #6108, .T. ) ;
#7950 = VERTEX_POINT ( 'NONE', #3649 ) ;
#7951 = CARTESIAN_POINT ( 'NONE',  ( -9.525000000000000355, 5.371240620587830250, 102.1529156865856294 ) ) ;
#7952 = CARTESIAN_POINT ( 'NONE',  ( -12.69999999999999751, 15.22687436074360257, 143.7883756369601258 ) ) ;
#7953 = CYLINDRICAL_SURFACE ( 'NONE', #1021, 2.080499999999998906 ) ;
#7954 = DIRECTION ( 'NONE',  ( -1.000000000000000000, -0.000000000000000000, -0.000000000000000000 ) ) ;
#7955 = CARTESIAN_POINT ( 'NONE',  ( 7.746038523653021987E-16, 22.22500000000000142, 88.89999999999999147 ) ) ;
#7956 = CARTESIAN_POINT ( 'NONE',  ( 9.525000000000000355, -22.22499999999999787, 177.8000000000000114 ) ) ;
#7957 = DIRECTION ( 'NONE',  ( 1.000000000000000000, 0.000000000000000000, 0.000000000000000000 ) ) ;
#7958 = CYLINDRICAL_SURFACE ( 'NONE', #11573, 2.080499999999998906 ) ;
#7959 = VECTOR ( 'NONE', #4949, 1000.000000000000000 ) ;
#7960 = CARTESIAN_POINT ( 'NONE',  ( -9.525000000000000355, -14.13894155320108759, 145.7818257131525570 ) ) ;
#7961 = ORIENTED_EDGE ( 'NONE', *, *, #10316, .F. ) ;
#7962 = VERTEX_POINT ( 'NONE', #8340 ) ;
#7963 = ORIENTED_EDGE ( 'NONE', *, *, #7284, .F. ) ;
#7964 = EDGE_CURVE ( 'NONE', #11589, #5171, #5688, .T. ) ;
#7965 = VERTEX_POINT ( 'NONE', #6304 ) ;
#7966 = VERTEX_POINT ( 'NONE', #2621 ) ;
#7967 = AXIS2_PLACEMENT_3D ( 'NONE', #10225, #490, #4388 ) ;
#7968 = VECTOR ( 'NONE', #8341, 1000.000000000000000 ) ;
#7969 = LINE ( 'NONE', #10078, #550 ) ;
#7970 = CARTESIAN_POINT ( 'NONE',  ( -12.69999999999999751, -2.068405620284295310, 157.2409693130105097 ) ) ;
#7971 = FACE_OUTER_BOUND ( 'NONE', #12333, .T. ) ;
#7972 = CIRCLE ( 'NONE', #8375, 2.270999999999995467 ) ;
#7973 = CARTESIAN_POINT ( 'NONE',  ( -12.69999999999999751, -8.791741348502544184, 100.1780886705607543 ) ) ;
#7974 = AXIS2_PLACEMENT_3D ( 'NONE', #11830, #8164, #3028 ) ;
#7975 = LINE ( 'NONE', #93, #5498 ) ;
#7976 = AXIS2_PLACEMENT_3D ( 'NONE', #11873, #1030, #8016 ) ;
#7977 = VERTEX_POINT ( 'NONE', #6541 ) ;
#7978 = ORIENTED_EDGE ( 'NONE', *, *, #10709, .T. ) ;
#7979 = ORIENTED_EDGE ( 'NONE', *, *, #1711, .F. ) ;
#7980 = EDGE_CURVE ( 'NONE', #7319, #10486, #11016, .T. ) ;
#7981 = EDGE_LOOP ( 'NONE', ( #7803, #11930, #8777, #6494 ) ) ;
#7982 = EDGE_CURVE ( 'NONE', #9388, #1842, #11636, .T. ) ;
#7983 = CARTESIAN_POINT ( 'NONE',  ( 12.70000000000000107, 10.07084749364639542, 152.6189322704980782 ) ) ;
#7984 = DIRECTION ( 'NONE',  ( 1.000000000000000000, 0.000000000000000000, 0.000000000000000000 ) ) ;
#7985 = FACE_OUTER_BOUND ( 'NONE', #10958, .T. ) ;
#7986 = AXIS2_PLACEMENT_3D ( 'NONE', #4476, #2552, #392 ) ;
#7987 = DIRECTION ( 'NONE',  ( 0.000000000000000000, 0.000000000000000000, -1.000000000000000000 ) ) ;
#7988 = CYLINDRICAL_SURFACE ( 'NONE', #9522, 14.30000000000000782 ) ;
#7989 = CIRCLE ( 'NONE', #7143, 17.66249999999999787 ) ;
#7990 = FACE_OUTER_BOUND ( 'NONE', #8477, .T. ) ;
#7991 = DIRECTION ( 'NONE',  ( 1.000000000000000000, -0.000000000000000000, -0.000000000000000000 ) ) ;
#7992 = VECTOR ( 'NONE', #386, 1000.000000000000000 ) ;
#7993 = VERTEX_POINT ( 'NONE', #5522 ) ;
#7994 = ORIENTED_EDGE ( 'NONE', *, *, #228, .T. ) ;
#7995 = ORIENTED_EDGE ( 'NONE', *, *, #673, .T. ) ;
#7996 = ORIENTED_EDGE ( 'NONE', *, *, #6524, .T. ) ;
#7997 = EDGE_CURVE ( 'NONE', #4931, #11246, #4255, .T. ) ;
#7998 = CIRCLE ( 'NONE', #2063, 2.499999999999974243 ) ;
#7999 = CARTESIAN_POINT ( 'NONE',  ( 12.70000000000000107, -16.22512784221249404, 31.12080715599139324 ) ) ;
#8000 = CARTESIAN_POINT ( 'NONE',  ( 9.525000000000000355, 3.577867169202164632E-15, 38.10000000000001563 ) ) ;
#8001 = CARTESIAN_POINT ( 'NONE',  ( -12.69999999999999751, -12.69999999999999929, 12.69999999999999929 ) ) ;
#8002 = DIRECTION ( 'NONE',  ( 0.000000000000000000, -3.335204952611022446E-15, 1.000000000000000000 ) ) ;
#8003 = CARTESIAN_POINT ( 'NONE',  ( -12.69999999999999751, -14.13894155320104851, 82.81817428684736626 ) ) ;
#8004 = EDGE_CURVE ( 'NONE', #4407, #878, #9158, .T. ) ;
#8005 = ORIENTED_EDGE ( 'NONE', *, *, #1393, .F. ) ;
#8006 = CIRCLE ( 'NONE', #2476, 2.500000000000002220 ) ;
#8007 = ADVANCED_FACE ( 'NONE', ( #590 ), #6367, .T. ) ;
#8008 = LINE ( 'NONE', #1215, #8926 ) ;
#8009 = ORIENTED_EDGE ( 'NONE', *, *, #7063, .T. ) ;
#8010 = VERTEX_POINT ( 'NONE', #1540 ) ;
#8011 = ORIENTED_EDGE ( 'NONE', *, *, #797, .T. ) ;
#8012 = CARTESIAN_POINT ( 'NONE',  ( 12.70000000000000107, 14.15672222192832841, 78.33822353099817803 ) ) ;
#8013 = DIRECTION ( 'NONE',  ( 0.000000000000000000, 0.000000000000000000, 1.000000000000000000 ) ) ;
#8014 = DIRECTION ( 'NONE',  ( 0.000000000000000000, 0.000000000000000000, -1.000000000000000000 ) ) ;
#8015 = AXIS2_PLACEMENT_3D ( 'NONE', #10433, #1654, #12430 ) ;
#8016 = DIRECTION ( 'NONE',  ( 0.000000000000000000, 0.000000000000000000, 1.000000000000000000 ) ) ;
#8017 = CARTESIAN_POINT ( 'NONE',  ( 12.70000000000000107, 2.068405620284300195, 20.55903068698950520 ) ) ;
#8018 = DIRECTION ( 'NONE',  ( -1.000000000000000000, -0.000000000000000000, -0.000000000000000000 ) ) ;
#8019 = DIRECTION ( 'NONE',  ( -1.000000000000000000, -0.000000000000000000, -0.000000000000000000 ) ) ;
#8020 = DIRECTION ( 'NONE',  ( 0.000000000000000000, 0.000000000000000000, -1.000000000000000000 ) ) ;
#8021 = ADVANCED_FACE ( 'NONE', ( #3469 ), #9423, .T. ) ;
#8022 = DIRECTION ( 'NONE',  ( -1.000000000000000000, -0.000000000000000000, -0.000000000000000000 ) ) ;
#8023 = EDGE_CURVE ( 'NONE', #6190, #10117, #3630, .T. ) ;
#8024 = CARTESIAN_POINT ( 'NONE',  ( -12.69999999999999751, -15.22687436074365230, 92.98837563695990127 ) ) ;
#8025 = VERTEX_POINT ( 'NONE', #6662 ) ;
#8026 = VECTOR ( 'NONE', #10885, 1000.000000000000000 ) ;
#8027 = AXIS2_PLACEMENT_3D ( 'NONE', #10884, #114, #2351 ) ;
#8028 = ORIENTED_EDGE ( 'NONE', *, *, #1307, .F. ) ;
#8029 = ORIENTED_EDGE ( 'NONE', *, *, #11998, .F. ) ;
#8030 = ORIENTED_EDGE ( 'NONE', *, *, #8705, .F. ) ;
#8031 = ORIENTED_EDGE ( 'NONE', *, *, #11984, .F. ) ;
#8032 = APPROVAL_STATUS ( 'not_yet_approved' ) ;
#8033 = CARTESIAN_POINT ( 'NONE',  ( 12.70000000000000107, 3.577867169202164632E-15, 139.7000000000000171 ) ) ;
#8034 = CIRCLE ( 'NONE', #6803, 2.080499999999998906 ) ;
#8035 = CARTESIAN_POINT ( 'NONE',  ( 9.525000000000000355, 3.577867169202164632E-15, 106.5625000000000000 ) ) ;
#8036 = CIRCLE ( 'NONE', #4145, 17.66249999999999787 ) ;
#8037 = CYLINDRICAL_SURFACE ( 'NONE', #4621, 2.270999999999995467 ) ;
#8038 = CARTESIAN_POINT ( 'NONE',  ( -12.69999999999999751, 4.072800018551153478, 104.1310478351179114 ) ) ;
#8039 = ADVANCED_FACE ( 'NONE', ( #10643 ), #967, .F. ) ;
#8040 = DIRECTION ( 'NONE',  ( 0.000000000000000000, 0.000000000000000000, 1.000000000000000000 ) ) ;
#8041 = ORIENTED_EDGE ( 'NONE', *, *, #9460, .F. ) ;
#8042 = ORIENTED_EDGE ( 'NONE', *, *, #860, .T. ) ;
#8043 = ORIENTED_EDGE ( 'NONE', *, *, #6756, .F. ) ;
#8044 = AXIS2_PLACEMENT_3D ( 'NONE', #7151, #6488, #1194 ) ;
#8045 = ORIENTED_EDGE ( 'NONE', *, *, #7569, .T. ) ;
#8046 = DIRECTION ( 'NONE',  ( 0.000000000000000000, 0.000000000000000000, 1.000000000000000000 ) ) ;
#8047 = DIRECTION ( 'NONE',  ( 0.000000000000000000, -8.338012381527556114E-16, -1.000000000000000000 ) ) ;
#8048 = CYLINDRICAL_SURFACE ( 'NONE', #2184, 2.080499999999998906 ) ;
#8049 = CARTESIAN_POINT ( 'NONE',  ( 12.70000000000000107, -4.072800018551144596, 22.86895216488212412 ) ) ;
#8050 = DIRECTION ( 'NONE',  ( -0.000000000000000000, 1.000000000000000000, -0.000000000000000000 ) ) ;
#8051 = EDGE_CURVE ( 'NONE', #7754, #2578, #835, .T. ) ;
#8052 = AXIS2_PLACEMENT_3D ( 'NONE', #4477, #2250, #5265 ) ;
#8053 = VERTEX_POINT ( 'NONE', #4747 ) ;
#8054 = VERTEX_POINT ( 'NONE', #9682 ) ;
#8055 = ORIENTED_EDGE ( 'NONE', *, *, #1973, .F. ) ;
#8056 = ORIENTED_EDGE ( 'NONE', *, *, #6785, .T. ) ;
#8057 = EDGE_CURVE ( 'NONE', #11783, #4407, #4878, .T. ) ;
#8058 = CARTESIAN_POINT ( 'NONE',  ( 12.70000000000000107, 3.577867169202164632E-15, 38.10000000000001563 ) ) ;
#8059 = DIRECTION ( 'NONE',  ( -1.000000000000000000, -0.000000000000000000, -0.000000000000000000 ) ) ;
#8060 = DIRECTION ( 'NONE',  ( -1.000000000000000000, -0.000000000000000000, -0.000000000000000000 ) ) ;
#8061 = CARTESIAN_POINT ( 'NONE',  ( -12.69999999999999751, 3.577867169202164632E-15, 88.90000000000000568 ) ) ;
#8062 = ADVANCED_FACE ( 'NONE', ( #5907 ), #6856, .F. ) ;
#8063 = CARTESIAN_POINT ( 'NONE',  ( 9.525000000000000355, 3.577867169202164632E-15, 38.10000000000001563 ) ) ;
#8064 = DIRECTION ( 'NONE',  ( -1.000000000000000000, 0.000000000000000000, 0.000000000000000000 ) ) ;
#8065 = ADVANCED_FACE ( 'NONE', ( #898 ), #12575, .F. ) ;
#8066 = CARTESIAN_POINT ( 'NONE',  ( 12.70000000000000107, 8.791741348502629450, 128.4219113294393253 ) ) ;
#8067 = EDGE_CURVE ( 'NONE', #11290, #2155, #1029, .T. ) ;
#8068 = DIRECTION ( 'NONE',  ( 1.000000000000000000, 0.000000000000000000, 0.000000000000000000 ) ) ;
#8069 = ORIENTED_EDGE ( 'NONE', *, *, #2739, .F. ) ;
#8070 = AXIS2_PLACEMENT_3D ( 'NONE', #3348, #10325, #7198 ) ;
#8071 = CARTESIAN_POINT ( 'NONE',  ( 12.70000000000000107, -16.22354728284505399, 35.83785636811216335 ) ) ;
#8072 = VERTEX_POINT ( 'NONE', #7696 ) ;
#8073 = VERTEX_POINT ( 'NONE', #4809 ) ;
#8074 = ORIENTED_EDGE ( 'NONE', *, *, #9925, .F. ) ;
#8075 = CARTESIAN_POINT ( 'NONE',  ( 12.70000000000000107, -1.802455207620986100, 104.1855954242718525 ) ) ;
#8076 = DIRECTION ( 'NONE',  ( -1.000000000000000000, 0.000000000000000000, 0.000000000000000000 ) ) ;
#8077 = CARTESIAN_POINT ( 'NONE',  ( 12.70000000000000107, 14.13894155320100943, 44.18182571315276874 ) ) ;
#8078 = CARTESIAN_POINT ( 'NONE',  ( -9.525000000000000355, 3.577867169202164632E-15, 157.3625000000000114 ) ) ;
#8079 = CARTESIAN_POINT ( 'NONE',  ( 12.70000000000000107, 3.577867169202164632E-15, 38.10000000000001563 ) ) ;
#8080 = CARTESIAN_POINT ( 'NONE',  ( -12.69999999999999929, -12.69999999999999929, 165.0999999999999943 ) ) ;
#8081 = CARTESIAN_POINT ( 'NONE',  ( 12.70000000000000107, 2.068405620284298418, 157.2409693130105097 ) ) ;
#8082 = EDGE_CURVE ( 'NONE', #9105, #4825, #1733, .T. ) ;
#8083 = DIRECTION ( 'NONE',  ( -1.000000000000000000, -0.000000000000000000, -0.000000000000000000 ) ) ;
#8084 = CARTESIAN_POINT ( 'NONE',  ( 1.080765552152139773E-15, -22.22499999999999787, 48.30000000000001137 ) ) ;
#8085 = VECTOR ( 'NONE', #1526, 1000.000000000000000 ) ;
#8086 = ORIENTED_EDGE ( 'NONE', *, *, #12373, .T. ) ;
#8087 = ORIENTED_EDGE ( 'NONE', *, *, #1307, .T. ) ;
#8088 = ORIENTED_EDGE ( 'NONE', *, *, #9654, .F. ) ;
#8089 = ORIENTED_EDGE ( 'NONE', *, *, #9317, .F. ) ;
#8090 = ORIENTED_EDGE ( 'NONE', *, *, #8564, .F. ) ;
#8091 = ADVANCED_FACE ( 'NONE', ( #4940 ), #7633, .T. ) ;
#8092 = APPROVAL_DATE_TIME ( #4184, #10794 ) ;
#8093 = DIRECTION ( 'NONE',  ( 0.000000000000000000, 0.000000000000000000, 1.000000000000000000 ) ) ;
#8094 = DIRECTION ( 'NONE',  ( -1.000000000000000000, -0.000000000000000000, -0.000000000000000000 ) ) ;
#8095 = AXIS2_PLACEMENT_3D ( 'NONE', #12385, #3534, #7516 ) ;
#8096 = CARTESIAN_POINT ( 'NONE',  ( 7.746038523653021987E-16, 25.40000000000000213, 91.39999999999997726 ) ) ;
#8097 = DIRECTION ( 'NONE',  ( -1.000000000000000000, -0.000000000000000000, -0.000000000000000000 ) ) ;
#8098 = DIRECTION ( 'NONE',  ( -1.000000000000000000, 0.000000000000000000, 0.000000000000000000 ) ) ;
#8099 = AXIS2_PLACEMENT_3D ( 'NONE', #5603, #8612, #1692 ) ;
#8100 = CARTESIAN_POINT ( 'NONE',  ( 7.746038523653021987E-16, -25.39999999999999503, 139.6999999999999886 ) ) ;
#8101 = ORIENTED_EDGE ( 'NONE', *, *, #8598, .F. ) ;
#8102 = ORIENTED_EDGE ( 'NONE', *, *, #4157, .T. ) ;
#8103 = EDGE_LOOP ( 'NONE', ( #12285, #9232 ) ) ;
#8104 = AXIS2_PLACEMENT_3D ( 'NONE', #9286, #12369, #4478 ) ;
#8105 = EDGE_LOOP ( 'NONE', ( #4482, #4131, #9070, #3306 ) ) ;
#8106 = CARTESIAN_POINT ( 'NONE',  ( 12.70000000000000107, 4.072800018551152590, 73.66895216488211418 ) ) ;
#8107 = EDGE_CURVE ( 'NONE', #3033, #12031, #164, .T. ) ;
#8108 = VECTOR ( 'NONE', #4277, 1000.000000000000000 ) ;
#8109 = DIRECTION ( 'NONE',  ( 0.000000000000000000, 0.000000000000000000, 1.000000000000000000 ) ) ;
#8110 = CIRCLE ( 'NONE', #2169, 2.499999999999988454 ) ;
#8111 = CARTESIAN_POINT ( 'NONE',  ( 12.70000000000000107, 16.22512784221244786, 45.07919284400875171 ) ) ;
#8112 = CYLINDRICAL_SURFACE ( 'NONE', #4078, 2.499999999999988454 ) ;
#8113 = CARTESIAN_POINT ( 'NONE',  ( 9.525000000000000355, 3.577867169202164632E-15, 139.7000000000000171 ) ) ;
#8114 = AXIS2_PLACEMENT_3D ( 'NONE', #3961, #7686, #1914 ) ;
#8115 = ORIENTED_EDGE ( 'NONE', *, *, #5115, .T. ) ;
#8116 = ORIENTED_EDGE ( 'NONE', *, *, #3671, .F. ) ;
#8117 = AXIS2_PLACEMENT_3D ( 'NONE', #10356, #9394, #7417 ) ;
#8119 = ORIENTED_EDGE ( 'NONE', *, *, #3786, .F. ) ;
#8118 = CIRCLE ( 'NONE', #5852, 2.080499999999998906 ) ;
#8120 = VERTEX_POINT ( 'NONE', #2812 ) ;
#8121 = AXIS2_PLACEMENT_3D ( 'NONE', #2286, #12109, #4273 ) ;
#8122 = EDGE_CURVE ( 'NONE', #2543, #6462, #12646, .T. ) ;
#8123 = AXIS2_PLACEMENT_3D ( 'NONE', #5718, #7638, #1032 ) ;
#8124 = CARTESIAN_POINT ( 'NONE',  ( -9.525000000000000355, -6.152699789198520897, 104.0810759023857344 ) ) ;
#8125 = DIRECTION ( 'NONE',  ( 0.000000000000000000, 0.000000000000000000, 1.000000000000000000 ) ) ;
#8126 = DIRECTION ( 'NONE',  ( -1.000000000000000000, -0.000000000000000000, -0.000000000000000000 ) ) ;
#8127 = LINE ( 'NONE', #9987, #120 ) ;
#8128 = FACE_OUTER_BOUND ( 'NONE', #3436, .T. ) ;
#8129 = AXIS2_PLACEMENT_3D ( 'NONE', #9378, #3609, #10110 ) ;
#8130 = CARTESIAN_POINT ( 'NONE',  ( 7.746038523653021987E-16, -22.22499999999999787, 38.09999999999999432 ) ) ;
#8131 = DIRECTION ( 'NONE',  ( 0.000000000000000000, 0.000000000000000000, 1.000000000000000000 ) ) ;
#8132 = VECTOR ( 'NONE', #12213, 1000.000000000000000 ) ;
#8133 = FACE_OUTER_BOUND ( 'NONE', #5011, .T. ) ;
#8134 = ADVANCED_FACE ( 'NONE', ( #2684 ), #10509, .F. ) ;
#8135 = VECTOR ( 'NONE', #10626, 1000.000000000000000 ) ;
#8136 = ORIENTED_EDGE ( 'NONE', *, *, #6033, .T. ) ;
#8137 = EDGE_LOOP ( 'NONE', ( #9692, #10041, #7378, #1855 ) ) ;
#8138 = ORIENTED_EDGE ( 'NONE', *, *, #11778, .F. ) ;
#8139 = EDGE_CURVE ( 'NONE', #10186, #1025, #5841, .T. ) ;
#8140 = EDGE_LOOP ( 'NONE', ( #4443, #1055, #11041, #191 ) ) ;
#8141 = CYLINDRICAL_SURFACE ( 'NONE', #9000, 2.270999999999995467 ) ;
#8142 = EDGE_CURVE ( 'NONE', #7331, #5130, #12510, .T. ) ;
#8143 = DIRECTION ( 'NONE',  ( 0.000000000000000000, 0.000000000000000000, -1.000000000000000000 ) ) ;
#8144 = CIRCLE ( 'NONE', #7933, 17.66250000000000142 ) ;
#8145 = DIRECTION ( 'NONE',  ( -1.000000000000000000, -0.000000000000000000, -0.000000000000000000 ) ) ;
#8146 = DIRECTION ( 'NONE',  ( -1.000000000000000000, -0.000000000000000000, -0.000000000000000000 ) ) ;
#8147 = CARTESIAN_POINT ( 'NONE',  ( 1.080765552152137998E-15, -22.22499999999999787, 137.1999999999999886 ) ) ;
#8148 = FACE_BOUND ( 'NONE', #45, .T. ) ;
#8149 = DIRECTION ( 'NONE',  ( 0.000000000000000000, 0.000000000000000000, 1.000000000000000000 ) ) ;
#8150 = CYLINDRICAL_SURFACE ( 'NONE', #3574, 17.66250000000000497 ) ;
#8151 = EDGE_CURVE ( 'NONE', #7727, #9837, #9618, .T. ) ;
#8152 = DIRECTION ( 'NONE',  ( 0.000000000000000000, 0.000000000000000000, 1.000000000000000000 ) ) ;
#8153 = ORIENTED_EDGE ( 'NONE', *, *, #5185, .T. ) ;
#8154 = EDGE_CURVE ( 'NONE', #10262, #10042, #9398, .T. ) ;
#8155 = ORIENTED_EDGE ( 'NONE', *, *, #813, .T. ) ;
#8156 = EDGE_LOOP ( 'NONE', ( #2067, #5607, #5333, #9927 ) ) ;
#8157 = ORIENTED_EDGE ( 'NONE', *, *, #11322, .T. ) ;
#8158 = EDGE_LOOP ( 'NONE', ( #7624, #4305 ) ) ;
#8159 = ADVANCED_FACE ( 'NONE', ( #8311 ), #4106, .F. ) ;
#8160 = DIRECTION ( 'NONE',  ( 0.000000000000000000, 0.000000000000000000, 1.000000000000000000 ) ) ;
#8161 = DIRECTION ( 'NONE',  ( -1.000000000000000000, -0.000000000000000000, -0.000000000000000000 ) ) ;
#8162 = CARTESIAN_POINT ( 'NONE',  ( -12.69999999999999929, 12.69999999999999929, 116.7999999999999829 ) ) ;
#8163 = AXIS2_PLACEMENT_3D ( 'NONE', #8744, #6820, #2016 ) ;
#8164 = DIRECTION ( 'NONE',  ( -1.000000000000000000, -0.000000000000000000, -0.000000000000000000 ) ) ;
#8165 = CARTESIAN_POINT ( 'NONE',  ( 12.70000000000000107, 16.22512784221258997, 81.92080715599162488 ) ) ;
#8166 = CYLINDRICAL_SURFACE ( 'NONE', #10132, 17.66249999999999787 ) ;
#8167 = EDGE_CURVE ( 'NONE', #8323, #2530, #12086, .T. ) ;
#8168 = DIRECTION ( 'NONE',  ( -0.000000000000000000, 1.000000000000000000, -0.000000000000000000 ) ) ;
#8169 = ORIENTED_EDGE ( 'NONE', *, *, #10824, .F. ) ;
#8170 = EDGE_CURVE ( 'NONE', #2873, #8778, #502, .T. ) ;
#8171 = ORIENTED_EDGE ( 'NONE', *, *, #936, .T. ) ;
#8172 = CIRCLE ( 'NONE', #7349, 2.499999999999988454 ) ;
#8173 = AXIS2_PLACEMENT_3D ( 'NONE', #3659, #9559, #11360 ) ;
#8174 = ORIENTED_EDGE ( 'NONE', *, *, #6390, .F. ) ;
#8175 = VERTEX_POINT ( 'NONE', #1094 ) ;
#8176 = CARTESIAN_POINT ( 'NONE',  ( 12.70000000000000107, -14.13894155320108759, 94.98182571315255984 ) ) ;
#8177 = CYLINDRICAL_SURFACE ( 'NONE', #3426, 2.080499999999998906 ) ;
#8178 = CARTESIAN_POINT ( 'NONE',  ( 9.525000000000000355, 22.22500000000000142, 0.000000000000000000 ) ) ;
#8179 = DIRECTION ( 'NONE',  ( 0.000000000000000000, 0.000000000000000000, 1.000000000000000000 ) ) ;
#8180 = CARTESIAN_POINT ( 'NONE',  ( 12.70000000000000107, 3.577867169202164632E-15, 88.90000000000000568 ) ) ;
#8181 = AXIS2_PLACEMENT_3D ( 'NONE', #8739, #4900, #8804 ) ;
#8182 = AXIS2_PLACEMENT_3D ( 'NONE', #12073, #9167, #6109 ) ;
#8183 = EDGE_CURVE ( 'NONE', #1200, #7363, #6333, .T. ) ;
#8184 = VERTEX_POINT ( 'NONE', #10297 ) ;
#8185 = ORIENTED_EDGE ( 'NONE', *, *, #4642, .F. ) ;
#8186 = AXIS2_PLACEMENT_3D ( 'NONE', #747, #10355, #12480 ) ;
#8187 = EDGE_LOOP ( 'NONE', ( #5593, #10230 ) ) ;
#8188 = ORIENTED_EDGE ( 'NONE', *, *, #4767, .F. ) ;
#8189 = AXIS2_PLACEMENT_3D ( 'NONE', #2370, #12247, #3455 ) ;
#8190 = CIRCLE ( 'NONE', #8581, 2.080499999999998906 ) ;
#8191 = DIRECTION ( 'NONE',  ( 0.000000000000000000, 0.000000000000000000, 1.000000000000000000 ) ) ;
#8192 = DIRECTION ( 'NONE',  ( -1.000000000000000000, -0.000000000000000000, -0.000000000000000000 ) ) ;
#8193 = CARTESIAN_POINT ( 'NONE',  ( -12.69999999999999751, -14.15672222192817387, 27.53822353099798192 ) ) ;
#8194 = DIRECTION ( 'NONE',  ( 0.000000000000000000, 0.000000000000000000, 1.000000000000000000 ) ) ;
#8195 = CARTESIAN_POINT ( 'NONE',  ( 1.555301434917138038E-15, 25.40000000000000213, 25.39999999999999858 ) ) ;
#8196 = CARTESIAN_POINT ( 'NONE',  ( 7.746038523653021987E-16, -22.22499999999999787, 50.79999999999999716 ) ) ;
#8197 = DIRECTION ( 'NONE',  ( 1.000000000000000000, 0.000000000000000000, 0.000000000000000000 ) ) ;
#8198 = EDGE_CURVE ( 'NONE', #7046, #2257, #3669, .T. ) ;
#8199 = ORIENTED_EDGE ( 'NONE', *, *, #3343, .F. ) ;
#8200 = AXIS2_PLACEMENT_3D ( 'NONE', #8482, #729, #9143 ) ;
#8201 = EDGE_LOOP ( 'NONE', ( #7740, #2936, #545, #12078 ) ) ;
#8202 = ORIENTED_EDGE ( 'NONE', *, *, #3020, .T. ) ;
#8203 = CYLINDRICAL_SURFACE ( 'NONE', #9609, 2.271000000000009234 ) ;
#8204 = CARTESIAN_POINT ( 'NONE',  ( 12.70000000000000107, -10.07084749364656950, 152.6189322704979361 ) ) ;
#8205 = DIRECTION ( 'NONE',  ( 1.000000000000000000, 0.000000000000000000, 0.000000000000000000 ) ) ;
#8206 = DIRECTION ( 'NONE',  ( 0.000000000000000000, 0.000000000000000000, 1.000000000000000000 ) ) ;
#8207 = CYLINDRICAL_SURFACE ( 'NONE', #5661, 2.499999999999988454 ) ;
#8208 = LINE ( 'NONE', #8391, #2455 ) ;
#8209 = AXIS2_PLACEMENT_3D ( 'NONE', #1797, #8462, #5642 ) ;
#8210 = DIRECTION ( 'NONE',  ( 0.000000000000000000, 0.000000000000000000, -1.000000000000000000 ) ) ;
#8211 = LINE ( 'NONE', #9100, #531 ) ;
#8212 = ADVANCED_FACE ( 'NONE', ( #11147, #2352, #11268, #7887, #9266, #2416, #3378, #2057, #6395, #10176, #9933, #7228, #1391, #11936 ), #6036, .T. ) ;
#8213 = EDGE_CURVE ( 'NONE', #11657, #2129, #439, .T. ) ;
#8214 = DIRECTION ( 'NONE',  ( 1.000000000000000000, -0.000000000000000000, -0.000000000000000000 ) ) ;
#8215 = ORIENTED_EDGE ( 'NONE', *, *, #2609, .T. ) ;
#8216 = ORIENTED_EDGE ( 'NONE', *, *, #2103, .F. ) ;
#8217 = ORIENTED_EDGE ( 'NONE', *, *, #8122, .F. ) ;
#8218 = AXIS2_PLACEMENT_3D ( 'NONE', #2429, #5625, #2608 ) ;
#8219 = ORIENTED_EDGE ( 'NONE', *, *, #6051, .T. ) ;
#8220 = ORIENTED_EDGE ( 'NONE', *, *, #11038, .T. ) ;
#8221 = CARTESIAN_POINT ( 'NONE',  ( -9.525000000000000355, -1.802455207620986100, 73.61440457572818730 ) ) ;
#8222 = LINE ( 'NONE', #12141, #1423 ) ;
#8223 = CARTESIAN_POINT ( 'NONE',  ( -12.69999999999999751, 1.802455207620993427, 154.9855954242718497 ) ) ;
#8224 = CARTESIAN_POINT ( 'NONE',  ( 9.525000000000000355, 3.577867169202164632E-15, 88.90000000000000568 ) ) ;
#8225 = CARTESIAN_POINT ( 'NONE',  ( 12.70000000000000107, -4.072800018551146373, 154.9310478351179086 ) ) ;
#8226 = DIRECTION ( 'NONE',  ( -1.000000000000000000, -0.000000000000000000, -0.000000000000000000 ) ) ;
#8227 = DIRECTION ( 'NONE',  ( 1.000000000000000000, -0.000000000000000000, -0.000000000000000000 ) ) ;
#8228 = EDGE_CURVE ( 'NONE', #4303, #4905, #5426, .T. ) ;
#8229 = CIRCLE ( 'NONE', #11530, 17.66249999999999787 ) ;
#8230 = CIRCLE ( 'NONE', #452, 2.500000000000002220 ) ;
#8231 = ADVANCED_FACE ( 'NONE', ( #11806 ), #11208, .F. ) ;
#8232 = DIRECTION ( 'NONE',  ( 0.000000000000000000, 0.000000000000000000, -1.000000000000000000 ) ) ;
#8233 = ORIENTED_EDGE ( 'NONE', *, *, #936, .F. ) ;
#8234 = APPLICATION_CONTEXT ( 'configuration controlled 3d designs of mechanical parts and assemblies' ) ;
#8235 = VERTEX_POINT ( 'NONE', #9327 ) ;
#8236 = ORIENTED_EDGE ( 'NONE', *, *, #8909, .T. ) ;
#8237 = VERTEX_POINT ( 'NONE', #566 ) ;
#8238 = CARTESIAN_POINT ( 'NONE',  ( 7.746038523653021987E-16, 25.40000000000000213, 139.6999999999999886 ) ) ;
#8239 = AXIS2_PLACEMENT_3D ( 'NONE', #10242, #2354, #1209 ) ;
#8240 = CARTESIAN_POINT ( 'NONE',  ( -9.525000000000000355, 1.802455207620993427, 124.4144045757281845 ) ) ;
#8241 = AXIS2_PLACEMENT_3D ( 'NONE', #4339, #9456, #8495 ) ;
#8242 = CYLINDRICAL_SURFACE ( 'NONE', #344, 2.499999999999988454 ) ;
#8243 = FACE_BOUND ( 'NONE', #11393, .T. ) ;
#8244 = ORIENTED_EDGE ( 'NONE', *, *, #8869, .T. ) ;
#8245 = CIRCLE ( 'NONE', #7420, 2.499999999999988454 ) ;
#8246 = ORIENTED_EDGE ( 'NONE', *, *, #3149, .T. ) ;
#8247 = AXIS2_PLACEMENT_3D ( 'NONE', #9251, #5223, #5161 ) ;
#8248 = EDGE_CURVE ( 'NONE', #12207, #401, #11872, .T. ) ;
#8249 = VERTEX_POINT ( 'NONE', #10835 ) ;
#8250 = VERTEX_POINT ( 'NONE', #7952 ) ;
#8251 = CARTESIAN_POINT ( 'NONE',  ( 9.525000000000000355, 12.69999999999999929, 65.99999999999998579 ) ) ;
#8252 = DIRECTION ( 'NONE',  ( 0.000000000000000000, -1.000000000000000000, 0.000000000000000000 ) ) ;
#8253 = DIRECTION ( 'NONE',  ( 0.000000000000000000, 0.000000000000000000, 1.000000000000000000 ) ) ;
#8254 = DIRECTION ( 'NONE',  ( 0.000000000000000000, 0.000000000000000000, 1.000000000000000000 ) ) ;
#8255 = LINE ( 'NONE', #3557, #1761 ) ;
#8256 = EDGE_CURVE ( 'NONE', #11128, #2177, #11664, .T. ) ;
#8257 = CIRCLE ( 'NONE', #9893, 14.30000000000000782 ) ;
#8258 = DIRECTION ( 'NONE',  ( 0.000000000000000000, 0.000000000000000000, 1.000000000000000000 ) ) ;
#8259 = DIRECTION ( 'NONE',  ( -1.000000000000000000, -0.000000000000000000, -0.000000000000000000 ) ) ;
#8260 = DIRECTION ( 'NONE',  ( 1.000000000000000000, 0.000000000000000000, 0.000000000000000000 ) ) ;
#8261 = VERTEX_POINT ( 'NONE', #2118 ) ;
#8262 = AXIS2_PLACEMENT_3D ( 'NONE', #3571, #12435, #6592 ) ;
#8263 = ORIENTED_EDGE ( 'NONE', *, *, #3218, .T. ) ;
#8264 = VERTEX_POINT ( 'NONE', #5066 ) ;
#8265 = DIRECTION ( 'NONE',  ( 0.000000000000000000, 0.000000000000000000, 1.000000000000000000 ) ) ;
#8266 = DIRECTION ( 'NONE',  ( -1.000000000000000000, 0.000000000000000000, 0.000000000000000000 ) ) ;
#8267 = EDGE_CURVE ( 'NONE', #9777, #12156, #8971, .T. ) ;
#8268 = DIRECTION ( 'NONE',  ( 0.000000000000000000, 0.000000000000000000, -1.000000000000000000 ) ) ;
#8269 = DIRECTION ( 'NONE',  ( -1.000000000000000000, -0.000000000000000000, -0.000000000000000000 ) ) ;
#8270 = DIRECTION ( 'NONE',  ( 0.000000000000000000, -3.001684457349920359E-14, -1.000000000000000000 ) ) ;
#8271 = FACE_OUTER_BOUND ( 'NONE', #10469, .T. ) ;
#8272 = DIRECTION ( 'NONE',  ( 0.000000000000000000, 0.000000000000000000, 1.000000000000000000 ) ) ;
#8273 = DIRECTION ( 'NONE',  ( 0.000000000000000000, 0.000000000000000000, 1.000000000000000000 ) ) ;
#8274 = ORIENTED_EDGE ( 'NONE', *, *, #1462, .F. ) ;
#8275 = ORIENTED_EDGE ( 'NONE', *, *, #11306, .T. ) ;
#8276 = ORIENTED_EDGE ( 'NONE', *, *, #8198, .T. ) ;
#8277 = AXIS2_PLACEMENT_3D ( 'NONE', #1285, #10192, #7181 ) ;
#8278 = ORIENTED_EDGE ( 'NONE', *, *, #6819, .T. ) ;
#8279 = ORIENTED_EDGE ( 'NONE', *, *, #10824, .T. ) ;
#8280 = EDGE_CURVE ( 'NONE', #8396, #10786, #1704, .T. ) ;
#8281 = DIRECTION ( 'NONE',  ( 0.000000000000000000, 0.000000000000000000, 1.000000000000000000 ) ) ;
#8282 = CARTESIAN_POINT ( 'NONE',  ( 12.70000000000000107, -11.15407434219244465, 77.75732780184198134 ) ) ;
#8283 = FACE_OUTER_BOUND ( 'NONE', #2662, .T. ) ;
#8284 = CARTESIAN_POINT ( 'NONE',  ( 1.555301434917138038E-15, 25.40000000000000213, 78.69999999999997442 ) ) ;
#8285 = DIRECTION ( 'NONE',  ( -1.000000000000000000, 0.000000000000000000, 0.000000000000000000 ) ) ;
#8286 = CIRCLE ( 'NONE', #3561, 2.500000000000002220 ) ;
#8287 = EDGE_CURVE ( 'NONE', #1045, #5375, #2043, .T. ) ;
#8288 = CARTESIAN_POINT ( 'NONE',  ( 12.70000000000000107, -12.33648634558010748, 148.9037697111192244 ) ) ;
#8289 = ORIENTED_EDGE ( 'NONE', *, *, #12194, .T. ) ;
#8290 = ORIENTED_EDGE ( 'NONE', *, *, #8170, .F. ) ;
#8291 = ADVANCED_FACE ( 'NONE', ( #6702 ), #9457, .F. ) ;
#8292 = EDGE_LOOP ( 'NONE', ( #11061, #5286 ) ) ;
#8293 = ORIENTED_EDGE ( 'NONE', *, *, #3080, .F. ) ;
#8294 = LINE ( 'NONE', #8106, #2511 ) ;
#8295 = EDGE_CURVE ( 'NONE', #7966, #7548, #9197, .T. ) ;
#8296 = AXIS2_PLACEMENT_3D ( 'NONE', #5343, #8285, #6374 ) ;
#8297 = CARTESIAN_POINT ( 'NONE',  ( 12.70000000000000107, -10.07084749364648069, 126.7810677295020128 ) ) ;
#8298 = EDGE_CURVE ( 'NONE', #9824, #12317, #8792, .T. ) ;
#8299 = DIRECTION ( 'NONE',  ( -1.000000000000000000, 0.000000000000000000, 0.000000000000000000 ) ) ;
#8300 = CARTESIAN_POINT ( 'NONE',  ( 1.555301434917138038E-15, 25.40000000000000213, 25.39999999999999858 ) ) ;
#8301 = ORIENTED_EDGE ( 'NONE', *, *, #3895, .T. ) ;
#8302 = CIRCLE ( 'NONE', #10141, 2.080499999999998906 ) ;
#8303 = ORIENTED_EDGE ( 'NONE', *, *, #11698, .T. ) ;
#8304 = ORIENTED_EDGE ( 'NONE', *, *, #11055, .F. ) ;
#8305 = ORIENTED_EDGE ( 'NONE', *, *, #3063, .T. ) ;
#8306 = CIRCLE ( 'NONE', #734, 17.66249999999999787 ) ;
#8307 = CIRCLE ( 'NONE', #1552, 2.080499999999985139 ) ;
#8308 = LINE ( 'NONE', #2228, #1776 ) ;
#8309 = EDGE_CURVE ( 'NONE', #4778, #4576, #12276, .T. ) ;
#8310 = CARTESIAN_POINT ( 'NONE',  ( 12.70000000000000107, 14.13894155320113555, 82.81817428684756521 ) ) ;
#8311 = FACE_OUTER_BOUND ( 'NONE', #10695, .T. ) ;
#8312 = CARTESIAN_POINT ( 'NONE',  ( -12.69999999999999929, -12.69999999999999929, 12.69999999999999929 ) ) ;
#8313 = AXIS2_PLACEMENT_3D ( 'NONE', #1660, #5572, #4600 ) ;
#8314 = FACE_BOUND ( 'NONE', #7947, .T. ) ;
#8315 = DIRECTION ( 'NONE',  ( 1.000000000000000000, -0.000000000000000000, -0.000000000000000000 ) ) ;
#8316 = CIRCLE ( 'NONE', #9959, 2.270999999999995467 ) ;
#8317 = AXIS2_PLACEMENT_3D ( 'NONE', #4312, #2205, #6942 ) ;
#8318 = ORIENTED_EDGE ( 'NONE', *, *, #8151, .T. ) ;
#8319 = ADVANCED_FACE ( 'NONE', ( #6633 ), #9583, .F. ) ;
#8320 = CIRCLE ( 'NONE', #2783, 2.499999999999988454 ) ;
#8321 = EDGE_CURVE ( 'NONE', #5062, #83, #808, .T. ) ;
#8322 = EDGE_LOOP ( 'NONE', ( #12473, #8090, #2473, #7453 ) ) ;
#8323 = VERTEX_POINT ( 'NONE', #6574 ) ;
#8324 = DIRECTION ( 'NONE',  ( -1.000000000000000000, -0.000000000000000000, -0.000000000000000000 ) ) ;
#8325 = VECTOR ( 'NONE', #4188, 1000.000000000000000 ) ;
#8326 = DIRECTION ( 'NONE',  ( -1.000000000000000000, -0.000000000000000000, -0.000000000000000000 ) ) ;
#8327 = DIRECTION ( 'NONE',  ( -1.000000000000000000, -0.000000000000000000, -0.000000000000000000 ) ) ;
#8328 = VECTOR ( 'NONE', #2733, 1000.000000000000000 ) ;
#8329 = CARTESIAN_POINT ( 'NONE',  ( -9.525000000000000355, -15.22687436074365230, 143.7883756369598984 ) ) ;
#8330 = DIRECTION ( 'NONE',  ( 0.000000000000000000, 0.000000000000000000, -1.000000000000000000 ) ) ;
#8331 = DIRECTION ( 'NONE',  ( 1.000000000000000000, 0.000000000000000000, 0.000000000000000000 ) ) ;
#8332 = CARTESIAN_POINT ( 'NONE',  ( -9.525000000000000355, 15.22687436074360257, 92.98837563696011443 ) ) ;
#8333 = ADVANCED_FACE ( 'NONE', ( #12292 ), #3685, .T. ) ;
#8334 = VERTEX_POINT ( 'NONE', #11578 ) ;
#8335 = CIRCLE ( 'NONE', #9558, 2.080499999999998906 ) ;
#8336 = ORIENTED_EDGE ( 'NONE', *, *, #5948, .T. ) ;
#8337 = EDGE_LOOP ( 'NONE', ( #1572, #5454, #9154, #11201 ) ) ;
#8338 = VERTEX_POINT ( 'NONE', #10418 ) ;
#8339 = EDGE_LOOP ( 'NONE', ( #2196, #12165, #2214, #8874 ) ) ;
#8340 = CARTESIAN_POINT ( 'NONE',  ( 12.70000000000000107, 4.072800018551152590, 124.4689521648821113 ) ) ;
#8341 = DIRECTION ( 'NONE',  ( -0.000000000000000000, -1.000000000000000000, -0.000000000000000000 ) ) ;
#8342 = LINE ( 'NONE', #655, #11399 ) ;
#8343 = DIRECTION ( 'NONE',  ( 0.000000000000000000, 0.000000000000000000, 1.000000000000000000 ) ) ;
#8344 = CARTESIAN_POINT ( 'NONE',  ( 12.70000000000000107, -6.152699789198520897, 22.91892409761429406 ) ) ;
#8345 = CYLINDRICAL_SURFACE ( 'NONE', #10491, 17.66250000000000497 ) ;
#8346 = CIRCLE ( 'NONE', #4044, 2.270999999999995467 ) ;
#8347 = DIRECTION ( 'NONE',  ( -0.000000000000000000, 1.000000000000000000, -0.000000000000000000 ) ) ;
#8348 = DIRECTION ( 'NONE',  ( -1.000000000000000000, -0.000000000000000000, -0.000000000000000000 ) ) ;
#8349 = EDGE_CURVE ( 'NONE', #1184, #10319, #9652, .T. ) ;
#8350 = EDGE_LOOP ( 'NONE', ( #5409, #5077 ) ) ;
#8351 = EDGE_LOOP ( 'NONE', ( #11561, #7547, #7631, #848 ) ) ;
#8352 = EDGE_LOOP ( 'NONE', ( #341, #11606, #11706, #12438 ) ) ;
#8353 = EDGE_LOOP ( 'NONE', ( #2723, #9509, #2380, #9371 ) ) ;
#8354 = EDGE_LOOP ( 'NONE', ( #4205, #6364, #9088, #10912 ) ) ;
#8355 = CARTESIAN_POINT ( 'NONE',  ( -12.69999999999999751, -12.33648634558010748, 98.10376971111922728 ) ) ;
#8356 = DIRECTION ( 'NONE',  ( -1.000000000000000000, -0.000000000000000000, -0.000000000000000000 ) ) ;
#8357 = CYLINDRICAL_SURFACE ( 'NONE', #6079, 2.270999999999995467 ) ;
#8358 = DIRECTION ( 'NONE',  ( 0.000000000000000000, 0.000000000000000000, -1.000000000000000000 ) ) ;
#8359 = AXIS2_PLACEMENT_3D ( 'NONE', #11452, #4354, #5616 ) ;
#8360 = VERTEX_POINT ( 'NONE', #11516 ) ;
#8361 = EDGE_CURVE ( 'NONE', #9645, #1556, #12487, .T. ) ;
#8362 = AXIS2_PLACEMENT_3D ( 'NONE', #7707, #5917, #3788 ) ;
#8363 = ORIENTED_EDGE ( 'NONE', *, *, #7217, .F. ) ;
#8364 = ADVANCED_FACE ( 'NONE', ( #1768 ), #1831, .F. ) ;
#8365 = ORIENTED_EDGE ( 'NONE', *, *, #10037, .F. ) ;
#8366 = VERTEX_POINT ( 'NONE', #12350 ) ;
#8367 = ORIENTED_EDGE ( 'NONE', *, *, #9787, .F. ) ;
#8368 = DIRECTION ( 'NONE',  ( 1.000000000000000000, -0.000000000000000000, -0.000000000000000000 ) ) ;
#8369 = FACE_OUTER_BOUND ( 'NONE', #1130, .T. ) ;
#8370 = DIRECTION ( 'NONE',  ( 1.000000000000000000, 0.000000000000000000, 0.000000000000000000 ) ) ;
#8371 = DIRECTION ( 'NONE',  ( -1.000000000000000000, -0.000000000000000000, -0.000000000000000000 ) ) ;
#8372 = AXIS2_PLACEMENT_3D ( 'NONE', #5140, #1649, #9043 ) ;
#8373 = FACE_BOUND ( 'NONE', #8103, .T. ) ;
#8374 = CARTESIAN_POINT ( 'NONE',  ( -12.69999999999999751, -11.15407434219252103, 100.0426721981579590 ) ) ;
#8375 = AXIS2_PLACEMENT_3D ( 'NONE', #2180, #1152, #196 ) ;
#8376 = ORIENTED_EDGE ( 'NONE', *, *, #11199, .F. ) ;
#8377 = EDGE_CURVE ( 'NONE', #2254, #12207, #6141, .T. ) ;
#8378 = CIRCLE ( 'NONE', #10025, 2.499999999999988454 ) ;
#8379 = CIRCLE ( 'NONE', #4696, 2.080499999999998906 ) ;
#8380 = CYLINDRICAL_SURFACE ( 'NONE', #1153, 2.500000000000002220 ) ;
#8381 = ORIENTED_EDGE ( 'NONE', *, *, #5316, .F. ) ;
#8382 = ORIENTED_EDGE ( 'NONE', *, *, #12526, .F. ) ;
#8383 = CIRCLE ( 'NONE', #6546, 2.080499999999998906 ) ;
#8384 = LINE ( 'NONE', #10188, #5119 ) ;
#8385 = CARTESIAN_POINT ( 'NONE',  ( 12.70000000000000107, 16.22354728284508951, 86.63785636811238078 ) ) ;
#8386 = AXIS2_PLACEMENT_3D ( 'NONE', #2189, #9878, #2124 ) ;
#8387 = DIRECTION ( 'NONE',  ( -0.000000000000000000, 1.000000000000000000, -0.000000000000000000 ) ) ;
#8388 = EDGE_CURVE ( 'NONE', #5504, #6239, #6740, .T. ) ;
#8389 = CYLINDRICAL_SURFACE ( 'NONE', #10172, 2.499999999999988454 ) ;
#8390 = ADVANCED_FACE ( 'NONE', ( #8623 ), #12544, .F. ) ;
#8391 = CARTESIAN_POINT ( 'NONE',  ( 0.000000000000000000, 25.40000000000000213, 15.19999999999999218 ) ) ;
#8392 = DIRECTION ( 'NONE',  ( 0.000000000000000000, 0.000000000000000000, 1.000000000000000000 ) ) ;
#8393 = DIRECTION ( 'NONE',  ( -1.000000000000000000, -0.000000000000000000, -0.000000000000000000 ) ) ;
#8394 = VECTOR ( 'NONE', #8059, 1000.000000000000000 ) ;
#8395 = EDGE_CURVE ( 'NONE', #2115, #621, #3556, .T. ) ;
#8396 = VERTEX_POINT ( 'NONE', #7951 ) ;
#8397 = VERTEX_POINT ( 'NONE', #11871 ) ;
#8398 = ORIENTED_EDGE ( 'NONE', *, *, #6033, .F. ) ;
#8399 = EDGE_LOOP ( 'NONE', ( #1875, #5222, #7920, #11784 ) ) ;
#8400 = CIRCLE ( 'NONE', #635, 17.66249999999999787 ) ;
#8401 = DIRECTION ( 'NONE',  ( -1.000000000000000000, -0.000000000000000000, -0.000000000000000000 ) ) ;
#8402 = EDGE_CURVE ( 'NONE', #8896, #1554, #195, .T. ) ;
#8403 = CARTESIAN_POINT ( 'NONE',  ( 9.525000000000000355, -12.33648634558004353, 28.89623028888070877 ) ) ;
#8404 = DIRECTION ( 'NONE',  ( 0.000000000000000000, 0.000000000000000000, 1.000000000000000000 ) ) ;
#8405 = EDGE_CURVE ( 'NONE', #322, #589, #11456, .T. ) ;
#8406 = CYLINDRICAL_SURFACE ( 'NONE', #5313, 2.270999999999998575 ) ;
#8407 = CARTESIAN_POINT ( 'NONE',  ( 7.746038523653021987E-16, 25.40000000000000213, 88.89999999999999147 ) ) ;
#8408 = CARTESIAN_POINT ( 'NONE',  ( -12.69999999999999751, 12.69999999999999929, 165.0999999999999943 ) ) ;
#8409 = CARTESIAN_POINT ( 'NONE',  ( 9.525000000000000355, -16.22512784221253312, 45.07919284400851723 ) ) ;
#8410 = VERTEX_POINT ( 'NONE', #2056 ) ;
#8411 = CIRCLE ( 'NONE', #10055, 2.499999999999988454 ) ;
#8412 = ORIENTED_EDGE ( 'NONE', *, *, #1517, .F. ) ;
#8413 = ORIENTED_EDGE ( 'NONE', *, *, #5822, .F. ) ;
#8414 = ORIENTED_EDGE ( 'NONE', *, *, #1321, .T. ) ;
#8415 = EDGE_LOOP ( 'NONE', ( #4405, #3068, #9368, #7113 ) ) ;
#8416 = DIRECTION ( 'NONE',  ( 0.000000000000000000, 0.000000000000000000, 1.000000000000000000 ) ) ;
#8417 = DIRECTION ( 'NONE',  ( -1.000000000000000000, -0.000000000000000000, -0.000000000000000000 ) ) ;
#8418 = DIRECTION ( 'NONE',  ( 0.000000000000000000, 0.000000000000000000, 1.000000000000000000 ) ) ;
#8419 = ADVANCED_FACE ( 'NONE', ( #263 ), #5063, .F. ) ;
#8420 = DIRECTION ( 'NONE',  ( 0.000000000000000000, 1.000000000000000000, 0.000000000000000000 ) ) ;
#8421 = VECTOR ( 'NONE', #6148, 1000.000000000000000 ) ;
#8422 = DIRECTION ( 'NONE',  ( -1.000000000000000000, -0.000000000000000000, -0.000000000000000000 ) ) ;
#8423 = ORIENTED_EDGE ( 'NONE', *, *, #8228, .F. ) ;
#8424 = ORIENTED_EDGE ( 'NONE', *, *, #7451, .F. ) ;
#8425 = ORIENTED_EDGE ( 'NONE', *, *, #1676, .T. ) ;
#8426 = AXIS2_PLACEMENT_3D ( 'NONE', #3059, #2863, #8831 ) ;
#8427 = AXIS2_PLACEMENT_3D ( 'NONE', #7539, #438, #11326 ) ;
#8428 = ORIENTED_EDGE ( 'NONE', *, *, #397, .T. ) ;
#8429 = DIRECTION ( 'NONE',  ( -1.000000000000000000, -0.000000000000000000, -0.000000000000000000 ) ) ;
#8430 = CYLINDRICAL_SURFACE ( 'NONE', #7411, 2.499999999999988454 ) ;
#8431 = DIRECTION ( 'NONE',  ( 0.000000000000000000, 0.000000000000000000, 1.000000000000000000 ) ) ;
#8432 = DIRECTION ( 'NONE',  ( -1.000000000000000000, -0.000000000000000000, -0.000000000000000000 ) ) ;
#8433 = EDGE_CURVE ( 'NONE', #8556, #2873, #3462, .T. ) ;
#8434 = CARTESIAN_POINT ( 'NONE',  ( -12.69999999999999751, -14.15672222192825025, 150.2617764690019442 ) ) ;
#8435 = DIRECTION ( 'NONE',  ( 0.000000000000000000, 0.000000000000000000, -1.000000000000000000 ) ) ;
#8436 = VECTOR ( 'NONE', #11921, 1000.000000000000000 ) ;
#8437 = CIRCLE ( 'NONE', #2301, 14.30000000000000782 ) ;
#8438 = ORIENTED_EDGE ( 'NONE', *, *, #5698, .F. ) ;
#8439 = DIRECTION ( 'NONE',  ( -1.000000000000000000, -0.000000000000000000, -0.000000000000000000 ) ) ;
#8440 = EDGE_CURVE ( 'NONE', #10992, #3449, #5905, .T. ) ;
#8441 = EDGE_LOOP ( 'NONE', ( #12443, #8502, #9765, #1741 ) ) ;
#8442 = CIRCLE ( 'NONE', #9268, 2.270999999999995467 ) ;
#8443 = EDGE_CURVE ( 'NONE', #667, #5040, #11881, .T. ) ;
#8444 = AXIS2_PLACEMENT_3D ( 'NONE', #3989, #85, #149 ) ;
#8445 = ORIENTED_EDGE ( 'NONE', *, *, #10205, .F. ) ;
#8446 = FACE_OUTER_BOUND ( 'NONE', #8917, .T. ) ;
#8447 = CARTESIAN_POINT ( 'NONE',  ( 1.555301434917138433E-15, 25.40000000000000213, 167.5999999999999943 ) ) ;
#8448 = EDGE_CURVE ( 'NONE', #2578, #4500, #1827, .T. ) ;
#8449 = EDGE_CURVE ( 'NONE', #2557, #3297, #6340, .T. ) ;
#8450 = DIRECTION ( 'NONE',  ( -1.000000000000000000, 0.000000000000000000, 0.000000000000000000 ) ) ;
#8451 = CARTESIAN_POINT ( 'NONE',  ( 12.70000000000000107, -12.33648634558004353, 130.4962302888807244 ) ) ;
#8452 = CARTESIAN_POINT ( 'NONE',  ( -12.69999999999999751, -11.15407434219252103, 49.24267219815796182 ) ) ;
#8453 = LINE ( 'NONE', #1849, #8455 ) ;
#8454 = DIRECTION ( 'NONE',  ( 1.000000000000000000, 0.000000000000000000, 0.000000000000000000 ) ) ;
#8455 = VECTOR ( 'NONE', #7495, 1000.000000000000000 ) ;
#8456 = CARTESIAN_POINT ( 'NONE',  ( 7.746038523653021987E-16, 25.40000000000000213, 38.09999999999999432 ) ) ;
#8457 = EDGE_LOOP ( 'NONE', ( #94, #818, #6954, #3792 ) ) ;
#8458 = ORIENTED_EDGE ( 'NONE', *, *, #6121, .F. ) ;
#8459 = EDGE_CURVE ( 'NONE', #10263, #12221, #7972, .T. ) ;
#8460 = ORIENTED_EDGE ( 'NONE', *, *, #12228, .T. ) ;
#8461 = ORIENTED_EDGE ( 'NONE', *, *, #1004, .F. ) ;
#8462 = DIRECTION ( 'NONE',  ( -1.000000000000000000, 0.000000000000000000, 0.000000000000000000 ) ) ;
#8463 = AXIS2_PLACEMENT_3D ( 'NONE', #2451, #7259, #3286 ) ;
#8464 = DIRECTION ( 'NONE',  ( 1.000000000000000000, 0.000000000000000000, 0.000000000000000000 ) ) ;
#8465 = FACE_OUTER_BOUND ( 'NONE', #8731, .T. ) ;
#8466 = EDGE_CURVE ( 'NONE', #10760, #12372, #3006, .T. ) ;
#8467 = DIRECTION ( 'NONE',  ( -1.000000000000000000, -0.000000000000000000, -0.000000000000000000 ) ) ;
#8468 = CYLINDRICAL_SURFACE ( 'NONE', #2527, 2.080499999999985139 ) ;
#8469 = DIRECTION ( 'NONE',  ( -1.000000000000000000, -0.000000000000000000, -0.000000000000000000 ) ) ;
#8470 = DIRECTION ( 'NONE',  ( -0.000000000000000000, 1.000000000000000000, -0.000000000000000000 ) ) ;
#8471 = CARTESIAN_POINT ( 'NONE',  ( 1.080765552152139773E-15, 22.22500000000000142, 48.30000000000001137 ) ) ;
#8472 = DIRECTION ( 'NONE',  ( -1.000000000000000000, 0.000000000000000000, 0.000000000000000000 ) ) ;
#8473 = FACE_BOUND ( 'NONE', #9234, .T. ) ;
#8474 = AXIS2_PLACEMENT_3D ( 'NONE', #4813, #8719, #12649 ) ;
#8475 = ORIENTED_EDGE ( 'NONE', *, *, #9654, .T. ) ;
#8476 = ORIENTED_EDGE ( 'NONE', *, *, #9887, .T. ) ;
#8477 = EDGE_LOOP ( 'NONE', ( #8030, #6237, #1338, #3276 ) ) ;
#8478 = EDGE_CURVE ( 'NONE', #10114, #6807, #11934, .T. ) ;
#8479 = ORIENTED_EDGE ( 'NONE', *, *, #2794, .T. ) ;
#8480 = ORIENTED_EDGE ( 'NONE', *, *, #4704, .F. ) ;
#8481 = CARTESIAN_POINT ( 'NONE',  ( 12.70000000000000107, -12.69999999999999929, 167.5999999999999943 ) ) ;
#8482 = CARTESIAN_POINT ( 'NONE',  ( -9.525000000000000355, -1.802455207620986100, 22.81440457572818303 ) ) ;
#8483 = CARTESIAN_POINT ( 'NONE',  ( 0.000000000000000000, 25.40000000000000213, 15.19999999999998863 ) ) ;
#8484 = DIRECTION ( 'NONE',  ( -1.000000000000000000, 0.000000000000000000, 0.000000000000000000 ) ) ;
#8485 = CIRCLE ( 'NONE', #6045, 2.080499999999998906 ) ;
#8486 = LINE ( 'NONE', #1627, #5105 ) ;
#8487 = LINE ( 'NONE', #12399, #3391 ) ;
#8488 = DIRECTION ( 'NONE',  ( 0.000000000000000000, 0.000000000000000000, -1.000000000000000000 ) ) ;
#8489 = ORIENTED_EDGE ( 'NONE', *, *, #685, .F. ) ;
#8490 = ORIENTED_EDGE ( 'NONE', *, *, #4343, .F. ) ;
#8491 = EDGE_CURVE ( 'NONE', #11042, #371, #12284, .T. ) ;
#8492 = CIRCLE ( 'NONE', #924, 2.499999999999988454 ) ;
#8493 = ORIENTED_EDGE ( 'NONE', *, *, #633, .T. ) ;
#8494 = DIRECTION ( 'NONE',  ( 1.000000000000000000, 0.000000000000000000, 0.000000000000000000 ) ) ;
#8495 = DIRECTION ( 'NONE',  ( 0.000000000000000000, 0.000000000000000000, 1.000000000000000000 ) ) ;
#8496 = CARTESIAN_POINT ( 'NONE',  ( -9.525000000000000355, 16.22354728284508951, 137.4378563681123921 ) ) ;
#8497 = CARTESIAN_POINT ( 'NONE',  ( 12.70000000000000107, 4.072800018551153478, 104.1310478351179114 ) ) ;
#8498 = DIRECTION ( 'NONE',  ( 0.000000000000000000, 0.000000000000000000, 1.000000000000000000 ) ) ;
#8499 = FACE_BOUND ( 'NONE', #4183, .T. ) ;
#8500 = CIRCLE ( 'NONE', #2164, 2.270999999999995467 ) ;
#8501 = LINE ( 'NONE', #7356, #12623 ) ;
#8502 = ORIENTED_EDGE ( 'NONE', *, *, #2299, .T. ) ;
#8503 = AXIS2_PLACEMENT_3D ( 'NONE', #3491, #6563, #11437 ) ;
#8504 = ORIENTED_EDGE ( 'NONE', *, *, #9230, .T. ) ;
#8505 = EDGE_CURVE ( 'NONE', #11128, #8884, #4167, .T. ) ;
#8506 = ORIENTED_EDGE ( 'NONE', *, *, #5626, .T. ) ;
#8507 = AXIS2_PLACEMENT_3D ( 'NONE', #8685, #10739, #4911 ) ;
#8508 = AXIS2_PLACEMENT_3D ( 'NONE', #7623, #11730, #5960 ) ;
#8509 = CARTESIAN_POINT ( 'NONE',  ( 1.080765552152137604E-15, 25.40000000000000213, 149.8999999999999773 ) ) ;
#8510 = CARTESIAN_POINT ( 'NONE',  ( -12.69999999999999751, -25.39999999999999503, 177.8000000000000114 ) ) ;
#8511 = VECTOR ( 'NONE', #8991, 1000.000000000000000 ) ;
#8512 = CARTESIAN_POINT ( 'NONE',  ( 1.555301434917138038E-15, 22.22500000000000142, 76.19999999999998863 ) ) ;
#8513 = PRODUCT_RELATED_PRODUCT_CATEGORY ( 'detail', '', ( #6171 ) ) ;
#8514 = CYLINDRICAL_SURFACE ( 'NONE', #2595, 2.499999999999988454 ) ;
#8515 = CYLINDRICAL_SURFACE ( 'NONE', #5773, 2.080499999999985139 ) ;
#8516 = DIRECTION ( 'NONE',  ( 1.000000000000000000, -0.000000000000000000, -0.000000000000000000 ) ) ;
#8517 = FACE_OUTER_BOUND ( 'NONE', #8913, .T. ) ;
#8518 = EDGE_LOOP ( 'NONE', ( #3342, #7916, #12621, #6189 ) ) ;
#8519 = EDGE_CURVE ( 'NONE', #10321, #11490, #5733, .T. ) ;
#8520 = AXIS2_PLACEMENT_3D ( 'NONE', #7351, #10298, #627 ) ;
#8521 = ADVANCED_FACE ( 'NONE', ( #7047 ), #4876, .F. ) ;
#8522 = DIRECTION ( 'NONE',  ( 0.000000000000000000, 0.000000000000000000, 1.000000000000000000 ) ) ;
#8523 = ORIENTED_EDGE ( 'NONE', *, *, #3460, .F. ) ;
#8524 = VERTEX_POINT ( 'NONE', #7115 ) ;
#8525 = ORIENTED_EDGE ( 'NONE', *, *, #12392, .T. ) ;
#8526 = LINE ( 'NONE', #1731, #4319 ) ;
#8527 = AXIS2_PLACEMENT_3D ( 'NONE', #7347, #1388, #9203 ) ;
#8528 = CIRCLE ( 'NONE', #3418, 2.080499999999998906 ) ;
#8529 = CARTESIAN_POINT ( 'NONE',  ( 1.555301434917138433E-15, -25.39999999999999503, 167.5999999999999943 ) ) ;
#8530 = DIRECTION ( 'NONE',  ( 1.000000000000000000, 0.000000000000000000, 0.000000000000000000 ) ) ;
#8531 = CARTESIAN_POINT ( 'NONE',  ( 9.525000000000000355, -2.068405620284295310, 106.4409693130105268 ) ) ;
#8532 = CARTESIAN_POINT ( 'NONE',  ( -9.525000000000000355, 16.22354728284504333, 141.9621436318879830 ) ) ;
#8533 = DIRECTION ( 'NONE',  ( 1.000000000000000000, 0.000000000000000000, 0.000000000000000000 ) ) ;
#8534 = DIRECTION ( 'NONE',  ( 0.000000000000000000, 0.000000000000000000, -1.000000000000000000 ) ) ;
#8535 = AXIS2_PLACEMENT_3D ( 'NONE', #6978, #5183, #3121 ) ;
#8536 = ORIENTED_EDGE ( 'NONE', *, *, #10104, .T. ) ;
#8537 = ADVANCED_FACE ( 'NONE', ( #8900 ), #2242, .F. ) ;
#8538 = ORIENTED_EDGE ( 'NONE', *, *, #1222, .F. ) ;
#8539 = ORIENTED_EDGE ( 'NONE', *, *, #9859, .F. ) ;
#8540 = ORIENTED_EDGE ( 'NONE', *, *, #1822, .F. ) ;
#8541 = ORIENTED_EDGE ( 'NONE', *, *, #5199, .F. ) ;
#8542 = CARTESIAN_POINT ( 'NONE',  ( -9.525000000000000355, -10.07084749364648069, 75.98106772950202981 ) ) ;
#8543 = CARTESIAN_POINT ( 'NONE',  ( 12.70000000000000107, -25.39999999999999503, 177.8000000000000114 ) ) ;
#8544 = DIRECTION ( 'NONE',  ( -1.000000000000000000, -0.000000000000000000, -0.000000000000000000 ) ) ;
#8545 = AXIS2_PLACEMENT_3D ( 'NONE', #11048, #6179, #5209 ) ;
#8546 = FACE_OUTER_BOUND ( 'NONE', #2071, .T. ) ;
#8547 = DIRECTION ( 'NONE',  ( 0.000000000000000000, 0.000000000000000000, 1.000000000000000000 ) ) ;
#8548 = CARTESIAN_POINT ( 'NONE',  ( 12.70000000000000107, 3.577867169202164632E-15, 88.90000000000000568 ) ) ;
#8549 = EDGE_CURVE ( 'NONE', #9183, #2695, #6965, .T. ) ;
#8550 = EDGE_CURVE ( 'NONE', #6048, #6966, #7824, .T. ) ;
#8551 = LINE ( 'NONE', #2589, #5291 ) ;
#8552 = EDGE_LOOP ( 'NONE', ( #1083, #11505, #1948, #12390 ) ) ;
#8553 = EDGE_LOOP ( 'NONE', ( #1067, #5076, #5141, #3406 ) ) ;
#8554 = VERTEX_POINT ( 'NONE', #9277 ) ;
#8555 = CIRCLE ( 'NONE', #12060, 2.080499999999998906 ) ;
#8556 = VERTEX_POINT ( 'NONE', #6348 ) ;
#8557 = DIRECTION ( 'NONE',  ( 0.000000000000000000, 0.000000000000000000, -1.000000000000000000 ) ) ;
#8558 = CARTESIAN_POINT ( 'NONE',  ( 12.70000000000000107, 16.22512784221244786, 45.07919284400875171 ) ) ;
#8559 = DIRECTION ( 'NONE',  ( -1.000000000000000000, 0.000000000000000000, 0.000000000000000000 ) ) ;
#8560 = CYLINDRICAL_SURFACE ( 'NONE', #6267, 2.500000000000002220 ) ;
#8561 = DIRECTION ( 'NONE',  ( -1.000000000000000000, -0.000000000000000000, -0.000000000000000000 ) ) ;
#8562 = DIRECTION ( 'NONE',  ( 0.000000000000000000, 0.000000000000000000, 1.000000000000000000 ) ) ;
#8563 = CIRCLE ( 'NONE', #593, 17.66249999999999787 ) ;
#8564 = EDGE_CURVE ( 'NONE', #6643, #5663, #576, .T. ) ;
#8565 = DIRECTION ( 'NONE',  ( 0.000000000000000000, 6.670409905222044891E-15, 1.000000000000000000 ) ) ;
#8566 = CIRCLE ( 'NONE', #4675, 2.270999999999995467 ) ;
#8567 = EDGE_LOOP ( 'NONE', ( #1602, #7267, #12220, #343 ) ) ;
#8568 = ORIENTED_EDGE ( 'NONE', *, *, #11857, .F. ) ;
#8569 = EDGE_LOOP ( 'NONE', ( #8826, #4383, #12330, #11321 ) ) ;
#8570 = AXIS2_PLACEMENT_3D ( 'NONE', #9770, #1752, #12531 ) ;
#8571 = CIRCLE ( 'NONE', #604, 2.499999999999974243 ) ;
#8572 = CARTESIAN_POINT ( 'NONE',  ( -12.69999999999999751, -2.068405620284290425, 122.1590306869894960 ) ) ;
#8573 = DIRECTION ( 'NONE',  ( 1.000000000000000000, 0.000000000000000000, 0.000000000000000000 ) ) ;
#8574 = CARTESIAN_POINT ( 'NONE',  ( 1.080765552152138393E-15, -25.39999999999999503, 149.8999999999999773 ) ) ;
#8575 = EDGE_CURVE ( 'NONE', #10721, #1698, #7429, .T. ) ;
#8576 = DIRECTION ( 'NONE',  ( -1.000000000000000000, 0.000000000000000000, 0.000000000000000000 ) ) ;
#8577 = DIRECTION ( 'NONE',  ( -1.000000000000000000, 0.000000000000000000, 0.000000000000000000 ) ) ;
#8578 = FACE_OUTER_BOUND ( 'NONE', #4440, .T. ) ;
#8579 = CARTESIAN_POINT ( 'NONE',  ( -12.69999999999999751, -14.16298196909033535, 137.7251729839750851 ) ) ;
#8580 = EDGE_LOOP ( 'NONE', ( #6436, #8761, #12096, #2793 ) ) ;
#8581 = AXIS2_PLACEMENT_3D ( 'NONE', #2563, #6483, #10385 ) ;
#8582 = AXIS2_PLACEMENT_3D ( 'NONE', #3070, #6853, #10765 ) ;
#8583 = DIRECTION ( 'NONE',  ( -1.000000000000000000, -0.000000000000000000, -0.000000000000000000 ) ) ;
#8584 = EDGE_LOOP ( 'NONE', ( #11323, #10505, #2424, #587 ) ) ;
#8585 = ORIENTED_EDGE ( 'NONE', *, *, #4442, .T. ) ;
#8586 = ORIENTED_EDGE ( 'NONE', *, *, #11197, .F. ) ;
#8587 = DIRECTION ( 'NONE',  ( 1.000000000000000000, 0.000000000000000000, 0.000000000000000000 ) ) ;
#8588 = AXIS2_PLACEMENT_3D ( 'NONE', #8595, #9623, #12515 ) ;
#8589 = AXIS2_PLACEMENT_3D ( 'NONE', #11159, #327, #8498 ) ;
#8590 = CARTESIAN_POINT ( 'NONE',  ( 1.555301434917138433E-15, 25.40000000000000213, 116.7999999999999829 ) ) ;
#8591 = FACE_OUTER_BOUND ( 'NONE', #11656, .T. ) ;
#8592 = CARTESIAN_POINT ( 'NONE',  ( 1.555301434917138038E-15, -22.22499999999999787, 76.19999999999998863 ) ) ;
#8593 = CARTESIAN_POINT ( 'NONE',  ( -9.525000000000000355, 4.072800018551152590, 124.4689521648821113 ) ) ;
#8594 = EDGE_CURVE ( 'NONE', #1838, #738, #9208, .T. ) ;
#8595 = CARTESIAN_POINT ( 'NONE',  ( 7.746038523653021987E-16, 25.40000000000000213, 152.3999999999999773 ) ) ;
#8596 = CIRCLE ( 'NONE', #6361, 17.66250000000000142 ) ;
#8597 = CYLINDRICAL_SURFACE ( 'NONE', #10696, 17.66249999999999787 ) ;
#8598 = EDGE_CURVE ( 'NONE', #225, #12424, #4352, .T. ) ;
#8599 = DIRECTION ( 'NONE',  ( 0.000000000000000000, 0.000000000000000000, 1.000000000000000000 ) ) ;
#8600 = CARTESIAN_POINT ( 'NONE',  ( -12.69999999999999751, -12.69999999999999929, 63.50000000000000000 ) ) ;
#8601 = ORIENTED_EDGE ( 'NONE', *, *, #2272, .F. ) ;
#8602 = ORIENTED_EDGE ( 'NONE', *, *, #11503, .F. ) ;
#8603 = EDGE_LOOP ( 'NONE', ( #3549, #9565, #4118, #1148 ) ) ;
#8604 = VERTEX_POINT ( 'NONE', #11157 ) ;
#8605 = VERTEX_POINT ( 'NONE', #4226 ) ;
#8606 = CARTESIAN_POINT ( 'NONE',  ( 7.746038523653021987E-16, -25.39999999999999503, 101.5999999999999943 ) ) ;
#8607 = DIRECTION ( 'NONE',  ( -1.000000000000000000, -0.000000000000000000, -0.000000000000000000 ) ) ;
#8608 = EDGE_CURVE ( 'NONE', #5219, #2145, #8384, .T. ) ;
#8609 = CARTESIAN_POINT ( 'NONE',  ( 7.746038523653021987E-16, 25.40000000000000213, 101.5999999999999943 ) ) ;
#8610 = EDGE_CURVE ( 'NONE', #11783, #8694, #9407, .T. ) ;
#8611 = DIRECTION ( 'NONE',  ( 1.000000000000000000, 0.000000000000000000, 0.000000000000000000 ) ) ;
#8612 = DIRECTION ( 'NONE',  ( -0.000000000000000000, 1.000000000000000000, -0.000000000000000000 ) ) ;
#8613 = ADVANCED_FACE ( 'NONE', ( #4289 ), #12242, .T. ) ;
#8614 = CIRCLE ( 'NONE', #8209, 2.270999999999995467 ) ;
#8615 = CARTESIAN_POINT ( 'NONE',  ( 9.525000000000000355, 12.33648634557998314, 148.9037697111193950 ) ) ;
#8616 = ORIENTED_EDGE ( 'NONE', *, *, #8154, .T. ) ;
#8617 = EDGE_LOOP ( 'NONE', ( #8233, #9507, #3214, #6871 ) ) ;
#8618 = ORIENTED_EDGE ( 'NONE', *, *, #4442, .F. ) ;
#8619 = ORIENTED_EDGE ( 'NONE', *, *, #3653, .F. ) ;
#8620 = FACE_OUTER_BOUND ( 'NONE', #9806, .T. ) ;
#8621 = AXIS2_PLACEMENT_3D ( 'NONE', #5258, #12063, #11158 ) ;
#8622 = CARTESIAN_POINT ( 'NONE',  ( -12.69999999999999751, 0.000000000000000000, 65.99999999999998579 ) ) ;
#8623 = FACE_OUTER_BOUND ( 'NONE', #2313, .T. ) ;
#8624 = DIRECTION ( 'NONE',  ( -1.000000000000000000, -0.000000000000000000, -0.000000000000000000 ) ) ;
#8625 = DIRECTION ( 'NONE',  ( 0.000000000000000000, 0.000000000000000000, 1.000000000000000000 ) ) ;
#8626 = EDGE_CURVE ( 'NONE', #9438, #6743, #11092, .T. ) ;
#8627 = FACE_OUTER_BOUND ( 'NONE', #6316, .T. ) ;
#8628 = CARTESIAN_POINT ( 'NONE',  ( 9.525000000000000355, 0.000000000000000000, 116.7999999999999829 ) ) ;
#8629 = EDGE_CURVE ( 'NONE', #6933, #7879, #8596, .T. ) ;
#8630 = VECTOR ( 'NONE', #7494, 1000.000000000000000 ) ;
#8631 = AXIS2_PLACEMENT_3D ( 'NONE', #1908, #10558, #7616 ) ;
#8632 = ORIENTED_EDGE ( 'NONE', *, *, #9789, .F. ) ;
#8633 = EDGE_LOOP ( 'NONE', ( #5360, #5640, #2935, #6175 ) ) ;
#8634 = ORIENTED_EDGE ( 'NONE', *, *, #325, .F. ) ;
#8635 = ADVANCED_FACE ( 'NONE', ( #6407 ), #8141, .F. ) ;
#8636 = DIRECTION ( 'NONE',  ( 0.000000000000000000, -3.752105571687400449E-15, 1.000000000000000000 ) ) ;
#8637 = DIRECTION ( 'NONE',  ( 0.000000000000000000, 0.000000000000000000, -1.000000000000000000 ) ) ;
#8638 = AXIS2_PLACEMENT_3D ( 'NONE', #8890, #4795, #8700 ) ;
#8639 = AXIS2_PLACEMENT_3D ( 'NONE', #10608, #5746, #9651 ) ;
#8640 = LINE ( 'NONE', #9534, #3983 ) ;
#8641 = DIRECTION ( 'NONE',  ( 0.000000000000000000, 0.000000000000000000, -1.000000000000000000 ) ) ;
#8642 = DIRECTION ( 'NONE',  ( -1.000000000000000000, -0.000000000000000000, -0.000000000000000000 ) ) ;
#8643 = DIRECTION ( 'NONE',  ( 0.000000000000000000, 0.000000000000000000, 1.000000000000000000 ) ) ;
#8644 = CARTESIAN_POINT ( 'NONE',  ( 12.70000000000000107, 12.33648634557998314, 100.3747697111193986 ) ) ;
#8645 = ORIENTED_EDGE ( 'NONE', *, *, #8459, .T. ) ;
#8646 = AXIS2_PLACEMENT_3D ( 'NONE', #4656, #12353, #11272 ) ;
#8647 = CARTESIAN_POINT ( 'NONE',  ( 12.70000000000000107, 5.371240620587830250, 152.9529156865856407 ) ) ;
#8648 = ORIENTED_EDGE ( 'NONE', *, *, #7454, .T. ) ;
#8649 = ORIENTED_EDGE ( 'NONE', *, *, #306, .F. ) ;
#8650 = EDGE_CURVE ( 'NONE', #815, #4714, #4917, .T. ) ;
#8651 = ORIENTED_EDGE ( 'NONE', *, *, #4457, .T. ) ;
#8652 = DIRECTION ( 'NONE',  ( -1.000000000000000000, -0.000000000000000000, -0.000000000000000000 ) ) ;
#8653 = CARTESIAN_POINT ( 'NONE',  ( 12.70000000000000107, 16.22354728284504333, 141.9621436318879830 ) ) ;
#8654 = DIRECTION ( 'NONE',  ( 0.000000000000000000, 0.000000000000000000, 1.000000000000000000 ) ) ;
#8655 = CYLINDRICAL_SURFACE ( 'NONE', #3365, 2.080499999999998906 ) ;
#8656 = AXIS2_PLACEMENT_3D ( 'NONE', #8907, #6041, #10841 ) ;
#8657 = DIRECTION ( 'NONE',  ( 0.000000000000000000, 0.000000000000000000, 1.000000000000000000 ) ) ;
#8658 = DIRECTION ( 'NONE',  ( -1.000000000000000000, -0.000000000000000000, -0.000000000000000000 ) ) ;
#8659 = AXIS2_PLACEMENT_3D ( 'NONE', #9610, #10503, #8522 ) ;
#8660 = DIRECTION ( 'NONE',  ( 0.000000000000000000, 0.000000000000000000, 1.000000000000000000 ) ) ;
#8661 = DIRECTION ( 'NONE',  ( 0.000000000000000000, 0.000000000000000000, -1.000000000000000000 ) ) ;
#8662 = CARTESIAN_POINT ( 'NONE',  ( -12.69999999999999751, -1.802455207620986100, 73.61440457572818730 ) ) ;
#8663 = VERTEX_POINT ( 'NONE', #9342 ) ;
#8664 = EDGE_LOOP ( 'NONE', ( #7842, #4103 ) ) ;
#8665 = EDGE_LOOP ( 'NONE', ( #10699, #10520, #740, #3728 ) ) ;
#8666 = EDGE_CURVE ( 'NONE', #5171, #2593, #11260, .T. ) ;
#8667 = AXIS2_PLACEMENT_3D ( 'NONE', #3333, #6231, #1473 ) ;
#8668 = EDGE_LOOP ( 'NONE', ( #10169, #11885, #2298, #8693 ) ) ;
#8669 = VERTEX_POINT ( 'NONE', #5256 ) ;
#8670 = CARTESIAN_POINT ( 'NONE',  ( 9.525000000000000355, 0.000000000000000000, 63.50000000000000000 ) ) ;
#8671 = CARTESIAN_POINT ( 'NONE',  ( 12.70000000000000107, -14.16298196909033535, 86.92517298397507375 ) ) ;
#8672 = CARTESIAN_POINT ( 'NONE',  ( -12.69999999999999751, 3.577867169202164632E-15, 88.90000000000000568 ) ) ;
#8673 = CARTESIAN_POINT ( 'NONE',  ( 12.70000000000000107, -12.69999999999999929, 111.7999999999999972 ) ) ;
#8674 = CARTESIAN_POINT ( 'NONE',  ( 9.525000000000000355, 0.000000000000000000, 165.0999999999999943 ) ) ;
#8675 = DIRECTION ( 'NONE',  ( -1.000000000000000000, -0.000000000000000000, -0.000000000000000000 ) ) ;
#8676 = ORIENTED_EDGE ( 'NONE', *, *, #1347, .T. ) ;
#8677 = ORIENTED_EDGE ( 'NONE', *, *, #5628, .F. ) ;
#8678 = EDGE_LOOP ( 'NONE', ( #10318, #7206 ) ) ;
#8679 = EDGE_CURVE ( 'NONE', #7608, #8760, #12182, .T. ) ;
#8680 = ORIENTED_EDGE ( 'NONE', *, *, #2650, .T. ) ;
#8681 = EDGE_CURVE ( 'NONE', #4711, #4823, #1282, .T. ) ;
#8682 = VECTOR ( 'NONE', #3918, 1000.000000000000000 ) ;
#8683 = CARTESIAN_POINT ( 'NONE',  ( 9.525000000000000355, 12.69999999999999929, 61.00000000000000711 ) ) ;
#8684 = DIRECTION ( 'NONE',  ( 0.000000000000000000, 0.000000000000000000, -1.000000000000000000 ) ) ;
#8685 = CARTESIAN_POINT ( 'NONE',  ( 12.70000000000000107, 14.13894155320100943, 94.98182571315275879 ) ) ;
#8686 = DIRECTION ( 'NONE',  ( -1.000000000000000000, -0.000000000000000000, -0.000000000000000000 ) ) ;
#8687 = CARTESIAN_POINT ( 'NONE',  ( 9.525000000000000355, 1.802455207620993427, 22.81440457572818303 ) ) ;
#8688 = LINE ( 'NONE', #12613, #10908 ) ;
#8689 = EDGE_CURVE ( 'NONE', #3579, #2083, #12062, .T. ) ;
#8690 = ORIENTED_EDGE ( 'NONE', *, *, #5266, .F. ) ;
#8691 = VECTOR ( 'NONE', #11468, 1000.000000000000000 ) ;
#8692 = EDGE_CURVE ( 'NONE', #1534, #6918, #820, .T. ) ;
#8693 = ORIENTED_EDGE ( 'NONE', *, *, #10196, .F. ) ;
#8694 = VERTEX_POINT ( 'NONE', #10121 ) ;
#8695 = ADVANCED_FACE ( 'NONE', ( #1342 ), #8203, .F. ) ;
#8696 = ORIENTED_EDGE ( 'NONE', *, *, #7430, .T. ) ;
#8697 = CARTESIAN_POINT ( 'NONE',  ( 12.70000000000000107, 3.577867169202164632E-15, 139.7000000000000171 ) ) ;
#8698 = CARTESIAN_POINT ( 'NONE',  ( 9.525000000000000355, 22.22500000000000142, 177.8000000000000114 ) ) ;
#8699 = VECTOR ( 'NONE', #7326, 1000.000000000000000 ) ;
#8700 = DIRECTION ( 'NONE',  ( 0.000000000000000000, 0.000000000000000000, -1.000000000000000000 ) ) ;
#8701 = DIRECTION ( 'NONE',  ( -0.000000000000000000, 1.000000000000000000, -0.000000000000000000 ) ) ;
#8702 = LINE ( 'NONE', #11667, #4742 ) ;
#8703 = DIRECTION ( 'NONE',  ( 1.000000000000000000, 0.000000000000000000, 0.000000000000000000 ) ) ;
#8704 = DIRECTION ( 'NONE',  ( 1.000000000000000000, -0.000000000000000000, -0.000000000000000000 ) ) ;
#8705 = EDGE_CURVE ( 'NONE', #6379, #10335, #11891, .T. ) ;
#8706 = ORIENTED_EDGE ( 'NONE', *, *, #5628, .T. ) ;
#8707 = AXIS2_PLACEMENT_3D ( 'NONE', #7187, #11164, #2373 ) ;
#8708 = DIRECTION ( 'NONE',  ( 0.000000000000000000, 0.000000000000000000, 1.000000000000000000 ) ) ;
#8709 = VERTEX_POINT ( 'NONE', #3831 ) ;
#8710 = ORIENTED_EDGE ( 'NONE', *, *, #1476, .T. ) ;
#8711 = ORIENTED_EDGE ( 'NONE', *, *, #2332, .F. ) ;
#8712 = AXIS2_PLACEMENT_3D ( 'NONE', #870, #12611, #7798 ) ;
#8713 = DIRECTION ( 'NONE',  ( 0.000000000000000000, 0.000000000000000000, -1.000000000000000000 ) ) ;
#8714 = CIRCLE ( 'NONE', #7911, 2.270999999999995467 ) ;
#8715 = CARTESIAN_POINT ( 'NONE',  ( 12.70000000000000107, -8.791741348502544184, 100.1780886705607543 ) ) ;
#8716 = CARTESIAN_POINT ( 'NONE',  ( 12.70000000000000107, 3.577867169202164632E-15, 139.7000000000000171 ) ) ;
#8717 = DIRECTION ( 'NONE',  ( 0.000000000000000000, 0.000000000000000000, 1.000000000000000000 ) ) ;
#8718 = AXIS2_PLACEMENT_3D ( 'NONE', #569, #9397, #2420 ) ;
#8719 = DIRECTION ( 'NONE',  ( -1.000000000000000000, 0.000000000000000000, 0.000000000000000000 ) ) ;
#8720 = AXIS2_PLACEMENT_3D ( 'NONE', #6653, #11537, #9734 ) ;
#8721 = CARTESIAN_POINT ( 'NONE',  ( 12.70000000000000107, 12.69999999999999929, 66.00000000000000000 ) ) ;
#8722 = CARTESIAN_POINT ( 'NONE',  ( 12.70000000000000107, -6.152699789198520897, 53.28107590238573010 ) ) ;
#8723 = FACE_OUTER_BOUND ( 'NONE', #10040, .T. ) ;
#8724 = FACE_OUTER_BOUND ( 'NONE', #7775, .T. ) ;
#8725 = EDGE_CURVE ( 'NONE', #9045, #8366, #8383, .T. ) ;
#8726 =( GEOMETRIC_REPRESENTATION_CONTEXT ( 3 ) GLOBAL_UNCERTAINTY_ASSIGNED_CONTEXT ( ( #6359 ) ) GLOBAL_UNIT_ASSIGNED_CONTEXT ( ( #966, #3914, #9892 ) ) REPRESENTATION_CONTEXT ( 'NONE', 'WORKASPACE' ) );
#8727 = AXIS2_PLACEMENT_3D ( 'NONE', #5150, #6241, #10139 ) ;
#8728 = CARTESIAN_POINT ( 'NONE',  ( 12.70000000000000107, -1.802455207620986100, 53.38559542427184823 ) ) ;
#8729 = VERTEX_POINT ( 'NONE', #10557 ) ;
#8730 = CIRCLE ( 'NONE', #4846, 14.30000000000000071 ) ;
#8731 = EDGE_LOOP ( 'NONE', ( #6970, #5724, #12375, #11202 ) ) ;
#8732 = ORIENTED_EDGE ( 'NONE', *, *, #12092, .F. ) ;
#8733 = CIRCLE ( 'NONE', #4234, 2.499999999999988454 ) ;
#8734 = EDGE_LOOP ( 'NONE', ( #7395, #9913, #5173, #63 ) ) ;
#8735 = VERTEX_POINT ( 'NONE', #12429 ) ;
#8736 = CARTESIAN_POINT ( 'NONE',  ( 12.70000000000000107, 3.577867169202164632E-15, 38.10000000000001563 ) ) ;
#8737 = DIRECTION ( 'NONE',  ( 1.000000000000000000, -0.000000000000000000, -0.000000000000000000 ) ) ;
#8738 = AXIS2_PLACEMENT_3D ( 'NONE', #3347, #714, #7258 ) ;
#8739 = CARTESIAN_POINT ( 'NONE',  ( -12.69999999999999929, 0.000000000000000000, 63.50000000000000000 ) ) ;
#8740 = CARTESIAN_POINT ( 'NONE',  ( 12.70000000000000107, 2.068405620284298418, 55.64096931301052251 ) ) ;
#8741 = AXIS2_PLACEMENT_3D ( 'NONE', #10295, #8494, #8557 ) ;
#8742 = ADVANCED_FACE ( 'NONE', ( #10622 ), #12494, .T. ) ;
#8743 = VECTOR ( 'NONE', #1911, 1000.000000000000000 ) ;
#8744 = CARTESIAN_POINT ( 'NONE',  ( 12.70000000000000107, -6.152699789198520897, 104.0810759023857344 ) ) ;
#8745 = ORIENTED_EDGE ( 'NONE', *, *, #1470, .F. ) ;
#8746 = ORIENTED_EDGE ( 'NONE', *, *, #9590, .T. ) ;
#8747 = EDGE_LOOP ( 'NONE', ( #2648, #10701, #7027, #9807 ) ) ;
#8748 = ORIENTED_EDGE ( 'NONE', *, *, #5959, .F. ) ;
#8749 = DIRECTION ( 'NONE',  ( 0.000000000000000000, 0.000000000000000000, -1.000000000000000000 ) ) ;
#8750 = VECTOR ( 'NONE', #1442, 1000.000000000000000 ) ;
#8751 = LINE ( 'NONE', #10868, #561 ) ;
#8752 = DIRECTION ( 'NONE',  ( -1.000000000000000000, -0.000000000000000000, -0.000000000000000000 ) ) ;
#8753 = CARTESIAN_POINT ( 'NONE',  ( 12.70000000000000107, 6.152699789198528002, 154.8810759023857315 ) ) ;
#8754 = DIRECTION ( 'NONE',  ( 0.000000000000000000, 0.000000000000000000, 1.000000000000000000 ) ) ;
#8755 = DIRECTION ( 'NONE',  ( 0.000000000000000000, 0.000000000000000000, 1.000000000000000000 ) ) ;
#8756 = DIRECTION ( 'NONE',  ( 0.000000000000000000, 0.000000000000000000, 1.000000000000000000 ) ) ;
#8757 = ADVANCED_FACE ( 'NONE', ( #7679 ), #882, .F. ) ;
#8758 = ADVANCED_FACE ( 'NONE', ( #638 ), #1844, .F. ) ;
#8759 = ORIENTED_EDGE ( 'NONE', *, *, #11897, .T. ) ;
#8760 = VERTEX_POINT ( 'NONE', #8509 ) ;
#8761 = ORIENTED_EDGE ( 'NONE', *, *, #8846, .T. ) ;
#8762 = ORIENTED_EDGE ( 'NONE', *, *, #3859, .T. ) ;
#8763 = DIRECTION ( 'NONE',  ( -1.000000000000000000, -0.000000000000000000, -0.000000000000000000 ) ) ;
#8764 = DIRECTION ( 'NONE',  ( 1.000000000000000000, -0.000000000000000000, -0.000000000000000000 ) ) ;
#8765 = CLOSED_SHELL ( 'NONE', ( #12218, #10742, #11922, #10690, #17, #11864, #11634, #3962, #4525, #2120, #3373, #6639, #6434, #2562, #10969, #5037, #11927, #6023, #7460, #9916, #2135, #10800, #1451, #8291, #4790, #514, #5477, #6194, #6178, #7008, #4954, #6264, #1851, #1016, #8780, #1236, #1798, #345, #2902, #6486, #4763, #5969, #9087, #7062, #7303, #8742, #1110, #8790, #7890, #7355, #11182, #1408, #2797, #1634, #1165, #6308, #9547, #10181, #2465, #1475, #11036, #10245, #4899, #10092, #4161, #11646, #5395, #2961, #7612, #786, #5660, #7383, #4254, #6932, #6503, #11435, #3141, #5012, #1897, #10403, #7442, #549, #2555, #6759, #10345, #12676, #3122, #1791, #1661, #8212, #10413, #657, #3445, #10171, #5741, #9626, #9073, #3307, #5344, #1195, #584, #5129, #2195, #10303, #10017, #11983, #7756, #8390, #4509, #9790, #2722, #12180, #2146, #10234, #2316, #12250, #9530, #1437, #11133, #3512, #7358, #1870, #5319, #12599, #1192, #9431, #3823, #8091, #12312, #10943, #1693, #4072, #6151, #3935, #8065, #1276, #9616, #3093, #2017, #2918, #1942, #3304, #942, #8007, #3740, #8333, #2192, #193, #1060, #3591, #3273, #12168, #135, #8537, #1493, #11020, #4847, #6107, #4550, #7744, #4007, #2262, #2815, #9454, #12704, #5235, #10074, #495, #2798, #6729, #5586, #2724, #8757, #6056, #5492, #3400, #6106, #9161, #3134, #11126, #12057, #2945, #2026, #6684, #4993, #6623, #8231, #7212, #6771, #3595, #10441, #7382, #1251, #6457, #8021, #7120, #8841, #8635, #10116, #9083, #641, #11825, #3938, #8695, #2004, #1701, #2887, #7374, #9944, #8319, #2910, #6892, #4199, #11403, #11374, #9903, #9147, #3754, #3211, #12650, #10618, #5871, #3575, #387, #1568, #11956, #476, #11906, #3208, #6802, #9056, #8758, #6138, #9463, #12336, #4659, #5915, #11671, #3004, #3881, #8134, #4098, #6831, #1144, #8837, #226, #7741, #5562, #12528, #3433, #10275, #10529, #8159, #5798, #5187, #10551, #238, #8893, #872, #12030, #7899, #11492, #5763, #8613, #3611, #2060, #6280, #7816, #7199, #11345, #1591, #11765, #3868, #12347, #8793, #4610, #4853, #3538, #3527, #10960, #8419, #2782, #2664, #5025, #11453, #7079, #1267, #4214, #10889, #11761, #9003, #1073, #5244, #10162, #7035, #3120, #2516, #12280, #12017, #12584, #272, #1204, #4401, #2091, #9570, #7587, #10561, #4115, #1837, #2653, #6841, #1164, #3506, #9389, #10252, #4302, #12294, #8827, #3030, #2234, #8062, #572, #4591, #1129, #1619, #5823, #1085, #253, #697, #4777, #1207, #8521, #9384, #2131, #9146, #9379, #11275, #2905, #4540, #5103, #6993, #5201, #7140, #6854, #10222, #5405, #4689, #11438, #9400, #3866, #11614, #11602, #9257, #1038, #8039, #8364 ) ) ;
#8766 = CYLINDRICAL_SURFACE ( 'NONE', #7821, 2.500000000000002220 ) ;
#8767 = EDGE_CURVE ( 'NONE', #10137, #9824, #4300, .T. ) ;
#8768 = DIRECTION ( 'NONE',  ( -1.000000000000000000, -0.000000000000000000, -0.000000000000000000 ) ) ;
#8769 = CARTESIAN_POINT ( 'NONE',  ( 12.70000000000000107, -12.33648634558010748, 148.9037697111192244 ) ) ;
#8770 = EDGE_CURVE ( 'NONE', #1633, #11425, #11465, .T. ) ;
#8771 = CARTESIAN_POINT ( 'NONE',  ( 12.70000000000000107, 3.577867169202164632E-15, 38.10000000000001563 ) ) ;
#8772 = EDGE_LOOP ( 'NONE', ( #4908, #6031, #5965, #11630 ) ) ;
#8773 = AXIS2_PLACEMENT_3D ( 'NONE', #9585, #11779, #5749 ) ;
#8774 = VECTOR ( 'NONE', #11424, 1000.000000000000000 ) ;
#8775 = CARTESIAN_POINT ( 'NONE',  ( 12.70000000000000107, 16.22512784221244786, 95.87919284400875597 ) ) ;
#8776 = ORIENTED_EDGE ( 'NONE', *, *, #7481, .F. ) ;
#8777 = ORIENTED_EDGE ( 'NONE', *, *, #4624, .T. ) ;
#8778 = VERTEX_POINT ( 'NONE', #8572 ) ;
#8779 = CARTESIAN_POINT ( 'NONE',  ( 1.555301434917138433E-15, 22.22500000000000142, 165.0999999999999943 ) ) ;
#8780 = ADVANCED_FACE ( 'NONE', ( #5565 ), #9664, .F. ) ;
#8781 = DIRECTION ( 'NONE',  ( 0.000000000000000000, 0.000000000000000000, 1.000000000000000000 ) ) ;
#8782 = CARTESIAN_POINT ( 'NONE',  ( -12.69999999999999929, 12.69999999999999929, 12.69999999999999929 ) ) ;
#8783 = DIRECTION ( 'NONE',  ( 0.000000000000000000, 0.000000000000000000, 1.000000000000000000 ) ) ;
#8784 = AXIS2_PLACEMENT_3D ( 'NONE', #3608, #9314, #2405 ) ;
#8785 = LINE ( 'NONE', #8973, #4181 ) ;
#8786 = VECTOR ( 'NONE', #5829, 1000.000000000000000 ) ;
#8787 = DIRECTION ( 'NONE',  ( -1.000000000000000000, -0.000000000000000000, -0.000000000000000000 ) ) ;
#8788 = DIRECTION ( 'NONE',  ( -1.000000000000000000, -0.000000000000000000, -0.000000000000000000 ) ) ;
#8789 = CARTESIAN_POINT ( 'NONE',  ( -12.69999999999999751, -5.371240620587816927, 126.4470843134143934 ) ) ;
#8790 = ADVANCED_FACE ( 'NONE', ( #8446 ), #10493, .F. ) ;
#8791 = CARTESIAN_POINT ( 'NONE',  ( -12.69999999999999751, 10.07084749364666365, 75.98106772950217191 ) ) ;
#8792 = CIRCLE ( 'NONE', #11053, 17.66249999999999787 ) ;
#8793 = ADVANCED_FACE ( 'NONE', ( #9468 ), #1716, .F. ) ;
#8794 = DIRECTION ( 'NONE',  ( 1.000000000000000000, -0.000000000000000000, -0.000000000000000000 ) ) ;
#8795 = ORIENTED_EDGE ( 'NONE', *, *, #5473, .F. ) ;
#8796 = ORIENTED_EDGE ( 'NONE', *, *, #3674, .T. ) ;
#8797 = EDGE_LOOP ( 'NONE', ( #7041, #10489, #4530, #7080 ) ) ;
#8798 = ORIENTED_EDGE ( 'NONE', *, *, #10749, .T. ) ;
#8799 = ORIENTED_EDGE ( 'NONE', *, *, #694, .T. ) ;
#8800 = DIRECTION ( 'NONE',  ( 1.000000000000000000, 0.000000000000000000, 0.000000000000000000 ) ) ;
#8801 = EDGE_CURVE ( 'NONE', #227, #6387, #4090, .T. ) ;
#8802 = DIRECTION ( 'NONE',  ( -1.000000000000000000, -0.000000000000000000, -0.000000000000000000 ) ) ;
#8803 = AXIS2_PLACEMENT_3D ( 'NONE', #10432, #4531, #7553 ) ;
#8804 = DIRECTION ( 'NONE',  ( 0.000000000000000000, 0.000000000000000000, 1.000000000000000000 ) ) ;
#8805 = CARTESIAN_POINT ( 'NONE',  ( -9.525000000000000355, 10.07084749364666365, 25.18106772950216765 ) ) ;
#8806 = AXIS2_PLACEMENT_3D ( 'NONE', #1999, #6995, #9938 ) ;
#8807 = FACE_OUTER_BOUND ( 'NONE', #8839, .T. ) ;
#8808 = ORIENTED_EDGE ( 'NONE', *, *, #4802, .F. ) ;
#8809 = CIRCLE ( 'NONE', #3283, 17.66249999999999787 ) ;
#8810 = ORIENTED_EDGE ( 'NONE', *, *, #7253, .T. ) ;
#8811 = EDGE_LOOP ( 'NONE', ( #8043, #2297 ) ) ;
#8812 = VERTEX_POINT ( 'NONE', #6525 ) ;
#8813 = FACE_OUTER_BOUND ( 'NONE', #9437, .T. ) ;
#8814 = EDGE_CURVE ( 'NONE', #3615, #4394, #7166, .T. ) ;
#8815 = CARTESIAN_POINT ( 'NONE',  ( 9.525000000000000355, 3.577867169202164632E-15, 88.90000000000000568 ) ) ;
#8816 = CARTESIAN_POINT ( 'NONE',  ( 1.555301434917138433E-15, 25.40000000000000213, 116.7999999999999829 ) ) ;
#8817 = FACE_BOUND ( 'NONE', #4677, .T. ) ;
#8818 = CYLINDRICAL_SURFACE ( 'NONE', #1141, 2.080499999999998906 ) ;
#8819 = CYLINDRICAL_SURFACE ( 'NONE', #3065, 2.080499999999998906 ) ;
#8820 = CIRCLE ( 'NONE', #4932, 17.66249999999999787 ) ;
#8821 = DIRECTION ( 'NONE',  ( -0.000000000000000000, 1.000000000000000000, -0.000000000000000000 ) ) ;
#8822 = ORIENTED_EDGE ( 'NONE', *, *, #11941, .T. ) ;
#8823 = ORIENTED_EDGE ( 'NONE', *, *, #1347, .F. ) ;
#8824 = ORIENTED_EDGE ( 'NONE', *, *, #4022, .F. ) ;
#8825 = AXIS2_PLACEMENT_3D ( 'NONE', #11935, #8266, #2182 ) ;
#8826 = ORIENTED_EDGE ( 'NONE', *, *, #12496, .F. ) ;
#8827 = ADVANCED_FACE ( 'NONE', ( #9529 ), #3698, .T. ) ;
#8828 = CARTESIAN_POINT ( 'NONE',  ( -12.69999999999999751, -12.33648634558004353, 28.89623028888070877 ) ) ;
#8829 = CARTESIAN_POINT ( 'NONE',  ( -12.69999999999999751, -14.15672222192825025, 99.46177646900194702 ) ) ;
#8830 = FACE_OUTER_BOUND ( 'NONE', #3213, .T. ) ;
#8831 = DIRECTION ( 'NONE',  ( 0.000000000000000000, 0.000000000000000000, -1.000000000000000000 ) ) ;
#8832 = DIRECTION ( 'NONE',  ( 0.000000000000000000, 0.000000000000000000, 1.000000000000000000 ) ) ;
#8833 = CIRCLE ( 'NONE', #651, 2.080499999999985139 ) ;
#8834 = CARTESIAN_POINT ( 'NONE',  ( 12.70000000000000107, -16.22512784221249404, 81.92080715599139751 ) ) ;
#8835 = EDGE_CURVE ( 'NONE', #12314, #8175, #9597, .T. ) ;
#8836 = EDGE_LOOP ( 'NONE', ( #6627, #5374, #5174, #3924 ) ) ;
#8837 = ADVANCED_FACE ( 'NONE', ( #11919 ), #4923, .T. ) ;
#8838 = DIRECTION ( 'NONE',  ( -1.000000000000000000, -0.000000000000000000, -0.000000000000000000 ) ) ;
#8839 = EDGE_LOOP ( 'NONE', ( #12423, #2411, #1336, #11722 ) ) ;
#8840 = VERTEX_POINT ( 'NONE', #1202 ) ;
#8841 = ADVANCED_FACE ( 'NONE', ( #10750 ), #1972, .T. ) ;
#8842 = CIRCLE ( 'NONE', #10473, 14.30000000000000782 ) ;
#8843 = AXIS2_PLACEMENT_3D ( 'NONE', #7921, #9780, #8749 ) ;
#8844 = VERTEX_POINT ( 'NONE', #2102 ) ;
#8845 = DIRECTION ( 'NONE',  ( 0.000000000000000000, 0.000000000000000000, 1.000000000000000000 ) ) ;
#8846 = EDGE_CURVE ( 'NONE', #7678, #11245, #3957, .T. ) ;
#8847 = DIRECTION ( 'NONE',  ( -1.000000000000000000, -0.000000000000000000, -0.000000000000000000 ) ) ;
#8848 = DIRECTION ( 'NONE',  ( -1.000000000000000000, -0.000000000000000000, -0.000000000000000000 ) ) ;
#8849 = CARTESIAN_POINT ( 'NONE',  ( -12.69999999999999751, -14.13894155320108759, 145.7818257131525570 ) ) ;
#8850 = DIRECTION ( 'NONE',  ( -0.000000000000000000, 1.000000000000000000, -0.000000000000000000 ) ) ;
#8851 = DIRECTION ( 'NONE',  ( -1.000000000000000000, -0.000000000000000000, -0.000000000000000000 ) ) ;
#8852 = CARTESIAN_POINT ( 'NONE',  ( -9.525000000000000355, 3.577867169202164632E-15, 38.10000000000001563 ) ) ;
#8853 = CYLINDRICAL_SURFACE ( 'NONE', #9467, 14.30000000000000782 ) ;
#8854 = DIRECTION ( 'NONE',  ( 0.000000000000000000, 0.000000000000000000, 1.000000000000000000 ) ) ;
#8855 = AXIS2_PLACEMENT_3D ( 'NONE', #853, #3023, #6937 ) ;
#8856 = DIRECTION ( 'NONE',  ( 0.000000000000000000, 0.000000000000000000, 1.000000000000000000 ) ) ;
#8857 = ORIENTED_EDGE ( 'NONE', *, *, #926, .F. ) ;
#8858 = VERTEX_POINT ( 'NONE', #946 ) ;
#8859 = VERTEX_POINT ( 'NONE', #10817 ) ;
#8860 = ORIENTED_EDGE ( 'NONE', *, *, #12378, .F. ) ;
#8861 = ORIENTED_EDGE ( 'NONE', *, *, #3760, .F. ) ;
#8862 = DIRECTION ( 'NONE',  ( -1.000000000000000000, -0.000000000000000000, -0.000000000000000000 ) ) ;
#8863 = EDGE_CURVE ( 'NONE', #3465, #3359, #1907, .T. ) ;
#8864 = CARTESIAN_POINT ( 'NONE',  ( -12.69999999999999929, 12.69999999999999929, 10.20000000000001172 ) ) ;
#8865 = AXIS2_PLACEMENT_3D ( 'NONE', #5794, #9766, #983 ) ;
#8866 = DIRECTION ( 'NONE',  ( -1.000000000000000000, -0.000000000000000000, -0.000000000000000000 ) ) ;
#8867 = CARTESIAN_POINT ( 'NONE',  ( 12.70000000000000107, -1.802455207620986100, 124.4144045757281845 ) ) ;
#8868 = DIRECTION ( 'NONE',  ( 0.000000000000000000, 0.000000000000000000, -1.000000000000000000 ) ) ;
#8869 = EDGE_CURVE ( 'NONE', #4147, #7505, #244, .T. ) ;
#8870 = CARTESIAN_POINT ( 'NONE',  ( -12.69999999999999751, 16.22354728284508951, 86.63785636811238078 ) ) ;
#8871 = VECTOR ( 'NONE', #5767, 1000.000000000000000 ) ;
#8872 = ORIENTED_EDGE ( 'NONE', *, *, #11527, .F. ) ;
#8873 = EDGE_LOOP ( 'NONE', ( #8475, #7934, #6464, #4063 ) ) ;
#8874 = ORIENTED_EDGE ( 'NONE', *, *, #2186, .F. ) ;
#8875 = ORIENTED_EDGE ( 'NONE', *, *, #9833, .T. ) ;
#8876 = CARTESIAN_POINT ( 'NONE',  ( 9.525000000000000355, 14.16298196909037088, 36.12517298397528975 ) ) ;
#8877 = LINE ( 'NONE', #3945, #9760 ) ;
#8878 = CARTESIAN_POINT ( 'NONE',  ( 12.70000000000000107, 14.13894155320113555, 82.81817428684756521 ) ) ;
#8879 = FACE_OUTER_BOUND ( 'NONE', #369, .T. ) ;
#8880 = CARTESIAN_POINT ( 'NONE',  ( 9.525000000000000355, 3.577867169202164632E-15, 88.90000000000000568 ) ) ;
#8881 = CYLINDRICAL_SURFACE ( 'NONE', #9392, 2.270999999999995467 ) ;
#8882 = DIRECTION ( 'NONE',  ( 0.000000000000000000, 0.000000000000000000, 1.000000000000000000 ) ) ;
#8883 = EDGE_CURVE ( 'NONE', #1089, #8663, #2469, .T. ) ;
#8884 = VERTEX_POINT ( 'NONE', #181 ) ;
#8885 = ORIENTED_EDGE ( 'NONE', *, *, #5160, .T. ) ;
#8886 = ORIENTED_EDGE ( 'NONE', *, *, #11883, .T. ) ;
#8887 = FACE_OUTER_BOUND ( 'NONE', #739, .T. ) ;
#8888 = CARTESIAN_POINT ( 'NONE',  ( 12.70000000000000107, 3.577867169202164632E-15, 139.7000000000000171 ) ) ;
#8889 = LINE ( 'NONE', #116, #5467 ) ;
#8890 = CARTESIAN_POINT ( 'NONE',  ( -12.69999999999999751, 1.802455207620993427, 53.38559542427184823 ) ) ;
#8891 = CARTESIAN_POINT ( 'NONE',  ( 12.70000000000000107, 12.33648634557998314, 148.9037697111193950 ) ) ;
#8892 = DIRECTION ( 'NONE',  ( -1.000000000000000000, -0.000000000000000000, -0.000000000000000000 ) ) ;
#8893 = ADVANCED_FACE ( 'NONE', ( #8887 ), #6017, .T. ) ;
#8894 = VERTEX_POINT ( 'NONE', #4087 ) ;
#8895 = DIRECTION ( 'NONE',  ( 1.000000000000000000, 0.000000000000000000, 0.000000000000000000 ) ) ;
#8896 = VERTEX_POINT ( 'NONE', #9019 ) ;
#8897 = ORIENTED_EDGE ( 'NONE', *, *, #6670, .T. ) ;
#8898 = VECTOR ( 'NONE', #7642, 1000.000000000000000 ) ;
#8899 = ORIENTED_EDGE ( 'NONE', *, *, #9701, .F. ) ;
#8900 = FACE_OUTER_BOUND ( 'NONE', #10549, .T. ) ;
#8901 = EDGE_CURVE ( 'NONE', #6123, #461, #6777, .T. ) ;
#8902 = CARTESIAN_POINT ( 'NONE',  ( -12.69999999999999751, 12.33648634557998314, 47.30376971111940776 ) ) ;
#8903 = DIRECTION ( 'NONE',  ( 0.000000000000000000, 0.000000000000000000, 1.000000000000000000 ) ) ;
#8904 = DIRECTION ( 'NONE',  ( -1.000000000000000000, -0.000000000000000000, -0.000000000000000000 ) ) ;
#8905 = CARTESIAN_POINT ( 'NONE',  ( 12.70000000000000107, -12.33648634558010748, 100.3747697111192281 ) ) ;
#8906 = CARTESIAN_POINT ( 'NONE',  ( -12.69999999999999929, 12.69999999999999929, 114.2999999999999972 ) ) ;
#8907 = CARTESIAN_POINT ( 'NONE',  ( 12.70000000000000107, 16.22354728284508951, 35.83785636811239073 ) ) ;
#8908 = DIRECTION ( 'NONE',  ( -1.000000000000000000, 0.000000000000000000, 0.000000000000000000 ) ) ;
#8909 = EDGE_CURVE ( 'NONE', #11642, #2033, #113, .T. ) ;
#8910 = AXIS2_PLACEMENT_3D ( 'NONE', #3518, #8454, #3705 ) ;
#8911 = EDGE_CURVE ( 'NONE', #3846, #2868, #2041, .T. ) ;
#8912 = CARTESIAN_POINT ( 'NONE',  ( 12.70000000000000107, 10.07084749364666365, 126.7810677295021549 ) ) ;
#8913 = EDGE_LOOP ( 'NONE', ( #3661, #12043, #424, #2345 ) ) ;
#8914 = VECTOR ( 'NONE', #7827, 1000.000000000000000 ) ;
#8915 = ORIENTED_EDGE ( 'NONE', *, *, #47, .T. ) ;
#8916 = EDGE_LOOP ( 'NONE', ( #8651, #9464 ) ) ;
#8917 = EDGE_LOOP ( 'NONE', ( #10593, #3775, #7852, #2223 ) ) ;
#8918 = ORIENTED_EDGE ( 'NONE', *, *, #11282, .T. ) ;
#8919 = CARTESIAN_POINT ( 'NONE',  ( 12.70000000000000107, 14.16298196909037088, 137.7251729839752841 ) ) ;
#8920 = AXIS2_PLACEMENT_3D ( 'NONE', #7419, #8315, #6339 ) ;
#8921 = AXIS2_PLACEMENT_3D ( 'NONE', #11861, #186, #3061 ) ;
#8922 = FACE_OUTER_BOUND ( 'NONE', #9706, .T. ) ;
#8923 = CYLINDRICAL_SURFACE ( 'NONE', #1773, 2.499999999999988454 ) ;
#8924 = LINE ( 'NONE', #2263, #4486 ) ;
#8925 = LINE ( 'NONE', #154, #8325 ) ;
#8926 = VECTOR ( 'NONE', #7818, 1000.000000000000000 ) ;
#8927 = CARTESIAN_POINT ( 'NONE',  ( -12.69999999999999751, 3.577867169202164632E-15, 88.90000000000000568 ) ) ;
#8928 = EDGE_CURVE ( 'NONE', #6710, #5937, #11723, .T. ) ;
#8929 = AXIS2_PLACEMENT_3D ( 'NONE', #9142, #10106, #3176 ) ;
#8930 = DIRECTION ( 'NONE',  ( 1.000000000000000000, -0.000000000000000000, -0.000000000000000000 ) ) ;
#8931 = VECTOR ( 'NONE', #9687, 1000.000000000000000 ) ;
#8932 = EDGE_LOOP ( 'NONE', ( #8381, #2895, #11040, #10336 ) ) ;
#8933 = ORIENTED_EDGE ( 'NONE', *, *, #11216, .T. ) ;
#8934 = EDGE_LOOP ( 'NONE', ( #10424, #2758, #433, #8185 ) ) ;
#8935 = ORIENTED_EDGE ( 'NONE', *, *, #12251, .F. ) ;
#8936 = FACE_OUTER_BOUND ( 'NONE', #3618, .T. ) ;
#8937 = VECTOR ( 'NONE', #9958, 1000.000000000000000 ) ;
#8938 = CARTESIAN_POINT ( 'NONE',  ( 9.525000000000000355, 3.577867169202164632E-15, 139.7000000000000171 ) ) ;
#8939 = DIRECTION ( 'NONE',  ( -1.000000000000000000, -0.000000000000000000, -0.000000000000000000 ) ) ;
#8940 = CIRCLE ( 'NONE', #4641, 2.080499999999998906 ) ;
#8941 = CARTESIAN_POINT ( 'NONE',  ( 9.525000000000000355, -12.33648634558010748, 47.30376971111923723 ) ) ;
#8942 = LINE ( 'NONE', #998, #8108 ) ;
#8943 = EDGE_CURVE ( 'NONE', #9105, #9106, #1843, .T. ) ;
#8944 = VECTOR ( 'NONE', #9991, 1000.000000000000000 ) ;
#8945 = DIRECTION ( 'NONE',  ( -0.000000000000000000, 1.000000000000000000, -0.000000000000000000 ) ) ;
#8946 = DIRECTION ( 'NONE',  ( 0.000000000000000000, 0.000000000000000000, 1.000000000000000000 ) ) ;
#8947 = EDGE_CURVE ( 'NONE', #10010, #213, #3483, .T. ) ;
#8948 = ORIENTED_EDGE ( 'NONE', *, *, #10910, .T. ) ;
#8949 = ORIENTED_EDGE ( 'NONE', *, *, #850, .T. ) ;
#8950 = VERTEX_POINT ( 'NONE', #9856 ) ;
#8951 = AXIS2_PLACEMENT_3D ( 'NONE', #10736, #12606, #995 ) ;
#8952 = ORIENTED_EDGE ( 'NONE', *, *, #1859, .T. ) ;
#8953 = VERTEX_POINT ( 'NONE', #7033 ) ;
#8954 = DIRECTION ( 'NONE',  ( 0.000000000000000000, 0.000000000000000000, 1.000000000000000000 ) ) ;
#8955 = DIRECTION ( 'NONE',  ( -1.000000000000000000, -0.000000000000000000, -0.000000000000000000 ) ) ;
#8956 = EDGE_CURVE ( 'NONE', #3494, #7318, #49, .T. ) ;
#8957 = LINE ( 'NONE', #11858, #10997 ) ;
#8958 = VECTOR ( 'NONE', #5713, 1000.000000000000000 ) ;
#8959 = LINE ( 'NONE', #2107, #10070 ) ;
#8960 = CARTESIAN_POINT ( 'NONE',  ( 12.70000000000000107, 0.000000000000000000, 66.00000000000000000 ) ) ;
#8961 = DIRECTION ( 'NONE',  ( 1.000000000000000000, 0.000000000000000000, 0.000000000000000000 ) ) ;
#8962 = ORIENTED_EDGE ( 'NONE', *, *, #4231, .T. ) ;
#8963 = DIRECTION ( 'NONE',  ( -1.000000000000000000, -0.000000000000000000, -0.000000000000000000 ) ) ;
#8964 = EDGE_LOOP ( 'NONE', ( #11737, #4673, #5346, #8246 ) ) ;
#8965 = EDGE_LOOP ( 'NONE', ( #5393, #5297, #1775, #4282 ) ) ;
#8966 = AXIS2_PLACEMENT_3D ( 'NONE', #1694, #1571, #5484 ) ;
#8967 = ORIENTED_EDGE ( 'NONE', *, *, #6890, .T. ) ;
#8968 = DIRECTION ( 'NONE',  ( -1.000000000000000000, -0.000000000000000000, -0.000000000000000000 ) ) ;
#8969 = CARTESIAN_POINT ( 'NONE',  ( 12.70000000000000107, 3.577867169202164632E-15, 88.90000000000000568 ) ) ;
#8970 = EDGE_CURVE ( 'NONE', #5128, #6406, #830, .T. ) ;
#8971 = LINE ( 'NONE', #5555, #10624 ) ;
#8972 = DIRECTION ( 'NONE',  ( -1.000000000000000000, -0.000000000000000000, -0.000000000000000000 ) ) ;
#8973 = CARTESIAN_POINT ( 'NONE',  ( 12.70000000000000107, 4.072800018551152590, 22.86895216488212412 ) ) ;
#8974 = DIRECTION ( 'NONE',  ( 0.000000000000000000, 0.000000000000000000, 1.000000000000000000 ) ) ;
#8975 = DIRECTION ( 'NONE',  ( 1.000000000000000000, 0.000000000000000000, 0.000000000000000000 ) ) ;
#8976 = CARTESIAN_POINT ( 'NONE',  ( -12.69999999999999751, 8.791741348502393194, 150.9780886705609078 ) ) ;
#8977 = LINE ( 'NONE', #4113, #10968 ) ;
#8978 = CIRCLE ( 'NONE', #4708, 2.080499999999998906 ) ;
#8979 = AXIS2_PLACEMENT_3D ( 'NONE', #10990, #3227, #2210 ) ;
#8980 = CARTESIAN_POINT ( 'NONE',  ( -9.525000000000000355, -11.15407434219244465, 77.75732780184198134 ) ) ;
#8981 = ORIENTED_EDGE ( 'NONE', *, *, #6537, .F. ) ;
#8982 = ORIENTED_EDGE ( 'NONE', *, *, #6431, .T. ) ;
#8983 = ORIENTED_EDGE ( 'NONE', *, *, #7949, .T. ) ;
#8984 = ORIENTED_EDGE ( 'NONE', *, *, #2374, .F. ) ;
#8985 = VECTOR ( 'NONE', #11637, 1000.000000000000000 ) ;
#8986 = EDGE_CURVE ( 'NONE', #8858, #8524, #9012, .T. ) ;
#8987 = AXIS2_PLACEMENT_3D ( 'NONE', #7836, #6865, #8856 ) ;
#8988 = APPROVAL_DATE_TIME ( #11826, #2482 ) ;
#8989 = FACE_OUTER_BOUND ( 'NONE', #2906, .T. ) ;
#8990 = CARTESIAN_POINT ( 'NONE',  ( 9.525000000000000355, 3.577867169202164632E-15, 88.90000000000000568 ) ) ;
#8991 = DIRECTION ( 'NONE',  ( -1.000000000000000000, -0.000000000000000000, -0.000000000000000000 ) ) ;
#8992 = AXIS2_PLACEMENT_3D ( 'NONE', #1026, #4104, #5966 ) ;
#8993 = CYLINDRICAL_SURFACE ( 'NONE', #3163, 2.499999999999988454 ) ;
#8994 = CIRCLE ( 'NONE', #9813, 2.270999999999995467 ) ;
#8995 = EDGE_CURVE ( 'NONE', #6437, #1554, #5177, .T. ) ;
#8996 = CARTESIAN_POINT ( 'NONE',  ( -12.69999999999999751, 14.15672222192810992, 99.46177646900214597 ) ) ;
#8997 = ORIENTED_EDGE ( 'NONE', *, *, #10952, .F. ) ;
#8998 = ORIENTED_EDGE ( 'NONE', *, *, #11446, .T. ) ;
#8999 = ORIENTED_EDGE ( 'NONE', *, *, #3427, .T. ) ;
#9000 = AXIS2_PLACEMENT_3D ( 'NONE', #2428, #10308, #5437 ) ;
#9001 = ORIENTED_EDGE ( 'NONE', *, *, #4212, .T. ) ;
#9002 = DIRECTION ( 'NONE',  ( -1.000000000000000000, -0.000000000000000000, -0.000000000000000000 ) ) ;
#9003 = ADVANCED_FACE ( 'NONE', ( #3603 ), #12111, .F. ) ;
#9004 = DIRECTION ( 'NONE',  ( 1.000000000000000000, 0.000000000000000000, 0.000000000000000000 ) ) ;
#9005 = EDGE_CURVE ( 'NONE', #1887, #8556, #6555, .T. ) ;
#9006 = DIRECTION ( 'NONE',  ( 0.000000000000000000, 0.000000000000000000, 1.000000000000000000 ) ) ;
#9007 = CIRCLE ( 'NONE', #3675, 17.66249999999999787 ) ;
#9008 = DIRECTION ( 'NONE',  ( -1.000000000000000000, 0.000000000000000000, 0.000000000000000000 ) ) ;
#9009 = CIRCLE ( 'NONE', #7370, 2.270999999999995467 ) ;
#9010 = CARTESIAN_POINT ( 'NONE',  ( 7.746038523653021987E-16, 25.40000000000000213, 38.09999999999999432 ) ) ;
#9011 = CARTESIAN_POINT ( 'NONE',  ( 9.525000000000000355, -10.07084749364648069, 78.06156772950203049 ) ) ;
#9012 = CIRCLE ( 'NONE', #12104, 14.30000000000000071 ) ;
#9013 = EDGE_LOOP ( 'NONE', ( #12007, #5933, #7867, #9173 ) ) ;
#9014 = EDGE_LOOP ( 'NONE', ( #9697, #4393, #560, #617 ) ) ;
#9015 = VERTEX_POINT ( 'NONE', #670 ) ;
#9016 = ORIENTED_EDGE ( 'NONE', *, *, #9783, .F. ) ;
#9017 = DIRECTION ( 'NONE',  ( 0.000000000000000000, -2.501403714458266834E-15, 1.000000000000000000 ) ) ;
#9018 = AXIS2_PLACEMENT_3D ( 'NONE', #3667, #6814, #10790 ) ;
#9019 = CARTESIAN_POINT ( 'NONE',  ( 9.525000000000000355, 12.69999999999999929, 162.5999999999999943 ) ) ;
#9020 = EDGE_CURVE ( 'NONE', #10117, #1325, #1034, .T. ) ;
#9021 = CARTESIAN_POINT ( 'NONE',  ( 12.70000000000000107, 5.371240620587829362, 75.64708431341438200 ) ) ;
#9022 = CARTESIAN_POINT ( 'NONE',  ( 9.525000000000000355, -14.16298196909034779, 90.87482701602483814 ) ) ;
#9023 = CARTESIAN_POINT ( 'NONE',  ( -9.525000000000000355, 4.072800018551153478, 154.9310478351179086 ) ) ;
#9024 = DIRECTION ( 'NONE',  ( 0.000000000000000000, 0.000000000000000000, 1.000000000000000000 ) ) ;
#9025 = CARTESIAN_POINT ( 'NONE',  ( 12.70000000000000107, -10.07084749364648069, 75.98106772950202981 ) ) ;
#9026 = CARTESIAN_POINT ( 'NONE',  ( 12.70000000000000107, 2.068405620284298418, 106.4409693130105268 ) ) ;
#9027 = VERTEX_POINT ( 'NONE', #9501 ) ;
#9028 = AXIS2_PLACEMENT_3D ( 'NONE', #10369, #639, #1717 ) ;
#9029 = EDGE_CURVE ( 'NONE', #5375, #1045, #11474, .T. ) ;
#9030 = CARTESIAN_POINT ( 'NONE',  ( 12.70000000000000107, 3.577867169202164632E-15, 38.10000000000001563 ) ) ;
#9031 = ORIENTED_EDGE ( 'NONE', *, *, #9542, .T. ) ;
#9032 = EDGE_LOOP ( 'NONE', ( #7585, #7440, #3172, #10665 ) ) ;
#9033 = ORIENTED_EDGE ( 'NONE', *, *, #11682, .T. ) ;
#9034 = DIRECTION ( 'NONE',  ( -1.000000000000000000, -0.000000000000000000, -0.000000000000000000 ) ) ;
#9035 = CARTESIAN_POINT ( 'NONE',  ( -12.69999999999999751, 25.40000000000000213, 0.000000000000000000 ) ) ;
#9036 = AXIS2_PLACEMENT_3D ( 'NONE', #9986, #7101, #6975 ) ;
#9037 = CYLINDRICAL_SURFACE ( 'NONE', #1401, 14.30000000000000782 ) ;
#9038 = CARTESIAN_POINT ( 'NONE',  ( 9.525000000000000355, 0.000000000000000000, 165.0999999999999943 ) ) ;
#9039 = CARTESIAN_POINT ( 'NONE',  ( 7.746038523653021987E-16, 25.40000000000000213, 50.79999999999999716 ) ) ;
#9040 = DIRECTION ( 'NONE',  ( 1.000000000000000000, 0.000000000000000000, 0.000000000000000000 ) ) ;
#9041 = DIRECTION ( 'NONE',  ( -1.000000000000000000, -0.000000000000000000, -0.000000000000000000 ) ) ;
#9042 = DIRECTION ( 'NONE',  ( 0.000000000000000000, 0.000000000000000000, 1.000000000000000000 ) ) ;
#9043 = DIRECTION ( 'NONE',  ( 0.000000000000000000, 0.000000000000000000, 1.000000000000000000 ) ) ;
#9044 = EDGE_CURVE ( 'NONE', #9449, #961, #4310, .T. ) ;
#9045 = VERTEX_POINT ( 'NONE', #308 ) ;
#9046 = EDGE_LOOP ( 'NONE', ( #5838, #3069, #10735, #3145 ) ) ;
#9047 = VERTEX_POINT ( 'NONE', #4633 ) ;
#9048 = ORIENTED_EDGE ( 'NONE', *, *, #10023, .F. ) ;
#9049 = EDGE_LOOP ( 'NONE', ( #1279, #321 ) ) ;
#9050 = SECURITY_CLASSIFICATION_LEVEL ( 'unclassified' ) ;
#9051 = CARTESIAN_POINT ( 'NONE',  ( -12.69999999999999751, 11.15407434219260630, 26.95732780184214405 ) ) ;
#9052 = DIRECTION ( 'NONE',  ( -1.000000000000000000, -0.000000000000000000, -0.000000000000000000 ) ) ;
#9053 = FACE_OUTER_BOUND ( 'NONE', #7757, .T. ) ;
#9054 = CARTESIAN_POINT ( 'NONE',  ( 12.70000000000000107, 10.07084749364666365, 75.98106772950217191 ) ) ;
#9055 = DIRECTION ( 'NONE',  ( 0.000000000000000000, 0.000000000000000000, 1.000000000000000000 ) ) ;
#9056 = ADVANCED_FACE ( 'NONE', ( #7527 ), #6269, .T. ) ;
#9057 = ORIENTED_EDGE ( 'NONE', *, *, #9942, .F. ) ;
#9058 = VERTEX_POINT ( 'NONE', #12049 ) ;
#9059 = ORIENTED_EDGE ( 'NONE', *, *, #9356, .F. ) ;
#9060 = AXIS2_PLACEMENT_3D ( 'NONE', #8532, #3784, #6608 ) ;
#9061 = CIRCLE ( 'NONE', #273, 2.500000000000002220 ) ;
#9062 = ORIENTED_EDGE ( 'NONE', *, *, #3460, .T. ) ;
#9063 = CARTESIAN_POINT ( 'NONE',  ( -12.69999999999999751, -12.33648634558010748, 100.3747697111192281 ) ) ;
#9064 = CARTESIAN_POINT ( 'NONE',  ( -12.69999999999999751, 3.577867169202164632E-15, 139.7000000000000171 ) ) ;
#9065 = DIRECTION ( 'NONE',  ( 0.000000000000000000, 0.000000000000000000, 1.000000000000000000 ) ) ;
#9066 = DIRECTION ( 'NONE',  ( 0.000000000000000000, 0.000000000000000000, 1.000000000000000000 ) ) ;
#9067 = DIRECTION ( 'NONE',  ( 0.000000000000000000, 0.000000000000000000, 1.000000000000000000 ) ) ;
#9068 = DIRECTION ( 'NONE',  ( -1.000000000000000000, -0.000000000000000000, -0.000000000000000000 ) ) ;
#9069 = CIRCLE ( 'NONE', #7648, 2.271000000000002128 ) ;
#9070 = ORIENTED_EDGE ( 'NONE', *, *, #6610, .T. ) ;
#9071 = EDGE_CURVE ( 'NONE', #1936, #4921, #9204, .T. ) ;
#9072 = VERTEX_POINT ( 'NONE', #8543 ) ;
#9073 = ADVANCED_FACE ( 'NONE', ( #1454 ), #1266, .T. ) ;
#9074 = ORIENTED_EDGE ( 'NONE', *, *, #5301, .T. ) ;
#9075 = ORIENTED_EDGE ( 'NONE', *, *, #9500, .F. ) ;
#9076 = AXIS2_PLACEMENT_3D ( 'NONE', #7622, #4539, #2736 ) ;
#9077 = DIRECTION ( 'NONE',  ( 0.000000000000000000, 1.667602476305511223E-15, 1.000000000000000000 ) ) ;
#9078 = CARTESIAN_POINT ( 'NONE',  ( -12.69999999999999751, -14.13894155320104851, 133.6181742868473634 ) ) ;
#9079 = CARTESIAN_POINT ( 'NONE',  ( -12.69999999999999751, 12.69999999999999929, 10.20000000000000817 ) ) ;
#9080 = DIRECTION ( 'NONE',  ( -1.000000000000000000, -0.000000000000000000, -0.000000000000000000 ) ) ;
#9081 = CARTESIAN_POINT ( 'NONE',  ( 9.525000000000000355, 0.000000000000000000, 65.99999999999998579 ) ) ;
#9082 = DIRECTION ( 'NONE',  ( 1.000000000000000000, -0.000000000000000000, -0.000000000000000000 ) ) ;
#9083 = ADVANCED_FACE ( 'NONE', ( #10461 ), #7163, .F. ) ;
#9084 = CARTESIAN_POINT ( 'NONE',  ( 12.70000000000000107, -12.33648634558010748, 47.30376971111923723 ) ) ;
#9085 = LINE ( 'NONE', #7107, #7089 ) ;
#9086 = ORIENTED_EDGE ( 'NONE', *, *, #4459, .F. ) ;
#9087 = ADVANCED_FACE ( 'NONE', ( #3177 ), #11144, .F. ) ;
#9088 = ORIENTED_EDGE ( 'NONE', *, *, #4480, .F. ) ;
#9089 = ORIENTED_EDGE ( 'NONE', *, *, #5987, .F. ) ;
#9090 = ORIENTED_EDGE ( 'NONE', *, *, #4871, .F. ) ;
#9091 = DIRECTION ( 'NONE',  ( -1.000000000000000000, -0.000000000000000000, -0.000000000000000000 ) ) ;
#9092 = DIRECTION ( 'NONE',  ( 0.000000000000000000, -1.000000000000000000, 0.000000000000000000 ) ) ;
#9093 = AXIS2_PLACEMENT_3D ( 'NONE', #3995, #2139, #8565 ) ;
#9094 = DIRECTION ( 'NONE',  ( -1.000000000000000000, -0.000000000000000000, -0.000000000000000000 ) ) ;
#9095 = DIRECTION ( 'NONE',  ( 0.000000000000000000, 0.000000000000000000, 1.000000000000000000 ) ) ;
#9096 = EDGE_CURVE ( 'NONE', #2423, #6266, #7998, .T. ) ;
#9097 = CARTESIAN_POINT ( 'NONE',  ( 1.861463134703976303E-15, -25.39999999999999503, 124.5000000000000142 ) ) ;
#9098 = CARTESIAN_POINT ( 'NONE',  ( 12.70000000000000107, 3.577867169202164632E-15, 106.5625000000000000 ) ) ;
#9099 = DIRECTION ( 'NONE',  ( 0.000000000000000000, 0.000000000000000000, -1.000000000000000000 ) ) ;
#9100 = CARTESIAN_POINT ( 'NONE',  ( 12.70000000000000107, -16.22512784221249404, 81.92080715599139751 ) ) ;
#9101 = CARTESIAN_POINT ( 'NONE',  ( -9.525000000000000355, -2.068405620284290425, 71.35903068698951301 ) ) ;
#9102 = CIRCLE ( 'NONE', #3567, 2.080499999999998906 ) ;
#9103 = ORIENTED_EDGE ( 'NONE', *, *, #4913, .F. ) ;
#9104 = ORIENTED_EDGE ( 'NONE', *, *, #2529, .T. ) ;
#9105 = VERTEX_POINT ( 'NONE', #2414 ) ;
#9106 = VERTEX_POINT ( 'NONE', #2350 ) ;
#9107 = ORIENTED_EDGE ( 'NONE', *, *, #4925, .T. ) ;
#9108 = LINE ( 'NONE', #7195, #2002 ) ;
#9109 = DIRECTION ( 'NONE',  ( 0.000000000000000000, 0.000000000000000000, 1.000000000000000000 ) ) ;
#9110 = DIRECTION ( 'NONE',  ( 0.000000000000000000, 0.000000000000000000, -1.000000000000000000 ) ) ;
#9111 = CARTESIAN_POINT ( 'NONE',  ( 7.746038523653021987E-16, 25.40000000000000213, 101.5999999999999943 ) ) ;
#9112 = EDGE_CURVE ( 'NONE', #4663, #7114, #628, .T. ) ;
#9113 = CIRCLE ( 'NONE', #3180, 2.271000000000002128 ) ;
#9114 = CARTESIAN_POINT ( 'NONE',  ( 0.000000000000000000, 25.40000000000000213, 12.69999999999999929 ) ) ;
#9115 = DIRECTION ( 'NONE',  ( 0.000000000000000000, 0.000000000000000000, 1.000000000000000000 ) ) ;
#9116 = CARTESIAN_POINT ( 'NONE',  ( -12.69999999999999751, -25.39999999999999503, 177.8000000000000114 ) ) ;
#9117 = CIRCLE ( 'NONE', #1538, 2.499999999999988454 ) ;
#9118 = DIRECTION ( 'NONE',  ( -1.000000000000000000, 0.000000000000000000, 0.000000000000000000 ) ) ;
#9119 = VERTEX_POINT ( 'NONE', #12170 ) ;
#9120 = CIRCLE ( 'NONE', #2172, 2.499999999999988454 ) ;
#9121 = ORIENTED_EDGE ( 'NONE', *, *, #2278, .F. ) ;
#9122 = ORIENTED_EDGE ( 'NONE', *, *, #1116, .F. ) ;
#9123 = CIRCLE ( 'NONE', #2760, 2.080499999999998906 ) ;
#9124 = VERTEX_POINT ( 'NONE', #2229 ) ;
#9125 = CARTESIAN_POINT ( 'NONE',  ( 9.525000000000000355, 0.000000000000000000, 12.69999999999993356 ) ) ;
#9126 = DIRECTION ( 'NONE',  ( 0.000000000000000000, 1.667602476305511223E-15, -1.000000000000000000 ) ) ;
#9127 = CIRCLE ( 'NONE', #6276, 14.30000000000000071 ) ;
#9128 = CARTESIAN_POINT ( 'NONE',  ( -12.69999999999999751, 3.061616997868373773E-16, 61.00000000000000711 ) ) ;
#9129 = AXIS2_PLACEMENT_3D ( 'NONE', #9771, #1883, #9640 ) ;
#9130 = CYLINDRICAL_SURFACE ( 'NONE', #4833, 2.270999999999995467 ) ;
#9131 = EDGE_CURVE ( 'NONE', #11458, #1601, #11206, .T. ) ;
#9132 = DIRECTION ( 'NONE',  ( 1.000000000000000000, -0.000000000000000000, -0.000000000000000000 ) ) ;
#9133 = AXIS2_PLACEMENT_3D ( 'NONE', #3301, #3428, #3364 ) ;
#9134 = CIRCLE ( 'NONE', #11593, 2.080499999999998906 ) ;
#9135 = ORIENTED_EDGE ( 'NONE', *, *, #4746, .T. ) ;
#9136 = VERTEX_POINT ( 'NONE', #5540 ) ;
#9137 = AXIS2_PLACEMENT_3D ( 'NONE', #2599, #1392, #6334 ) ;
#9139 = ORIENTED_EDGE ( 'NONE', *, *, #3563, .F. ) ;
#9138 = CIRCLE ( 'NONE', #10986, 2.080500000000013117 ) ;
#9140 = VERTEX_POINT ( 'NONE', #9440 ) ;
#9141 = AXIS2_PLACEMENT_3D ( 'NONE', #4397, #1265, #8191 ) ;
#9142 = CARTESIAN_POINT ( 'NONE',  ( 9.525000000000000355, -6.152699789198520897, 73.71892409761429121 ) ) ;
#9143 = DIRECTION ( 'NONE',  ( 0.000000000000000000, 0.000000000000000000, -1.000000000000000000 ) ) ;
#9144 = DIRECTION ( 'NONE',  ( 0.000000000000000000, 0.000000000000000000, 1.000000000000000000 ) ) ;
#9145 = CARTESIAN_POINT ( 'NONE',  ( -12.69999999999999751, 11.15407434219237004, 100.0426721981581153 ) ) ;
#9146 = ADVANCED_FACE ( 'NONE', ( #1879 ), #3797, .F. ) ;
#9147 = ADVANCED_FACE ( 'NONE', ( #7715 ), #1817, .F. ) ;
#9148 = FACE_OUTER_BOUND ( 'NONE', #7269, .T. ) ;
#9149 = VECTOR ( 'NONE', #10284, 1000.000000000000000 ) ;
#9150 = CARTESIAN_POINT ( 'NONE',  ( -9.525000000000000355, 16.22512784221258997, 132.7208071559915936 ) ) ;
#9151 = AXIS2_PLACEMENT_3D ( 'NONE', #517, #4357, #3394 ) ;
#9152 = VERTEX_POINT ( 'NONE', #2700 ) ;
#9153 = ORIENTED_EDGE ( 'NONE', *, *, #9875, .T. ) ;
#9154 = ORIENTED_EDGE ( 'NONE', *, *, #3427, .F. ) ;
#9155 = VERTEX_POINT ( 'NONE', #1049 ) ;
#9156 = CARTESIAN_POINT ( 'NONE',  ( 12.70000000000000107, 3.577867169202164632E-15, 38.10000000000001563 ) ) ;
#9157 = DIRECTION ( 'NONE',  ( -0.000000000000000000, 1.000000000000000000, -0.000000000000000000 ) ) ;
#9158 = CIRCLE ( 'NONE', #7736, 14.30000000000000071 ) ;
#9159 = EDGE_CURVE ( 'NONE', #11198, #511, #2259, .T. ) ;
#9160 = DIRECTION ( 'NONE',  ( -1.000000000000000000, 0.000000000000000000, 0.000000000000000000 ) ) ;
#9161 = ADVANCED_FACE ( 'NONE', ( #1749 ), #4765, .F. ) ;
#9162 = DIRECTION ( 'NONE',  ( 0.000000000000000000, 0.000000000000000000, 1.000000000000000000 ) ) ;
#9163 = CYLINDRICAL_SURFACE ( 'NONE', #12416, 2.080499999999998906 ) ;
#9164 = LINE ( 'NONE', #10313, #11886 ) ;
#9165 = DIRECTION ( 'NONE',  ( 1.000000000000000000, 0.000000000000000000, 0.000000000000000000 ) ) ;
#9166 = LINE ( 'NONE', #12189, #115 ) ;
#9167 = DIRECTION ( 'NONE',  ( -1.000000000000000000, 0.000000000000000000, 0.000000000000000000 ) ) ;
#9168 = EDGE_LOOP ( 'NONE', ( #6192, #5221, #11103, #6160 ) ) ;
#9169 = CIRCLE ( 'NONE', #4888, 2.499999999999974243 ) ;
#9170 = VERTEX_POINT ( 'NONE', #6749 ) ;
#9171 = EDGE_LOOP ( 'NONE', ( #7708, #8795, #9613, #8428 ) ) ;
#9172 = EDGE_LOOP ( 'NONE', ( #5963, #7650, #1810, #4391 ) ) ;
#9173 = ORIENTED_EDGE ( 'NONE', *, *, #6026, .F. ) ;
#9174 = CYLINDRICAL_SURFACE ( 'NONE', #10850, 2.500000000000002220 ) ;
#9175 = CARTESIAN_POINT ( 'NONE',  ( 12.70000000000000107, 12.69999999999999929, 63.50000000000000000 ) ) ;
#9176 = LINE ( 'NONE', #7133, #1106 ) ;
#9177 = AXIS2_PLACEMENT_3D ( 'NONE', #11766, #10796, #221 ) ;
#9178 = CARTESIAN_POINT ( 'NONE',  ( 12.70000000000000107, -12.33648634558010748, 151.1747697111192394 ) ) ;
#9179 = DIRECTION ( 'NONE',  ( 0.000000000000000000, 0.000000000000000000, -1.000000000000000000 ) ) ;
#9180 = EDGE_CURVE ( 'NONE', #9015, #8264, #9768, .T. ) ;
#9181 = DIRECTION ( 'NONE',  ( 0.000000000000000000, 0.000000000000000000, 1.000000000000000000 ) ) ;
#9182 = DIRECTION ( 'NONE',  ( 0.000000000000000000, 0.000000000000000000, -1.000000000000000000 ) ) ;
#9183 = VERTEX_POINT ( 'NONE', #5796 ) ;
#9184 = ORIENTED_EDGE ( 'NONE', *, *, #5753, .T. ) ;
#9185 = CIRCLE ( 'NONE', #8570, 2.270999999999995467 ) ;
#9186 = EDGE_CURVE ( 'NONE', #5742, #373, #8809, .T. ) ;
#9187 = AXIS2_PLACEMENT_3D ( 'NONE', #1679, #6432, #10453 ) ;
#9188 = VERTEX_POINT ( 'NONE', #854 ) ;
#9189 = ORIENTED_EDGE ( 'NONE', *, *, #7666, .F. ) ;
#9190 = DIRECTION ( 'NONE',  ( 1.000000000000000000, 0.000000000000000000, 0.000000000000000000 ) ) ;
#9191 = CARTESIAN_POINT ( 'NONE',  ( 1.555301434917138433E-15, -22.22499999999999787, 63.50000000000000000 ) ) ;
#9192 = DIRECTION ( 'NONE',  ( 0.000000000000000000, 0.000000000000000000, 1.000000000000000000 ) ) ;
#9193 = CARTESIAN_POINT ( 'NONE',  ( 12.70000000000000107, 12.69999999999999929, 165.0999999999999943 ) ) ;
#9194 = VECTOR ( 'NONE', #596, 1000.000000000000000 ) ;
#9195 = ORIENTED_EDGE ( 'NONE', *, *, #489, .T. ) ;
#9196 = ORIENTED_EDGE ( 'NONE', *, *, #4130, .T. ) ;
#9197 = CIRCLE ( 'NONE', #9821, 2.080499999999998906 ) ;
#9198 = EDGE_LOOP ( 'NONE', ( #8042, #9662, #5350, #10334 ) ) ;
#9199 = EDGE_LOOP ( 'NONE', ( #7222, #1311, #5856, #1295 ) ) ;
#9200 = ORIENTED_EDGE ( 'NONE', *, *, #3357, .F. ) ;
#9201 = EDGE_CURVE ( 'NONE', #11233, #11586, #5665, .T. ) ;
#9202 = CIRCLE ( 'NONE', #10641, 14.30000000000000782 ) ;
#9203 = DIRECTION ( 'NONE',  ( 0.000000000000000000, 0.000000000000000000, 1.000000000000000000 ) ) ;
#9204 = LINE ( 'NONE', #6559, #11271 ) ;
#9205 = DIRECTION ( 'NONE',  ( -1.000000000000000000, 0.000000000000000000, 0.000000000000000000 ) ) ;
#9206 = DIRECTION ( 'NONE',  ( 0.000000000000000000, -0.000000000000000000, 1.000000000000000000 ) ) ;
#9207 = FACE_OUTER_BOUND ( 'NONE', #7279, .T. ) ;
#9208 = CIRCLE ( 'NONE', #422, 2.500000000000002220 ) ;
#9209 = CARTESIAN_POINT ( 'NONE',  ( 12.70000000000000107, -6.152699789198520897, 22.91892409761429406 ) ) ;
#9210 = DIRECTION ( 'NONE',  ( 1.000000000000000000, 0.000000000000000000, 0.000000000000000000 ) ) ;
#9211 = CARTESIAN_POINT ( 'NONE',  ( 12.70000000000000107, 10.07084749364666365, 78.06156772950215839 ) ) ;
#9212 = ORIENTED_EDGE ( 'NONE', *, *, #313, .T. ) ;
#9213 = EDGE_CURVE ( 'NONE', #10744, #2200, #11286, .T. ) ;
#9214 = AXIS2_PLACEMENT_3D ( 'NONE', #760, #2607, #5694 ) ;
#9215 = ORIENTED_EDGE ( 'NONE', *, *, #5406, .F. ) ;
#9216 = ORIENTED_EDGE ( 'NONE', *, *, #3637, .F. ) ;
#9217 = CARTESIAN_POINT ( 'NONE',  ( 9.525000000000000355, -12.69999999999999929, 114.2999999999999972 ) ) ;
#9218 = DIRECTION ( 'NONE',  ( 0.000000000000000000, 0.000000000000000000, -1.000000000000000000 ) ) ;
#9219 = CARTESIAN_POINT ( 'NONE',  ( 12.70000000000000107, -12.33648634558010748, 49.57476971111923802 ) ) ;
#9220 = LINE ( 'NONE', #4355, #7870 ) ;
#9221 = EDGE_CURVE ( 'NONE', #1838, #6918, #11563, .T. ) ;
#9222 = DIRECTION ( 'NONE',  ( -1.000000000000000000, -0.000000000000000000, -0.000000000000000000 ) ) ;
#9223 = DIRECTION ( 'NONE',  ( 0.000000000000000000, 0.000000000000000000, 1.000000000000000000 ) ) ;
#9224 = CIRCLE ( 'NONE', #3905, 2.499999999999988454 ) ;
#9225 = CARTESIAN_POINT ( 'NONE',  ( -9.525000000000002132, -12.69999999999999929, 65.99999999999998579 ) ) ;
#9226 = DIRECTION ( 'NONE',  ( 0.000000000000000000, 0.000000000000000000, 1.000000000000000000 ) ) ;
#9227 = EDGE_CURVE ( 'NONE', #3465, #11868, #7185, .T. ) ;
#9228 = EDGE_CURVE ( 'NONE', #3421, #5013, #3695, .T. ) ;
#9229 = ORIENTED_EDGE ( 'NONE', *, *, #11457, .F. ) ;
#9230 = EDGE_CURVE ( 'NONE', #7250, #3241, #12661, .T. ) ;
#9231 = ORIENTED_EDGE ( 'NONE', *, *, #11538, .T. ) ;
#9232 = ORIENTED_EDGE ( 'NONE', *, *, #5115, .F. ) ;
#9233 = CIRCLE ( 'NONE', #10881, 2.080499999999985139 ) ;
#9234 = EDGE_LOOP ( 'NONE', ( #12660, #1744 ) ) ;
#9235 = ORIENTED_EDGE ( 'NONE', *, *, #1909, .F. ) ;
#9236 = DIRECTION ( 'NONE',  ( -0.000000000000000000, 1.000000000000000000, -0.000000000000000000 ) ) ;
#9237 = CARTESIAN_POINT ( 'NONE',  ( 1.555301434917138038E-15, -22.22499999999999787, 27.89999999999999147 ) ) ;
#9238 = DIRECTION ( 'NONE',  ( -1.000000000000000000, -0.000000000000000000, -0.000000000000000000 ) ) ;
#9239 = FACE_OUTER_BOUND ( 'NONE', #11658, .T. ) ;
#9240 = DIRECTION ( 'NONE',  ( 0.000000000000000000, 0.000000000000000000, -1.000000000000000000 ) ) ;
#9241 = LINE ( 'NONE', #7262, #9304 ) ;
#9242 = EDGE_CURVE ( 'NONE', #9709, #846, #2960, .T. ) ;
#9243 = VECTOR ( 'NONE', #11562, 1000.000000000000000 ) ;
#9244 = AXIS2_PLACEMENT_3D ( 'NONE', #4985, #3115, #1329 ) ;
#9245 = DIRECTION ( 'NONE',  ( -1.000000000000000000, -0.000000000000000000, -0.000000000000000000 ) ) ;
#9246 = EDGE_CURVE ( 'NONE', #8025, #10760, #7384, .T. ) ;
#9247 = ORIENTED_EDGE ( 'NONE', *, *, #11829, .F. ) ;
#9248 = ORIENTED_EDGE ( 'NONE', *, *, #11212, .F. ) ;
#9249 = VERTEX_POINT ( 'NONE', #2897 ) ;
#9250 = ORIENTED_EDGE ( 'NONE', *, *, #8928, .T. ) ;
#9251 = CARTESIAN_POINT ( 'NONE',  ( 12.70000000000000107, -6.152699789198520897, 104.0810759023857344 ) ) ;
#9252 = CIRCLE ( 'NONE', #2491, 2.499999999999988454 ) ;
#9253 = CARTESIAN_POINT ( 'NONE',  ( -12.69999999999999751, -12.69999999999999929, 15.19999999999999218 ) ) ;
#9254 = AXIS2_PLACEMENT_3D ( 'NONE', #10238, #12412, #6573 ) ;
#9255 = CARTESIAN_POINT ( 'NONE',  ( 9.525000000000000355, -12.33648634558010748, 100.3747697111192281 ) ) ;
#9256 = CARTESIAN_POINT ( 'NONE',  ( 9.525000000000000355, 12.69999999999999929, 116.7999999999999829 ) ) ;
#9257 = ADVANCED_FACE ( 'NONE', ( #12464 ), #6875, .F. ) ;
#9258 = VERTEX_POINT ( 'NONE', #7588 ) ;
#9259 = AXIS2_PLACEMENT_3D ( 'NONE', #2919, #11780, #873 ) ;
#9260 = ORIENTED_EDGE ( 'NONE', *, *, #12161, .F. ) ;
#9261 = AXIS2_PLACEMENT_3D ( 'NONE', #10525, #12525, #8416 ) ;
#9262 = VERTEX_POINT ( 'NONE', #11496 ) ;
#9263 = ORIENTED_EDGE ( 'NONE', *, *, #5081, .F. ) ;
#9264 = CARTESIAN_POINT ( 'NONE',  ( 1.861463134703975909E-15, -22.22499999999999787, 73.70000000000000284 ) ) ;
#9265 = CYLINDRICAL_SURFACE ( 'NONE', #8427, 2.499999999999988454 ) ;
#9266 = FACE_BOUND ( 'NONE', #340, .T. ) ;
#9267 = DIRECTION ( 'NONE',  ( -1.000000000000000000, 0.000000000000000000, 0.000000000000000000 ) ) ;
#9268 = AXIS2_PLACEMENT_3D ( 'NONE', #1805, #9624, #12581 ) ;
#9269 = CIRCLE ( 'NONE', #8444, 2.271000000000002128 ) ;
#9270 = DIRECTION ( 'NONE',  ( -1.000000000000000000, -0.000000000000000000, -0.000000000000000000 ) ) ;
#9271 = EDGE_CURVE ( 'NONE', #2517, #5015, #3731, .T. ) ;
#9272 = DIRECTION ( 'NONE',  ( -1.000000000000000000, -0.000000000000000000, -0.000000000000000000 ) ) ;
#9273 = ORIENTED_EDGE ( 'NONE', *, *, #8491, .F. ) ;
#9274 = AXIS2_PLACEMENT_3D ( 'NONE', #9350, #10066, #1350 ) ;
#9275 = ORIENTED_EDGE ( 'NONE', *, *, #6876, .T. ) ;
#9276 = VERTEX_POINT ( 'NONE', #8864 ) ;
#9277 = CARTESIAN_POINT ( 'NONE',  ( -12.69999999999999751, -16.22512784221253312, 146.6791928440085258 ) ) ;
#9278 = DIRECTION ( 'NONE',  ( 0.000000000000000000, 0.000000000000000000, -1.000000000000000000 ) ) ;
#9279 = DIRECTION ( 'NONE',  ( -1.000000000000000000, 0.000000000000000000, 0.000000000000000000 ) ) ;
#9280 = CYLINDRICAL_SURFACE ( 'NONE', #1326, 2.080499999999985139 ) ;
#9281 = EDGE_CURVE ( 'NONE', #1987, #1604, #11482, .T. ) ;
#9282 = AXIS2_PLACEMENT_3D ( 'NONE', #10566, #1787, #3768 ) ;
#9283 = CARTESIAN_POINT ( 'NONE',  ( 9.525000000000000355, 5.371240620587829362, 24.84708431341438839 ) ) ;
#9284 = CARTESIAN_POINT ( 'NONE',  ( -12.69999999999999751, -11.15407434219244465, 128.5573278018419785 ) ) ;
#9285 = DIRECTION ( 'NONE',  ( 1.000000000000000000, 0.000000000000000000, 0.000000000000000000 ) ) ;
#9286 = CARTESIAN_POINT ( 'NONE',  ( 12.70000000000000107, -12.33648634558004353, 130.4962302888807244 ) ) ;
#9287 = ORIENTED_EDGE ( 'NONE', *, *, #7224, .T. ) ;
#9288 = EDGE_LOOP ( 'NONE', ( #10882, #9521, #11611, #1793 ) ) ;
#9289 = VERTEX_POINT ( 'NONE', #7904 ) ;
#9290 = APPROVAL ( #7845, 'UNSPECIFIED' ) ;
#9291 = CIRCLE ( 'NONE', #2340, 2.499999999999988454 ) ;
#9292 = ORIENTED_EDGE ( 'NONE', *, *, #3107, .T. ) ;
#9293 = ORIENTED_EDGE ( 'NONE', *, *, #5401, .F. ) ;
#9294 = DIRECTION ( 'NONE',  ( -1.000000000000000000, -0.000000000000000000, -0.000000000000000000 ) ) ;
#9295 = CARTESIAN_POINT ( 'NONE',  ( -9.525000000000000355, -16.22354728284505399, 35.83785636811216335 ) ) ;
#9296 = DIRECTION ( 'NONE',  ( 0.000000000000000000, -3.001684457349920359E-14, -1.000000000000000000 ) ) ;
#9297 = CARTESIAN_POINT ( 'NONE',  ( 12.70000000000000107, 12.69999999999999929, 61.00000000000000711 ) ) ;
#9298 = EDGE_CURVE ( 'NONE', #3243, #542, #1453, .T. ) ;
#9299 = DIRECTION ( 'NONE',  ( 0.000000000000000000, 0.000000000000000000, 1.000000000000000000 ) ) ;
#9300 = FACE_OUTER_BOUND ( 'NONE', #9889, .T. ) ;
#9301 = DIRECTION ( 'NONE',  ( 0.000000000000000000, 0.000000000000000000, 1.000000000000000000 ) ) ;
#9302 = EDGE_CURVE ( 'NONE', #3083, #8554, #8400, .T. ) ;
#9303 = LINE ( 'NONE', #5468, #8898 ) ;
#9304 = VECTOR ( 'NONE', #7203, 1000.000000000000000 ) ;
#9305 = DIRECTION ( 'NONE',  ( 0.000000000000000000, 0.000000000000000000, 1.000000000000000000 ) ) ;
#9306 = ORIENTED_EDGE ( 'NONE', *, *, #7153, .F. ) ;
#9307 = ORIENTED_EDGE ( 'NONE', *, *, #10709, .F. ) ;
#9308 = ORIENTED_EDGE ( 'NONE', *, *, #7805, .T. ) ;
#9309 = ORIENTED_EDGE ( 'NONE', *, *, #5987, .T. ) ;
#9310 = VERTEX_POINT ( 'NONE', #6728 ) ;
#9311 = CARTESIAN_POINT ( 'NONE',  ( 12.70000000000000107, -11.15407434219252103, 49.24267219815796182 ) ) ;
#9312 = CARTESIAN_POINT ( 'NONE',  ( -9.525000000000000355, 3.577867169202164632E-15, 38.10000000000001563 ) ) ;
#9313 = DIRECTION ( 'NONE',  ( 0.000000000000000000, 0.000000000000000000, 1.000000000000000000 ) ) ;
#9314 = DIRECTION ( 'NONE',  ( 0.000000000000000000, 1.000000000000000000, 0.000000000000000000 ) ) ;
#9315 = DIRECTION ( 'NONE',  ( -1.000000000000000000, -0.000000000000000000, -0.000000000000000000 ) ) ;
#9316 = AXIS2_PLACEMENT_3D ( 'NONE', #8548, #9315, #7466 ) ;
#9317 = EDGE_CURVE ( 'NONE', #3536, #9140, #11414, .T. ) ;
#9318 = VERTEX_POINT ( 'NONE', #10507 ) ;
#9319 = CIRCLE ( 'NONE', #5231, 2.080499999999985139 ) ;
#9320 = ORIENTED_EDGE ( 'NONE', *, *, #4685, .F. ) ;
#9321 = ORIENTED_EDGE ( 'NONE', *, *, #894, .F. ) ;
#9322 = AXIS2_PLACEMENT_3D ( 'NONE', #9516, #11713, #1896 ) ;
#9323 = EDGE_CURVE ( 'NONE', #816, #11586, #8614, .T. ) ;
#9324 = CYLINDRICAL_SURFACE ( 'NONE', #9345, 2.271000000000002128 ) ;
#9325 = DIRECTION ( 'NONE',  ( -1.000000000000000000, -0.000000000000000000, -0.000000000000000000 ) ) ;
#9326 = CIRCLE ( 'NONE', #7698, 2.499999999999992006 ) ;
#9327 = CARTESIAN_POINT ( 'NONE',  ( 12.70000000000000107, -11.15407434219244465, 128.5573278018419785 ) ) ;
#9328 = LINE ( 'NONE', #6273, #4840 ) ;
#9329 = AXIS2_PLACEMENT_3D ( 'NONE', #6846, #1788, #1850 ) ;
#9330 = EDGE_CURVE ( 'NONE', #10589, #11644, #8526, .T. ) ;
#9331 = DIRECTION ( 'NONE',  ( -1.000000000000000000, -0.000000000000000000, -0.000000000000000000 ) ) ;
#9332 = DIRECTION ( 'NONE',  ( 1.000000000000000000, 0.000000000000000000, 0.000000000000000000 ) ) ;
#9333 = AXIS2_PLACEMENT_3D ( 'NONE', #4463, #8432, #8194 ) ;
#9334 = CIRCLE ( 'NONE', #140, 2.499999999999988454 ) ;
#9335 = VERTEX_POINT ( 'NONE', #5712 ) ;
#9336 = AXIS2_PLACEMENT_3D ( 'NONE', #10463, #6441, #551 ) ;
#9337 = AXIS2_PLACEMENT_3D ( 'NONE', #4814, #11551, #1097 ) ;
#9338 = EDGE_CURVE ( 'NONE', #11949, #8896, #11612, .T. ) ;
#9339 = ORIENTED_EDGE ( 'NONE', *, *, #7601, .F. ) ;
#9340 = EDGE_CURVE ( 'NONE', #6808, #11694, #12643, .T. ) ;
#9341 = ORIENTED_EDGE ( 'NONE', *, *, #824, .F. ) ;
#9342 = CARTESIAN_POINT ( 'NONE',  ( -12.69999999999999929, -12.69999999999999929, 61.00000000000001421 ) ) ;
#9343 = AXIS2_PLACEMENT_3D ( 'NONE', #2507, #5462, #12577 ) ;
#9344 = CARTESIAN_POINT ( 'NONE',  ( -9.525000000000000355, -15.22687436074365230, 92.98837563695990127 ) ) ;
#9345 = AXIS2_PLACEMENT_3D ( 'NONE', #12411, #8429, #3746 ) ;
#9346 = DIRECTION ( 'NONE',  ( 0.000000000000000000, -1.000000000000000000, 0.000000000000000000 ) ) ;
#9347 = AXIS2_PLACEMENT_3D ( 'NONE', #4668, #11666, #1979 ) ;
#9348 = CARTESIAN_POINT ( 'NONE',  ( -12.69999999999999751, 0.000000000000000000, 114.2999999999999972 ) ) ;
#9349 = DIRECTION ( 'NONE',  ( -0.000000000000000000, 1.000000000000000000, -0.000000000000000000 ) ) ;
#9350 = CARTESIAN_POINT ( 'NONE',  ( -9.525000000000000355, 16.22354728284508951, 35.83785636811239073 ) ) ;
#9351 = DIRECTION ( 'NONE',  ( 1.000000000000000000, -0.000000000000000000, -0.000000000000000000 ) ) ;
#9352 = EDGE_LOOP ( 'NONE', ( #636, #3864, #8649, #3295 ) ) ;
#9353 = VECTOR ( 'NONE', #2401, 1000.000000000000000 ) ;
#9354 = ORIENTED_EDGE ( 'NONE', *, *, #3192, .F. ) ;
#9355 = EDGE_LOOP ( 'NONE', ( #7755, #1232 ) ) ;
#9356 = EDGE_CURVE ( 'NONE', #9709, #1727, #3085, .T. ) ;
#9357 = ORIENTED_EDGE ( 'NONE', *, *, #5705, .T. ) ;
#9358 = ORIENTED_EDGE ( 'NONE', *, *, #4936, .F. ) ;
#9359 = DIRECTION ( 'NONE',  ( 1.000000000000000000, 0.000000000000000000, 0.000000000000000000 ) ) ;
#9360 = DIRECTION ( 'NONE',  ( 0.000000000000000000, 0.000000000000000000, 1.000000000000000000 ) ) ;
#9361 = FACE_OUTER_BOUND ( 'NONE', #6060, .T. ) ;
#9362 = CARTESIAN_POINT ( 'NONE',  ( -12.69999999999999751, -2.068405620284290425, 71.35903068698951301 ) ) ;
#9363 = LINE ( 'NONE', #8284, #9194 ) ;
#9364 = DIRECTION ( 'NONE',  ( 0.000000000000000000, 0.000000000000000000, 1.000000000000000000 ) ) ;
#9365 = CARTESIAN_POINT ( 'NONE',  ( 7.746038523653021987E-16, -25.39999999999999503, 142.1999999999999886 ) ) ;
#9366 = CARTESIAN_POINT ( 'NONE',  ( 12.70000000000000107, 15.22687436074368783, 34.01162436304024084 ) ) ;
#9367 = ORIENTED_EDGE ( 'NONE', *, *, #4780, .T. ) ;
#9368 = ORIENTED_EDGE ( 'NONE', *, *, #4067, .T. ) ;
#9369 = ORIENTED_EDGE ( 'NONE', *, *, #5514, .T. ) ;
#9370 = EDGE_CURVE ( 'NONE', #7412, #5111, #223, .T. ) ;
#9371 = ORIENTED_EDGE ( 'NONE', *, *, #8801, .T. ) ;
#9372 = ORIENTED_EDGE ( 'NONE', *, *, #10120, .F. ) ;
#9373 = CARTESIAN_POINT ( 'NONE',  ( 12.70000000000000107, -15.22687436074365230, 42.18837563695990411 ) ) ;
#9374 = CIRCLE ( 'NONE', #11025, 2.500000000000002220 ) ;
#9375 = CYLINDRICAL_SURFACE ( 'NONE', #7728, 17.66250000000000497 ) ;
#9376 = DIRECTION ( 'NONE',  ( -1.000000000000000000, -0.000000000000000000, -0.000000000000000000 ) ) ;
#9377 = FACE_BOUND ( 'NONE', #10072, .T. ) ;
#9378 = CARTESIAN_POINT ( 'NONE',  ( 9.525000000000000355, -16.22354728284505399, 35.83785636811216335 ) ) ;
#9379 = ADVANCED_FACE ( 'NONE', ( #776 ), #9614, .F. ) ;
#9380 = CIRCLE ( 'NONE', #6721, 2.499999999999988454 ) ;
#9381 = LINE ( 'NONE', #615, #7334 ) ;
#9382 = AXIS2_PLACEMENT_3D ( 'NONE', #1243, #10214, #11181 ) ;
#9383 = VERTEX_POINT ( 'NONE', #7632 ) ;
#9384 = ADVANCED_FACE ( 'NONE', ( #4609 ), #1920, .F. ) ;
#9385 = ORIENTED_EDGE ( 'NONE', *, *, #2955, .T. ) ;
#9386 = ORIENTED_EDGE ( 'NONE', *, *, #797, .F. ) ;
#9387 = EDGE_CURVE ( 'NONE', #9900, #11640, #2876, .T. ) ;
#9388 = VERTEX_POINT ( 'NONE', #3582 ) ;
#9389 = ADVANCED_FACE ( 'NONE', ( #9743 ), #9680, .F. ) ;
#9390 = FACE_BOUND ( 'NONE', #5091, .T. ) ;
#9391 = DIRECTION ( 'NONE',  ( 0.000000000000000000, 0.000000000000000000, 1.000000000000000000 ) ) ;
#9392 = AXIS2_PLACEMENT_3D ( 'NONE', #4138, #10097, #298 ) ;
#9393 = DIRECTION ( 'NONE',  ( 0.000000000000000000, 0.000000000000000000, -1.000000000000000000 ) ) ;
#9394 = DIRECTION ( 'NONE',  ( -1.000000000000000000, 0.000000000000000000, 0.000000000000000000 ) ) ;
#9395 = CIRCLE ( 'NONE', #6137, 2.080499999999985139 ) ;
#9396 = FACE_BOUND ( 'NONE', #8158, .T. ) ;
#9397 = DIRECTION ( 'NONE',  ( -0.000000000000000000, 1.000000000000000000, -0.000000000000000000 ) ) ;
#9398 = CIRCLE ( 'NONE', #2441, 2.271000000000002128 ) ;
#9399 = VERTEX_POINT ( 'NONE', #6602 ) ;
#9400 = ADVANCED_FACE ( 'NONE', ( #11545 ), #896, .F. ) ;
#9401 = DIRECTION ( 'NONE',  ( 0.000000000000000000, 0.000000000000000000, 1.000000000000000000 ) ) ;
#9402 = VECTOR ( 'NONE', #7071, 1000.000000000000000 ) ;
#9403 = AXIS2_PLACEMENT_3D ( 'NONE', #5523, #12511, #7697 ) ;
#9404 = EDGE_CURVE ( 'NONE', #239, #5435, #3492, .T. ) ;
#9405 = VERTEX_POINT ( 'NONE', #834 ) ;
#9406 = ORIENTED_EDGE ( 'NONE', *, *, #2764, .T. ) ;
#9407 = CIRCLE ( 'NONE', #1836, 14.30000000000000071 ) ;
#9408 = DIRECTION ( 'NONE',  ( -1.000000000000000000, -0.000000000000000000, -0.000000000000000000 ) ) ;
#9409 = CARTESIAN_POINT ( 'NONE',  ( -9.525000000000000355, 3.577867169202164632E-15, 38.10000000000001563 ) ) ;
#9410 = VECTOR ( 'NONE', #4686, 1000.000000000000000 ) ;
#9411 = CARTESIAN_POINT ( 'NONE',  ( 12.70000000000000107, -10.07084749364648069, 128.8615677295020134 ) ) ;
#9412 = CARTESIAN_POINT ( 'NONE',  ( -12.69999999999999751, 3.577867169202164632E-15, 38.10000000000001563 ) ) ;
#9413 = FACE_OUTER_BOUND ( 'NONE', #8964, .T. ) ;
#9414 = CYLINDRICAL_SURFACE ( 'NONE', #8262, 2.270999999999995467 ) ;
#9415 = LINE ( 'NONE', #12501, #7278 ) ;
#9416 = EDGE_CURVE ( 'NONE', #9663, #6695, #12301, .T. ) ;
#9417 = AXIS2_PLACEMENT_3D ( 'NONE', #10724, #1941, #23 ) ;
#9418 = CARTESIAN_POINT ( 'NONE',  ( 9.525000000000000355, 3.577867169202164632E-15, 88.90000000000000568 ) ) ;
#9419 = ORIENTED_EDGE ( 'NONE', *, *, #5009, .T. ) ;
#9420 = ORIENTED_EDGE ( 'NONE', *, *, #2571, .F. ) ;
#9421 = ORIENTED_EDGE ( 'NONE', *, *, #1365, .T. ) ;
#9422 = ORIENTED_EDGE ( 'NONE', *, *, #3080, .T. ) ;
#9423 = CYLINDRICAL_SURFACE ( 'NONE', #3016, 2.080499999999985139 ) ;
#9424 = AXIS2_PLACEMENT_3D ( 'NONE', #3025, #4680, #8713 ) ;
#9425 = CYLINDRICAL_SURFACE ( 'NONE', #11876, 2.270999999999995467 ) ;
#9426 = CARTESIAN_POINT ( 'NONE',  ( 9.525000000000000355, -10.07084749364648069, 75.98106772950202981 ) ) ;
#9427 = DIRECTION ( 'NONE',  ( 0.000000000000000000, 0.000000000000000000, 1.000000000000000000 ) ) ;
#9428 = CARTESIAN_POINT ( 'NONE',  ( 7.746038523653021987E-16, 22.22500000000000142, 38.09999999999999432 ) ) ;
#9429 = CARTESIAN_POINT ( 'NONE',  ( 12.70000000000000107, 3.577867169202164632E-15, 38.10000000000001563 ) ) ;
#9430 = DIRECTION ( 'NONE',  ( 0.000000000000000000, 0.000000000000000000, -1.000000000000000000 ) ) ;
#9431 = ADVANCED_FACE ( 'NONE', ( #2151 ), #3165, .F. ) ;
#9432 = FACE_BOUND ( 'NONE', #8916, .T. ) ;
#9433 = ORIENTED_EDGE ( 'NONE', *, *, #10288, .T. ) ;
#9434 = CIRCLE ( 'NONE', #8015, 2.080499999999998906 ) ;
#9435 = ORIENTED_EDGE ( 'NONE', *, *, #2505, .F. ) ;
#9436 = ORIENTED_EDGE ( 'NONE', *, *, #6816, .F. ) ;
#9437 = EDGE_LOOP ( 'NONE', ( #3321, #11692, #991, #1616 ) ) ;
#9438 = VERTEX_POINT ( 'NONE', #8178 ) ;
#9439 = DIRECTION ( 'NONE',  ( 0.000000000000000000, 0.000000000000000000, 1.000000000000000000 ) ) ;
#9440 = CARTESIAN_POINT ( 'NONE',  ( -12.69999999999999751, -11.15407434219252103, 150.8426721981579419 ) ) ;
#9441 = CARTESIAN_POINT ( 'NONE',  ( 12.70000000000000107, 10.07084749364666365, 25.18106772950216765 ) ) ;
#9442 = DIRECTION ( 'NONE',  ( 1.000000000000000000, 0.000000000000000000, 0.000000000000000000 ) ) ;
#9443 = CARTESIAN_POINT ( 'NONE',  ( -12.69999999999999751, 3.577867169202164632E-15, 139.7000000000000171 ) ) ;
#9444 = CIRCLE ( 'NONE', #2087, 17.66250000000000497 ) ;
#9445 = DIRECTION ( 'NONE',  ( 0.000000000000000000, 0.000000000000000000, 1.000000000000000000 ) ) ;
#9446 = EDGE_CURVE ( 'NONE', #4182, #10348, #1650, .T. ) ;
#9447 = ORIENTED_EDGE ( 'NONE', *, *, #1429, .T. ) ;
#9448 = ORIENTED_EDGE ( 'NONE', *, *, #2143, .F. ) ;
#9449 = VERTEX_POINT ( 'NONE', #4973 ) ;
#9450 = EDGE_LOOP ( 'NONE', ( #1103, #7470, #2409, #620 ) ) ;
#9451 = AXIS2_PLACEMENT_3D ( 'NONE', #7748, #12434, #1848 ) ;
#9452 = CIRCLE ( 'NONE', #3933, 2.500000000000002220 ) ;
#9453 = VERTEX_POINT ( 'NONE', #4073 ) ;
#9454 = ADVANCED_FACE ( 'NONE', ( #10933 ), #9906, .F. ) ;
#9455 = FACE_OUTER_BOUND ( 'NONE', #10521, .T. ) ;
#9456 = DIRECTION ( 'NONE',  ( -1.000000000000000000, -0.000000000000000000, -0.000000000000000000 ) ) ;
#9457 = CYLINDRICAL_SURFACE ( 'NONE', #9599, 2.499999999999988454 ) ;
#9458 = DIRECTION ( 'NONE',  ( -1.000000000000000000, -0.000000000000000000, -0.000000000000000000 ) ) ;
#9459 = DIRECTION ( 'NONE',  ( -1.000000000000000000, -0.000000000000000000, -0.000000000000000000 ) ) ;
#9460 = EDGE_CURVE ( 'NONE', #3985, #6743, #1062, .T. ) ;
#9461 = CARTESIAN_POINT ( 'NONE',  ( -12.69999999999999751, 1.802455207620993427, 104.1855954242718525 ) ) ;
#9462 = AXIS2_PLACEMENT_3D ( 'NONE', #2464, #1561, #668 ) ;
#9463 = ADVANCED_FACE ( 'NONE', ( #5100 ), #2088, .F. ) ;
#9464 = ORIENTED_EDGE ( 'NONE', *, *, #12092, .T. ) ;
#9465 = ORIENTED_EDGE ( 'NONE', *, *, #11527, .T. ) ;
#9466 = ORIENTED_EDGE ( 'NONE', *, *, #12392, .F. ) ;
#9467 = AXIS2_PLACEMENT_3D ( 'NONE', #204, #9041, #74 ) ;
#9468 = FACE_OUTER_BOUND ( 'NONE', #7343, .T. ) ;
#9469 = LINE ( 'NONE', #8447, #5758 ) ;
#9470 = CARTESIAN_POINT ( 'NONE',  ( 7.746038523653021987E-16, 25.40000000000000213, 91.39999999999997726 ) ) ;
#9471 = FACE_OUTER_BOUND ( 'NONE', #4965, .T. ) ;
#9472 = CYLINDRICAL_SURFACE ( 'NONE', #7617, 17.66250000000000497 ) ;
#9473 = DIRECTION ( 'NONE',  ( -0.000000000000000000, 1.000000000000000000, -0.000000000000000000 ) ) ;
#9474 = EDGE_CURVE ( 'NONE', #4046, #3793, #9224, .T. ) ;
#9475 = LINE ( 'NONE', #646, #2970 ) ;
#9476 = EDGE_LOOP ( 'NONE', ( #6325, #7855, #12475, #2459 ) ) ;
#9477 = AXIS2_PLACEMENT_3D ( 'NONE', #3014, #6929, #8392 ) ;
#9478 = DIRECTION ( 'NONE',  ( 0.000000000000000000, 0.000000000000000000, 1.000000000000000000 ) ) ;
#9479 = ORIENTED_EDGE ( 'NONE', *, *, #4451, .F. ) ;
#9480 = EDGE_LOOP ( 'NONE', ( #3003, #3239, #8220, #8056 ) ) ;
#9481 = ORIENTED_EDGE ( 'NONE', *, *, #3113, .T. ) ;
#9482 = DIRECTION ( 'NONE',  ( 0.000000000000000000, 0.000000000000000000, -1.000000000000000000 ) ) ;
#9483 = EDGE_CURVE ( 'NONE', #6028, #1698, #8006, .T. ) ;
#9484 = CIRCLE ( 'NONE', #11142, 2.080499999999998906 ) ;
#9485 = DIRECTION ( 'NONE',  ( -1.000000000000000000, 0.000000000000000000, 0.000000000000000000 ) ) ;
#9486 = DIRECTION ( 'NONE',  ( -1.000000000000000000, -0.000000000000000000, -0.000000000000000000 ) ) ;
#9487 = DIRECTION ( 'NONE',  ( 0.000000000000000000, 1.500842228674960179E-14, -1.000000000000000000 ) ) ;
#9488 = CARTESIAN_POINT ( 'NONE',  ( 12.70000000000000107, 11.15407434219237004, 100.0426721981581153 ) ) ;
#9489 = CARTESIAN_POINT ( 'NONE',  ( 12.70000000000000107, 10.07084749364666365, 128.8615677295021271 ) ) ;
#9490 = CARTESIAN_POINT ( 'NONE',  ( -9.525000000000000355, 3.577867169202164632E-15, 139.7000000000000171 ) ) ;
#9491 = CARTESIAN_POINT ( 'NONE',  ( 9.525000000000000355, 1.802455207620993427, 104.1855954242718525 ) ) ;
#9492 = FACE_BOUND ( 'NONE', #6014, .T. ) ;
#9493 = CIRCLE ( 'NONE', #3971, 14.30000000000000782 ) ;
#9494 = VERTEX_POINT ( 'NONE', #9843 ) ;
#9495 = ORIENTED_EDGE ( 'NONE', *, *, #4642, .T. ) ;
#9496 = ORIENTED_EDGE ( 'NONE', *, *, #12047, .T. ) ;
#9497 = VERTEX_POINT ( 'NONE', #6197 ) ;
#9498 = ORIENTED_EDGE ( 'NONE', *, *, #11358, .F. ) ;
#9499 = DIRECTION ( 'NONE',  ( -0.000000000000000000, 1.000000000000000000, -0.000000000000000000 ) ) ;
#9500 = EDGE_CURVE ( 'NONE', #6406, #622, #10095, .T. ) ;
#9501 = CARTESIAN_POINT ( 'NONE',  ( 12.70000000000000107, 16.22512784221258997, 31.12080715599162417 ) ) ;
#9502 = CARTESIAN_POINT ( 'NONE',  ( 12.70000000000000107, 12.69999999999999929, 12.69999999999999929 ) ) ;
#9503 = CIRCLE ( 'NONE', #2156, 2.080499999999985139 ) ;
#9504 = DIRECTION ( 'NONE',  ( 0.000000000000000000, 0.000000000000000000, -1.000000000000000000 ) ) ;
#9505 = DIRECTION ( 'NONE',  ( -1.000000000000000000, -0.000000000000000000, -0.000000000000000000 ) ) ;
#9506 = CARTESIAN_POINT ( 'NONE',  ( -12.69999999999999751, 16.22354728284504333, 141.9621436318879830 ) ) ;
#9507 = ORIENTED_EDGE ( 'NONE', *, *, #4632, .T. ) ;
#9508 = ORIENTED_EDGE ( 'NONE', *, *, #417, .F. ) ;
#9509 = ORIENTED_EDGE ( 'NONE', *, *, #9627, .F. ) ;
#9510 = CIRCLE ( 'NONE', #12603, 14.30000000000000782 ) ;
#9511 = VERTEX_POINT ( 'NONE', #7924 ) ;
#9512 = EDGE_CURVE ( 'NONE', #9058, #4698, #5226, .T. ) ;
#9513 = FACE_BOUND ( 'NONE', #3660, .T. ) ;
#9514 = CARTESIAN_POINT ( 'NONE',  ( 0.000000000000000000, 0.000000000000000000, 177.8000000000000114 ) ) ;
#9515 = DIRECTION ( 'NONE',  ( 0.000000000000000000, 1.667602476305522267E-15, -1.000000000000000000 ) ) ;
#9516 = CARTESIAN_POINT ( 'NONE',  ( 12.70000000000000107, 3.577867169202164632E-15, 38.10000000000001563 ) ) ;
#9517 = DIRECTION ( 'NONE',  ( 0.000000000000000000, 1.500842228674969961E-14, -1.000000000000000000 ) ) ;
#9518 = FACE_OUTER_BOUND ( 'NONE', #1915, .T. ) ;
#9519 = CIRCLE ( 'NONE', #11176, 2.499999999999992006 ) ;
#9520 = DIRECTION ( 'NONE',  ( -1.000000000000000000, -0.000000000000000000, -0.000000000000000000 ) ) ;
#9521 = ORIENTED_EDGE ( 'NONE', *, *, #10502, .F. ) ;
#9522 = AXIS2_PLACEMENT_3D ( 'NONE', #11845, #11908, #9908 ) ;
#9523 = EDGE_LOOP ( 'NONE', ( #8217, #4838, #7396, #11823 ) ) ;
#9524 = APPLICATION_CONTEXT ( 'configuration controlled 3d designs of mechanical parts and assemblies' ) ;
#9525 = ORIENTED_EDGE ( 'NONE', *, *, #5615, .T. ) ;
#9526 = CIRCLE ( 'NONE', #3187, 2.080499999999998906 ) ;
#9527 = EDGE_CURVE ( 'NONE', #3338, #6791, #231, .T. ) ;
#9528 = AXIS2_PLACEMENT_3D ( 'NONE', #6217, #11925, #6022 ) ;
#9529 = FACE_OUTER_BOUND ( 'NONE', #147, .T. ) ;
#9530 = ADVANCED_FACE ( 'NONE', ( #6130 ), #364, .F. ) ;
#9531 = CARTESIAN_POINT ( 'NONE',  ( -9.525000000000002132, 12.69999999999999929, 162.5999999999999943 ) ) ;
#9532 = LOCAL_TIME ( 14, 50, 18.00000000000000000, #3024 ) ;
#9533 = VECTOR ( 'NONE', #2934, 1000.000000000000000 ) ;
#9534 = CARTESIAN_POINT ( 'NONE',  ( 12.70000000000000107, 3.577867169202164632E-15, 157.3625000000000114 ) ) ;
#9535 = CARTESIAN_POINT ( 'NONE',  ( 12.70000000000000107, 14.16298196909037088, 86.92517298397528691 ) ) ;
#9536 = CARTESIAN_POINT ( 'NONE',  ( 9.525000000000000355, 3.577867169202164632E-15, 88.90000000000000568 ) ) ;
#9537 = DIRECTION ( 'NONE',  ( -1.000000000000000000, -0.000000000000000000, -0.000000000000000000 ) ) ;
#9538 = AXIS2_PLACEMENT_3D ( 'NONE', #8609, #12529, #7653 ) ;
#9539 = CARTESIAN_POINT ( 'NONE',  ( -9.525000000000002132, 22.22500000000000142, 177.8000000000000114 ) ) ;
#9540 = CIRCLE ( 'NONE', #554, 17.66250000000000497 ) ;
#9541 = ORIENTED_EDGE ( 'NONE', *, *, #3385, .T. ) ;
#9542 = EDGE_CURVE ( 'NONE', #2033, #2444, #8820, .T. ) ;
#9543 = AXIS2_PLACEMENT_3D ( 'NONE', #4250, #8161, #3285 ) ;
#9544 = DIRECTION ( 'NONE',  ( 0.000000000000000000, 0.000000000000000000, 1.000000000000000000 ) ) ;
#9545 = ORIENTED_EDGE ( 'NONE', *, *, #7300, .T. ) ;
#9546 = ORIENTED_EDGE ( 'NONE', *, *, #6816, .T. ) ;
#9547 = ADVANCED_FACE ( 'NONE', ( #7985 ), #11905, .F. ) ;
#9548 = ORIENTED_EDGE ( 'NONE', *, *, #12359, .F. ) ;
#9549 = DIRECTION ( 'NONE',  ( -0.000000000000000000, -1.000000000000000000, -0.000000000000000000 ) ) ;
#9550 = EDGE_CURVE ( 'NONE', #12601, #6346, #10264, .T. ) ;
#9551 = CIRCLE ( 'NONE', #756, 2.271000000000002128 ) ;
#9552 = DIRECTION ( 'NONE',  ( -1.000000000000000000, -0.000000000000000000, -0.000000000000000000 ) ) ;
#9553 = DIRECTION ( 'NONE',  ( 0.000000000000000000, 0.000000000000000000, 1.000000000000000000 ) ) ;
#9554 = CARTESIAN_POINT ( 'NONE',  ( -12.69999999999999751, -12.69999999999999929, 162.5999999999999943 ) ) ;
#9555 = CARTESIAN_POINT ( 'NONE',  ( 12.70000000000000107, -11.15407434219252103, 49.24267219815796182 ) ) ;
#9556 = FACE_OUTER_BOUND ( 'NONE', #10231, .T. ) ;
#9557 = CARTESIAN_POINT ( 'NONE',  ( -12.69999999999999751, 3.577867169202164632E-15, 139.7000000000000171 ) ) ;
#9558 = AXIS2_PLACEMENT_3D ( 'NONE', #5809, #9712, #8047 ) ;
#9559 = DIRECTION ( 'NONE',  ( 0.000000000000000000, 1.000000000000000000, 0.000000000000000000 ) ) ;
#9560 = AXIS2_PLACEMENT_3D ( 'NONE', #1125, #2976, #1958 ) ;
#9561 = ORIENTED_EDGE ( 'NONE', *, *, #12149, .T. ) ;
#9562 = EDGE_CURVE ( 'NONE', #2969, #7608, #12520, .T. ) ;
#9563 = ORIENTED_EDGE ( 'NONE', *, *, #8154, .F. ) ;
#9564 = ORIENTED_EDGE ( 'NONE', *, *, #3162, .F. ) ;
#9565 = ORIENTED_EDGE ( 'NONE', *, *, #11633, .T. ) ;
#9566 = ORIENTED_EDGE ( 'NONE', *, *, #145, .F. ) ;
#9567 = DIRECTION ( 'NONE',  ( -0.000000000000000000, 1.000000000000000000, -0.000000000000000000 ) ) ;
#9568 = EDGE_CURVE ( 'NONE', #8735, #10102, #1343, .T. ) ;
#9569 = CARTESIAN_POINT ( 'NONE',  ( 12.70000000000000107, -10.07084749364648069, 75.98106772950202981 ) ) ;
#9570 = ADVANCED_FACE ( 'NONE', ( #324 ), #5064, .F. ) ;
#9571 = VECTOR ( 'NONE', #6730, 1000.000000000000000 ) ;
#9572 = CARTESIAN_POINT ( 'NONE',  ( 1.555301434917138433E-15, 25.40000000000000213, 63.50000000000000000 ) ) ;
#9573 = CARTESIAN_POINT ( 'NONE',  ( -9.525000000000000355, 2.068405620284300195, 122.1590306869894960 ) ) ;
#9574 = DIRECTION ( 'NONE',  ( 0.000000000000000000, 0.000000000000000000, 1.000000000000000000 ) ) ;
#9575 = EDGE_CURVE ( 'NONE', #1696, #11783, #7192, .T. ) ;
#9576 = LINE ( 'NONE', #799, #1807 ) ;
#9577 = EDGE_LOOP ( 'NONE', ( #4514, #11234, #601, #9307 ) ) ;
#9578 = ORIENTED_EDGE ( 'NONE', *, *, #4272, .F. ) ;
#9579 = EDGE_LOOP ( 'NONE', ( #2132, #4935, #96, #5759 ) ) ;
#9580 = ORIENTED_EDGE ( 'NONE', *, *, #840, .T. ) ;
#9581 = CARTESIAN_POINT ( 'NONE',  ( 12.70000000000000107, -16.22354728284506820, 141.9621436318877556 ) ) ;
#9582 = CARTESIAN_POINT ( 'NONE',  ( -12.69999999999999751, -8.791741348502544184, 150.9780886705607656 ) ) ;
#9583 = CYLINDRICAL_SURFACE ( 'NONE', #3262, 2.270999999999995467 ) ;
#9584 = CARTESIAN_POINT ( 'NONE',  ( 12.70000000000000107, 16.22354728284504333, 40.36214363188798160 ) ) ;
#9585 = CARTESIAN_POINT ( 'NONE',  ( 12.70000000000000107, -1.802455207620986100, 53.38559542427184823 ) ) ;
#9586 = CARTESIAN_POINT ( 'NONE',  ( 7.746038523653021987E-16, 25.40000000000000213, 38.09999999999999432 ) ) ;
#9587 = AXIS2_PLACEMENT_3D ( 'NONE', #12484, #4785, #5882 ) ;
#9588 = CARTESIAN_POINT ( 'NONE',  ( 9.525000000000000355, -12.33648634558010748, 47.30376971111923723 ) ) ;
#9589 = CIRCLE ( 'NONE', #11654, 2.270999999999995467 ) ;
#9590 = EDGE_CURVE ( 'NONE', #1938, #7045, #1283, .T. ) ;
#9591 = ORIENTED_EDGE ( 'NONE', *, *, #5473, .T. ) ;
#9592 = VERTEX_POINT ( 'NONE', #5132 ) ;
#9593 = EDGE_LOOP ( 'NONE', ( #2636, #3598, #8115, #11043 ) ) ;
#9594 = VERTEX_POINT ( 'NONE', #388 ) ;
#9595 = AXIS2_PLACEMENT_3D ( 'NONE', #4705, #10727, #8547 ) ;
#9596 = AXIS2_PLACEMENT_3D ( 'NONE', #8728, #12656, #3860 ) ;
#9597 = LINE ( 'NONE', #7488, #1445 ) ;
#9598 = CARTESIAN_POINT ( 'NONE',  ( 12.70000000000000107, -4.072800018551144596, 124.4689521648821113 ) ) ;
#9599 = AXIS2_PLACEMENT_3D ( 'NONE', #11327, #10609, #7476 ) ;
#9600 = DIRECTION ( 'NONE',  ( -1.000000000000000000, -0.000000000000000000, -0.000000000000000000 ) ) ;
#9601 = CARTESIAN_POINT ( 'NONE',  ( -12.69999999999999751, -12.33648634558010748, 148.9037697111192244 ) ) ;
#9602 = CARTESIAN_POINT ( 'NONE',  ( -12.69999999999999751, 12.69999999999999929, 63.50000000000000000 ) ) ;
#9603 = DIRECTION ( 'NONE',  ( -1.000000000000000000, -0.000000000000000000, -0.000000000000000000 ) ) ;
#9604 = CARTESIAN_POINT ( 'NONE',  ( 9.525000000000000355, 3.577867169202164632E-15, 139.7000000000000171 ) ) ;
#9605 = AXIS2_PLACEMENT_3D ( 'NONE', #1490, #6487, #7260 ) ;
#9606 = EDGE_CURVE ( 'NONE', #2771, #9607, #644, .T. ) ;
#9607 = VERTEX_POINT ( 'NONE', #3071 ) ;
#9608 = CIRCLE ( 'NONE', #10632, 2.499999999999988454 ) ;
#9609 = AXIS2_PLACEMENT_3D ( 'NONE', #7240, #11594, #11662 ) ;
#9610 = CARTESIAN_POINT ( 'NONE',  ( 12.70000000000000107, 3.577867169202164632E-15, 139.7000000000000171 ) ) ;
#9611 = ORIENTED_EDGE ( 'NONE', *, *, #8139, .F. ) ;
#9612 = ORIENTED_EDGE ( 'NONE', *, *, #459, .T. ) ;
#9613 = ORIENTED_EDGE ( 'NONE', *, *, #9681, .F. ) ;
#9614 = CYLINDRICAL_SURFACE ( 'NONE', #10046, 2.500000000000002220 ) ;
#9615 = CIRCLE ( 'NONE', #8588, 2.500000000000002220 ) ;
#9616 = ADVANCED_FACE ( 'NONE', ( #7241 ), #3198, .F. ) ;
#9617 = VECTOR ( 'NONE', #10741, 1000.000000000000000 ) ;
#9618 = LINE ( 'NONE', #11547, #12244 ) ;
#9619 = DIRECTION ( 'NONE',  ( -1.000000000000000000, -0.000000000000000000, -0.000000000000000000 ) ) ;
#9620 = CARTESIAN_POINT ( 'NONE',  ( 12.70000000000000107, -16.22354728284505399, 137.4378563681121364 ) ) ;
#9621 = CARTESIAN_POINT ( 'NONE',  ( 12.70000000000000107, -12.33648634558004353, 28.89623028888070877 ) ) ;
#9622 = EDGE_CURVE ( 'NONE', #9262, #10439, #6775, .T. ) ;
#9623 = DIRECTION ( 'NONE',  ( -0.000000000000000000, 1.000000000000000000, -0.000000000000000000 ) ) ;
#9624 = DIRECTION ( 'NONE',  ( 1.000000000000000000, 0.000000000000000000, 0.000000000000000000 ) ) ;
#9625 = LINE ( 'NONE', #844, #12201 ) ;
#9626 = ADVANCED_FACE ( 'NONE', ( #12123 ), #264, .F. ) ;
#9627 = EDGE_CURVE ( 'NONE', #9679, #8237, #241, .T. ) ;
#9628 = CYLINDRICAL_SURFACE ( 'NONE', #9803, 2.499999999999988454 ) ;
#9629 = ORIENTED_EDGE ( 'NONE', *, *, #5301, .F. ) ;
#9630 = ORIENTED_EDGE ( 'NONE', *, *, #12149, .F. ) ;
#9631 = VERTEX_POINT ( 'NONE', #10061 ) ;
#9632 = AXIS2_PLACEMENT_3D ( 'NONE', #10685, #5824, #3056 ) ;
#9633 = ORIENTED_EDGE ( 'NONE', *, *, #6369, .F. ) ;
#9634 = ORIENTED_EDGE ( 'NONE', *, *, #5266, .T. ) ;
#9635 = DIRECTION ( 'NONE',  ( 0.000000000000000000, 0.000000000000000000, 1.000000000000000000 ) ) ;
#9636 = CARTESIAN_POINT ( 'NONE',  ( 12.70000000000000107, 0.000000000000000000, 165.0999999999999943 ) ) ;
#9637 = DIRECTION ( 'NONE',  ( -1.000000000000000000, -0.000000000000000000, -0.000000000000000000 ) ) ;
#9638 = EDGE_CURVE ( 'NONE', #7596, #7737, #8411, .T. ) ;
#9639 = DIRECTION ( 'NONE',  ( -1.000000000000000000, -0.000000000000000000, -0.000000000000000000 ) ) ;
#9640 = DIRECTION ( 'NONE',  ( 0.000000000000000000, 0.000000000000000000, 1.000000000000000000 ) ) ;
#9641 = VECTOR ( 'NONE', #10999, 1000.000000000000000 ) ;
#9642 = EDGE_CURVE ( 'NONE', #5710, #4759, #6572, .T. ) ;
#9643 = CYLINDRICAL_SURFACE ( 'NONE', #8966, 2.271000000000002128 ) ;
#9644 = ORIENTED_EDGE ( 'NONE', *, *, #1795, .T. ) ;
#9645 = VERTEX_POINT ( 'NONE', #6225 ) ;
#9646 = ORIENTED_EDGE ( 'NONE', *, *, #255, .T. ) ;
#9647 = EDGE_LOOP ( 'NONE', ( #2857, #318, #10153, #9306 ) ) ;
#9648 = CARTESIAN_POINT ( 'NONE',  ( 1.080765552152139379E-15, 25.40000000000000213, 35.60000000000000853 ) ) ;
#9649 = DIRECTION ( 'NONE',  ( 0.000000000000000000, 0.000000000000000000, 1.000000000000000000 ) ) ;
#9650 = AXIS2_PLACEMENT_3D ( 'NONE', #2548, #6466, #3566 ) ;
#9651 = DIRECTION ( 'NONE',  ( 0.000000000000000000, 0.000000000000000000, 1.000000000000000000 ) ) ;
#9652 = LINE ( 'NONE', #7603, #3058 ) ;
#9653 = CARTESIAN_POINT ( 'NONE',  ( 12.70000000000000107, 11.15407434219260630, 26.95732780184214405 ) ) ;
#9654 = EDGE_CURVE ( 'NONE', #7280, #523, #5766, .T. ) ;
#9655 = LINE ( 'NONE', #7605, #2457 ) ;
#9656 = DIRECTION ( 'NONE',  ( 0.000000000000000000, 0.000000000000000000, 1.000000000000000000 ) ) ;
#9657 = LINE ( 'NONE', #3629, #2347 ) ;
#9658 = ORIENTED_EDGE ( 'NONE', *, *, #3851, .F. ) ;
#9659 = AXIS2_PLACEMENT_3D ( 'NONE', #10625, #1846, #884 ) ;
#9660 = AXIS2_PLACEMENT_3D ( 'NONE', #12626, #7743, #7809 ) ;
#9661 = VERTEX_POINT ( 'NONE', #10122 ) ;
#9662 = ORIENTED_EDGE ( 'NONE', *, *, #9947, .F. ) ;
#9663 = VERTEX_POINT ( 'NONE', #2243 ) ;
#9664 = CYLINDRICAL_SURFACE ( 'NONE', #1438, 2.270999999999995467 ) ;
#9665 = EDGE_CURVE ( 'NONE', #1149, #7319, #6097, .T. ) ;
#9666 = AXIS2_PLACEMENT_3D ( 'NONE', #9718, #2980, #6899 ) ;
#9667 = AXIS2_PLACEMENT_3D ( 'NONE', #9514, #7730, #37 ) ;
#9668 = CARTESIAN_POINT ( 'NONE',  ( 12.70000000000000107, -5.371240620587816927, 126.4470843134143934 ) ) ;
#9669 = CYLINDRICAL_SURFACE ( 'NONE', #6291, 2.499999999999988454 ) ;
#9670 = DIRECTION ( 'NONE',  ( 0.000000000000000000, 0.000000000000000000, 1.000000000000000000 ) ) ;
#9671 = CARTESIAN_POINT ( 'NONE',  ( 9.525000000000000355, 11.15407434219237004, 49.24267219815811814 ) ) ;
#9672 = CARTESIAN_POINT ( 'NONE',  ( 9.525000000000000355, -22.22499999999999787, 177.8000000000000114 ) ) ;
#9673 = ORIENTED_EDGE ( 'NONE', *, *, #10044, .F. ) ;
#9674 = AXIS2_PLACEMENT_3D ( 'NONE', #1128, #5403, #12325 ) ;
#9675 = CIRCLE ( 'NONE', #11726, 2.500000000000002220 ) ;
#9676 = DIRECTION ( 'NONE',  ( -1.000000000000000000, 0.000000000000000000, 0.000000000000000000 ) ) ;
#9677 = ORIENTED_EDGE ( 'NONE', *, *, #1507, .T. ) ;
#9678 = ORIENTED_EDGE ( 'NONE', *, *, #6594, .T. ) ;
#9679 = VERTEX_POINT ( 'NONE', #6162 ) ;
#9680 = CYLINDRICAL_SURFACE ( 'NONE', #6168, 17.66249999999999787 ) ;
#9681 = EDGE_CURVE ( 'NONE', #1777, #11073, #9233, .T. ) ;
#9682 = CARTESIAN_POINT ( 'NONE',  ( -12.69999999999999751, 3.577867169202164632E-15, 157.3625000000000114 ) ) ;
#9683 = DIRECTION ( 'NONE',  ( 0.000000000000000000, 0.000000000000000000, 1.000000000000000000 ) ) ;
#9684 = CYLINDRICAL_SURFACE ( 'NONE', #11462, 2.270999999999995467 ) ;
#9685 = DIRECTION ( 'NONE',  ( 0.000000000000000000, 0.000000000000000000, 1.000000000000000000 ) ) ;
#9686 = VECTOR ( 'NONE', #7832, 1000.000000000000000 ) ;
#9687 = DIRECTION ( 'NONE',  ( -1.000000000000000000, -0.000000000000000000, -0.000000000000000000 ) ) ;
#9688 = DIRECTION ( 'NONE',  ( -1.000000000000000000, -0.000000000000000000, -0.000000000000000000 ) ) ;
#9689 = LINE ( 'NONE', #4687, #1084 ) ;
#9690 = CARTESIAN_POINT ( 'NONE',  ( -12.69999999999999751, -5.371240620587818704, 152.9529156865856407 ) ) ;
#9691 = CARTESIAN_POINT ( 'NONE',  ( 12.70000000000000107, 15.22687436074368783, 135.6116243630402494 ) ) ;
#9692 = ORIENTED_EDGE ( 'NONE', *, *, #8142, .F. ) ;
#9693 = ORIENTED_EDGE ( 'NONE', *, *, #5885, .F. ) ;
#9694 = EDGE_LOOP ( 'NONE', ( #7726, #1813 ) ) ;
#9695 = CIRCLE ( 'NONE', #4172, 2.080499999999998906 ) ;
#9696 = VERTEX_POINT ( 'NONE', #2117 ) ;
#9697 = ORIENTED_EDGE ( 'NONE', *, *, #4186, .F. ) ;
#9698 = DIRECTION ( 'NONE',  ( -1.000000000000000000, -0.000000000000000000, -0.000000000000000000 ) ) ;
#9699 = EDGE_CURVE ( 'NONE', #11642, #5220, #4735, .T. ) ;
#9700 = CARTESIAN_POINT ( 'NONE',  ( -9.525000000000000355, 3.577867169202164632E-15, 88.90000000000000568 ) ) ;
#9701 = EDGE_CURVE ( 'NONE', #7363, #6808, #9999, .T. ) ;
#9702 = FACE_OUTER_BOUND ( 'NONE', #7610, .T. ) ;
#9703 = DIRECTION ( 'NONE',  ( 0.000000000000000000, -6.253509286145707751E-14, 1.000000000000000000 ) ) ;
#9704 = AXIS2_PLACEMENT_3D ( 'NONE', #656, #7573, #9685 ) ;
#9705 = DIRECTION ( 'NONE',  ( 0.000000000000000000, 0.000000000000000000, 1.000000000000000000 ) ) ;
#9706 = EDGE_LOOP ( 'NONE', ( #6885, #11473, #7581, #7090 ) ) ;
#9707 = VERTEX_POINT ( 'NONE', #4473 ) ;
#9708 = EDGE_LOOP ( 'NONE', ( #12371, #10152 ) ) ;
#9709 = VERTEX_POINT ( 'NONE', #9344 ) ;
#9710 = CARTESIAN_POINT ( 'NONE',  ( 12.70000000000000107, -16.22512784221253312, 45.07919284400851723 ) ) ;
#9711 = CIRCLE ( 'NONE', #11340, 2.500000000000002220 ) ;
#9712 = DIRECTION ( 'NONE',  ( -1.000000000000000000, -0.000000000000000000, -0.000000000000000000 ) ) ;
#9713 = EDGE_CURVE ( 'NONE', #693, #11259, #5970, .T. ) ;
#9714 = CARTESIAN_POINT ( 'NONE',  ( -9.525000000000000355, -14.15672222192825025, 99.46177646900194702 ) ) ;
#9715 = FACE_BOUND ( 'NONE', #4116, .T. ) ;
#9716 = CARTESIAN_POINT ( 'NONE',  ( 1.555301434917138038E-15, 25.40000000000000213, 127.0000000000000000 ) ) ;
#9717 = DIRECTION ( 'NONE',  ( 0.000000000000000000, 0.000000000000000000, 1.000000000000000000 ) ) ;
#9718 = CARTESIAN_POINT ( 'NONE',  ( 12.70000000000000107, 12.33648634557998314, 47.30376971111940776 ) ) ;
#9719 = ORIENTED_EDGE ( 'NONE', *, *, #11362, .F. ) ;
#9720 = AXIS2_PLACEMENT_3D ( 'NONE', #751, #10924, #4657 ) ;
#9721 = VERTEX_POINT ( 'NONE', #1594 ) ;
#9722 = EDGE_LOOP ( 'NONE', ( #606, #4499, #4981, #8174 ) ) ;
#9723 = EDGE_CURVE ( 'NONE', #6643, #6389, #2672, .T. ) ;
#9724 = ORIENTED_EDGE ( 'NONE', *, *, #7905, .T. ) ;
#9725 = CARTESIAN_POINT ( 'NONE',  ( 12.70000000000000107, -10.07084749364648069, 78.06156772950203049 ) ) ;
#9726 = EDGE_CURVE ( 'NONE', #6157, #7280, #6385, .T. ) ;
#9727 = DIRECTION ( 'NONE',  ( 0.000000000000000000, 0.000000000000000000, 1.000000000000000000 ) ) ;
#9728 = EDGE_CURVE ( 'NONE', #6933, #2696, #3511, .T. ) ;
#9729 = CYLINDRICAL_SURFACE ( 'NONE', #9659, 2.080499999999998906 ) ;
#9730 = CARTESIAN_POINT ( 'NONE',  ( 12.70000000000000107, 14.13894155320100943, 145.7818257131527560 ) ) ;
#9731 = DIRECTION ( 'NONE',  ( 0.000000000000000000, 0.000000000000000000, 1.000000000000000000 ) ) ;
#9732 = CIRCLE ( 'NONE', #10755, 2.080499999999998906 ) ;
#9733 = DIRECTION ( 'NONE',  ( 0.000000000000000000, 0.000000000000000000, -1.000000000000000000 ) ) ;
#9734 = DIRECTION ( 'NONE',  ( 0.000000000000000000, 0.000000000000000000, -1.000000000000000000 ) ) ;
#9735 = ORIENTED_EDGE ( 'NONE', *, *, #2419, .F. ) ;
#9736 = EDGE_CURVE ( 'NONE', #2695, #11425, #9469, .T. ) ;
#9737 = EDGE_CURVE ( 'NONE', #2257, #3359, #9434, .T. ) ;
#9738 = CARTESIAN_POINT ( 'NONE',  ( 12.70000000000000107, -15.22687436074362388, 34.01162436304002767 ) ) ;
#9739 = ORIENTED_EDGE ( 'NONE', *, *, #6907, .T. ) ;
#9740 = ORIENTED_EDGE ( 'NONE', *, *, #6209, .F. ) ;
#9741 = EDGE_LOOP ( 'NONE', ( #12181, #12553, #9724, #9740 ) ) ;
#9742 = AXIS2_PLACEMENT_3D ( 'NONE', #6896, #104, #39 ) ;
#9743 = FACE_OUTER_BOUND ( 'NONE', #214, .T. ) ;
#9744 = CIRCLE ( 'NONE', #7491, 14.30000000000000782 ) ;
#9745 = DIRECTION ( 'NONE',  ( -1.000000000000000000, 0.000000000000000000, 0.000000000000000000 ) ) ;
#9746 = DIRECTION ( 'NONE',  ( -1.000000000000000000, -0.000000000000000000, -0.000000000000000000 ) ) ;
#9747 = DIRECTION ( 'NONE',  ( -1.000000000000000000, 0.000000000000000000, 0.000000000000000000 ) ) ;
#9748 = DIRECTION ( 'NONE',  ( 0.000000000000000000, 0.000000000000000000, 1.000000000000000000 ) ) ;
#9749 = AXIS2_PLACEMENT_3D ( 'NONE', #4507, #9376, #11498 ) ;
#9750 = DIRECTION ( 'NONE',  ( -1.000000000000000000, -0.000000000000000000, -0.000000000000000000 ) ) ;
#9751 = CIRCLE ( 'NONE', #8508, 14.30000000000000071 ) ;
#9752 = LINE ( 'NONE', #9877, #8931 ) ;
#9753 = CARTESIAN_POINT ( 'NONE',  ( -9.525000000000000355, 16.22354728284508951, 86.63785636811238078 ) ) ;
#9754 = DIRECTION ( 'NONE',  ( 0.000000000000000000, 0.000000000000000000, 1.000000000000000000 ) ) ;
#9755 = CARTESIAN_POINT ( 'NONE',  ( -12.69999999999999751, 4.072800018551152590, 22.86895216488212412 ) ) ;
#9756 = CIRCLE ( 'NONE', #3813, 2.271000000000009234 ) ;
#9757 = FACE_OUTER_BOUND ( 'NONE', #11091, .T. ) ;
#9758 = EDGE_CURVE ( 'NONE', #6266, #2423, #7806, .T. ) ;
#9759 = ORIENTED_EDGE ( 'NONE', *, *, #12555, .F. ) ;
#9760 = VECTOR ( 'NONE', #1829, 1000.000000000000000 ) ;
#9761 = ORIENTED_EDGE ( 'NONE', *, *, #11066, .F. ) ;
#9762 = ORIENTED_EDGE ( 'NONE', *, *, #10484, .F. ) ;
#9763 = CIRCLE ( 'NONE', #3820, 2.270999999999995467 ) ;
#9764 = VERTEX_POINT ( 'NONE', #7431 ) ;
#9765 = ORIENTED_EDGE ( 'NONE', *, *, #9370, .T. ) ;
#9766 = DIRECTION ( 'NONE',  ( 1.000000000000000000, -0.000000000000000000, -0.000000000000000000 ) ) ;
#9767 = DATE_TIME_ROLE ( 'classification_date' ) ;
#9768 = LINE ( 'NONE', #8671, #1645 ) ;
#9769 = CIRCLE ( 'NONE', #1985, 2.080499999999998906 ) ;
#9770 = CARTESIAN_POINT ( 'NONE',  ( 12.70000000000000107, -14.13894155320104851, 133.6181742868473634 ) ) ;
#9771 = CARTESIAN_POINT ( 'NONE',  ( 12.70000000000000107, -6.152699789198520897, 124.5189240976142884 ) ) ;
#9772 = AXIS2_PLACEMENT_3D ( 'NONE', #12593, #7782, #6750 ) ;
#9773 = CIRCLE ( 'NONE', #9347, 2.499999999999988454 ) ;
#9774 = CARTESIAN_POINT ( 'NONE',  ( 12.70000000000000107, 3.577867169202164632E-15, 139.7000000000000171 ) ) ;
#9775 = EDGE_CURVE ( 'NONE', #3033, #3876, #2668, .T. ) ;
#9776 = ORIENTED_EDGE ( 'NONE', *, *, #9726, .F. ) ;
#9777 = VERTEX_POINT ( 'NONE', #12243 ) ;
#9778 = VERTEX_POINT ( 'NONE', #7489 ) ;
#9779 = ORIENTED_EDGE ( 'NONE', *, *, #6610, .F. ) ;
#9780 = DIRECTION ( 'NONE',  ( 1.000000000000000000, 0.000000000000000000, 0.000000000000000000 ) ) ;
#9781 = DIRECTION ( 'NONE',  ( -0.000000000000000000, 1.000000000000000000, -0.000000000000000000 ) ) ;
#9782 = DIRECTION ( 'NONE',  ( 0.000000000000000000, 0.000000000000000000, 1.000000000000000000 ) ) ;
#9783 = EDGE_CURVE ( 'NONE', #7270, #5996, #234, .T. ) ;
#9784 = DIRECTION ( 'NONE',  ( 1.000000000000000000, 0.000000000000000000, 0.000000000000000000 ) ) ;
#9785 = FACE_OUTER_BOUND ( 'NONE', #4267, .T. ) ;
#9786 = DIRECTION ( 'NONE',  ( -0.000000000000000000, 1.000000000000000000, -0.000000000000000000 ) ) ;
#9787 = EDGE_CURVE ( 'NONE', #2155, #4921, #1862, .T. ) ;
#9788 = ORIENTED_EDGE ( 'NONE', *, *, #9888, .F. ) ;
#9789 = EDGE_CURVE ( 'NONE', #10535, #9072, #11220, .T. ) ;
#9790 = ADVANCED_FACE ( 'NONE', ( #4532 ), #5566, .F. ) ;
#9791 = ORIENTED_EDGE ( 'NONE', *, *, #5416, .T. ) ;
#9792 = VERTEX_POINT ( 'NONE', #9531 ) ;
#9793 = VERTEX_POINT ( 'NONE', #761 ) ;
#9794 = CARTESIAN_POINT ( 'NONE',  ( -12.69999999999999751, -12.69999999999999929, 111.8000000000000114 ) ) ;
#9795 = CARTESIAN_POINT ( 'NONE',  ( 1.080765552152139379E-15, 25.40000000000000213, 137.1999999999999886 ) ) ;
#9796 = AXIS2_PLACEMENT_3D ( 'NONE', #1823, #3807, #11504 ) ;
#9797 = DIRECTION ( 'NONE',  ( 0.000000000000000000, 0.000000000000000000, 1.000000000000000000 ) ) ;
#9798 = CARTESIAN_POINT ( 'NONE',  ( 7.746038523653021987E-16, 25.40000000000000213, 38.09999999999999432 ) ) ;
#9799 = CARTESIAN_POINT ( 'NONE',  ( 3.061616997868370815E-16, -22.22499999999999787, 10.20000000000000817 ) ) ;
#9800 = DIRECTION ( 'NONE',  ( 0.000000000000000000, 0.000000000000000000, 1.000000000000000000 ) ) ;
#9801 = ORIENTED_EDGE ( 'NONE', *, *, #6959, .T. ) ;
#9802 = EDGE_CURVE ( 'NONE', #9607, #11128, #2079, .T. ) ;
#9803 = AXIS2_PLACEMENT_3D ( 'NONE', #599, #7452, #2630 ) ;
#9804 = DIRECTION ( 'NONE',  ( 0.000000000000000000, 0.000000000000000000, 1.000000000000000000 ) ) ;
#9805 = ORIENTED_EDGE ( 'NONE', *, *, #5976, .T. ) ;
#9806 = EDGE_LOOP ( 'NONE', ( #8215, #6047, #5740, #7630 ) ) ;
#9807 = ORIENTED_EDGE ( 'NONE', *, *, #11166, .F. ) ;
#9808 = DIRECTION ( 'NONE',  ( 0.000000000000000000, 0.000000000000000000, -1.000000000000000000 ) ) ;
#9809 = FACE_BOUND ( 'NONE', #11107, .T. ) ;
#9810 = DIRECTION ( 'NONE',  ( 0.000000000000000000, 0.000000000000000000, 1.000000000000000000 ) ) ;
#9811 = CARTESIAN_POINT ( 'NONE',  ( 1.555301434917138433E-15, 25.40000000000000213, 114.2999999999999972 ) ) ;
#9812 = DIRECTION ( 'NONE',  ( 0.000000000000000000, 0.000000000000000000, 1.000000000000000000 ) ) ;
#9813 = AXIS2_PLACEMENT_3D ( 'NONE', #350, #4252, #1050 ) ;
#9814 = DIRECTION ( 'NONE',  ( -1.000000000000000000, -0.000000000000000000, -0.000000000000000000 ) ) ;
#9815 = EDGE_CURVE ( 'NONE', #276, #1730, #4518, .T. ) ;
#9816 = CIRCLE ( 'NONE', #4285, 17.66249999999999787 ) ;
#9817 = FACE_OUTER_BOUND ( 'NONE', #9579, .T. ) ;
#9818 = DIRECTION ( 'NONE',  ( -1.000000000000000000, -0.000000000000000000, -0.000000000000000000 ) ) ;
#9819 = LINE ( 'NONE', #11747, #10501 ) ;
#9820 = CARTESIAN_POINT ( 'NONE',  ( -12.69999999999999751, -14.15672222192817387, 78.33822353099797908 ) ) ;
#9821 = AXIS2_PLACEMENT_3D ( 'NONE', #4520, #11449, #6454 ) ;
#9822 = CARTESIAN_POINT ( 'NONE',  ( 12.70000000000000107, 3.577867169202164632E-15, 55.76250000000001705 ) ) ;
#9823 = ORIENTED_EDGE ( 'NONE', *, *, #12437, .F. ) ;
#9824 = VERTEX_POINT ( 'NONE', #4412 ) ;
#9825 = CIRCLE ( 'NONE', #11064, 2.270999999999995467 ) ;
#9826 = CIRCLE ( 'NONE', #3886, 2.500000000000002220 ) ;
#9827 = ORIENTED_EDGE ( 'NONE', *, *, #6149, .T. ) ;
#9828 = EDGE_LOOP ( 'NONE', ( #5608, #12046, #4380, #5203 ) ) ;
#9829 = DIRECTION ( 'NONE',  ( -1.000000000000000000, -0.000000000000000000, -0.000000000000000000 ) ) ;
#9830 = PERSON_AND_ORGANIZATION_ROLE ( 'creator' ) ;
#9831 = DIRECTION ( 'NONE',  ( -1.000000000000000000, -0.000000000000000000, -0.000000000000000000 ) ) ;
#9832 = AXIS2_PLACEMENT_3D ( 'NONE', #695, #4592, #2795 ) ;
#9833 = EDGE_CURVE ( 'NONE', #8729, #10572, #12119, .T. ) ;
#9834 = CARTESIAN_POINT ( 'NONE',  ( -9.525000000000000355, -2.068405620284295310, 55.64096931301052251 ) ) ;
#9835 = DIRECTION ( 'NONE',  ( 0.000000000000000000, 0.000000000000000000, 1.000000000000000000 ) ) ;
#9836 = DIRECTION ( 'NONE',  ( 0.000000000000000000, 0.000000000000000000, 1.000000000000000000 ) ) ;
#9837 = VERTEX_POINT ( 'NONE', #2490 ) ;
#9838 = ORIENTED_EDGE ( 'NONE', *, *, #11998, .T. ) ;
#9839 = ORIENTED_EDGE ( 'NONE', *, *, #7792, .T. ) ;
#9840 = EDGE_LOOP ( 'NONE', ( #8290, #5564, #3987, #3430 ) ) ;
#9841 = DIRECTION ( 'NONE',  ( -1.000000000000000000, 0.000000000000000000, 0.000000000000000000 ) ) ;
#9842 = CARTESIAN_POINT ( 'NONE',  ( 9.525000000000000355, -5.371240620587821368, 51.35291568658563932 ) ) ;
#9843 = CARTESIAN_POINT ( 'NONE',  ( 9.525000000000000355, 12.69999999999999929, 10.20000000000000639 ) ) ;
#9844 = FACE_OUTER_BOUND ( 'NONE', #6566, .T. ) ;
#9845 = DIRECTION ( 'NONE',  ( 0.000000000000000000, 0.000000000000000000, 1.000000000000000000 ) ) ;
#9846 = EDGE_CURVE ( 'NONE', #3876, #7340, #27, .T. ) ;
#9847 = DIRECTION ( 'NONE',  ( 0.000000000000000000, 0.000000000000000000, 1.000000000000000000 ) ) ;
#9848 = AXIS2_PLACEMENT_3D ( 'NONE', #963, #10576, #2811 ) ;
#9849 = DIRECTION ( 'NONE',  ( 0.000000000000000000, 0.000000000000000000, 1.000000000000000000 ) ) ;
#9850 = EDGE_LOOP ( 'NONE', ( #12552, #11364, #2616, #12522 ) ) ;
#9851 = VERTEX_POINT ( 'NONE', #5438 ) ;
#9852 = ORIENTED_EDGE ( 'NONE', *, *, #8901, .F. ) ;
#9853 = EDGE_CURVE ( 'NONE', #2159, #6095, #5893, .T. ) ;
#9854 = VECTOR ( 'NONE', #6645, 1000.000000000000000 ) ;
#9855 = ORIENTED_EDGE ( 'NONE', *, *, #10179, .F. ) ;
#9856 = CARTESIAN_POINT ( 'NONE',  ( -9.525000000000000355, -4.072800018551146373, 53.33104783511790714 ) ) ;
#9857 = LINE ( 'NONE', #6713, #7404 ) ;
#9858 = EDGE_CURVE ( 'NONE', #4241, #5298, #10751, .T. ) ;
#9859 = EDGE_CURVE ( 'NONE', #3777, #6481, #4328, .T. ) ;
#9860 = CARTESIAN_POINT ( 'NONE',  ( 9.525000000000000355, 4.072800018551152590, 124.4689521648821113 ) ) ;
#9861 = DIRECTION ( 'NONE',  ( 0.000000000000000000, 0.000000000000000000, 1.000000000000000000 ) ) ;
#9862 = CIRCLE ( 'NONE', #6213, 2.080499999999998906 ) ;
#9863 = AXIS2_PLACEMENT_3D ( 'NONE', #11663, #4864, #5117 ) ;
#9864 = CARTESIAN_POINT ( 'NONE',  ( 12.70000000000000107, 3.577867169202164632E-15, 88.90000000000000568 ) ) ;
#9865 = ORIENTED_EDGE ( 'NONE', *, *, #3851, .T. ) ;
#9866 = DIRECTION ( 'NONE',  ( 1.000000000000000000, -0.000000000000000000, -0.000000000000000000 ) ) ;
#9867 = ORIENTED_EDGE ( 'NONE', *, *, #10678, .F. ) ;
#9868 = ORIENTED_EDGE ( 'NONE', *, *, #8402, .F. ) ;
#9869 = VECTOR ( 'NONE', #2715, 1000.000000000000000 ) ;
#9870 = ORIENTED_EDGE ( 'NONE', *, *, #6916, .T. ) ;
#9871 = DIRECTION ( 'NONE',  ( -1.000000000000000000, -0.000000000000000000, -0.000000000000000000 ) ) ;
#9872 = CYLINDRICAL_SURFACE ( 'NONE', #2774, 2.499999999999988454 ) ;
#9873 = CARTESIAN_POINT ( 'NONE',  ( -9.525000000000000355, 3.577867169202164632E-15, 38.10000000000001563 ) ) ;
#9874 = DIRECTION ( 'NONE',  ( -0.000000000000000000, 1.000000000000000000, -0.000000000000000000 ) ) ;
#9875 = EDGE_CURVE ( 'NONE', #9764, #9449, #11787, .T. ) ;
#9876 = CARTESIAN_POINT ( 'NONE',  ( 9.525000000000000355, 12.69999999999999929, 15.19999999999999218 ) ) ;
#9877 = CARTESIAN_POINT ( 'NONE',  ( -12.69999999999999751, 3.061616997868373773E-16, 111.8000000000000114 ) ) ;
#9878 = DIRECTION ( 'NONE',  ( -1.000000000000000000, -0.000000000000000000, -0.000000000000000000 ) ) ;
#9879 = DIRECTION ( 'NONE',  ( -1.000000000000000000, -0.000000000000000000, -0.000000000000000000 ) ) ;
#9880 = DIRECTION ( 'NONE',  ( 0.000000000000000000, 0.000000000000000000, 1.000000000000000000 ) ) ;
#9881 = AXIS2_PLACEMENT_3D ( 'NONE', #2601, #687, #5617 ) ;
#9882 = AXIS2_PLACEMENT_3D ( 'NONE', #8355, #6499, #5664 ) ;
#9883 = DIRECTION ( 'NONE',  ( -1.000000000000000000, -0.000000000000000000, -0.000000000000000000 ) ) ;
#9884 = ORIENTED_EDGE ( 'NONE', *, *, #9887, .F. ) ;
#9885 = ORIENTED_EDGE ( 'NONE', *, *, #2870, .F. ) ;
#9886 = ORIENTED_EDGE ( 'NONE', *, *, #6345, .T. ) ;
#9887 = EDGE_CURVE ( 'NONE', #8694, #2005, #2890, .T. ) ;
#9888 = EDGE_CURVE ( 'NONE', #1481, #8261, #11710, .T. ) ;
#9889 = EDGE_LOOP ( 'NONE', ( #12642, #9541, #4575, #1521 ) ) ;
#9890 = EDGE_LOOP ( 'NONE', ( #10059, #7709, #9644, #10534 ) ) ;
#9891 = DIRECTION ( 'NONE',  ( 0.000000000000000000, 0.000000000000000000, 1.000000000000000000 ) ) ;
#9892 =( NAMED_UNIT ( * ) SI_UNIT ( $, .STERADIAN. ) SOLID_ANGLE_UNIT ( ) );
#9893 = AXIS2_PLACEMENT_3D ( 'NONE', #7549, #11461, #9478 ) ;
#9894 = CYLINDRICAL_SURFACE ( 'NONE', #4843, 2.500000000000002220 ) ;
#9895 = CARTESIAN_POINT ( 'NONE',  ( 12.70000000000000107, -10.07084749364648069, 75.98106772950202981 ) ) ;
#9896 = CARTESIAN_POINT ( 'NONE',  ( 1.555301434917138038E-15, 25.40000000000000213, 76.19999999999998863 ) ) ;
#9897 = CARTESIAN_POINT ( 'NONE',  ( -9.525000000000000355, 15.22687436074368783, 135.6116243630402494 ) ) ;
#9898 = DIRECTION ( 'NONE',  ( 0.000000000000000000, 0.000000000000000000, 1.000000000000000000 ) ) ;
#9899 = CIRCLE ( 'NONE', #7032, 2.500000000000002220 ) ;
#9900 = VERTEX_POINT ( 'NONE', #10818 ) ;
#9901 = ORIENTED_EDGE ( 'NONE', *, *, #9942, .T. ) ;
#9902 = VERTEX_POINT ( 'NONE', #1845 ) ;
#9903 = ADVANCED_FACE ( 'NONE', ( #4924 ), #883, .F. ) ;
#9904 = VERTEX_POINT ( 'NONE', #2862 ) ;
#9905 = CARTESIAN_POINT ( 'NONE',  ( 7.746038523653021987E-16, 25.40000000000000213, 40.59999999999998010 ) ) ;
#9906 = CYLINDRICAL_SURFACE ( 'NONE', #6769, 2.499999999999992006 ) ;
#9907 = CARTESIAN_POINT ( 'NONE',  ( -12.69999999999999751, -10.07084749364648069, 25.18106772950202199 ) ) ;
#9908 = DIRECTION ( 'NONE',  ( 0.000000000000000000, 0.000000000000000000, 1.000000000000000000 ) ) ;
#9909 = VECTOR ( 'NONE', #8094, 1000.000000000000000 ) ;
#9910 = DIRECTION ( 'NONE',  ( 1.000000000000000000, 0.000000000000000000, 0.000000000000000000 ) ) ;
#9911 = CYLINDRICAL_SURFACE ( 'NONE', #9666, 2.271000000000002128 ) ;
#9912 = ORIENTED_EDGE ( 'NONE', *, *, #11166, .T. ) ;
#9913 = ORIENTED_EDGE ( 'NONE', *, *, #8901, .T. ) ;
#9914 = ORIENTED_EDGE ( 'NONE', *, *, #11120, .T. ) ;
#9915 = ORIENTED_EDGE ( 'NONE', *, *, #1332, .F. ) ;
#9916 = ADVANCED_FACE ( 'NONE', ( #11724 ), #2927, .F. ) ;
#9917 = VECTOR ( 'NONE', #2944, 1000.000000000000000 ) ;
#9918 = ORIENTED_EDGE ( 'NONE', *, *, #1651, .F. ) ;
#9919 = DIRECTION ( 'NONE',  ( -1.000000000000000000, -0.000000000000000000, -0.000000000000000000 ) ) ;
#9920 = CARTESIAN_POINT ( 'NONE',  ( 12.70000000000000107, -15.22687436074365230, 143.7883756369598984 ) ) ;
#9921 = LINE ( 'NONE', #10689, #10273 ) ;
#9922 = DIRECTION ( 'NONE',  ( 0.000000000000000000, 9.588714238756753232E-15, -1.000000000000000000 ) ) ;
#9923 = DIRECTION ( 'NONE',  ( -0.000000000000000000, 1.000000000000000000, -0.000000000000000000 ) ) ;
#9924 = EDGE_LOOP ( 'NONE', ( #3158, #12570, #5156, #4048 ) ) ;
#9925 = EDGE_CURVE ( 'NONE', #5422, #6094, #6840, .T. ) ;
#9926 = CARTESIAN_POINT ( 'NONE',  ( 12.70000000000000107, 3.061616997868367364E-16, 162.5999999999999943 ) ) ;
#9927 = ORIENTED_EDGE ( 'NONE', *, *, #5458, .T. ) ;
#9928 = EDGE_LOOP ( 'NONE', ( #12225, #5157 ) ) ;
#9929 = AXIS2_PLACEMENT_3D ( 'NONE', #12264, #718, #11554 ) ;
#9930 = VERTEX_POINT ( 'NONE', #8829 ) ;
#9931 = DIRECTION ( 'NONE',  ( 0.000000000000000000, 0.000000000000000000, -1.000000000000000000 ) ) ;
#9932 = CARTESIAN_POINT ( 'NONE',  ( 12.70000000000000107, 3.577867169202164632E-15, 88.90000000000000568 ) ) ;
#9933 = FACE_BOUND ( 'NONE', #3293, .T. ) ;
#9934 = CARTESIAN_POINT ( 'NONE',  ( 12.70000000000000107, 15.22687436074368783, 84.81162436304023799 ) ) ;
#9935 = CYLINDRICAL_SURFACE ( 'NONE', #6630, 2.270999999999995467 ) ;
#9936 = EDGE_CURVE ( 'NONE', #9511, #4081, #10465, .T. ) ;
#9937 = DIRECTION ( 'NONE',  ( -1.000000000000000000, 0.000000000000000000, 0.000000000000000000 ) ) ;
#9938 = DIRECTION ( 'NONE',  ( 0.000000000000000000, 0.000000000000000000, 1.000000000000000000 ) ) ;
#9939 = DIRECTION ( 'NONE',  ( 1.000000000000000000, 0.000000000000000000, 0.000000000000000000 ) ) ;
#9940 = CARTESIAN_POINT ( 'NONE',  ( 1.555301434917138038E-15, 22.22500000000000142, 127.0000000000000000 ) ) ;
#9941 = VECTOR ( 'NONE', #7056, 1000.000000000000000 ) ;
#9942 = EDGE_CURVE ( 'NONE', #1667, #4822, #11095, .T. ) ;
#9943 = CARTESIAN_POINT ( 'NONE',  ( 12.70000000000000107, -2.068405620284295310, 106.4409693130105268 ) ) ;
#9944 = ADVANCED_FACE ( 'NONE', ( #4794 ), #10623, .T. ) ;
#9945 = ORIENTED_EDGE ( 'NONE', *, *, #12455, .F. ) ;
#9946 = AXIS2_PLACEMENT_3D ( 'NONE', #2813, #378, #10109 ) ;
#9947 = EDGE_CURVE ( 'NONE', #4931, #3169, #12688, .T. ) ;
#9948 = VECTOR ( 'NONE', #2534, 1000.000000000000000 ) ;
#9949 = ORIENTED_EDGE ( 'NONE', *, *, #12689, .F. ) ;
#9950 = VERTEX_POINT ( 'NONE', #822 ) ;
#9951 = EDGE_LOOP ( 'NONE', ( #1794, #12058, #5853, #1373 ) ) ;
#9952 = VERTEX_POINT ( 'NONE', #7680 ) ;
#9953 = AXIS2_PLACEMENT_3D ( 'NONE', #4158, #4025, #9861 ) ;
#9954 = AXIS2_PLACEMENT_3D ( 'NONE', #5056, #8961, #11151 ) ;
#9955 = PERSON_AND_ORGANIZATION ( #11, #11815 ) ;
#9956 = CARTESIAN_POINT ( 'NONE',  ( -12.69999999999999751, -12.69999999999999929, 65.99999999999998579 ) ) ;
#9957 = DIRECTION ( 'NONE',  ( 1.000000000000000000, -0.000000000000000000, -0.000000000000000000 ) ) ;
#9958 = DIRECTION ( 'NONE',  ( -1.000000000000000000, -0.000000000000000000, -0.000000000000000000 ) ) ;
#9959 = AXIS2_PLACEMENT_3D ( 'NONE', #11014, #2231, #6150 ) ;
#9960 = CYLINDRICAL_SURFACE ( 'NONE', #11986, 2.080499999999998906 ) ;
#9961 = EDGE_CURVE ( 'NONE', #6073, #4741, #947, .T. ) ;
#9962 = AXIS2_PLACEMENT_3D ( 'NONE', #5236, #375, #6268 ) ;
#9963 = DIRECTION ( 'NONE',  ( -1.000000000000000000, -0.000000000000000000, -0.000000000000000000 ) ) ;
#9964 = AXIS2_PLACEMENT_3D ( 'NONE', #5911, #8851, #3976 ) ;
#9965 = ORIENTED_EDGE ( 'NONE', *, *, #7543, .F. ) ;
#9966 = EDGE_CURVE ( 'NONE', #9183, #1633, #9857, .T. ) ;
#9967 = EDGE_LOOP ( 'NONE', ( #7961, #10304, #7482, #10219 ) ) ;
#9968 = VERTEX_POINT ( 'NONE', #8698 ) ;
#9969 = CARTESIAN_POINT ( 'NONE',  ( 12.70000000000000107, 1.802455207620993427, 22.81440457572818303 ) ) ;
#9970 = CIRCLE ( 'NONE', #11607, 2.270999999999995467 ) ;
#9971 = CARTESIAN_POINT ( 'NONE',  ( -12.69999999999999751, 0.000000000000000000, 12.69999999999993356 ) ) ;
#9972 = DIRECTION ( 'NONE',  ( -1.000000000000000000, 0.000000000000000000, 0.000000000000000000 ) ) ;
#9973 = CIRCLE ( 'NONE', #3610, 2.080499999999998906 ) ;
#9974 = DIRECTION ( 'NONE',  ( -0.000000000000000000, 1.000000000000000000, -0.000000000000000000 ) ) ;
#9975 = CIRCLE ( 'NONE', #1778, 2.499999999999988454 ) ;
#9976 = FACE_OUTER_BOUND ( 'NONE', #5868, .T. ) ;
#9977 = CARTESIAN_POINT ( 'NONE',  ( 1.080765552152139773E-15, 22.22500000000000142, 86.40000000000000568 ) ) ;
#9978 = EDGE_CURVE ( 'NONE', #2543, #12502, #3101, .T. ) ;
#9979 = ORIENTED_EDGE ( 'NONE', *, *, #165, .T. ) ;
#9980 = ORIENTED_EDGE ( 'NONE', *, *, #4672, .T. ) ;
#9981 = ORIENTED_EDGE ( 'NONE', *, *, #32, .T. ) ;
#9982 = AXIS2_PLACEMENT_3D ( 'NONE', #10340, #5666, #1750 ) ;
#9983 = ORIENTED_EDGE ( 'NONE', *, *, #12396, .T. ) ;
#9984 = CYLINDRICAL_SURFACE ( 'NONE', #2586, 2.080500000000013117 ) ;
#9985 = CARTESIAN_POINT ( 'NONE',  ( -12.69999999999999929, -12.69999999999999929, 63.50000000000000000 ) ) ;
#9986 = CARTESIAN_POINT ( 'NONE',  ( -9.525000000000000355, -6.152699789198520897, 53.28107590238573010 ) ) ;
#9987 = CARTESIAN_POINT ( 'NONE',  ( 12.70000000000000107, 11.15407434219237004, 150.8426721981581125 ) ) ;
#9988 = CIRCLE ( 'NONE', #1188, 2.499999999999988454 ) ;
#9989 = CARTESIAN_POINT ( 'NONE',  ( -9.525000000000000355, -16.22354728284506820, 40.36214363188775422 ) ) ;
#9990 = EDGE_CURVE ( 'NONE', #11757, #6091, #2681, .T. ) ;
#9991 = DIRECTION ( 'NONE',  ( -0.000000000000000000, 1.000000000000000000, -0.000000000000000000 ) ) ;
#9992 = CARTESIAN_POINT ( 'NONE',  ( 1.861463134703976697E-15, -25.39999999999999503, 111.8000000000000114 ) ) ;
#9993 = EDGE_LOOP ( 'NONE', ( #3647, #586 ) ) ;
#9994 = LINE ( 'NONE', #4933, #9533 ) ;
#9995 = ORIENTED_EDGE ( 'NONE', *, *, #9228, .T. ) ;
#9996 = EDGE_LOOP ( 'NONE', ( #12093, #11442, #8759, #9074, #12346, #6972, #7128, #10652, #4647, #3259, #236, #3039, #2008, #4726, #9546, #11994, #6852, #10798, #12358, #889, #7177, #653, #3021, #10500, #4997, #6252, #10028, #4456, #4801, #208, #3461, #2713, #8616, #7005, #11678, #725, #3943, #11217, #1005, #9195, #8875 ) ) ;
#9997 = ORIENTED_EDGE ( 'NONE', *, *, #7422, .T. ) ;
#9998 = CARTESIAN_POINT ( 'NONE',  ( -12.69999999999999751, -12.69999999999999929, 114.2999999999999972 ) ) ;
#9999 = LINE ( 'NONE', #9035, #2484 ) ;
#10000 = FACE_OUTER_BOUND ( 'NONE', #8441, .T. ) ;
#10001 = CARTESIAN_POINT ( 'NONE',  ( 12.70000000000000107, 1.802455207620993427, 53.38559542427184823 ) ) ;
#10002 = EDGE_CURVE ( 'NONE', #10292, #9188, #11501, .T. ) ;
#10003 = DIRECTION ( 'NONE',  ( -1.000000000000000000, -0.000000000000000000, -0.000000000000000000 ) ) ;
#10004 = CARTESIAN_POINT ( 'NONE',  ( -12.69999999999999751, 0.000000000000000000, 167.5999999999999943 ) ) ;
#10005 = DIRECTION ( 'NONE',  ( 0.000000000000000000, 0.000000000000000000, 1.000000000000000000 ) ) ;
#10006 = DIRECTION ( 'NONE',  ( -1.000000000000000000, -0.000000000000000000, -0.000000000000000000 ) ) ;
#10007 = CIRCLE ( 'NONE', #1205, 2.499999999999988454 ) ;
#10008 = CARTESIAN_POINT ( 'NONE',  ( 9.525000000000000355, 12.69999999999999929, 12.69999999999999929 ) ) ;
#10009 = ORIENTED_EDGE ( 'NONE', *, *, #1973, .T. ) ;
#10010 = VERTEX_POINT ( 'NONE', #8193 ) ;
#10011 = CC_DESIGN_PERSON_AND_ORGANIZATION_ASSIGNMENT ( #11890, #10854, ( #6171 ) ) ;
#10012 = ORIENTED_EDGE ( 'NONE', *, *, #11716, .F. ) ;
#10013 = ORIENTED_EDGE ( 'NONE', *, *, #7688, .F. ) ;
#10014 = AXIS2_PLACEMENT_3D ( 'NONE', #9193, #2644, #2525 ) ;
#10015 = AXIS2_PLACEMENT_3D ( 'NONE', #398, #2376, #1292 ) ;
#10016 = FACE_OUTER_BOUND ( 'NONE', #1403, .T. ) ;
#10017 = ADVANCED_FACE ( 'NONE', ( #182 ), #309, .F. ) ;
#10018 = DIRECTION ( 'NONE',  ( 1.000000000000000000, 0.000000000000000000, 0.000000000000000000 ) ) ;
#10019 = EDGE_CURVE ( 'NONE', #1339, #9258, #1264, .T. ) ;
#10020 = CARTESIAN_POINT ( 'NONE',  ( 12.70000000000000107, -10.07084749364648069, 27.26156772950202267 ) ) ;
#10021 = CARTESIAN_POINT ( 'NONE',  ( -12.69999999999999751, -4.072800018551144596, 154.9310478351179086 ) ) ;
#10022 = AXIS2_PLACEMENT_3D ( 'NONE', #8496, #2655, #9515 ) ;
#10023 = EDGE_CURVE ( 'NONE', #6250, #4323, #5178, .T. ) ;
#10024 = DIRECTION ( 'NONE',  ( 0.000000000000000000, 0.000000000000000000, 1.000000000000000000 ) ) ;
#10025 = AXIS2_PLACEMENT_3D ( 'NONE', #10450, #11420, #12580 ) ;
#10026 = CARTESIAN_POINT ( 'NONE',  ( 12.70000000000000107, -8.791741348502467801, 26.82191132943921019 ) ) ;
#10027 = ORIENTED_EDGE ( 'NONE', *, *, #1495, .F. ) ;
#10028 = ORIENTED_EDGE ( 'NONE', *, *, #11568, .T. ) ;
#10029 = VERTEX_POINT ( 'NONE', #12050 ) ;
#10030 = CARTESIAN_POINT ( 'NONE',  ( 12.70000000000000107, -14.15672222192825025, 48.66177646900194276 ) ) ;
#10031 = EDGE_CURVE ( 'NONE', #5772, #6326, #5561, .T. ) ;
#10032 = DIRECTION ( 'NONE',  ( -1.000000000000000000, -0.000000000000000000, -0.000000000000000000 ) ) ;
#10033 = DIRECTION ( 'NONE',  ( -1.000000000000000000, 0.000000000000000000, 0.000000000000000000 ) ) ;
#10034 = AXIS2_PLACEMENT_3D ( 'NONE', #9753, #6607, #7574 ) ;
#10035 = DIRECTION ( 'NONE',  ( -1.000000000000000000, -0.000000000000000000, -0.000000000000000000 ) ) ;
#10036 = DIRECTION ( 'NONE',  ( -1.000000000000000000, -0.000000000000000000, -0.000000000000000000 ) ) ;
#10037 = EDGE_CURVE ( 'NONE', #3696, #6157, #11302, .T. ) ;
#10038 = LINE ( 'NONE', #1258, #1695 ) ;
#10039 = VECTOR ( 'NONE', #376, 1000.000000000000000 ) ;
#10040 = EDGE_LOOP ( 'NONE', ( #6421, #9386, #7158, #8962 ) ) ;
#10041 = ORIENTED_EDGE ( 'NONE', *, *, #10663, .T. ) ;
#10042 = VERTEX_POINT ( 'NONE', #3057 ) ;
#10043 = ORIENTED_EDGE ( 'NONE', *, *, #3848, .T. ) ;
#10044 = EDGE_CURVE ( 'NONE', #9592, #12012, #4210, .T. ) ;
#10045 = DIRECTION ( 'NONE',  ( 1.000000000000000000, -0.000000000000000000, -0.000000000000000000 ) ) ;
#10046 = AXIS2_PLACEMENT_3D ( 'NONE', #3714, #8652, #2619 ) ;
#10047 = DIRECTION ( 'NONE',  ( -1.000000000000000000, -0.000000000000000000, -0.000000000000000000 ) ) ;
#10048 = CYLINDRICAL_SURFACE ( 'NONE', #5363, 2.499999999999992006 ) ;
#10049 = CARTESIAN_POINT ( 'NONE',  ( 1.080765552152139379E-15, 25.40000000000000213, 149.8999999999999773 ) ) ;
#10050 = DIRECTION ( 'NONE',  ( -1.000000000000000000, 0.000000000000000000, 0.000000000000000000 ) ) ;
#10051 = CARTESIAN_POINT ( 'NONE',  ( 9.525000000000000355, 16.22354728284504333, 141.9621436318879830 ) ) ;
#10052 = CARTESIAN_POINT ( 'NONE',  ( 12.70000000000000107, 15.22687436074360257, 92.98837563696011443 ) ) ;
#10053 = LINE ( 'NONE', #9211, #2375 ) ;
#10054 = ORIENTED_EDGE ( 'NONE', *, *, #12103, .T. ) ;
#10055 = AXIS2_PLACEMENT_3D ( 'NONE', #1221, #9157, #7116 ) ;
#10056 = ORIENTED_EDGE ( 'NONE', *, *, #3489, .T. ) ;
#10057 = ORIENTED_EDGE ( 'NONE', *, *, #6369, .T. ) ;
#10058 = EDGE_CURVE ( 'NONE', #1119, #10430, #11080, .T. ) ;
#10059 = ORIENTED_EDGE ( 'NONE', *, *, #3226, .F. ) ;
#10060 = DIRECTION ( 'NONE',  ( 0.000000000000000000, 0.000000000000000000, 1.000000000000000000 ) ) ;
#10061 = CARTESIAN_POINT ( 'NONE',  ( 1.555301434917138433E-15, -22.22499999999999787, 116.7999999999999829 ) ) ;
#10062 = DIRECTION ( 'NONE',  ( 0.000000000000000000, 0.000000000000000000, -1.000000000000000000 ) ) ;
#10063 = CARTESIAN_POINT ( 'NONE',  ( 12.70000000000000107, 10.07084749364666365, 128.8615677295021271 ) ) ;
#10064 = CARTESIAN_POINT ( 'NONE',  ( -12.69999999999999751, 10.07084749364666365, 75.98106772950217191 ) ) ;
#10065 = CARTESIAN_POINT ( 'NONE',  ( 12.70000000000000107, -2.068405620284295310, 157.2409693130105097 ) ) ;
#10066 = DIRECTION ( 'NONE',  ( -1.000000000000000000, -0.000000000000000000, -0.000000000000000000 ) ) ;
#10067 = FACE_OUTER_BOUND ( 'NONE', #8399, .T. ) ;
#10068 = CARTESIAN_POINT ( 'NONE',  ( 9.525000000000000355, 12.33648634557998314, 98.10376971111941202 ) ) ;
#10069 = ORIENTED_EDGE ( 'NONE', *, *, #12402, .F. ) ;
#10070 = VECTOR ( 'NONE', #54, 1000.000000000000000 ) ;
#10071 = VECTOR ( 'NONE', #867, 1000.000000000000000 ) ;
#10072 = EDGE_LOOP ( 'NONE', ( #7016, #3108 ) ) ;
#10073 = ORIENTED_EDGE ( 'NONE', *, *, #3980, .F. ) ;
#10074 = ADVANCED_FACE ( 'NONE', ( #245 ), #10945, .F. ) ;
#10075 = VERTEX_POINT ( 'NONE', #3246 ) ;
#10076 = ORIENTED_EDGE ( 'NONE', *, *, #8863, .F. ) ;
#10077 = CARTESIAN_POINT ( 'NONE',  ( 12.70000000000000107, 1.802455207620993427, 22.81440457572818303 ) ) ;
#10078 = CARTESIAN_POINT ( 'NONE',  ( 12.70000000000000107, 12.33648634557998314, 100.3747697111193986 ) ) ;
#10079 = CARTESIAN_POINT ( 'NONE',  ( 12.70000000000000107, 16.22354728284504333, 91.16214363188798586 ) ) ;
#10080 = VECTOR ( 'NONE', #7801, 1000.000000000000000 ) ;
#10081 = CYLINDRICAL_SURFACE ( 'NONE', #7776, 17.66249999999999787 ) ;
#10082 = AXIS2_PLACEMENT_3D ( 'NONE', #8542, #10338, #1623 ) ;
#10083 = CARTESIAN_POINT ( 'NONE',  ( 9.525000000000000355, 14.13894155320100943, 94.98182571315275879 ) ) ;
#10084 = DIRECTION ( 'NONE',  ( 0.000000000000000000, 0.000000000000000000, 1.000000000000000000 ) ) ;
#10085 = DIRECTION ( 'NONE',  ( 1.000000000000000000, -0.000000000000000000, -0.000000000000000000 ) ) ;
#10086 = ORIENTED_EDGE ( 'NONE', *, *, #547, .T. ) ;
#10087 = ORIENTED_EDGE ( 'NONE', *, *, #1536, .T. ) ;
#10088 = EDGE_CURVE ( 'NONE', #1824, #1056, #8833, .T. ) ;
#10089 = CIRCLE ( 'NONE', #4153, 2.080499999999998906 ) ;
#10090 = CIRCLE ( 'NONE', #8865, 2.080499999999998906 ) ;
#10091 = VERTEX_POINT ( 'NONE', #1136 ) ;
#10092 = ADVANCED_FACE ( 'NONE', ( #4151 ), #10048, .F. ) ;
#10093 = CYLINDRICAL_SURFACE ( 'NONE', #8247, 2.080499999999998906 ) ;
#10094 = FACE_OUTER_BOUND ( 'NONE', #8553, .T. ) ;
#10095 = LINE ( 'NONE', #5165, #9641 ) ;
#10096 = CARTESIAN_POINT ( 'NONE',  ( 1.555301434917138433E-15, -22.22499999999999787, 114.2999999999999972 ) ) ;
#10097 = DIRECTION ( 'NONE',  ( -1.000000000000000000, -0.000000000000000000, -0.000000000000000000 ) ) ;
#10098 = CARTESIAN_POINT ( 'NONE',  ( 12.70000000000000107, 3.577867169202164632E-15, 88.90000000000000568 ) ) ;
#10099 = AXIS2_PLACEMENT_3D ( 'NONE', #7893, #1099, #8020 ) ;
#10100 = EDGE_LOOP ( 'NONE', ( #4862, #8244, #357, #5951 ) ) ;
#10101 = ORIENTED_EDGE ( 'NONE', *, *, #9338, .T. ) ;
#10102 = VERTEX_POINT ( 'NONE', #11146 ) ;
#10103 = ORIENTED_EDGE ( 'NONE', *, *, #6519, .T. ) ;
#10104 = EDGE_CURVE ( 'NONE', #3774, #9494, #6018, .T. ) ;
#10105 = EDGE_CURVE ( 'NONE', #4241, #787, #6581, .T. ) ;
#10106 = DIRECTION ( 'NONE',  ( 1.000000000000000000, -0.000000000000000000, -0.000000000000000000 ) ) ;
#10107 = DIRECTION ( 'NONE',  ( 0.000000000000000000, 0.000000000000000000, -1.000000000000000000 ) ) ;
#10108 = DIRECTION ( 'NONE',  ( 0.000000000000000000, 0.000000000000000000, 1.000000000000000000 ) ) ;
#10109 = DIRECTION ( 'NONE',  ( 0.000000000000000000, 1.667602476305511223E-15, 1.000000000000000000 ) ) ;
#10110 = DIRECTION ( 'NONE',  ( 0.000000000000000000, -1.667602476305511223E-15, 1.000000000000000000 ) ) ;
#10111 = CARTESIAN_POINT ( 'NONE',  ( 12.70000000000000107, 14.13894155320100943, 94.98182571315275879 ) ) ;
#10112 = DIRECTION ( 'NONE',  ( 0.000000000000000000, -8.754913000603934117E-15, -1.000000000000000000 ) ) ;
#10113 = DIRECTION ( 'NONE',  ( 0.000000000000000000, 0.000000000000000000, 1.000000000000000000 ) ) ;
#10114 = VERTEX_POINT ( 'NONE', #4089 ) ;
#10115 = CIRCLE ( 'NONE', #3155, 2.499999999999988454 ) ;
#10116 = ADVANCED_FACE ( 'NONE', ( #6270 ), #10175, .F. ) ;
#10117 = VERTEX_POINT ( 'NONE', #7939 ) ;
#10118 = ORIENTED_EDGE ( 'NONE', *, *, #8248, .F. ) ;
#10119 = ORIENTED_EDGE ( 'NONE', *, *, #7467, .T. ) ;
#10120 = EDGE_CURVE ( 'NONE', #8950, #8840, #7813, .T. ) ;
#10121 = CARTESIAN_POINT ( 'NONE',  ( 12.70000000000000107, -8.791741348502467801, 26.82191132943921019 ) ) ;
#10122 = CARTESIAN_POINT ( 'NONE',  ( 1.861463134703975514E-15, -22.22499999999999787, 22.90000000000000568 ) ) ;
#10123 = AXIS2_PLACEMENT_3D ( 'NONE', #9588, #3753, #2786 ) ;
#10124 = DIRECTION ( 'NONE',  ( 0.000000000000000000, 0.000000000000000000, 1.000000000000000000 ) ) ;
#10125 = FACE_OUTER_BOUND ( 'NONE', #5142, .T. ) ;
#10126 = FACE_OUTER_BOUND ( 'NONE', #5169, .T. ) ;
#10127 = LINE ( 'NONE', #4416, #1019 ) ;
#10128 = LINE ( 'NONE', #5385, #6821 ) ;
#10129 = DIRECTION ( 'NONE',  ( -1.000000000000000000, -0.000000000000000000, -0.000000000000000000 ) ) ;
#10130 = EDGE_CURVE ( 'NONE', #4147, #5918, #8230, .T. ) ;
#10131 = DIRECTION ( 'NONE',  ( -1.000000000000000000, -0.000000000000000000, -0.000000000000000000 ) ) ;
#10132 = AXIS2_PLACEMENT_3D ( 'NONE', #11054, #6185, #1305 ) ;
#10133 = ORIENTED_EDGE ( 'NONE', *, *, #6416, .T. ) ;
#10134 = ORIENTED_EDGE ( 'NONE', *, *, #10906, .F. ) ;
#10135 = ORIENTED_EDGE ( 'NONE', *, *, #8023, .T. ) ;
#10136 = ORIENTED_EDGE ( 'NONE', *, *, #7733, .T. ) ;
#10137 = VERTEX_POINT ( 'NONE', #3377 ) ;
#10138 = CARTESIAN_POINT ( 'NONE',  ( -9.525000000000000355, -10.07084749364648069, 126.7810677295020128 ) ) ;
#10139 = DIRECTION ( 'NONE',  ( 0.000000000000000000, 0.000000000000000000, -1.000000000000000000 ) ) ;
#10140 = CARTESIAN_POINT ( 'NONE',  ( 9.525000000000000355, 8.791741348502393194, 150.9780886705609078 ) ) ;
#10141 = AXIS2_PLACEMENT_3D ( 'NONE', #8791, #974, #12654 ) ;
#10142 = DIRECTION ( 'NONE',  ( 0.000000000000000000, 0.000000000000000000, 1.000000000000000000 ) ) ;
#10143 = DIRECTION ( 'NONE',  ( 1.000000000000000000, 0.000000000000000000, 0.000000000000000000 ) ) ;
#10144 = CARTESIAN_POINT ( 'NONE',  ( 12.70000000000000107, 16.22354728284508951, 137.4378563681123921 ) ) ;
#10145 = EDGE_CURVE ( 'NONE', #7380, #10536, #2492, .T. ) ;
#10146 = CIRCLE ( 'NONE', #4608, 2.499999999999996891 ) ;
#10147 = DIRECTION ( 'NONE',  ( 0.000000000000000000, 0.000000000000000000, 1.000000000000000000 ) ) ;
#10148 = ORIENTED_EDGE ( 'NONE', *, *, #6959, .F. ) ;
#10149 = CIRCLE ( 'NONE', #8920, 2.080499999999998906 ) ;
#10150 = ORIENTED_EDGE ( 'NONE', *, *, #7068, .T. ) ;
#10151 = VECTOR ( 'NONE', #1981, 1000.000000000000000 ) ;
#10152 = ORIENTED_EDGE ( 'NONE', *, *, #10330, .F. ) ;
#10153 = ORIENTED_EDGE ( 'NONE', *, *, #2421, .T. ) ;
#10154 = DIRECTION ( 'NONE',  ( 0.000000000000000000, 0.000000000000000000, -1.000000000000000000 ) ) ;
#10155 = CARTESIAN_POINT ( 'NONE',  ( 12.70000000000000107, 11.15407434219260630, 77.75732780184213766 ) ) ;
#10156 = AXIS2_PLACEMENT_3D ( 'NONE', #932, #8624, #2656 ) ;
#10157 = DIRECTION ( 'NONE',  ( 1.000000000000000000, 0.000000000000000000, 0.000000000000000000 ) ) ;
#10158 = AXIS2_PLACEMENT_3D ( 'NONE', #3127, #5962, #2112 ) ;
#10159 = DIRECTION ( 'NONE',  ( 0.000000000000000000, 0.000000000000000000, -1.000000000000000000 ) ) ;
#10160 = DIRECTION ( 'NONE',  ( -1.000000000000000000, -0.000000000000000000, -0.000000000000000000 ) ) ;
#10161 = CIRCLE ( 'NONE', #746, 2.080499999999998906 ) ;
#10162 = ADVANCED_FACE ( 'NONE', ( #4461 ), #7287, .T. ) ;
#10163 = AXIS2_PLACEMENT_3D ( 'NONE', #72, #6860, #10773 ) ;
#10164 = ORIENTED_EDGE ( 'NONE', *, *, #47, .F. ) ;
#10165 = ORIENTED_EDGE ( 'NONE', *, *, #6415, .F. ) ;
#10166 = AXIS2_PLACEMENT_3D ( 'NONE', #7825, #9745, #67 ) ;
#10168 = EDGE_LOOP ( 'NONE', ( #2725, #4441, #8933, #1825 ) ) ;
#10167 = AXIS2_PLACEMENT_3D ( 'NONE', #12148, #3350, #11178 ) ;
#10169 = ORIENTED_EDGE ( 'NONE', *, *, #11506, .F. ) ;
#10170 = VECTOR ( 'NONE', #4003, 1000.000000000000000 ) ;
#10171 = ADVANCED_FACE ( 'NONE', ( #625 ), #682, .F. ) ;
#10172 = AXIS2_PLACEMENT_3D ( 'NONE', #9348, #11225, #455 ) ;
#10173 = DIRECTION ( 'NONE',  ( -1.000000000000000000, -0.000000000000000000, -0.000000000000000000 ) ) ;
#10174 = CARTESIAN_POINT ( 'NONE',  ( 12.70000000000000107, 16.22354728284504333, 91.16214363188798586 ) ) ;
#10175 = CYLINDRICAL_SURFACE ( 'NONE', #5774, 17.66249999999999787 ) ;
#10176 = FACE_BOUND ( 'NONE', #2982, .T. ) ;
#10177 = CARTESIAN_POINT ( 'NONE',  ( 9.525000000000000355, 15.22687436074360257, 143.7883756369601258 ) ) ;
#10178 = CARTESIAN_POINT ( 'NONE',  ( 12.70000000000000107, 6.152699789198528002, 73.71892409761429121 ) ) ;
#10179 = EDGE_CURVE ( 'NONE', #11444, #5997, #9444, .T. ) ;
#10180 = CARTESIAN_POINT ( 'NONE',  ( 12.70000000000000107, 11.15407434219237004, 100.0426721981581153 ) ) ;
#10181 = ADVANCED_FACE ( 'NONE', ( #10417 ), #8430, .F. ) ;
#10182 = CIRCLE ( 'NONE', #3007, 2.499999999999988454 ) ;
#10183 = DIRECTION ( 'NONE',  ( 1.000000000000000000, 0.000000000000000000, 0.000000000000000000 ) ) ;
#10184 = VECTOR ( 'NONE', #9210, 1000.000000000000000 ) ;
#10185 = EDGE_LOOP ( 'NONE', ( #6012, #9372, #12241, #12011, #5891, #11525, #144, #11799, #3633, #5952, #11590, #6551, #5488, #2678, #9016, #1852, #2269, #2911, #3309, #5043, #10380, #1262, #3968, #6265, #4458, #6615, #803, #2773, #10722, #10073, #7175, #4629, #2604, #432, #11507, #12587, #913, #4561, #7871, #10475, #4484 ) ) ;
#10186 = VERTEX_POINT ( 'NONE', #2537 ) ;
#10187 = EDGE_LOOP ( 'NONE', ( #5127, #81, #3368, #3369 ) ) ;
#10188 = CARTESIAN_POINT ( 'NONE',  ( 12.70000000000000107, -4.072800018551144596, 73.66895216488211418 ) ) ;
#10189 = CARTESIAN_POINT ( 'NONE',  ( 12.70000000000000107, 6.152699789198528002, 154.8810759023857315 ) ) ;
#10190 = AXIS2_PLACEMENT_3D ( 'NONE', #777, #68, #11481 ) ;
#10191 = CARTESIAN_POINT ( 'NONE',  ( 9.525000000000000355, 0.000000000000000000, 167.5999999999999943 ) ) ;
#10192 = DIRECTION ( 'NONE',  ( 1.000000000000000000, 0.000000000000000000, 0.000000000000000000 ) ) ;
#10193 = DIRECTION ( 'NONE',  ( -1.000000000000000000, 0.000000000000000000, 0.000000000000000000 ) ) ;
#10194 = FACE_BOUND ( 'NONE', #6599, .T. ) ;
#10195 = CARTESIAN_POINT ( 'NONE',  ( 12.70000000000000107, 3.577867169202164632E-15, 38.10000000000001563 ) ) ;
#10196 = EDGE_CURVE ( 'NONE', #6810, #8859, #1882, .T. ) ;
#10197 = DIRECTION ( 'NONE',  ( 1.000000000000000000, 0.000000000000000000, 0.000000000000000000 ) ) ;
#10198 = DIRECTION ( 'NONE',  ( -1.000000000000000000, -0.000000000000000000, -0.000000000000000000 ) ) ;
#10199 = ORIENTED_EDGE ( 'NONE', *, *, #2588, .F. ) ;
#10200 = AXIS2_PLACEMENT_3D ( 'NONE', #3095, #11896, #10664 ) ;
#10201 = ORIENTED_EDGE ( 'NONE', *, *, #5500, .F. ) ;
#10202 = ORIENTED_EDGE ( 'NONE', *, *, #8610, .T. ) ;
#10203 = ORIENTED_EDGE ( 'NONE', *, *, #12609, .F. ) ;
#10204 = ORIENTED_EDGE ( 'NONE', *, *, #3514, .F. ) ;
#10205 = EDGE_CURVE ( 'NONE', #6613, #3338, #2098, .T. ) ;
#10206 = DIRECTION ( 'NONE',  ( 1.000000000000000000, -0.000000000000000000, -0.000000000000000000 ) ) ;
#10207 = CARTESIAN_POINT ( 'NONE',  ( 12.70000000000000107, 3.577867169202164632E-15, 139.7000000000000171 ) ) ;
#10208 = DIRECTION ( 'NONE',  ( -1.000000000000000000, -0.000000000000000000, -0.000000000000000000 ) ) ;
#10209 = LINE ( 'NONE', #12143, #3547 ) ;
#10210 = AXIS2_PLACEMENT_3D ( 'NONE', #7264, #10085, #1306 ) ;
#10211 = LINE ( 'NONE', #5342, #11257 ) ;
#10212 = CARTESIAN_POINT ( 'NONE',  ( -12.69999999999999751, 14.13894155320113555, 32.01817428684756095 ) ) ;
#10213 = DIRECTION ( 'NONE',  ( 0.000000000000000000, 0.000000000000000000, 1.000000000000000000 ) ) ;
#10214 = DIRECTION ( 'NONE',  ( -1.000000000000000000, 0.000000000000000000, 0.000000000000000000 ) ) ;
#10215 = ORIENTED_EDGE ( 'NONE', *, *, #5188, .F. ) ;
#10216 = ORIENTED_EDGE ( 'NONE', *, *, #7839, .T. ) ;
#10217 = CIRCLE ( 'NONE', #12685, 2.271000000000002128 ) ;
#10218 = AXIS2_PLACEMENT_3D ( 'NONE', #8912, #6998, #5787 ) ;
#10219 = ORIENTED_EDGE ( 'NONE', *, *, #6261, .F. ) ;
#10220 = ORIENTED_EDGE ( 'NONE', *, *, #7555, .F. ) ;
#10221 = CARTESIAN_POINT ( 'NONE',  ( -12.69999999999999751, -15.22687436074365230, 42.18837563695990411 ) ) ;
#10222 = ADVANCED_FACE ( 'NONE', ( #2415 ), #9265, .F. ) ;
#10223 = CARTESIAN_POINT ( 'NONE',  ( -12.69999999999999751, 3.577867169202164632E-15, 38.10000000000001563 ) ) ;
#10224 = DIRECTION ( 'NONE',  ( -1.000000000000000000, -0.000000000000000000, -0.000000000000000000 ) ) ;
#10225 = CARTESIAN_POINT ( 'NONE',  ( 12.70000000000000107, -10.07084749364648069, 126.7810677295020128 ) ) ;
#10226 = AXIS2_PLACEMENT_3D ( 'NONE', #9428, #2388, #6309 ) ;
#10227 = CIRCLE ( 'NONE', #4086, 2.270999999999995467 ) ;
#10228 = VERTEX_POINT ( 'NONE', #2654 ) ;
#10229 = ORIENTED_EDGE ( 'NONE', *, *, #4871, .T. ) ;
#10230 = ORIENTED_EDGE ( 'NONE', *, *, #5929, .F. ) ;
#10231 = EDGE_LOOP ( 'NONE', ( #3403, #11559, #12253, #2360 ) ) ;
#10232 = VERTEX_POINT ( 'NONE', #1642 ) ;
#10233 = CIRCLE ( 'NONE', #4707, 2.499999999999992006 ) ;
#10234 = ADVANCED_FACE ( 'NONE', ( #3623 ), #6331, .F. ) ;
#10235 = CIRCLE ( 'NONE', #8773, 2.271000000000002128 ) ;
#10236 = DIRECTION ( 'NONE',  ( 1.000000000000000000, 0.000000000000000000, 0.000000000000000000 ) ) ;
#10237 = DIRECTION ( 'NONE',  ( -1.000000000000000000, -0.000000000000000000, -0.000000000000000000 ) ) ;
#10238 = CARTESIAN_POINT ( 'NONE',  ( -12.69999999999999751, 12.69999999999999929, 63.50000000000000000 ) ) ;
#10239 = CARTESIAN_POINT ( 'NONE',  ( 12.70000000000000107, 3.577867169202164632E-15, 139.7000000000000171 ) ) ;
#10240 = CARTESIAN_POINT ( 'NONE',  ( 7.746038523653021987E-16, 22.22500000000000142, 142.1999999999999886 ) ) ;
#10241 = VECTOR ( 'NONE', #9034, 1000.000000000000000 ) ;
#10242 = CARTESIAN_POINT ( 'NONE',  ( -12.69999999999999751, 0.000000000000000000, 63.50000000000000000 ) ) ;
#10243 = DIRECTION ( 'NONE',  ( 0.000000000000000000, 0.000000000000000000, 1.000000000000000000 ) ) ;
#10244 = DIRECTION ( 'NONE',  ( 0.000000000000000000, 0.000000000000000000, -1.000000000000000000 ) ) ;
#10245 = ADVANCED_FACE ( 'NONE', ( #1390 ), #565, .F. ) ;
#10246 = ORIENTED_EDGE ( 'NONE', *, *, #9131, .T. ) ;
#10247 = AXIS2_PLACEMENT_3D ( 'NONE', #11012, #1687, #11079 ) ;
#10248 = EDGE_LOOP ( 'NONE', ( #4286, #9104, #12163, #11006 ) ) ;
#10249 = EDGE_CURVE ( 'NONE', #6626, #9721, #7618, .T. ) ;
#10250 = EDGE_LOOP ( 'NONE', ( #4996, #12118, #11279, #5730 ) ) ;
#10251 = CARTESIAN_POINT ( 'NONE',  ( -12.69999999999999751, -12.69999999999999929, 167.5999999999999943 ) ) ;
#10252 = ADVANCED_FACE ( 'NONE', ( #501 ), #4398, .F. ) ;
#10253 = CARTESIAN_POINT ( 'NONE',  ( -12.69999999999999929, 0.000000000000000000, 165.0999999999999943 ) ) ;
#10254 = DIRECTION ( 'NONE',  ( -1.000000000000000000, -0.000000000000000000, -0.000000000000000000 ) ) ;
#10255 = CARTESIAN_POINT ( 'NONE',  ( -9.525000000000002132, 12.69999999999999929, 63.50000000000000000 ) ) ;
#10256 = DIRECTION ( 'NONE',  ( 0.000000000000000000, 0.000000000000000000, 1.000000000000000000 ) ) ;
#10257 = DIRECTION ( 'NONE',  ( -1.000000000000000000, -0.000000000000000000, -0.000000000000000000 ) ) ;
#10258 = AXIS2_PLACEMENT_3D ( 'NONE', #6792, #4745, #5839 ) ;
#10259 = DIRECTION ( 'NONE',  ( 0.000000000000000000, 0.000000000000000000, -1.000000000000000000 ) ) ;
#10260 = DIRECTION ( 'NONE',  ( 0.000000000000000000, 0.000000000000000000, -1.000000000000000000 ) ) ;
#10261 = EDGE_LOOP ( 'NONE', ( #10009, #12269, #3507, #1309 ) ) ;
#10262 = VERTEX_POINT ( 'NONE', #7348 ) ;
#10263 = VERTEX_POINT ( 'NONE', #10296 ) ;
#10264 = CIRCLE ( 'NONE', #3094, 14.30000000000000071 ) ;
#10265 = ORIENTED_EDGE ( 'NONE', *, *, #7910, .T. ) ;
#10266 = ORIENTED_EDGE ( 'NONE', *, *, #7182, .F. ) ;
#10267 = EDGE_CURVE ( 'NONE', #4244, #3052, #5425, .T. ) ;
#10268 = CARTESIAN_POINT ( 'NONE',  ( -12.69999999999999751, 12.33648634557998314, 151.1747697111194100 ) ) ;
#10269 = DIRECTION ( 'NONE',  ( 0.000000000000000000, 0.000000000000000000, -1.000000000000000000 ) ) ;
#10270 = DIRECTION ( 'NONE',  ( 0.000000000000000000, 0.000000000000000000, 1.000000000000000000 ) ) ;
#10271 = DIRECTION ( 'NONE',  ( 0.000000000000000000, 0.000000000000000000, 1.000000000000000000 ) ) ;
#10272 = CYLINDRICAL_SURFACE ( 'NONE', #10537, 2.080499999999998906 ) ;
#10273 = VECTOR ( 'NONE', #1139, 1000.000000000000000 ) ;
#10274 = AXIS2_PLACEMENT_3D ( 'NONE', #1782, #3699, #3958 ) ;
#10275 = ADVANCED_FACE ( 'NONE', ( #8369 ), #3500, .T. ) ;
#10276 = CARTESIAN_POINT ( 'NONE',  ( 1.555301434917138038E-15, 25.40000000000000213, 127.0000000000000000 ) ) ;
#10277 = ORIENTED_EDGE ( 'NONE', *, *, #10737, .T. ) ;
#10278 = ORIENTED_EDGE ( 'NONE', *, *, #4681, .F. ) ;
#10279 = ORIENTED_EDGE ( 'NONE', *, *, #5791, .F. ) ;
#10280 = ORIENTED_EDGE ( 'NONE', *, *, #10989, .T. ) ;
#10281 = ORIENTED_EDGE ( 'NONE', *, *, #12299, .F. ) ;
#10282 = DIRECTION ( 'NONE',  ( 0.000000000000000000, -1.000000000000000000, 0.000000000000000000 ) ) ;
#10283 = EDGE_CURVE ( 'NONE', #7962, #10292, #2294, .T. ) ;
#10284 = DIRECTION ( 'NONE',  ( -1.000000000000000000, -0.000000000000000000, -0.000000000000000000 ) ) ;
#10285 = CIRCLE ( 'NONE', #1890, 17.66249999999999787 ) ;
#10286 = LINE ( 'NONE', #3544, #4018 ) ;
#10287 = CARTESIAN_POINT ( 'NONE',  ( -12.69999999999999751, 3.577867169202164632E-15, 38.10000000000001563 ) ) ;
#10288 = EDGE_CURVE ( 'NONE', #7962, #2825, #12673, .T. ) ;
#10289 = EDGE_CURVE ( 'NONE', #481, #9631, #11711, .T. ) ;
#10290 = ORIENTED_EDGE ( 'NONE', *, *, #7937, .F. ) ;
#10291 = AXIS2_PLACEMENT_3D ( 'NONE', #10051, #2291, #1331 ) ;
#10292 = VERTEX_POINT ( 'NONE', #1830 ) ;
#10293 = AXIS2_PLACEMENT_3D ( 'NONE', #12097, #293, #11130 ) ;
#10294 = ORIENTED_EDGE ( 'NONE', *, *, #3736, .T. ) ;
#10295 = CARTESIAN_POINT ( 'NONE',  ( -9.525000000000000355, 3.577867169202164632E-15, 139.7000000000000171 ) ) ;
#10296 = CARTESIAN_POINT ( 'NONE',  ( 12.70000000000000107, 12.33648634557998314, 151.1747697111194100 ) ) ;
#10297 = CARTESIAN_POINT ( 'NONE',  ( 1.861463134703976303E-15, -25.39999999999999503, 73.70000000000000284 ) ) ;
#10298 = DIRECTION ( 'NONE',  ( -1.000000000000000000, -0.000000000000000000, -0.000000000000000000 ) ) ;
#10299 = CIRCLE ( 'NONE', #71, 2.500000000000002220 ) ;
#10300 = AXIS2_PLACEMENT_3D ( 'NONE', #9418, #5578, #9544 ) ;
#10301 = FACE_BOUND ( 'NONE', #4970, .T. ) ;
#10302 = CARTESIAN_POINT ( 'NONE',  ( 7.746038523653021987E-16, 22.22500000000000142, 101.5999999999999943 ) ) ;
#10303 = ADVANCED_FACE ( 'NONE', ( #4652 ), #7860, .F. ) ;
#10304 = ORIENTED_EDGE ( 'NONE', *, *, #1630, .T. ) ;
#10305 = CIRCLE ( 'NONE', #10099, 14.30000000000000782 ) ;
#10306 = ORIENTED_EDGE ( 'NONE', *, *, #4408, .T. ) ;
#10307 = EDGE_LOOP ( 'NONE', ( #1233, #3966, #6460, #12267 ) ) ;
#10308 = DIRECTION ( 'NONE',  ( -1.000000000000000000, -0.000000000000000000, -0.000000000000000000 ) ) ;
#10309 = DIRECTION ( 'NONE',  ( -1.000000000000000000, 0.000000000000000000, 0.000000000000000000 ) ) ;
#10310 = DIRECTION ( 'NONE',  ( -1.000000000000000000, -0.000000000000000000, -0.000000000000000000 ) ) ;
#10311 = AXIS2_PLACEMENT_3D ( 'NONE', #6665, #12382, #2565 ) ;
#10312 = DIRECTION ( 'NONE',  ( 1.000000000000000000, 0.000000000000000000, 0.000000000000000000 ) ) ;
#10313 = CARTESIAN_POINT ( 'NONE',  ( 1.861463134703975514E-15, 25.40000000000000213, 22.90000000000000568 ) ) ;
#10314 = CARTESIAN_POINT ( 'NONE',  ( 1.861463134703975514E-15, 25.40000000000000213, 73.70000000000000284 ) ) ;
#10315 = CARTESIAN_POINT ( 'NONE',  ( 12.70000000000000107, -8.791741348502467801, 77.62191132943921446 ) ) ;
#10316 = EDGE_CURVE ( 'NONE', #11258, #10486, #5878, .T. ) ;
#10317 = VERTEX_POINT ( 'NONE', #9714 ) ;
#10318 = ORIENTED_EDGE ( 'NONE', *, *, #5419, .F. ) ;
#10319 = VERTEX_POINT ( 'NONE', #2975 ) ;
#10320 = VERTEX_POINT ( 'NONE', #9582 ) ;
#10321 = VERTEX_POINT ( 'NONE', #2914 ) ;
#10322 = EDGE_CURVE ( 'NONE', #5674, #11141, #3684, .T. ) ;
#10323 = CARTESIAN_POINT ( 'NONE',  ( 7.746038523653021987E-16, 25.40000000000000213, 139.6999999999999886 ) ) ;
#10324 = CARTESIAN_POINT ( 'NONE',  ( -9.525000000000000355, 10.07084749364666365, 126.7810677295021549 ) ) ;
#10325 = DIRECTION ( 'NONE',  ( -1.000000000000000000, 0.000000000000000000, 0.000000000000000000 ) ) ;
#10326 = EDGE_CURVE ( 'NONE', #2530, #5061, #5371, .T. ) ;
#10327 = CARTESIAN_POINT ( 'NONE',  ( 12.70000000000000107, 14.15672222192832841, 27.53822353099818443 ) ) ;
#10328 = DIRECTION ( 'NONE',  ( 0.000000000000000000, 1.000000000000000000, 0.000000000000000000 ) ) ;
#10329 = DIRECTION ( 'NONE',  ( 0.000000000000000000, 0.000000000000000000, 1.000000000000000000 ) ) ;
#10330 = EDGE_CURVE ( 'NONE', #9136, #1713, #4345, .T. ) ;
#10331 = CIRCLE ( 'NONE', #10948, 14.30000000000000782 ) ;
#10332 = EDGE_CURVE ( 'NONE', #430, #3774, #4535, .T. ) ;
#10333 = DIRECTION ( 'NONE',  ( 1.000000000000000000, 0.000000000000000000, 0.000000000000000000 ) ) ;
#10334 = ORIENTED_EDGE ( 'NONE', *, *, #3363, .T. ) ;
#10335 = VERTEX_POINT ( 'NONE', #10672 ) ;
#10336 = ORIENTED_EDGE ( 'NONE', *, *, #600, .T. ) ;
#10337 = ORIENTED_EDGE ( 'NONE', *, *, #12127, .F. ) ;
#10338 = DIRECTION ( 'NONE',  ( -1.000000000000000000, -0.000000000000000000, -0.000000000000000000 ) ) ;
#10339 = CIRCLE ( 'NONE', #10957, 2.080499999999998906 ) ;
#10340 = CARTESIAN_POINT ( 'NONE',  ( 7.746038523653021987E-16, -22.22499999999999787, 139.6999999999999886 ) ) ;
#10341 = DIRECTION ( 'NONE',  ( -1.000000000000000000, -0.000000000000000000, -0.000000000000000000 ) ) ;
#10342 = CARTESIAN_POINT ( 'NONE',  ( 12.70000000000000107, -1.802455207620986100, 124.4144045757281845 ) ) ;
#10343 = DIRECTION ( 'NONE',  ( -1.000000000000000000, -0.000000000000000000, -0.000000000000000000 ) ) ;
#10344 = AXIS2_PLACEMENT_3D ( 'NONE', #7635, #11549, #1801 ) ;
#10345 = ADVANCED_FACE ( 'NONE', ( #10477, #11577 ), #5612, .F. ) ;
#10346 = ORIENTED_EDGE ( 'NONE', *, *, #10484, .T. ) ;
#10347 = CIRCLE ( 'NONE', #1748, 2.499999999999988454 ) ;
#10348 = VERTEX_POINT ( 'NONE', #6632 ) ;
#10349 = ORIENTED_EDGE ( 'NONE', *, *, #7866, .F. ) ;
#10350 = EDGE_LOOP ( 'NONE', ( #1461, #4165, #10394, #10164 ) ) ;
#10351 = VECTOR ( 'NONE', #8963, 1000.000000000000000 ) ;
#10352 = FACE_OUTER_BOUND ( 'NONE', #4102, .T. ) ;
#10353 = CARTESIAN_POINT ( 'NONE',  ( 12.70000000000000107, 1.802455207620993427, 53.38559542427184823 ) ) ;
#10354 = CIRCLE ( 'NONE', #7496, 2.271000000000009234 ) ;
#10355 = DIRECTION ( 'NONE',  ( -1.000000000000000000, -0.000000000000000000, -0.000000000000000000 ) ) ;
#10356 = CARTESIAN_POINT ( 'NONE',  ( 12.70000000000000107, 3.577867169202164632E-15, 38.10000000000001563 ) ) ;
#10357 = EDGE_CURVE ( 'NONE', #6934, #11757, #3319, .T. ) ;
#10358 = CIRCLE ( 'NONE', #8720, 2.080499999999998906 ) ;
#10359 = DIRECTION ( 'NONE',  ( -0.000000000000000000, 1.000000000000000000, -0.000000000000000000 ) ) ;
#10360 = CARTESIAN_POINT ( 'NONE',  ( 9.525000000000000355, -12.69999999999999929, 12.69999999999999929 ) ) ;
#10361 = AXIS2_PLACEMENT_3D ( 'NONE', #7229, #12293, #10419 ) ;
#10362 = VECTOR ( 'NONE', #8226, 1000.000000000000000 ) ;
#10363 = EDGE_LOOP ( 'NONE', ( #8303, #11752 ) ) ;
#10364 = AXIS2_PLACEMENT_3D ( 'NONE', #10096, #12215, #9066 ) ;
#10365 = VECTOR ( 'NONE', #12067, 1000.000000000000000 ) ;
#10366 = EDGE_LOOP ( 'NONE', ( #3485, #7536, #10976, #8216 ) ) ;
#10367 = EDGE_LOOP ( 'NONE', ( #8074, #9508, #3464, #8153 ) ) ;
#10368 = DIRECTION ( 'NONE',  ( 0.000000000000000000, 0.000000000000000000, 1.000000000000000000 ) ) ;
#10369 = CARTESIAN_POINT ( 'NONE',  ( 9.525000000000000355, 1.802455207620993427, 53.38559542427184823 ) ) ;
#10370 = EDGE_CURVE ( 'NONE', #2855, #9119, #4716, .T. ) ;
#10371 = CIRCLE ( 'NONE', #8741, 14.30000000000000782 ) ;
#10372 = CYLINDRICAL_SURFACE ( 'NONE', #3776, 2.499999999999988454 ) ;
#10373 = CIRCLE ( 'NONE', #11404, 2.080499999999998906 ) ;
#10374 = FACE_OUTER_BOUND ( 'NONE', #8734, .T. ) ;
#10375 = LINE ( 'NONE', #2865, #1478 ) ;
#10376 = FACE_OUTER_BOUND ( 'NONE', #4894, .T. ) ;
#10377 = CYLINDRICAL_SURFACE ( 'NONE', #1352, 2.271000000000009234 ) ;
#10378 = AXIS2_PLACEMENT_3D ( 'NONE', #9441, #12395, #3668 ) ;
#10379 = ORIENTED_EDGE ( 'NONE', *, *, #2650, .F. ) ;
#10380 = ORIENTED_EDGE ( 'NONE', *, *, #11422, .F. ) ;
#10381 = ORIENTED_EDGE ( 'NONE', *, *, #7763, .F. ) ;
#10382 = VERTEX_POINT ( 'NONE', #12543 ) ;
#10383 = EDGE_CURVE ( 'NONE', #5298, #2824, #662, .T. ) ;
#10384 = DIRECTION ( 'NONE',  ( -1.000000000000000000, -0.000000000000000000, -0.000000000000000000 ) ) ;
#10385 = DIRECTION ( 'NONE',  ( 0.000000000000000000, 1.667602476305511223E-15, 1.000000000000000000 ) ) ;
#10386 = CARTESIAN_POINT ( 'NONE',  ( -9.525000000000000355, -10.07084749364648069, 75.98106772950202981 ) ) ;
#10387 = FACE_OUTER_BOUND ( 'NONE', #5517, .T. ) ;
#10388 = DIRECTION ( 'NONE',  ( -1.000000000000000000, -0.000000000000000000, -0.000000000000000000 ) ) ;
#10389 = CARTESIAN_POINT ( 'NONE',  ( 7.746038523653021987E-16, 25.40000000000000213, 152.3999999999999773 ) ) ;
#10390 = CARTESIAN_POINT ( 'NONE',  ( -9.525000000000000355, -5.371240620587816927, 75.64708431341438200 ) ) ;
#10391 = CYLINDRICAL_SURFACE ( 'NONE', #5627, 2.500000000000002220 ) ;
#10392 = EDGE_CURVE ( 'NONE', #2200, #10524, #7010, .T. ) ;
#10393 = FACE_BOUND ( 'NONE', #3541, .T. ) ;
#10394 = ORIENTED_EDGE ( 'NONE', *, *, #9317, .T. ) ;
#10395 = ORIENTED_EDGE ( 'NONE', *, *, #3453, .F. ) ;
#10396 = EDGE_LOOP ( 'NONE', ( #12192, #7936, #2922, #9965 ) ) ;
#10397 = ORIENTED_EDGE ( 'NONE', *, *, #477, .F. ) ;
#10398 = ORIENTED_EDGE ( 'NONE', *, *, #11749, .F. ) ;
#10399 = FACE_OUTER_BOUND ( 'NONE', #1091, .T. ) ;
#10400 = EDGE_CURVE ( 'NONE', #9930, #6059, #10285, .T. ) ;
#10401 = CIRCLE ( 'NONE', #1600, 2.499999999999988454 ) ;
#10402 = DIRECTION ( 'NONE',  ( 1.000000000000000000, -0.000000000000000000, -0.000000000000000000 ) ) ;
#10403 = ADVANCED_FACE ( 'NONE', ( #12608 ), #11648, .F. ) ;
#10404 = DIRECTION ( 'NONE',  ( 0.000000000000000000, 0.000000000000000000, -1.000000000000000000 ) ) ;
#10405 = CARTESIAN_POINT ( 'NONE',  ( 12.70000000000000107, 4.072800018551153478, 154.9310478351179086 ) ) ;
#10406 = DIRECTION ( 'NONE',  ( -1.000000000000000000, -0.000000000000000000, -0.000000000000000000 ) ) ;
#10407 = AXIS2_PLACEMENT_3D ( 'NONE', #12664, #2833, #5799 ) ;
#10408 = ORIENTED_EDGE ( 'NONE', *, *, #3290, .F. ) ;
#10409 = AXIS2_PLACEMENT_3D ( 'NONE', #1740, #12456, #784 ) ;
#10410 = ORIENTED_EDGE ( 'NONE', *, *, #145, .T. ) ;
#10411 = ORIENTED_EDGE ( 'NONE', *, *, #11939, .F. ) ;
#10412 = ORIENTED_EDGE ( 'NONE', *, *, #6416, .F. ) ;
#10413 = ADVANCED_FACE ( 'NONE', ( #4069 ), #10867, .T. ) ;
#10414 = ORIENTED_EDGE ( 'NONE', *, *, #11853, .F. ) ;
#10415 = FACE_BOUND ( 'NONE', #9928, .T. ) ;
#10416 = EDGE_CURVE ( 'NONE', #10522, #4692, #8036, .T. ) ;
#10417 = FACE_OUTER_BOUND ( 'NONE', #6113, .T. ) ;
#10418 = CARTESIAN_POINT ( 'NONE',  ( 12.70000000000000107, -11.15407434219252103, 49.24267219815796182 ) ) ;
#10419 = DIRECTION ( 'NONE',  ( 0.000000000000000000, 1.667602476305522267E-15, 1.000000000000000000 ) ) ;
#10420 = AXIS2_PLACEMENT_3D ( 'NONE', #8769, #12694, #8281 ) ;
#10421 = CARTESIAN_POINT ( 'NONE',  ( 12.70000000000000107, -10.07084749364648069, 25.18106772950202199 ) ) ;
#10422 = CARTESIAN_POINT ( 'NONE',  ( -9.525000000000002132, 22.22500000000000142, 0.000000000000000000 ) ) ;
#10423 = AXIS2_PLACEMENT_3D ( 'NONE', #1514, #5305, #12172 ) ;
#10424 = ORIENTED_EDGE ( 'NONE', *, *, #12103, .F. ) ;
#10425 = FACE_OUTER_BOUND ( 'NONE', #10250, .T. ) ;
#10426 = AXIS2_PLACEMENT_3D ( 'NONE', #6877, #9052, #3152 ) ;
#10427 = EDGE_CURVE ( 'NONE', #5789, #108, #11312, .T. ) ;
#10428 = AXIS2_PLACEMENT_3D ( 'NONE', #837, #4748, #3780 ) ;
#10429 = EDGE_CURVE ( 'NONE', #9696, #8054, #7421, .T. ) ;
#10430 = VERTEX_POINT ( 'NONE', #2844 ) ;
#10431 = VECTOR ( 'NONE', #11219, 1000.000000000000000 ) ;
#10432 = CARTESIAN_POINT ( 'NONE',  ( 12.70000000000000107, 14.13894155320113555, 133.6181742868475624 ) ) ;
#10433 = CARTESIAN_POINT ( 'NONE',  ( 9.525000000000000355, -10.07084749364648069, 75.98106772950202981 ) ) ;
#10434 = CARTESIAN_POINT ( 'NONE',  ( 1.555301434917138038E-15, 22.22500000000000142, 25.39999999999999858 ) ) ;
#10435 = CARTESIAN_POINT ( 'NONE',  ( -12.69999999999999751, -14.16298196909033535, 36.12517298397507659 ) ) ;
#10436 = DIRECTION ( 'NONE',  ( 0.000000000000000000, 0.000000000000000000, 1.000000000000000000 ) ) ;
#10437 = DIRECTION ( 'NONE',  ( 0.000000000000000000, 0.000000000000000000, 1.000000000000000000 ) ) ;
#10438 = FACE_OUTER_BOUND ( 'NONE', #3757, .T. ) ;
#10439 = VERTEX_POINT ( 'NONE', #11771 ) ;
#10440 = VECTOR ( 'NONE', #3870, 1000.000000000000000 ) ;
#10441 = ADVANCED_FACE ( 'NONE', ( #8936 ), #7794, .T. ) ;
#10442 = DIRECTION ( 'NONE',  ( -1.000000000000000000, -0.000000000000000000, -0.000000000000000000 ) ) ;
#10443 = ORIENTED_EDGE ( 'NONE', *, *, #3848, .F. ) ;
#10444 = VERTEX_POINT ( 'NONE', #11903 ) ;
#10445 = ORIENTED_EDGE ( 'NONE', *, *, #8459, .F. ) ;
#10446 = AXIS2_PLACEMENT_3D ( 'NONE', #1124, #8939, #2025 ) ;
#10447 = CARTESIAN_POINT ( 'NONE',  ( 7.746038523653021987E-16, -25.39999999999999503, 53.29999999999999005 ) ) ;
#10448 = CARTESIAN_POINT ( 'NONE',  ( 12.70000000000000107, -4.072800018551144596, 22.86895216488212412 ) ) ;
#10449 = CARTESIAN_POINT ( 'NONE',  ( 12.70000000000000107, 11.15407434219237004, 150.8426721981581125 ) ) ;
#10450 = CARTESIAN_POINT ( 'NONE',  ( 9.525000000000000355, 0.000000000000000000, 114.2999999999999972 ) ) ;
#10451 = CARTESIAN_POINT ( 'NONE',  ( -9.525000000000000355, -2.068405620284295310, 157.2409693130105097 ) ) ;
#10452 = CARTESIAN_POINT ( 'NONE',  ( 7.746038523653021987E-16, 25.40000000000000213, 88.89999999999999147 ) ) ;
#10453 = DIRECTION ( 'NONE',  ( 0.000000000000000000, 0.000000000000000000, -1.000000000000000000 ) ) ;
#10454 = EDGE_CURVE ( 'NONE', #9027, #2171, #1273, .T. ) ;
#10455 = ORIENTED_EDGE ( 'NONE', *, *, #5276, .T. ) ;
#10456 = AXIS2_PLACEMENT_3D ( 'NONE', #1466, #7554, #11467 ) ;
#10457 = EDGE_LOOP ( 'NONE', ( #962, #5299, #679, #6093 ) ) ;
#10458 = EDGE_LOOP ( 'NONE', ( #64, #759, #1359, #10266 ) ) ;
#10459 = EDGE_LOOP ( 'NONE', ( #3597, #6824, #10667, #9981 ) ) ;
#10460 = DIRECTION ( 'NONE',  ( 1.000000000000000000, 0.000000000000000000, 0.000000000000000000 ) ) ;
#10461 = FACE_OUTER_BOUND ( 'NONE', #7471, .T. ) ;
#10462 = DIRECTION ( 'NONE',  ( -1.000000000000000000, -0.000000000000000000, -0.000000000000000000 ) ) ;
#10463 = CARTESIAN_POINT ( 'NONE',  ( 12.70000000000000107, -12.33648634558010748, 98.10376971111922728 ) ) ;
#10464 = CARTESIAN_POINT ( 'NONE',  ( 12.70000000000000107, -14.16298196909033535, 36.12517298397507659 ) ) ;
#10465 = CIRCLE ( 'NONE', #10274, 14.30000000000000782 ) ;
#10466 = CARTESIAN_POINT ( 'NONE',  ( -12.69999999999999929, 0.000000000000000000, 12.69999999999993356 ) ) ;
#10467 = DIRECTION ( 'NONE',  ( -1.000000000000000000, 0.000000000000000000, 0.000000000000000000 ) ) ;
#10468 = EDGE_CURVE ( 'NONE', #6201, #10655, #2148, .T. ) ;
#10469 = EDGE_LOOP ( 'NONE', ( #2590, #922, #3050, #775 ) ) ;
#10470 = EDGE_CURVE ( 'NONE', #7838, #12095, #9452, .T. ) ;
#10471 = ORIENTED_EDGE ( 'NONE', *, *, #12222, .F. ) ;
#10472 = VERTEX_POINT ( 'NONE', #12605 ) ;
#10473 = AXIS2_PLACEMENT_3D ( 'NONE', #505, #8064, #4402 ) ;
#10474 = VECTOR ( 'NONE', #6955, 1000.000000000000000 ) ;
#10475 = ORIENTED_EDGE ( 'NONE', *, *, #3770, .F. ) ;
#10476 = DIRECTION ( 'NONE',  ( 0.000000000000000000, 1.667602476305511223E-15, -1.000000000000000000 ) ) ;
#10477 = FACE_OUTER_BOUND ( 'NONE', #97, .T. ) ;
#10478 = DIRECTION ( 'NONE',  ( -1.000000000000000000, -0.000000000000000000, -0.000000000000000000 ) ) ;
#10479 = FACE_OUTER_BOUND ( 'NONE', #11026, .T. ) ;
#10480 = CARTESIAN_POINT ( 'NONE',  ( 9.525000000000000355, 3.061616997868379197E-16, 111.8000000000000114 ) ) ;
#10481 = CARTESIAN_POINT ( 'NONE',  ( 12.70000000000000107, 12.69999999999999929, 165.0999999999999943 ) ) ;
#10482 = CARTESIAN_POINT ( 'NONE',  ( -12.69999999999999751, -12.69999999999999929, 114.2999999999999972 ) ) ;
#10483 = CIRCLE ( 'NONE', #5170, 2.499999999999988454 ) ;
#10484 = EDGE_CURVE ( 'NONE', #11361, #1919, #11105, .T. ) ;
#10485 = VECTOR ( 'NONE', #5858, 1000.000000000000000 ) ;
#10486 = VERTEX_POINT ( 'NONE', #3944 ) ;
#10487 = EDGE_CURVE ( 'NONE', #10619, #1375, #1678, .T. ) ;
#10488 = EDGE_CURVE ( 'NONE', #2530, #8010, #10669, .T. ) ;
#10489 = ORIENTED_EDGE ( 'NONE', *, *, #7023, .T. ) ;
#10490 = ORIENTED_EDGE ( 'NONE', *, *, #9815, .F. ) ;
#10491 = AXIS2_PLACEMENT_3D ( 'NONE', #11356, #12263, #7390 ) ;
#10492 = AXIS2_PLACEMENT_3D ( 'NONE', #8071, #8838, #62 ) ;
#10493 = CYLINDRICAL_SURFACE ( 'NONE', #11060, 17.66249999999999787 ) ;
#10494 = CARTESIAN_POINT ( 'NONE',  ( 12.70000000000000107, 14.15672222192810992, 48.66177646900214881 ) ) ;
#10495 = CARTESIAN_POINT ( 'NONE',  ( 12.70000000000000107, 5.371240620587829362, 75.64708431341438200 ) ) ;
#10496 = EDGE_CURVE ( 'NONE', #9405, #3281, #12135, .T. ) ;
#10497 = CARTESIAN_POINT ( 'NONE',  ( 12.70000000000000107, 6.152699789198528002, 73.71892409761429121 ) ) ;
#10498 = CYLINDRICAL_SURFACE ( 'NONE', #5813, 2.080499999999998906 ) ;
#10499 = DIRECTION ( 'NONE',  ( 1.000000000000000000, 0.000000000000000000, 0.000000000000000000 ) ) ;
#10500 = ORIENTED_EDGE ( 'NONE', *, *, #5192, .T. ) ;
#10501 = VECTOR ( 'NONE', #4886, 1000.000000000000000 ) ;
#10502 = EDGE_CURVE ( 'NONE', #11912, #6626, #12671, .T. ) ;
#10503 = DIRECTION ( 'NONE',  ( -1.000000000000000000, 0.000000000000000000, 0.000000000000000000 ) ) ;
#10504 = ORIENTED_EDGE ( 'NONE', *, *, #4070, .T. ) ;
#10505 = ORIENTED_EDGE ( 'NONE', *, *, #3474, .T. ) ;
#10506 = ORIENTED_EDGE ( 'NONE', *, *, #2570, .F. ) ;
#10507 = CARTESIAN_POINT ( 'NONE',  ( 12.70000000000000107, -15.22687436074365230, 92.98837563695990127 ) ) ;
#10508 = AXIS2_PLACEMENT_3D ( 'NONE', #2261, #5341, #8343 ) ;
#10509 = CYLINDRICAL_SURFACE ( 'NONE', #10597, 17.66249999999999787 ) ;
#10510 = FACE_OUTER_BOUND ( 'NONE', #8201, .T. ) ;
#10511 = DIRECTION ( 'NONE',  ( 0.000000000000000000, 0.000000000000000000, 1.000000000000000000 ) ) ;
#10512 = LINE ( 'NONE', #1671, #2535 ) ;
#10513 = EDGE_CURVE ( 'NONE', #1435, #8397, #10909, .T. ) ;
#10514 = CARTESIAN_POINT ( 'NONE',  ( 12.70000000000000107, -10.07084749364648069, 25.18106772950202199 ) ) ;
#10515 = FACE_OUTER_BOUND ( 'NONE', #7458, .T. ) ;
#10516 = FACE_OUTER_BOUND ( 'NONE', #4483, .T. ) ;
#10517 = CARTESIAN_POINT ( 'NONE',  ( -9.525000000000000355, 14.15672222192832841, 129.1382235309981752 ) ) ;
#10518 = CARTESIAN_POINT ( 'NONE',  ( 12.70000000000000107, 16.22512784221258997, 132.7208071559915936 ) ) ;
#10519 = CIRCLE ( 'NONE', #5206, 2.270999999999995467 ) ;
#10520 = ORIENTED_EDGE ( 'NONE', *, *, #4171, .T. ) ;
#10521 = EDGE_LOOP ( 'NONE', ( #9354, #2253, #5058, #10201 ) ) ;
#10522 = VERTEX_POINT ( 'NONE', #4909 ) ;
#10523 = EDGE_LOOP ( 'NONE', ( #9293, #10862, #11172, #2487 ) ) ;
#10524 = VERTEX_POINT ( 'NONE', #8876 ) ;
#10525 = CARTESIAN_POINT ( 'NONE',  ( 12.70000000000000107, -12.69999999999999929, 165.0999999999999943 ) ) ;
#10526 = CARTESIAN_POINT ( 'NONE',  ( 7.746038523653021987E-16, 25.40000000000000213, 50.79999999999999716 ) ) ;
#10527 = LINE ( 'NONE', #6619, #8132 ) ;
#10528 = CARTESIAN_POINT ( 'NONE',  ( 7.746038523653021987E-16, -22.22499999999999787, 101.5999999999999943 ) ) ;
#10529 = ADVANCED_FACE ( 'NONE', ( #8813 ), #2400, .F. ) ;
#10530 = AXIS2_PLACEMENT_3D ( 'NONE', #5022, #9520, #7671 ) ;
#10531 = DIRECTION ( 'NONE',  ( 0.000000000000000000, 0.000000000000000000, -1.000000000000000000 ) ) ;
#10532 = FACE_OUTER_BOUND ( 'NONE', #849, .T. ) ;
#10533 = DIRECTION ( 'NONE',  ( -1.000000000000000000, -0.000000000000000000, -0.000000000000000000 ) ) ;
#10534 = ORIENTED_EDGE ( 'NONE', *, *, #5738, .F. ) ;
#10535 = VERTEX_POINT ( 'NONE', #229 ) ;
#10536 = VERTEX_POINT ( 'NONE', #7272 ) ;
#10537 = AXIS2_PLACEMENT_3D ( 'NONE', #5153, #1492, #4127 ) ;
#10538 = ORIENTED_EDGE ( 'NONE', *, *, #11623, .F. ) ;
#10539 = CARTESIAN_POINT ( 'NONE',  ( 12.70000000000000107, -16.22354728284506820, 40.36214363188775422 ) ) ;
#10540 = CARTESIAN_POINT ( 'NONE',  ( 9.525000000000000355, 10.07084749364666365, 25.18106772950216765 ) ) ;
#10541 = DIRECTION ( 'NONE',  ( 0.000000000000000000, 0.000000000000000000, 1.000000000000000000 ) ) ;
#10542 = CARTESIAN_POINT ( 'NONE',  ( 1.555301434917138433E-15, 25.40000000000000213, 65.99999999999998579 ) ) ;
#10543 = EDGE_CURVE ( 'NONE', #7397, #11933, #7627, .T. ) ;
#10544 = DIRECTION ( 'NONE',  ( -1.000000000000000000, -0.000000000000000000, -0.000000000000000000 ) ) ;
#10545 = CARTESIAN_POINT ( 'NONE',  ( 12.70000000000000107, -16.22512784221253312, 146.6791928440085258 ) ) ;
#10546 = AXIS2_PLACEMENT_3D ( 'NONE', #10776, #6739, #1868 ) ;
#10547 = DIRECTION ( 'NONE',  ( -1.000000000000000000, -0.000000000000000000, -0.000000000000000000 ) ) ;
#10548 = ORIENTED_EDGE ( 'NONE', *, *, #9112, .T. ) ;
#10549 = EDGE_LOOP ( 'NONE', ( #5580, #5835, #5729, #9062 ) ) ;
#10550 = VERTEX_POINT ( 'NONE', #11189 ) ;
#10551 = ADVANCED_FACE ( 'NONE', ( #6317 ), #5289, .F. ) ;
#10552 = CARTESIAN_POINT ( 'NONE',  ( -9.525000000000000355, -16.22512784221249404, 31.12080715599139324 ) ) ;
#10553 = VERTEX_POINT ( 'NONE', #10221 ) ;
#10554 = CIRCLE ( 'NONE', #8535, 2.499999999999995115 ) ;
#10555 = AXIS2_PLACEMENT_3D ( 'NONE', #8003, #8197, #12117 ) ;
#10556 = EDGE_CURVE ( 'NONE', #4270, #5219, #4350, .T. ) ;
#10557 = CARTESIAN_POINT ( 'NONE',  ( -12.69999999999999751, -2.068405620284295310, 55.64096931301052251 ) ) ;
#10558 = DIRECTION ( 'NONE',  ( -1.000000000000000000, 0.000000000000000000, 0.000000000000000000 ) ) ;
#10559 = EDGE_CURVE ( 'NONE', #6248, #980, #12550, .T. ) ;
#10560 = VECTOR ( 'NONE', #11386, 1000.000000000000000 ) ;
#10561 = ADVANCED_FACE ( 'NONE', ( #12034 ), #4134, .F. ) ;
#10562 = AXIS2_PLACEMENT_3D ( 'NONE', #2015, #5928, #9835 ) ;
#10563 = DIRECTION ( 'NONE',  ( 0.000000000000000000, 0.000000000000000000, -1.000000000000000000 ) ) ;
#10564 = CARTESIAN_POINT ( 'NONE',  ( 1.861463134703975514E-15, 22.22500000000000142, 22.90000000000000568 ) ) ;
#10565 = DIRECTION ( 'NONE',  ( 0.000000000000000000, 0.000000000000000000, 1.000000000000000000 ) ) ;
#10566 = CARTESIAN_POINT ( 'NONE',  ( 12.70000000000000107, -16.22354728284505399, 35.83785636811216335 ) ) ;
#10567 = CARTESIAN_POINT ( 'NONE',  ( -12.69999999999999751, 3.577867169202164632E-15, 88.90000000000000568 ) ) ;
#10568 = AXIS2_PLACEMENT_3D ( 'NONE', #3718, #902, #2946 ) ;
#10569 = VERTEX_POINT ( 'NONE', #10996 ) ;
#10570 = CIRCLE ( 'NONE', #753, 17.66250000000000497 ) ;
#10571 = CYLINDRICAL_SURFACE ( 'NONE', #5389, 2.080499999999998906 ) ;
#10572 = VERTEX_POINT ( 'NONE', #4384 ) ;
#10573 = ORIENTED_EDGE ( 'NONE', *, *, #417, .T. ) ;
#10574 = EDGE_CURVE ( 'NONE', #6675, #2472, #12147, .T. ) ;
#10575 = ORIENTED_EDGE ( 'NONE', *, *, #11698, .F. ) ;
#10576 = DIRECTION ( 'NONE',  ( 1.000000000000000000, -0.000000000000000000, -0.000000000000000000 ) ) ;
#10577 = VECTOR ( 'NONE', #6511, 1000.000000000000000 ) ;
#10578 = CIRCLE ( 'NONE', #1172, 2.270999999999995467 ) ;
#10579 = DIRECTION ( 'NONE',  ( -0.000000000000000000, 1.000000000000000000, -0.000000000000000000 ) ) ;
#10580 = CARTESIAN_POINT ( 'NONE',  ( 7.746038523653021987E-16, -25.39999999999999503, 139.6999999999999886 ) ) ;
#10581 = EDGE_CURVE ( 'NONE', #10439, #11361, #8294, .T. ) ;
#10582 = CARTESIAN_POINT ( 'NONE',  ( -12.69999999999999751, 10.07084749364666365, 25.18106772950216765 ) ) ;
#10583 = FACE_OUTER_BOUND ( 'NONE', #142, .T. ) ;
#10584 = DIRECTION ( 'NONE',  ( 0.000000000000000000, 0.000000000000000000, -1.000000000000000000 ) ) ;
#10585 = CARTESIAN_POINT ( 'NONE',  ( 12.70000000000000107, 5.371240620587830250, 51.35291568658563932 ) ) ;
#10586 = FACE_OUTER_BOUND ( 'NONE', #3894, .T. ) ;
#10587 = VECTOR ( 'NONE', #1379, 1000.000000000000000 ) ;
#10588 = DIRECTION ( 'NONE',  ( 1.000000000000000000, 0.000000000000000000, 0.000000000000000000 ) ) ;
#10589 = VERTEX_POINT ( 'NONE', #4324 ) ;
#10590 = ORIENTED_EDGE ( 'NONE', *, *, #4632, .F. ) ;
#10591 = ORIENTED_EDGE ( 'NONE', *, *, #3903, .T. ) ;
#10592 = EDGE_CURVE ( 'NONE', #5111, #7191, #8437, .T. ) ;
#10593 = ORIENTED_EDGE ( 'NONE', *, *, #5899, .T. ) ;
#10594 = ORIENTED_EDGE ( 'NONE', *, *, #7590, .F. ) ;
#10595 = DIRECTION ( 'NONE',  ( 0.000000000000000000, 0.000000000000000000, 1.000000000000000000 ) ) ;
#10596 = DIRECTION ( 'NONE',  ( 0.000000000000000000, 0.000000000000000000, 1.000000000000000000 ) ) ;
#10597 = AXIS2_PLACEMENT_3D ( 'NONE', #2878, #4682, #7760 ) ;
#10598 = CYLINDRICAL_SURFACE ( 'NONE', #1767, 14.30000000000000782 ) ;
#10599 = CARTESIAN_POINT ( 'NONE',  ( 9.525000000000000355, -15.22687436074362388, 135.6116243630400220 ) ) ;
#10600 = DIRECTION ( 'NONE',  ( 0.000000000000000000, 0.000000000000000000, 1.000000000000000000 ) ) ;
#10601 = DIRECTION ( 'NONE',  ( -1.000000000000000000, 0.000000000000000000, 0.000000000000000000 ) ) ;
#10602 = ORIENTED_EDGE ( 'NONE', *, *, #362, .T. ) ;
#10603 = VERTEX_POINT ( 'NONE', #10030 ) ;
#10604 = ORIENTED_EDGE ( 'NONE', *, *, #10663, .F. ) ;
#10605 = EDGE_CURVE ( 'NONE', #6462, #8334, #9675, .T. ) ;
#10606 = VERTEX_POINT ( 'NONE', #9063 ) ;
#10607 = DIRECTION ( 'NONE',  ( -0.000000000000000000, 1.000000000000000000, -0.000000000000000000 ) ) ;
#10608 = CARTESIAN_POINT ( 'NONE',  ( 9.525000000000000355, 3.577867169202164632E-15, 38.10000000000001563 ) ) ;
#10609 = DIRECTION ( 'NONE',  ( -1.000000000000000000, -0.000000000000000000, -0.000000000000000000 ) ) ;
#10610 = CARTESIAN_POINT ( 'NONE',  ( -12.69999999999999751, -16.22354728284505399, 86.63785636811216762 ) ) ;
#10611 = DIRECTION ( 'NONE',  ( -0.000000000000000000, 1.000000000000000000, -0.000000000000000000 ) ) ;
#10612 = DIRECTION ( 'NONE',  ( -1.000000000000000000, -0.000000000000000000, -0.000000000000000000 ) ) ;
#10613 = AXIS2_PLACEMENT_3D ( 'NONE', #3073, #10901, #2119 ) ;
#10614 = DIRECTION ( 'NONE',  ( 0.000000000000000000, 0.000000000000000000, 1.000000000000000000 ) ) ;
#10615 = ORIENTED_EDGE ( 'NONE', *, *, #3814, .T. ) ;
#10616 = ORIENTED_EDGE ( 'NONE', *, *, #5946, .T. ) ;
#10617 = ORIENTED_EDGE ( 'NONE', *, *, #6352, .T. ) ;
#10618 = ADVANCED_FACE ( 'NONE', ( #1250 ), #10093, .T. ) ;
#10619 = VERTEX_POINT ( 'NONE', #486 ) ;
#10620 = AXIS2_PLACEMENT_3D ( 'NONE', #6006, #9132, #368 ) ;
#10621 = CIRCLE ( 'NONE', #5307, 2.270999999999995467 ) ;
#10622 = FACE_OUTER_BOUND ( 'NONE', #1173, .T. ) ;
#10623 = CYLINDRICAL_SURFACE ( 'NONE', #36, 2.080500000000013117 ) ;
#10624 = VECTOR ( 'NONE', #10478, 1000.000000000000000 ) ;
#10625 = CARTESIAN_POINT ( 'NONE',  ( 12.70000000000000107, -6.152699789198520897, 124.5189240976142884 ) ) ;
#10626 = DIRECTION ( 'NONE',  ( -1.000000000000000000, -0.000000000000000000, -0.000000000000000000 ) ) ;
#10627 = FACE_OUTER_BOUND ( 'NONE', #7598, .T. ) ;
#10628 = CARTESIAN_POINT ( 'NONE',  ( -9.525000000000002132, 22.22500000000000142, 177.8000000000000114 ) ) ;
#10629 = DIRECTION ( 'NONE',  ( 1.000000000000000000, 0.000000000000000000, 0.000000000000000000 ) ) ;
#10630 = AXIS2_PLACEMENT_3D ( 'NONE', #9114, #4125, #10983 ) ;
#10631 = ORIENTED_EDGE ( 'NONE', *, *, #6043, .F. ) ;
#10632 = AXIS2_PLACEMENT_3D ( 'NONE', #9811, #9874, #6925 ) ;
#10633 = EDGE_CURVE ( 'NONE', #7318, #5499, #11319, .T. ) ;
#10634 = VECTOR ( 'NONE', #4411, 1000.000000000000000 ) ;
#10635 = EDGE_CURVE ( 'NONE', #9900, #1358, #4154, .T. ) ;
#10636 = DIRECTION ( 'NONE',  ( -1.000000000000000000, -0.000000000000000000, -0.000000000000000000 ) ) ;
#10637 = VERTEX_POINT ( 'NONE', #2336 ) ;
#10638 = ORIENTED_EDGE ( 'NONE', *, *, #3736, .F. ) ;
#10639 = ORIENTED_EDGE ( 'NONE', *, *, #3352, .T. ) ;
#10640 = CARTESIAN_POINT ( 'NONE',  ( -12.69999999999999751, 12.69999999999999929, 162.5999999999999943 ) ) ;
#10641 = AXIS2_PLACEMENT_3D ( 'NONE', #6668, #11621, #7768 ) ;
#10642 = CIRCLE ( 'NONE', #791, 2.499999999999988454 ) ;
#10643 = FACE_OUTER_BOUND ( 'NONE', #1715, .T. ) ;
#10644 = FACE_OUTER_BOUND ( 'NONE', #5547, .T. ) ;
#10645 = CARTESIAN_POINT ( 'NONE',  ( 12.70000000000000107, 3.577867169202164632E-15, 139.7000000000000171 ) ) ;
#10646 = CARTESIAN_POINT ( 'NONE',  ( -9.525000000000000355, -16.22354728284505399, 86.63785636811216762 ) ) ;
#10647 = DIRECTION ( 'NONE',  ( -1.000000000000000000, 0.000000000000000000, 0.000000000000000000 ) ) ;
#10648 = DIRECTION ( 'NONE',  ( 0.000000000000000000, 0.000000000000000000, 1.000000000000000000 ) ) ;
#10649 = LINE ( 'NONE', #3720, #5587 ) ;
#10650 = CARTESIAN_POINT ( 'NONE',  ( 9.525000000000000355, -6.152699789198520897, 53.28107590238573010 ) ) ;
#10651 = DIRECTION ( 'NONE',  ( -1.000000000000000000, -0.000000000000000000, -0.000000000000000000 ) ) ;
#10652 = ORIENTED_EDGE ( 'NONE', *, *, #12691, .T. ) ;
#10653 = EDGE_CURVE ( 'NONE', #8249, #11044, #9061, .T. ) ;
#10654 = EDGE_LOOP ( 'NONE', ( #5412, #12167, #8632, #7220 ) ) ;
#10655 = VERTEX_POINT ( 'NONE', #6063 ) ;
#10656 = ORIENTED_EDGE ( 'NONE', *, *, #10886, .T. ) ;
#10657 = ORIENTED_EDGE ( 'NONE', *, *, #1248, .T. ) ;
#10658 = CYLINDRICAL_SURFACE ( 'NONE', #451, 2.080499999999985139 ) ;
#10659 = DIRECTION ( 'NONE',  ( -1.000000000000000000, -0.000000000000000000, -0.000000000000000000 ) ) ;
#10660 = CARTESIAN_POINT ( 'NONE',  ( 12.70000000000000107, 1.802455207620993427, 73.61440457572818730 ) ) ;
#10661 = CARTESIAN_POINT ( 'NONE',  ( 9.525000000000000355, 10.07084749364666365, 126.7810677295021549 ) ) ;
#10662 = EDGE_CURVE ( 'NONE', #2775, #11912, #5999, .T. ) ;
#10663 = EDGE_CURVE ( 'NONE', #7331, #10954, #7018, .T. ) ;
#10664 = DIRECTION ( 'NONE',  ( 0.000000000000000000, 0.000000000000000000, 1.000000000000000000 ) ) ;
#10665 = ORIENTED_EDGE ( 'NONE', *, *, #472, .T. ) ;
#10666 = ORIENTED_EDGE ( 'NONE', *, *, #2265, .F. ) ;
#10667 = ORIENTED_EDGE ( 'NONE', *, *, #3514, .T. ) ;
#10668 = ORIENTED_EDGE ( 'NONE', *, *, #7997, .T. ) ;
#10669 = LINE ( 'NONE', #9710, #10474 ) ;
#10670 = CARTESIAN_POINT ( 'NONE',  ( 12.70000000000000107, 14.13894155320100943, 145.7818257131527560 ) ) ;
#10671 = AXIS2_PLACEMENT_3D ( 'NONE', #2730, #2042, #11595 ) ;
#10672 = CARTESIAN_POINT ( 'NONE',  ( 7.746038523653021987E-16, -25.39999999999999503, 40.59999999999998721 ) ) ;
#10673 = CYLINDRICAL_SURFACE ( 'NONE', #2768, 2.080499999999985139 ) ;
#10674 = CARTESIAN_POINT ( 'NONE',  ( 12.70000000000000107, -12.33648634558010748, 148.9037697111192244 ) ) ;
#10675 = CARTESIAN_POINT ( 'NONE',  ( -12.69999999999999751, -16.22354728284506820, 91.16214363188775849 ) ) ;
#10676 = EDGE_CURVE ( 'NONE', #8338, #876, #5476, .T. ) ;
#10677 = CARTESIAN_POINT ( 'NONE',  ( 1.555301434917138038E-15, -25.39999999999999503, 76.19999999999998863 ) ) ;
#10678 = EDGE_CURVE ( 'NONE', #10536, #6239, #11367, .T. ) ;
#10679 = EDGE_LOOP ( 'NONE', ( #2805, #11294, #11122, #1312 ) ) ;
#10680 = AXIS2_PLACEMENT_3D ( 'NONE', #8001, #2995, #5956 ) ;
#10681 = AXIS2_PLACEMENT_3D ( 'NONE', #7983, #6763, #5875 ) ;
#10682 = VERTEX_POINT ( 'NONE', #727 ) ;
#10683 = ORIENTED_EDGE ( 'NONE', *, *, #8767, .F. ) ;
#10684 = ORIENTED_EDGE ( 'NONE', *, *, #3417, .F. ) ;
#10685 = CARTESIAN_POINT ( 'NONE',  ( 12.70000000000000107, 3.577867169202164632E-15, 88.90000000000000568 ) ) ;
#10686 = CARTESIAN_POINT ( 'NONE',  ( 12.70000000000000107, 8.791741348502629450, 26.82191132943933454 ) ) ;
#10687 = AXIS2_PLACEMENT_3D ( 'NONE', #5496, #9331, #5557 ) ;
#10688 = AXIS2_PLACEMENT_3D ( 'NONE', #2216, #6193, #1441 ) ;
#10689 = CARTESIAN_POINT ( 'NONE',  ( 12.70000000000000107, 15.22687436074360257, 42.18837563696011017 ) ) ;
#10690 = ADVANCED_FACE ( 'NONE', ( #10399 ), #4505, .F. ) ;
#10691 = CARTESIAN_POINT ( 'NONE',  ( 1.080765552152140168E-15, -25.39999999999999503, 35.60000000000000142 ) ) ;
#10692 = FACE_OUTER_BOUND ( 'NONE', #921, .T. ) ;
#10693 = CYLINDRICAL_SURFACE ( 'NONE', #6433, 2.271000000000002128 ) ;
#10694 = LINE ( 'NONE', #8834, #10151 ) ;
#10695 = EDGE_LOOP ( 'NONE', ( #7029, #2924, #3260, #5411 ) ) ;
#10696 = AXIS2_PLACEMENT_3D ( 'NONE', #2885, #659, #6669 ) ;
#10697 = AXIS2_PLACEMENT_3D ( 'NONE', #8606, #12335, #9439 ) ;
#10698 = LINE ( 'NONE', #3576, #1697 ) ;
#10699 = ORIENTED_EDGE ( 'NONE', *, *, #1093, .F. ) ;
#10700 = ORIENTED_EDGE ( 'NONE', *, *, #5242, .F. ) ;
#10701 = ORIENTED_EDGE ( 'NONE', *, *, #7271, .T. ) ;
#10702 = DIRECTION ( 'NONE',  ( 0.000000000000000000, 0.000000000000000000, -1.000000000000000000 ) ) ;
#10703 = FACE_OUTER_BOUND ( 'NONE', #10977, .T. ) ;
#10704 = DIRECTION ( 'NONE',  ( -0.000000000000000000, 1.000000000000000000, -0.000000000000000000 ) ) ;
#10705 = CARTESIAN_POINT ( 'NONE',  ( 1.861463134703975514E-15, 25.40000000000000213, 73.70000000000000284 ) ) ;
#10706 = CARTESIAN_POINT ( 'NONE',  ( 12.70000000000000107, 3.577867169202164632E-15, 88.90000000000000568 ) ) ;
#10707 = CARTESIAN_POINT ( 'NONE',  ( 1.555301434917138038E-15, 22.22500000000000142, 76.19999999999998863 ) ) ;
#10708 = CARTESIAN_POINT ( 'NONE',  ( -12.69999999999999751, 12.69999999999999929, 15.19999999999999218 ) ) ;
#10709 = EDGE_CURVE ( 'NONE', #588, #5298, #11117, .T. ) ;
#10710 = CIRCLE ( 'NONE', #5396, 2.270999999999995467 ) ;
#10711 = DIRECTION ( 'NONE',  ( -1.000000000000000000, 0.000000000000000000, 0.000000000000000000 ) ) ;
#10712 = LINE ( 'NONE', #9489, #1840 ) ;
#10713 = DIRECTION ( 'NONE',  ( -1.000000000000000000, -0.000000000000000000, -0.000000000000000000 ) ) ;
#10714 = DIRECTION ( 'NONE',  ( -1.000000000000000000, 0.000000000000000000, 0.000000000000000000 ) ) ;
#10715 = DIRECTION ( 'NONE',  ( 1.000000000000000000, -0.000000000000000000, -0.000000000000000000 ) ) ;
#10716 = VERTEX_POINT ( 'NONE', #2579 ) ;
#10717 = ORIENTED_EDGE ( 'NONE', *, *, #8911, .F. ) ;
#10718 = EDGE_LOOP ( 'NONE', ( #3744, #1902 ) ) ;
#10719 = EDGE_CURVE ( 'NONE', #11141, #3601, #474, .T. ) ;
#10720 = VECTOR ( 'NONE', #11114, 1000.000000000000000 ) ;
#10721 = VERTEX_POINT ( 'NONE', #8481 ) ;
#10722 = ORIENTED_EDGE ( 'NONE', *, *, #6890, .F. ) ;
#10723 = CYLINDRICAL_SURFACE ( 'NONE', #1086, 2.270999999999995467 ) ;
#10724 = CARTESIAN_POINT ( 'NONE',  ( 12.70000000000000107, 3.577867169202164632E-15, 139.7000000000000171 ) ) ;
#10725 = EDGE_CURVE ( 'NONE', #738, #1534, #4699, .T. ) ;
#10726 = EDGE_CURVE ( 'NONE', #10606, #9930, #875, .T. ) ;
#10727 = DIRECTION ( 'NONE',  ( -1.000000000000000000, -0.000000000000000000, -0.000000000000000000 ) ) ;
#10728 = DIRECTION ( 'NONE',  ( 1.000000000000000000, 0.000000000000000000, 0.000000000000000000 ) ) ;
#10729 = EDGE_CURVE ( 'NONE', #7950, #10721, #2105, .T. ) ;
#10730 = AXIS2_PLACEMENT_3D ( 'NONE', #10902, #1031, #7052 ) ;
#10731 = DIRECTION ( 'NONE',  ( -1.000000000000000000, -0.000000000000000000, -0.000000000000000000 ) ) ;
#10732 = ORIENTED_EDGE ( 'NONE', *, *, #11333, .F. ) ;
#10733 = ORIENTED_EDGE ( 'NONE', *, *, #12074, .T. ) ;
#10734 = ORIENTED_EDGE ( 'NONE', *, *, #2406, .F. ) ;
#10735 = ORIENTED_EDGE ( 'NONE', *, *, #5514, .F. ) ;
#10736 = CARTESIAN_POINT ( 'NONE',  ( -9.525000000000002132, -12.69999999999999929, 12.69999999999999929 ) ) ;
#10737 = EDGE_CURVE ( 'NONE', #2855, #832, #7835, .T. ) ;
#10738 = DIRECTION ( 'NONE',  ( -1.000000000000000000, -0.000000000000000000, -0.000000000000000000 ) ) ;
#10739 = DIRECTION ( 'NONE',  ( -1.000000000000000000, -0.000000000000000000, -0.000000000000000000 ) ) ;
#10740 = DIRECTION ( 'NONE',  ( 0.000000000000000000, 0.000000000000000000, 1.000000000000000000 ) ) ;
#10741 = DIRECTION ( 'NONE',  ( -1.000000000000000000, -0.000000000000000000, -0.000000000000000000 ) ) ;
#10742 = ADVANCED_FACE ( 'NONE', ( #12274 ), #5413, .F. ) ;
#10743 = CARTESIAN_POINT ( 'NONE',  ( 12.70000000000000107, 14.16298196909033003, 40.07482701602503994 ) ) ;
#10744 = VERTEX_POINT ( 'NONE', #1746 ) ;
#10745 = VECTOR ( 'NONE', #11243, 1000.000000000000000 ) ;
#10746 = ORIENTED_EDGE ( 'NONE', *, *, #1764, .T. ) ;
#10747 = ORIENTED_EDGE ( 'NONE', *, *, #4719, .F. ) ;
#10748 = ORIENTED_EDGE ( 'NONE', *, *, #9500, .T. ) ;
#10749 = EDGE_CURVE ( 'NONE', #8397, #1435, #3732, .T. ) ;
#10750 = FACE_OUTER_BOUND ( 'NONE', #8351, .T. ) ;
#10751 = LINE ( 'NONE', #1075, #9854 ) ;
#10752 = CIRCLE ( 'NONE', #10546, 14.30000000000000782 ) ;
#10753 = CARTESIAN_POINT ( 'NONE',  ( 7.746038523653021987E-16, 25.40000000000000213, 154.8999999999999773 ) ) ;
#10754 = LINE ( 'NONE', #11599, #8135 ) ;
#10755 = AXIS2_PLACEMENT_3D ( 'NONE', #9426, #2564, #7322 ) ;
#10756 = DIRECTION ( 'NONE',  ( -1.000000000000000000, -0.000000000000000000, -0.000000000000000000 ) ) ;
#10757 = VERTEX_POINT ( 'NONE', #790 ) ;
#10758 = CIRCLE ( 'NONE', #9560, 2.270999999999995467 ) ;
#10759 = CARTESIAN_POINT ( 'NONE',  ( -9.525000000000000355, 16.22512784221244786, 45.07919284400875171 ) ) ;
#10760 = VERTEX_POINT ( 'NONE', #3729 ) ;
#10761 = ORIENTED_EDGE ( 'NONE', *, *, #4468, .F. ) ;
#10762 = EDGE_CURVE ( 'NONE', #3338, #6613, #5181, .T. ) ;
#10763 = ORIENTED_EDGE ( 'NONE', *, *, #8608, .F. ) ;
#10764 = CIRCLE ( 'NONE', #5246, 2.080500000000013117 ) ;
#10765 = DIRECTION ( 'NONE',  ( 0.000000000000000000, 0.000000000000000000, -1.000000000000000000 ) ) ;
#10766 = AXIS2_PLACEMENT_3D ( 'NONE', #11831, #7655, #12665 ) ;
#10767 = DIRECTION ( 'NONE',  ( -1.000000000000000000, 0.000000000000000000, -0.000000000000000000 ) ) ;
#10768 = CARTESIAN_POINT ( 'NONE',  ( 12.70000000000000107, -14.13894155320104851, 32.01817428684736200 ) ) ;
#10769 = FACE_OUTER_BOUND ( 'NONE', #5475, .T. ) ;
#10770 = CIRCLE ( 'NONE', #5250, 14.30000000000000782 ) ;
#10771 = DIRECTION ( 'NONE',  ( 0.000000000000000000, 0.000000000000000000, 1.000000000000000000 ) ) ;
#10772 = CIRCLE ( 'NONE', #8313, 2.080499999999998906 ) ;
#10773 = DIRECTION ( 'NONE',  ( 0.000000000000000000, 0.000000000000000000, -1.000000000000000000 ) ) ;
#10774 = CARTESIAN_POINT ( 'NONE',  ( 12.70000000000000107, -16.22512784221253312, 95.87919284400851438 ) ) ;
#10775 = DIRECTION ( 'NONE',  ( -1.000000000000000000, -0.000000000000000000, -0.000000000000000000 ) ) ;
#10776 = CARTESIAN_POINT ( 'NONE',  ( -9.525000000000000355, 3.577867169202164632E-15, 88.90000000000000568 ) ) ;
#10777 = AXIS2_PLACEMENT_3D ( 'NONE', #567, #9267, #684 ) ;
#10778 = AXIS2_PLACEMENT_3D ( 'NONE', #5211, #3026, #9110 ) ;
#10779 = DIRECTION ( 'NONE',  ( 0.000000000000000000, 0.000000000000000000, 1.000000000000000000 ) ) ;
#10780 = EDGE_LOOP ( 'NONE', ( #6297, #6708 ) ) ;
#10781 = CIRCLE ( 'NONE', #12229, 2.080500000000013117 ) ;
#10782 = VERTEX_POINT ( 'NONE', #11309 ) ;
#10783 = ORIENTED_EDGE ( 'NONE', *, *, #2707, .F. ) ;
#10784 = EDGE_CURVE ( 'NONE', #3553, #8894, #52, .T. ) ;
#10785 = AXIS2_PLACEMENT_3D ( 'NONE', #11161, #10003, #3203 ) ;
#10786 = VERTEX_POINT ( 'NONE', #5598 ) ;
#10787 = VERTEX_POINT ( 'NONE', #9373 ) ;
#10788 = CARTESIAN_POINT ( 'NONE',  ( -9.525000000000000355, -14.16298196909034779, 141.6748270160248637 ) ) ;
#10789 = COORDINATED_UNIVERSAL_TIME_OFFSET ( 6, 0, .BEHIND. ) ;
#10790 = DIRECTION ( 'NONE',  ( 0.000000000000000000, 0.000000000000000000, 1.000000000000000000 ) ) ;
#10791 = CARTESIAN_POINT ( 'NONE',  ( -9.525000000000002132, 12.69999999999999929, 114.2999999999999972 ) ) ;
#10792 = FACE_OUTER_BOUND ( 'NONE', #2296, .T. ) ;
#10793 = VECTOR ( 'NONE', #548, 1000.000000000000000 ) ;
#10794 = APPROVAL ( #8032, 'UNSPECIFIED' ) ;
#10795 = AXIS2_PLACEMENT_3D ( 'NONE', #9025, #6021, #4280 ) ;
#10796 = DIRECTION ( 'NONE',  ( 1.000000000000000000, 0.000000000000000000, 0.000000000000000000 ) ) ;
#10797 = ORIENTED_EDGE ( 'NONE', *, *, #6515, .T. ) ;
#10798 = ORIENTED_EDGE ( 'NONE', *, *, #10860, .T. ) ;
#10799 = VERTEX_POINT ( 'NONE', #607 ) ;
#10800 = ADVANCED_FACE ( 'NONE', ( #4566 ), #12391, .F. ) ;
#10801 = EDGE_LOOP ( 'NONE', ( #726, #2854, #3789, #9886 ) ) ;
#10802 = EDGE_CURVE ( 'NONE', #6681, #4164, #2637, .T. ) ;
#10803 = DIRECTION ( 'NONE',  ( -1.000000000000000000, -0.000000000000000000, -0.000000000000000000 ) ) ;
#10804 = CARTESIAN_POINT ( 'NONE',  ( -12.69999999999999751, 12.69999999999999929, 65.99999999999998579 ) ) ;
#10805 = DIRECTION ( 'NONE',  ( -1.000000000000000000, -0.000000000000000000, -0.000000000000000000 ) ) ;
#10806 = DIRECTION ( 'NONE',  ( 0.000000000000000000, 0.000000000000000000, -1.000000000000000000 ) ) ;
#10807 = DIRECTION ( 'NONE',  ( 0.000000000000000000, 0.000000000000000000, 1.000000000000000000 ) ) ;
#10808 = DIRECTION ( 'NONE',  ( -0.000000000000000000, 1.000000000000000000, -0.000000000000000000 ) ) ;
#10809 = DIRECTION ( 'NONE',  ( 0.000000000000000000, 0.000000000000000000, 1.000000000000000000 ) ) ;
#10810 = ORIENTED_EDGE ( 'NONE', *, *, #4284, .F. ) ;
#10811 = VECTOR ( 'NONE', #6692, 1000.000000000000000 ) ;
#10812 = EDGE_CURVE ( 'NONE', #10716, #12196, #2909, .T. ) ;
#10813 = ORIENTED_EDGE ( 'NONE', *, *, #2285, .T. ) ;
#10814 = ORIENTED_EDGE ( 'NONE', *, *, #2514, .T. ) ;
#10815 = EDGE_CURVE ( 'NONE', #5490, #6980, #4895, .T. ) ;
#10816 = ORIENTED_EDGE ( 'NONE', *, *, #12362, .T. ) ;
#10817 = CARTESIAN_POINT ( 'NONE',  ( -12.69999999999999751, -5.371240620587816927, 75.64708431341438200 ) ) ;
#10818 = CARTESIAN_POINT ( 'NONE',  ( -9.525000000000000355, 8.791741348502629450, 128.4219113294393253 ) ) ;
#10819 = AXIS2_PLACEMENT_3D ( 'NONE', #5218, #9118, #10147 ) ;
#10820 = CARTESIAN_POINT ( 'NONE',  ( 7.746038523653021987E-16, 22.22500000000000142, 40.59999999999998010 ) ) ;
#10821 = CYLINDRICAL_SURFACE ( 'NONE', #1677, 17.66249999999999787 ) ;
#10822 = LINE ( 'NONE', #3317, #6904 ) ;
#10823 = CYLINDRICAL_SURFACE ( 'NONE', #4616, 17.66250000000000497 ) ;
#10824 = EDGE_CURVE ( 'NONE', #4661, #8261, #7902, .T. ) ;
#10825 = ORIENTED_EDGE ( 'NONE', *, *, #6515, .F. ) ;
#10826 = EDGE_CURVE ( 'NONE', #3536, #4366, #4969, .T. ) ;
#10827 = CIRCLE ( 'NONE', #4276, 2.271000000000002128 ) ;
#10828 = AXIS2_PLACEMENT_3D ( 'NONE', #4257, #7205, #9305 ) ;
#10829 = CARTESIAN_POINT ( 'NONE',  ( -9.525000000000000355, -11.15407434219244465, 26.95732780184198774 ) ) ;
#10830 = ORIENTED_EDGE ( 'NONE', *, *, #8689, .T. ) ;
#10831 = ORIENTED_EDGE ( 'NONE', *, *, #12138, .T. ) ;
#10832 = ORIENTED_EDGE ( 'NONE', *, *, #10917, .F. ) ;
#10833 = CARTESIAN_POINT ( 'NONE',  ( 12.70000000000000107, -5.371240620587821368, 152.9529156865856407 ) ) ;
#10834 = DIRECTION ( 'NONE',  ( 0.000000000000000000, 0.000000000000000000, 1.000000000000000000 ) ) ;
#10835 = CARTESIAN_POINT ( 'NONE',  ( 1.861463134703975909E-15, -22.22499999999999787, 124.5000000000000142 ) ) ;
#10836 = CARTESIAN_POINT ( 'NONE',  ( 12.70000000000000107, 3.577867169202164632E-15, 139.7000000000000171 ) ) ;
#10837 = CARTESIAN_POINT ( 'NONE',  ( -12.69999999999999751, 10.07084749364666365, 78.06156772950215839 ) ) ;
#10838 = AXIS2_PLACEMENT_3D ( 'NONE', #10068, #6521, #11102 ) ;
#10839 = DIRECTION ( 'NONE',  ( -1.000000000000000000, -0.000000000000000000, -0.000000000000000000 ) ) ;
#10840 = LINE ( 'NONE', #5004, #12287 ) ;
#10841 = DIRECTION ( 'NONE',  ( 0.000000000000000000, 0.000000000000000000, 1.000000000000000000 ) ) ;
#10842 = CARTESIAN_POINT ( 'NONE',  ( 7.746038523653021987E-16, -25.39999999999999503, 50.79999999999999716 ) ) ;
#10843 = EDGE_CURVE ( 'NONE', #6123, #4244, #11499, .T. ) ;
#10844 = VECTOR ( 'NONE', #7540, 1000.000000000000000 ) ;
#10845 = CARTESIAN_POINT ( 'NONE',  ( 1.555301434917138038E-15, -25.39999999999999503, 127.0000000000000000 ) ) ;
#10846 = ORIENTED_EDGE ( 'NONE', *, *, #8814, .T. ) ;
#10847 = ORIENTED_EDGE ( 'NONE', *, *, #8478, .F. ) ;
#10848 = ORIENTED_EDGE ( 'NONE', *, *, #287, .F. ) ;
#10849 = VECTOR ( 'NONE', #11878, 1000.000000000000000 ) ;
#10850 = AXIS2_PLACEMENT_3D ( 'NONE', #10323, #11173, #409 ) ;
#10851 = ORIENTED_EDGE ( 'NONE', *, *, #6719, .F. ) ;
#10852 = ORIENTED_EDGE ( 'NONE', *, *, #1822, .T. ) ;
#10853 = CARTESIAN_POINT ( 'NONE',  ( 12.70000000000000107, 16.22512784221244786, 95.87919284400875597 ) ) ;
#10854 = PERSON_AND_ORGANIZATION_ROLE ( 'design_owner' ) ;
#10855 = AXIS2_PLACEMENT_3D ( 'NONE', #3131, #1092, #10060 ) ;
#10856 = DIRECTION ( 'NONE',  ( -1.000000000000000000, -0.000000000000000000, -0.000000000000000000 ) ) ;
#10857 = FACE_OUTER_BOUND ( 'NONE', #8932, .T. ) ;
#10858 = CYLINDRICAL_SURFACE ( 'NONE', #339, 2.499999999999988454 ) ;
#10859 = CARTESIAN_POINT ( 'NONE',  ( 9.525000000000000355, -8.791741348502544184, 49.37808867056075712 ) ) ;
#10860 = EDGE_CURVE ( 'NONE', #1259, #3809, #12530, .T. ) ;
#10861 = CARTESIAN_POINT ( 'NONE',  ( 12.70000000000000107, -5.371240620587821368, 152.9529156865856407 ) ) ;
#10862 = ORIENTED_EDGE ( 'NONE', *, *, #9815, .T. ) ;
#10863 = AXIS2_PLACEMENT_3D ( 'NONE', #5116, #4984, #8954 ) ;
#10864 = EDGE_LOOP ( 'NONE', ( #4049, #1450, #5594, #6582 ) ) ;
#10865 = ORIENTED_EDGE ( 'NONE', *, *, #8361, .F. ) ;
#10866 = ORIENTED_EDGE ( 'NONE', *, *, #8666, .T. ) ;
#10867 = CYLINDRICAL_SURFACE ( 'NONE', #2500, 2.080499999999998906 ) ;
#10868 = CARTESIAN_POINT ( 'NONE',  ( 1.861463134703975909E-15, 25.40000000000000213, 61.00000000000001421 ) ) ;
#10869 = DIRECTION ( 'NONE',  ( -1.000000000000000000, -0.000000000000000000, -0.000000000000000000 ) ) ;
#10870 = FACE_BOUND ( 'NONE', #8678, .T. ) ;
#10871 = DIRECTION ( 'NONE',  ( -1.000000000000000000, -0.000000000000000000, -0.000000000000000000 ) ) ;
#10872 = FACE_BOUND ( 'NONE', #1477, .T. ) ;
#10873 = AXIS2_PLACEMENT_3D ( 'NONE', #985, #8737, #4898 ) ;
#10874 = CARTESIAN_POINT ( 'NONE',  ( 12.70000000000000107, 3.577867169202164632E-15, 38.10000000000001563 ) ) ;
#10875 = EDGE_CURVE ( 'NONE', #2754, #4270, #8229, .T. ) ;
#10876 = EDGE_CURVE ( 'NONE', #5220, #6498, #7000, .T. ) ;
#10877 = ORIENTED_EDGE ( 'NONE', *, *, #4375, .F. ) ;
#10878 = ORIENTED_EDGE ( 'NONE', *, *, #10635, .F. ) ;
#10879 = ORIENTED_EDGE ( 'NONE', *, *, #8491, .T. ) ;
#10880 = ORIENTED_EDGE ( 'NONE', *, *, #10543, .F. ) ;
#10881 = AXIS2_PLACEMENT_3D ( 'NONE', #10189, #1405, #6988 ) ;
#10882 = ORIENTED_EDGE ( 'NONE', *, *, #1549, .T. ) ;
#10883 = DIRECTION ( 'NONE',  ( -1.000000000000000000, -0.000000000000000000, -0.000000000000000000 ) ) ;
#10884 = CARTESIAN_POINT ( 'NONE',  ( -9.525000000000000355, -12.33648634558004353, 79.69623028888069882 ) ) ;
#10885 = DIRECTION ( 'NONE',  ( -1.000000000000000000, -0.000000000000000000, -0.000000000000000000 ) ) ;
#10886 = EDGE_CURVE ( 'NONE', #11974, #6791, #2680, .T. ) ;
#10887 = CARTESIAN_POINT ( 'NONE',  ( -9.525000000000000355, -8.791741348502467801, 26.82191132943921019 ) ) ;
#10888 = VECTOR ( 'NONE', #1792, 1000.000000000000000 ) ;
#10889 = ADVANCED_FACE ( 'NONE', ( #4826 ), #10723, .F. ) ;
#10890 = CARTESIAN_POINT ( 'NONE',  ( -12.69999999999999751, 14.16298196909037088, 36.12517298397528975 ) ) ;
#10891 = EDGE_LOOP ( 'NONE', ( #12237, #8376, #1684, #9250 ) ) ;
#10892 = CARTESIAN_POINT ( 'NONE',  ( 12.70000000000000107, 11.15407434219260630, 26.95732780184214405 ) ) ;
#10893 = ORIENTED_EDGE ( 'NONE', *, *, #11788, .F. ) ;
#10894 = ORIENTED_EDGE ( 'NONE', *, *, #10633, .T. ) ;
#10895 = AXIS2_PLACEMENT_3D ( 'NONE', #8195, #7232, #8258 ) ;
#10896 = AXIS2_PLACEMENT_3D ( 'NONE', #930, #1894, #9782 ) ;
#10897 = ORIENTED_EDGE ( 'NONE', *, *, #1603, .F. ) ;
#10898 = DIRECTION ( 'NONE',  ( 1.000000000000000000, 0.000000000000000000, 0.000000000000000000 ) ) ;
#10899 = DIRECTION ( 'NONE',  ( 0.000000000000000000, 0.000000000000000000, 1.000000000000000000 ) ) ;
#10900 = DIRECTION ( 'NONE',  ( 0.000000000000000000, 0.000000000000000000, 1.000000000000000000 ) ) ;
#10901 = DIRECTION ( 'NONE',  ( -1.000000000000000000, -0.000000000000000000, -0.000000000000000000 ) ) ;
#10902 = CARTESIAN_POINT ( 'NONE',  ( 9.525000000000000355, 6.152699789198528002, 73.71892409761429121 ) ) ;
#10903 = FACE_OUTER_BOUND ( 'NONE', #7804, .T. ) ;
#10904 = DIRECTION ( 'NONE',  ( 0.000000000000000000, 0.000000000000000000, 1.000000000000000000 ) ) ;
#10905 = CARTESIAN_POINT ( 'NONE',  ( -9.525000000000000355, 12.33648634557998314, 47.30376971111940776 ) ) ;
#10906 = EDGE_CURVE ( 'NONE', #9721, #3109, #9269, .T. ) ;
#10907 = CARTESIAN_POINT ( 'NONE',  ( 1.555301434917138038E-15, -22.22499999999999787, 25.39999999999999858 ) ) ;
#10908 = VECTOR ( 'NONE', #106, 1000.000000000000000 ) ;
#10909 = CIRCLE ( 'NONE', #5377, 2.499999999999988454 ) ;
#10910 = EDGE_CURVE ( 'NONE', #1796, #11962, #11824, .T. ) ;
#10911 = CARTESIAN_POINT ( 'NONE',  ( -12.69999999999999751, -4.072800018551144596, 73.66895216488211418 ) ) ;
#10912 = ORIENTED_EDGE ( 'NONE', *, *, #4375, .T. ) ;
#10913 = VERTEX_POINT ( 'NONE', #10788 ) ;
#10914 = ORIENTED_EDGE ( 'NONE', *, *, #5929, .T. ) ;
#10915 = ORIENTED_EDGE ( 'NONE', *, *, #6647, .F. ) ;
#10916 = ORIENTED_EDGE ( 'NONE', *, *, #2348, .F. ) ;
#10917 = EDGE_CURVE ( 'NONE', #11443, #5421, #2759, .T. ) ;
#10918 = CIRCLE ( 'NONE', #9674, 2.271000000000002128 ) ;
#10919 = PERSON_AND_ORGANIZATION ( #11, #11815 ) ;
#10920 = AXIS2_PLACEMENT_3D ( 'NONE', #8736, #9829, #10595 ) ;
#10921 = CARTESIAN_POINT ( 'NONE',  ( 9.525000000000000355, 10.07084749364666365, 27.26156772950216833 ) ) ;
#10922 = DIRECTION ( 'NONE',  ( 0.000000000000000000, 0.000000000000000000, 1.000000000000000000 ) ) ;
#10923 = DIRECTION ( 'NONE',  ( 0.000000000000000000, 3.335204952610999569E-15, -1.000000000000000000 ) ) ;
#10924 = DIRECTION ( 'NONE',  ( -1.000000000000000000, -0.000000000000000000, -0.000000000000000000 ) ) ;
#10925 = CARTESIAN_POINT ( 'NONE',  ( 12.70000000000000107, -12.33648634558004353, 79.69623028888069882 ) ) ;
#10926 = CIRCLE ( 'NONE', #11540, 2.270999999999995467 ) ;
#10927 = ORIENTED_EDGE ( 'NONE', *, *, #5175, .T. ) ;
#10928 = ORIENTED_EDGE ( 'NONE', *, *, #4780, .F. ) ;
#10929 = EDGE_LOOP ( 'NONE', ( #11738, #7868, #11558, #5662 ) ) ;
#10930 = DIRECTION ( 'NONE',  ( 0.000000000000000000, 0.000000000000000000, -1.000000000000000000 ) ) ;
#10931 = EDGE_CURVE ( 'NONE', #1936, #3540, #10090, .T. ) ;
#10932 = DIRECTION ( 'NONE',  ( 0.000000000000000000, 1.000000000000000000, 0.000000000000000000 ) ) ;
#10933 = FACE_OUTER_BOUND ( 'NONE', #11171, .T. ) ;
#10934 = FACE_BOUND ( 'NONE', #6112, .T. ) ;
#10935 = AXIS2_PLACEMENT_3D ( 'NONE', #4313, #11175, #9427 ) ;
#10936 = FACE_BOUND ( 'NONE', #4660, .T. ) ;
#10937 = FACE_OUTER_BOUND ( 'NONE', #4390, .T. ) ;
#10938 = VERTEX_POINT ( 'NONE', #1046 ) ;
#10939 = ORIENTED_EDGE ( 'NONE', *, *, #5692, .T. ) ;
#10940 = ORIENTED_EDGE ( 'NONE', *, *, #6030, .F. ) ;
#10941 = ORIENTED_EDGE ( 'NONE', *, *, #2392, .T. ) ;
#10942 = VECTOR ( 'NONE', #12065, 1000.000000000000000 ) ;
#10943 = ADVANCED_FACE ( 'NONE', ( #3929 ), #6682, .F. ) ;
#10944 = CARTESIAN_POINT ( 'NONE',  ( -12.69999999999999751, 0.000000000000000000, 15.19999999999992468 ) ) ;
#10945 = CYLINDRICAL_SURFACE ( 'NONE', #6186, 2.499999999999988454 ) ;
#10946 = CARTESIAN_POINT ( 'NONE',  ( -9.525000000000000355, 3.577867169202164632E-15, 88.90000000000000568 ) ) ;
#10947 = CARTESIAN_POINT ( 'NONE',  ( 12.70000000000000107, 11.15407434219237004, 49.24267219815811814 ) ) ;
#10948 = AXIS2_PLACEMENT_3D ( 'NONE', #8927, #7012, #8868 ) ;
#10949 = DIRECTION ( 'NONE',  ( 0.000000000000000000, 1.000000000000000000, 0.000000000000000000 ) ) ;
#10950 = FACE_OUTER_BOUND ( 'NONE', #11952, .T. ) ;
#10951 = ORIENTED_EDGE ( 'NONE', *, *, #9044, .T. ) ;
#10952 = EDGE_CURVE ( 'NONE', #10799, #10787, #9862, .T. ) ;
#10953 = CARTESIAN_POINT ( 'NONE',  ( 1.555301434917138038E-15, 25.40000000000000213, 127.0000000000000000 ) ) ;
#10954 = VERTEX_POINT ( 'NONE', #12591 ) ;
#10955 = ORIENTED_EDGE ( 'NONE', *, *, #3657, .F. ) ;
#10956 = EDGE_CURVE ( 'NONE', #1056, #5550, #2111, .T. ) ;
#10957 = AXIS2_PLACEMENT_3D ( 'NONE', #286, #11119, #10024 ) ;
#10958 = EDGE_LOOP ( 'NONE', ( #9292, #8136, #7677, #11123 ) ) ;
#10959 = CARTESIAN_POINT ( 'NONE',  ( 12.70000000000000107, 3.577867169202164632E-15, 139.7000000000000171 ) ) ;
#10960 = ADVANCED_FACE ( 'NONE', ( #6747 ), #10658, .T. ) ;
#10961 = DIRECTION ( 'NONE',  ( 0.000000000000000000, 0.000000000000000000, -1.000000000000000000 ) ) ;
#10962 = DIRECTION ( 'NONE',  ( -1.000000000000000000, -0.000000000000000000, -0.000000000000000000 ) ) ;
#10963 = LINE ( 'NONE', #11686, #11764 ) ;
#10964 = DIRECTION ( 'NONE',  ( -1.000000000000000000, 0.000000000000000000, 0.000000000000000000 ) ) ;
#10965 = DIRECTION ( 'NONE',  ( -1.000000000000000000, -0.000000000000000000, -0.000000000000000000 ) ) ;
#10966 = DIRECTION ( 'NONE',  ( 1.000000000000000000, -0.000000000000000000, -0.000000000000000000 ) ) ;
#10967 = DIRECTION ( 'NONE',  ( 0.000000000000000000, 0.000000000000000000, 1.000000000000000000 ) ) ;
#10968 = VECTOR ( 'NONE', #5139, 1000.000000000000000 ) ;
#10969 = ADVANCED_FACE ( 'NONE', ( #11110 ), #7066, .F. ) ;
#10970 = CARTESIAN_POINT ( 'NONE',  ( -9.525000000000000355, 2.068405620284298418, 157.2409693130105097 ) ) ;
#10971 = ORIENTED_EDGE ( 'NONE', *, *, #11278, .F. ) ;
#10972 = AXIS2_PLACEMENT_3D ( 'NONE', #12481, #5684, #8754 ) ;
#10973 = AXIS2_PLACEMENT_3D ( 'NONE', #124, #8895, #4994 ) ;
#10974 = ORIENTED_EDGE ( 'NONE', *, *, #10283, .T. ) ;
#10975 = EDGE_LOOP ( 'NONE', ( #31, #2632, #10816, #6480 ) ) ;
#10976 = ORIENTED_EDGE ( 'NONE', *, *, #7051, .T. ) ;
#10977 = EDGE_LOOP ( 'NONE', ( #5949, #10851, #194, #8899 ) ) ;
#10978 = EDGE_CURVE ( 'NONE', #2115, #743, #3336, .T. ) ;
#10979 = AXIS2_PLACEMENT_3D ( 'NONE', #1647, #688, #12175 ) ;
#10980 = VECTOR ( 'NONE', #4737, 1000.000000000000000 ) ;
#10981 = APPROVAL_ROLE ( '' ) ;
#10982 = FACE_OUTER_BOUND ( 'NONE', #12616, .T. ) ;
#10983 = DIRECTION ( 'NONE',  ( 0.000000000000000000, 0.000000000000000000, 1.000000000000000000 ) ) ;
#10984 = DIRECTION ( 'NONE',  ( 1.000000000000000000, 0.000000000000000000, 0.000000000000000000 ) ) ;
#10985 = AXIS2_PLACEMENT_3D ( 'NONE', #2011, #11047, #5925 ) ;
#10986 = AXIS2_PLACEMENT_3D ( 'NONE', #11118, #4126, #10923 ) ;
#10987 = DIRECTION ( 'NONE',  ( 0.000000000000000000, 0.000000000000000000, 1.000000000000000000 ) ) ;
#10988 = CIRCLE ( 'NONE', #6880, 2.499999999999988454 ) ;
#10989 = EDGE_CURVE ( 'NONE', #7673, #6933, #2709, .T. ) ;
#10990 = CARTESIAN_POINT ( 'NONE',  ( 12.70000000000000107, 1.802455207620993427, 104.1855954242718525 ) ) ;
#10991 = AXIS2_PLACEMENT_3D ( 'NONE', #2061, #3919, #7830 ) ;
#10992 = VERTEX_POINT ( 'NONE', #10552 ) ;
#10993 = EDGE_CURVE ( 'NONE', #1759, #6643, #8257, .T. ) ;
#10994 = EDGE_LOOP ( 'NONE', ( #1774, #2575, #6403, #5252 ) ) ;
#10995 = ORIENTED_EDGE ( 'NONE', *, *, #5290, .F. ) ;
#10996 = CARTESIAN_POINT ( 'NONE',  ( 12.70000000000000107, 14.15672222192810992, 48.66177646900214881 ) ) ;
#10997 = VECTOR ( 'NONE', #2994, 1000.000000000000000 ) ;
#10998 = DIRECTION ( 'NONE',  ( -1.000000000000000000, -0.000000000000000000, -0.000000000000000000 ) ) ;
#10999 = DIRECTION ( 'NONE',  ( -1.000000000000000000, -0.000000000000000000, -0.000000000000000000 ) ) ;
#11000 = AXIS2_PLACEMENT_3D ( 'NONE', #5176, #2413, #4337 ) ;
#11001 = DIRECTION ( 'NONE',  ( 0.000000000000000000, 1.000000000000000000, 0.000000000000000000 ) ) ;
#11002 = AXIS2_PLACEMENT_3D ( 'NONE', #2930, #8576, #8832 ) ;
#11003 = DIRECTION ( 'NONE',  ( 0.000000000000000000, 0.000000000000000000, 1.000000000000000000 ) ) ;
#11004 = DIRECTION ( 'NONE',  ( 0.000000000000000000, 0.000000000000000000, 1.000000000000000000 ) ) ;
#11005 = EDGE_CURVE ( 'NONE', #12372, #6675, #5362, .T. ) ;
#11006 = ORIENTED_EDGE ( 'NONE', *, *, #9550, .F. ) ;
#11007 = VERTEX_POINT ( 'NONE', #11676 ) ;
#11008 = ORIENTED_EDGE ( 'NONE', *, *, #10906, .T. ) ;
#11009 = CIRCLE ( 'NONE', #11625, 14.30000000000000071 ) ;
#11010 = VERTEX_POINT ( 'NONE', #2677 ) ;
#11011 = DIRECTION ( 'NONE',  ( 1.000000000000000000, -0.000000000000000000, -0.000000000000000000 ) ) ;
#11012 = CARTESIAN_POINT ( 'NONE',  ( 12.70000000000000107, 12.33648634558017676, 130.4962302888808949 ) ) ;
#11013 = DIRECTION ( 'NONE',  ( -1.000000000000000000, -0.000000000000000000, -0.000000000000000000 ) ) ;
#11014 = CARTESIAN_POINT ( 'NONE',  ( -9.525000000000000355, 1.802455207620993427, 104.1855954242718525 ) ) ;
#11015 = CARTESIAN_POINT ( 'NONE',  ( 12.70000000000000107, 12.33648634558017676, 28.89623028888087930 ) ) ;
#11016 = CIRCLE ( 'NONE', #12662, 2.271000000000002128 ) ;
#11017 = CYLINDRICAL_SURFACE ( 'NONE', #5376, 2.271000000000009234 ) ;
#11018 = CARTESIAN_POINT ( 'NONE',  ( 9.525000000000000355, -8.791741348502467801, 128.4219113294392116 ) ) ;
#11019 = FACE_OUTER_BOUND ( 'NONE', #11076, .T. ) ;
#11020 = ADVANCED_FACE ( 'NONE', ( #5770 ), #10571, .T. ) ;
#11021 = EDGE_LOOP ( 'NONE', ( #862, #1235, #9838, #6870 ) ) ;
#11022 = CARTESIAN_POINT ( 'NONE',  ( -9.525000000000000355, 12.33648634557998314, 151.1747697111194100 ) ) ;
#11023 = ORIENTED_EDGE ( 'NONE', *, *, #12526, .T. ) ;
#11024 = ORIENTED_EDGE ( 'NONE', *, *, #2600, .T. ) ;
#11025 = AXIS2_PLACEMENT_3D ( 'NONE', #7657, #10467, #6625 ) ;
#11026 = EDGE_LOOP ( 'NONE', ( #279, #6758, #4095, #3356 ) ) ;
#11027 = DIRECTION ( 'NONE',  ( 0.000000000000000000, 0.000000000000000000, 1.000000000000000000 ) ) ;
#11028 = DIRECTION ( 'NONE',  ( -1.000000000000000000, -0.000000000000000000, -0.000000000000000000 ) ) ;
#11029 = DIRECTION ( 'NONE',  ( 0.000000000000000000, 0.000000000000000000, 1.000000000000000000 ) ) ;
#11030 = DIRECTION ( 'NONE',  ( 1.000000000000000000, -0.000000000000000000, -0.000000000000000000 ) ) ;
#11031 = CYLINDRICAL_SURFACE ( 'NONE', #10785, 2.499999999999992006 ) ;
#11032 = DIRECTION ( 'NONE',  ( -1.000000000000000000, -0.000000000000000000, -0.000000000000000000 ) ) ;
#11033 = CARTESIAN_POINT ( 'NONE',  ( -9.525000000000000355, -12.33648634558010748, 47.30376971111923723 ) ) ;
#11034 = CARTESIAN_POINT ( 'NONE',  ( -9.525000000000002132, 0.000000000000000000, 114.2999999999999972 ) ) ;
#11035 = AXIS2_PLACEMENT_3D ( 'NONE', #12546, #8561, #9847 ) ;
#11036 = ADVANCED_FACE ( 'NONE', ( #7628 ), #12370, .F. ) ;
#11037 = AXIS2_PLACEMENT_3D ( 'NONE', #8288, #8348, #12027 ) ;
#11038 = EDGE_CURVE ( 'NONE', #10603, #5234, #6534, .T. ) ;
#11039 = DIRECTION ( 'NONE',  ( -1.000000000000000000, -0.000000000000000000, -0.000000000000000000 ) ) ;
#11040 = ORIENTED_EDGE ( 'NONE', *, *, #6015, .T. ) ;
#11041 = ORIENTED_EDGE ( 'NONE', *, *, #10470, .T. ) ;
#11042 = VERTEX_POINT ( 'NONE', #7753 ) ;
#11043 = ORIENTED_EDGE ( 'NONE', *, *, #4709, .F. ) ;
#11044 = VERTEX_POINT ( 'NONE', #1916 ) ;
#11045 = CIRCLE ( 'NONE', #6523, 17.66250000000000142 ) ;
#11046 = AXIS2_PLACEMENT_3D ( 'NONE', #2822, #1039, #11816 ) ;
#11047 = DIRECTION ( 'NONE',  ( 0.000000000000000000, 0.000000000000000000, 1.000000000000000000 ) ) ;
#11048 = CARTESIAN_POINT ( 'NONE',  ( 12.70000000000000107, -14.13894155320108759, 145.7818257131525570 ) ) ;
#11049 = CARTESIAN_POINT ( 'NONE',  ( -9.525000000000000355, 10.07084749364666365, 75.98106772950217191 ) ) ;
#11050 = CARTESIAN_POINT ( 'NONE',  ( -12.69999999999999751, 0.000000000000000000, 167.5999999999999943 ) ) ;
#11051 = DIRECTION ( 'NONE',  ( 0.000000000000000000, 0.000000000000000000, 1.000000000000000000 ) ) ;
#11052 = CARTESIAN_POINT ( 'NONE',  ( 12.70000000000000107, 14.16298196909037088, 137.7251729839752841 ) ) ;
#11053 = AXIS2_PLACEMENT_3D ( 'NONE', #683, #8559, #4582 ) ;
#11054 = CARTESIAN_POINT ( 'NONE',  ( 12.70000000000000107, 3.577867169202164632E-15, 139.7000000000000171 ) ) ;
#11055 = EDGE_CURVE ( 'NONE', #11233, #8735, #1499, .T. ) ;
#11056 = EDGE_CURVE ( 'NONE', #9594, #622, #3126, .T. ) ;
#11057 = DIRECTION ( 'NONE',  ( 0.000000000000000000, 1.000000000000000000, 0.000000000000000000 ) ) ;
#11058 = EDGE_LOOP ( 'NONE', ( #11888, #7456, #448, #649 ) ) ;
#11059 = ORIENTED_EDGE ( 'NONE', *, *, #8564, .T. ) ;
#11060 = AXIS2_PLACEMENT_3D ( 'NONE', #8697, #4729, #10368 ) ;
#11061 = ORIENTED_EDGE ( 'NONE', *, *, #600, .F. ) ;
#11062 = DIRECTION ( 'NONE',  ( -0.000000000000000000, 1.000000000000000000, -0.000000000000000000 ) ) ;
#11063 = DIRECTION ( 'NONE',  ( 0.000000000000000000, 0.000000000000000000, 1.000000000000000000 ) ) ;
#11064 = AXIS2_PLACEMENT_3D ( 'NONE', #2819, #780, #10584 ) ;
#11065 = DIRECTION ( 'NONE',  ( 0.000000000000000000, 0.000000000000000000, 1.000000000000000000 ) ) ;
#11066 = EDGE_CURVE ( 'NONE', #787, #2824, #10698, .T. ) ;
#11067 = EDGE_CURVE ( 'NONE', #1186, #6497, #771, .T. ) ;
#11068 = CARTESIAN_POINT ( 'NONE',  ( 12.70000000000000107, 1.802455207620993427, 104.1855954242718525 ) ) ;
#11069 = CARTESIAN_POINT ( 'NONE',  ( 9.525000000000000355, -4.072800018551144596, 154.9310478351179086 ) ) ;
#11070 = VECTOR ( 'NONE', #6839, 1000.000000000000000 ) ;
#11071 = EDGE_CURVE ( 'NONE', #7897, #262, #3644, .T. ) ;
#11072 = ORIENTED_EDGE ( 'NONE', *, *, #2841, .F. ) ;
#11073 = VERTEX_POINT ( 'NONE', #8647 ) ;
#11074 = EDGE_CURVE ( 'NONE', #5375, #2559, #5636, .T. ) ;
#11075 = ORIENTED_EDGE ( 'NONE', *, *, #4803, .F. ) ;
#11076 = EDGE_LOOP ( 'NONE', ( #3405, #12152, #7316, #6900 ) ) ;
#11077 = FACE_OUTER_BOUND ( 'NONE', #912, .T. ) ;
#11078 = VECTOR ( 'NONE', #4136, 1000.000000000000000 ) ;
#11079 = DIRECTION ( 'NONE',  ( 0.000000000000000000, 0.000000000000000000, 1.000000000000000000 ) ) ;
#11080 = LINE ( 'NONE', #11981, #5981 ) ;
#11081 = CARTESIAN_POINT ( 'NONE',  ( -9.525000000000002132, -22.22499999999999787, 177.8000000000000114 ) ) ;
#11082 = EDGE_CURVE ( 'NONE', #11570, #7649, #4335, .T. ) ;
#11083 = CYLINDRICAL_SURFACE ( 'NONE', #9316, 14.30000000000000782 ) ;
#11084 = DIRECTION ( 'NONE',  ( -1.000000000000000000, -0.000000000000000000, -0.000000000000000000 ) ) ;
#11085 = LINE ( 'NONE', #10052, #4418 ) ;
#11086 = DIRECTION ( 'NONE',  ( -1.000000000000000000, -0.000000000000000000, -0.000000000000000000 ) ) ;
#11087 = ORIENTED_EDGE ( 'NONE', *, *, #8267, .F. ) ;
#11088 = AXIS2_PLACEMENT_3D ( 'NONE', #4665, #5380, #9278 ) ;
#11089 = ORIENTED_EDGE ( 'NONE', *, *, #10416, .F. ) ;
#11090 = ORIENTED_EDGE ( 'NONE', *, *, #3020, .F. ) ;
#11091 = EDGE_LOOP ( 'NONE', ( #666, #2697, #258, #8857 ) ) ;
#11092 = LINE ( 'NONE', #11280, #11675 ) ;
#11093 = DIRECTION ( 'NONE',  ( 0.000000000000000000, 0.000000000000000000, 1.000000000000000000 ) ) ;
#11094 = EDGE_CURVE ( 'NONE', #6709, #523, #4543, .T. ) ;
#11095 = CIRCLE ( 'NONE', #4527, 2.270999999999995467 ) ;
#11096 = CARTESIAN_POINT ( 'NONE',  ( -12.69999999999999751, -1.802455207620986100, 124.4144045757281845 ) ) ;
#11097 = DIRECTION ( 'NONE',  ( -0.000000000000000000, 1.000000000000000000, -0.000000000000000000 ) ) ;
#11098 = DIRECTION ( 'NONE',  ( 0.000000000000000000, -1.000000000000000000, 0.000000000000000000 ) ) ;
#11099 = CARTESIAN_POINT ( 'NONE',  ( 1.080765552152137998E-15, 22.22500000000000142, 137.1999999999999886 ) ) ;
#11100 = CARTESIAN_POINT ( 'NONE',  ( 12.70000000000000107, -14.16298196909033535, 137.7251729839750851 ) ) ;
#11101 = LINE ( 'NONE', #7312, #4409 ) ;
#11102 = DIRECTION ( 'NONE',  ( 0.000000000000000000, 0.000000000000000000, 1.000000000000000000 ) ) ;
#11103 = ORIENTED_EDGE ( 'NONE', *, *, #11226, .F. ) ;
#11104 = CIRCLE ( 'NONE', #2293, 2.270999999999995467 ) ;
#11105 = CIRCLE ( 'NONE', #44, 2.080499999999998906 ) ;
#11106 = ORIENTED_EDGE ( 'NONE', *, *, #7353, .F. ) ;
#11107 = EDGE_LOOP ( 'NONE', ( #12506, #1662, #7788, #6127 ) ) ;
#11108 = VERTEX_POINT ( 'NONE', #7689 ) ;
#11109 = ORIENTED_EDGE ( 'NONE', *, *, #2265, .T. ) ;
#11110 = FACE_OUTER_BOUND ( 'NONE', #2314, .T. ) ;
#11111 = EDGE_CURVE ( 'NONE', #5518, #3953, #60, .T. ) ;
#11112 = CARTESIAN_POINT ( 'NONE',  ( 1.555301434917138433E-15, 25.40000000000000213, 116.7999999999999829 ) ) ;
#11113 = CARTESIAN_POINT ( 'NONE',  ( 9.525000000000000355, 12.33648634557998314, 100.3747697111193986 ) ) ;
#11114 = DIRECTION ( 'NONE',  ( -1.000000000000000000, -0.000000000000000000, -0.000000000000000000 ) ) ;
#11115 = CIRCLE ( 'NONE', #1280, 2.080499999999998906 ) ;
#11116 = CYLINDRICAL_SURFACE ( 'NONE', #5520, 2.499999999999988454 ) ;
#11117 = CIRCLE ( 'NONE', #7427, 17.66249999999999787 ) ;
#11118 = CARTESIAN_POINT ( 'NONE',  ( -12.69999999999999751, 10.07084749364639542, 152.6189322704980782 ) ) ;
#11119 = DIRECTION ( 'NONE',  ( 1.000000000000000000, -0.000000000000000000, -0.000000000000000000 ) ) ;
#11120 = EDGE_CURVE ( 'NONE', #3018, #3494, #12344, .T. ) ;
#11121 = FACE_OUTER_BOUND ( 'NONE', #3278, .T. ) ;
#11122 = ORIENTED_EDGE ( 'NONE', *, *, #383, .T. ) ;
#11123 = ORIENTED_EDGE ( 'NONE', *, *, #6519, .F. ) ;
#11124 = EDGE_LOOP ( 'NONE', ( #7523, #10575, #12702, #2923 ) ) ;
#11125 = VECTOR ( 'NONE', #2154, 1000.000000000000000 ) ;
#11126 = ADVANCED_FACE ( 'NONE', ( #11608 ), #11541, .F. ) ;
#11127 = AXIS2_PLACEMENT_3D ( 'NONE', #280, #404, #12013 ) ;
#11128 = VERTEX_POINT ( 'NONE', #5708 ) ;
#11129 = VERTEX_POINT ( 'NONE', #6027 ) ;
#11130 = DIRECTION ( 'NONE',  ( 0.000000000000000000, 2.918304333534644600E-14, -1.000000000000000000 ) ) ;
#11131 = EDGE_CURVE ( 'NONE', #8338, #4711, #4556, .T. ) ;
#11132 = CARTESIAN_POINT ( 'NONE',  ( 9.525000000000000355, -11.15407434219244465, 26.95732780184198774 ) ) ;
#11133 = ADVANCED_FACE ( 'NONE', ( #4872 ), #12700, .T. ) ;
#11134 = DIRECTION ( 'NONE',  ( 0.000000000000000000, 0.000000000000000000, 1.000000000000000000 ) ) ;
#11135 = CARTESIAN_POINT ( 'NONE',  ( 1.555301434917138038E-15, 25.40000000000000213, 25.39999999999999858 ) ) ;
#11136 = CARTESIAN_POINT ( 'NONE',  ( 12.70000000000000107, -14.15672222192825025, 99.46177646900194702 ) ) ;
#11137 = AXIS2_PLACEMENT_3D ( 'NONE', #10905, #9939, #11879 ) ;
#11138 = ORIENTED_EDGE ( 'NONE', *, *, #8575, .F. ) ;
#11139 = VERTEX_POINT ( 'NONE', #959 ) ;
#11140 = ORIENTED_EDGE ( 'NONE', *, *, #8388, .T. ) ;
#11141 = VERTEX_POINT ( 'NONE', #11735 ) ;
#11142 = AXIS2_PLACEMENT_3D ( 'NONE', #2613, #9537, #11536 ) ;
#11143 = DIRECTION ( 'NONE',  ( -1.000000000000000000, -0.000000000000000000, -0.000000000000000000 ) ) ;
#11144 = CYLINDRICAL_SURFACE ( 'NONE', #6973, 17.66249999999999787 ) ;
#11145 = EDGE_CURVE ( 'NONE', #4164, #4905, #7231, .T. ) ;
#11146 = CARTESIAN_POINT ( 'NONE',  ( 9.525000000000000355, -16.22512784221249404, 132.7208071559913947 ) ) ;
#11147 = FACE_BOUND ( 'NONE', #2874, .T. ) ;
#11148 = CYLINDRICAL_SURFACE ( 'NONE', #9333, 2.080499999999998906 ) ;
#11149 = DIRECTION ( 'NONE',  ( 0.000000000000000000, 0.000000000000000000, 1.000000000000000000 ) ) ;
#11150 = CARTESIAN_POINT ( 'NONE',  ( 12.70000000000000107, 11.15407434219237004, 150.8426721981581125 ) ) ;
#11151 = DIRECTION ( 'NONE',  ( 0.000000000000000000, 0.000000000000000000, -1.000000000000000000 ) ) ;
#11152 = VERTEX_POINT ( 'NONE', #7880 ) ;
#11153 = AXIS2_PLACEMENT_3D ( 'NONE', #5525, #3529, #7447 ) ;
#11154 = EDGE_CURVE ( 'NONE', #8323, #4500, #9994, .T. ) ;
#11155 = ORIENTED_EDGE ( 'NONE', *, *, #4819, .T. ) ;
#11156 = ORIENTED_EDGE ( 'NONE', *, *, #8183, .T. ) ;
#11157 = CARTESIAN_POINT ( 'NONE',  ( 9.525000000000000355, -11.15407434219244465, 77.75732780184198134 ) ) ;
#11158 = DIRECTION ( 'NONE',  ( 0.000000000000000000, 0.000000000000000000, 1.000000000000000000 ) ) ;
#11159 = CARTESIAN_POINT ( 'NONE',  ( 12.70000000000000107, -12.33648634558010748, 98.10376971111922728 ) ) ;
#11160 = DIRECTION ( 'NONE',  ( 0.000000000000000000, 0.000000000000000000, -1.000000000000000000 ) ) ;
#11161 = CARTESIAN_POINT ( 'NONE',  ( -12.69999999999999751, 12.69999999999999929, 12.69999999999999929 ) ) ;
#11162 = FACE_BOUND ( 'NONE', #4907, .T. ) ;
#11163 = CARTESIAN_POINT ( 'NONE',  ( 1.080765552152139379E-15, 25.40000000000000213, 99.10000000000000853 ) ) ;
#11164 = DIRECTION ( 'NONE',  ( 1.000000000000000000, 0.000000000000000000, 0.000000000000000000 ) ) ;
#11165 = CARTESIAN_POINT ( 'NONE',  ( -12.69999999999999751, 3.577867169202164632E-15, 88.90000000000000568 ) ) ;
#11166 = EDGE_CURVE ( 'NONE', #9497, #7194, #3184, .T. ) ;
#11167 = CIRCLE ( 'NONE', #5224, 2.499999999999988454 ) ;
#11168 = ORIENTED_EDGE ( 'NONE', *, *, #2676, .T. ) ;
#11169 = ORIENTED_EDGE ( 'NONE', *, *, #10383, .T. ) ;
#11170 = EDGE_LOOP ( 'NONE', ( #7064, #11218 ) ) ;
#11171 = EDGE_LOOP ( 'NONE', ( #1557, #4166, #5579, #9231 ) ) ;
#11172 = ORIENTED_EDGE ( 'NONE', *, *, #3192, .T. ) ;
#11173 = DIRECTION ( 'NONE',  ( -0.000000000000000000, 1.000000000000000000, -0.000000000000000000 ) ) ;
#11174 = DIRECTION ( 'NONE',  ( -0.000000000000000000, 1.000000000000000000, -0.000000000000000000 ) ) ;
#11175 = DIRECTION ( 'NONE',  ( -1.000000000000000000, -0.000000000000000000, -0.000000000000000000 ) ) ;
#11176 = AXIS2_PLACEMENT_3D ( 'NONE', #10907, #5914, #8854 ) ;
#11177 = CARTESIAN_POINT ( 'NONE',  ( 9.525000000000000355, 14.16298196909033003, 40.07482701602503994 ) ) ;
#11178 = DIRECTION ( 'NONE',  ( 0.000000000000000000, 0.000000000000000000, -1.000000000000000000 ) ) ;
#11179 = CARTESIAN_POINT ( 'NONE',  ( 9.525000000000000355, 14.13894155320100943, 145.7818257131527560 ) ) ;
#11180 = AXIS2_PLACEMENT_3D ( 'NONE', #1330, #1925, #5842 ) ;
#11181 = DIRECTION ( 'NONE',  ( 0.000000000000000000, 0.000000000000000000, 1.000000000000000000 ) ) ;
#11182 = ADVANCED_FACE ( 'NONE', ( #4029 ), #4100, .F. ) ;
#11183 = ORIENTED_EDGE ( 'NONE', *, *, #4578, .T. ) ;
#11184 = VECTOR ( 'NONE', #3060, 1000.000000000000000 ) ;
#11185 = VERTEX_POINT ( 'NONE', #10892 ) ;
#11186 = CIRCLE ( 'NONE', #9954, 2.270999999999995467 ) ;
#11187 = ORIENTED_EDGE ( 'NONE', *, *, #4231, .F. ) ;
#11188 = VERTEX_POINT ( 'NONE', #11022 ) ;
#11189 = CARTESIAN_POINT ( 'NONE',  ( -12.69999999999999751, 5.371240620587830250, 51.35291568658563932 ) ) ;
#11190 = DIRECTION ( 'NONE',  ( 1.000000000000000000, -0.000000000000000000, -0.000000000000000000 ) ) ;
#11191 = AXIS2_PLACEMENT_3D ( 'NONE', #8867, #1945, #2766 ) ;
#11192 = EDGE_CURVE ( 'NONE', #1887, #3615, #1147, .T. ) ;
#11193 = FACE_OUTER_BOUND ( 'NONE', #2238, .T. ) ;
#11194 = FACE_BOUND ( 'NONE', #3484, .T. ) ;
#11195 = CIRCLE ( 'NONE', #8929, 2.080499999999998906 ) ;
#11196 = ORIENTED_EDGE ( 'NONE', *, *, #9853, .T. ) ;
#11197 = EDGE_CURVE ( 'NONE', #8396, #2517, #4832, .T. ) ;
#11198 = VERTEX_POINT ( 'NONE', #9926 ) ;
#11199 = EDGE_CURVE ( 'NONE', #10228, #222, #7946, .T. ) ;
#11201 = ORIENTED_EDGE ( 'NONE', *, *, #2335, .T. ) ;
#11200 = CIRCLE ( 'NONE', #5668, 2.270999999999995467 ) ;
#11202 = ORIENTED_EDGE ( 'NONE', *, *, #8505, .T. ) ;
#11203 = CIRCLE ( 'NONE', #5671, 14.30000000000000782 ) ;
#11204 = CIRCLE ( 'NONE', #1372, 2.080499999999985139 ) ;
#11205 = DIRECTION ( 'NONE',  ( 0.000000000000000000, 0.000000000000000000, 1.000000000000000000 ) ) ;
#11206 = LINE ( 'NONE', #6330, #7376 ) ;
#11207 = CARTESIAN_POINT ( 'NONE',  ( 12.70000000000000107, -10.07084749364656950, 101.8189322704979247 ) ) ;
#11208 = CYLINDRICAL_SURFACE ( 'NONE', #5936, 17.66249999999999787 ) ;
#11209 = DIRECTION ( 'NONE',  ( -0.000000000000000000, 1.000000000000000000, -0.000000000000000000 ) ) ;
#11210 = CARTESIAN_POINT ( 'NONE',  ( -9.525000000000000355, 14.16298196909037088, 86.92517298397528691 ) ) ;
#11211 = DIRECTION ( 'NONE',  ( 0.000000000000000000, 0.000000000000000000, -1.000000000000000000 ) ) ;
#11212 = EDGE_CURVE ( 'NONE', #9851, #9136, #2175, .T. ) ;
#11213 = DIRECTION ( 'NONE',  ( 0.000000000000000000, 0.000000000000000000, -1.000000000000000000 ) ) ;
#11214 = CIRCLE ( 'NONE', #1755, 2.499999999999974243 ) ;
#11215 = VERTEX_POINT ( 'NONE', #7043 ) ;
#11216 = EDGE_CURVE ( 'NONE', #3953, #4423, #1022, .T. ) ;
#11217 = ORIENTED_EDGE ( 'NONE', *, *, #2891, .T. ) ;
#11218 = ORIENTED_EDGE ( 'NONE', *, *, #12618, .T. ) ;
#11219 = DIRECTION ( 'NONE',  ( -1.000000000000000000, -0.000000000000000000, -0.000000000000000000 ) ) ;
#11220 = LINE ( 'NONE', #8510, #2880 ) ;
#11221 = AXIS2_PLACEMENT_3D ( 'NONE', #6423, #468, #12320 ) ;
#11222 = CARTESIAN_POINT ( 'NONE',  ( 7.746038523653021987E-16, -22.22499999999999787, 40.59999999999998010 ) ) ;
#11223 = DIRECTION ( 'NONE',  ( 0.000000000000000000, 0.000000000000000000, 1.000000000000000000 ) ) ;
#11224 = EDGE_CURVE ( 'NONE', #10321, #11757, #8008, .T. ) ;
#11225 = DIRECTION ( 'NONE',  ( -1.000000000000000000, -0.000000000000000000, -0.000000000000000000 ) ) ;
#11226 = EDGE_CURVE ( 'NONE', #9592, #10444, #11588, .T. ) ;
#11227 = DIRECTION ( 'NONE',  ( 1.000000000000000000, 0.000000000000000000, 0.000000000000000000 ) ) ;
#11228 = CARTESIAN_POINT ( 'NONE',  ( -12.69999999999999929, 12.69999999999999929, 12.69999999999999929 ) ) ;
#11229 = LINE ( 'NONE', #10315, #6262 ) ;
#11230 = ORIENTED_EDGE ( 'NONE', *, *, #4835, .T. ) ;
#11231 = CIRCLE ( 'NONE', #783, 14.30000000000000782 ) ;
#11232 = ORIENTED_EDGE ( 'NONE', *, *, #4088, .F. ) ;
#11233 = VERTEX_POINT ( 'NONE', #6848 ) ;
#11234 = ORIENTED_EDGE ( 'NONE', *, *, #2642, .T. ) ;
#11235 = ORIENTED_EDGE ( 'NONE', *, *, #8835, .F. ) ;
#11236 = DIRECTION ( 'NONE',  ( -1.000000000000000000, -0.000000000000000000, -0.000000000000000000 ) ) ;
#11237 = CARTESIAN_POINT ( 'NONE',  ( -12.69999999999999751, -10.07084749364656950, 51.01893227049793467 ) ) ;
#11238 = CIRCLE ( 'NONE', #3036, 2.271000000000002128 ) ;
#11239 = DIRECTION ( 'NONE',  ( 0.000000000000000000, 0.000000000000000000, -1.000000000000000000 ) ) ;
#11240 = EDGE_CURVE ( 'NONE', #11912, #5678, #6067, .T. ) ;
#11241 = CIRCLE ( 'NONE', #11856, 2.500000000000002220 ) ;
#11242 = CARTESIAN_POINT ( 'NONE',  ( -9.525000000000000355, 8.791741348502629450, 26.82191132943933454 ) ) ;
#11243 = DIRECTION ( 'NONE',  ( -1.000000000000000000, -0.000000000000000000, -0.000000000000000000 ) ) ;
#11244 = DIRECTION ( 'NONE',  ( 1.000000000000000000, -0.000000000000000000, -0.000000000000000000 ) ) ;
#11245 = VERTEX_POINT ( 'NONE', #11797 ) ;
#11246 = VERTEX_POINT ( 'NONE', #6917 ) ;
#11247 = ORIENTED_EDGE ( 'NONE', *, *, #10843, .T. ) ;
#11248 = CIRCLE ( 'NONE', #11865, 2.270999999999995467 ) ;
#11249 = ORIENTED_EDGE ( 'NONE', *, *, #2430, .T. ) ;
#11250 = ORIENTED_EDGE ( 'NONE', *, *, #1480, .F. ) ;
#11251 = DIRECTION ( 'NONE',  ( 0.000000000000000000, 0.000000000000000000, 1.000000000000000000 ) ) ;
#11252 = FACE_OUTER_BOUND ( 'NONE', #5519, .T. ) ;
#11253 = AXIS2_PLACEMENT_3D ( 'NONE', #5968, #6989, #10900 ) ;
#11254 = CARTESIAN_POINT ( 'NONE',  ( -12.69999999999999751, 14.15672222192832841, 27.53822353099818443 ) ) ;
#11255 = EDGE_CURVE ( 'NONE', #8840, #7966, #7085, .T. ) ;
#11256 = DIRECTION ( 'NONE',  ( 0.000000000000000000, 0.000000000000000000, 1.000000000000000000 ) ) ;
#11257 = VECTOR ( 'NONE', #2626, 1000.000000000000000 ) ;
#11258 = VERTEX_POINT ( 'NONE', #10759 ) ;
#11259 = VERTEX_POINT ( 'NONE', #10829 ) ;
#11260 = CIRCLE ( 'NONE', #6751, 17.66249999999999787 ) ;
#11261 = ORIENTED_EDGE ( 'NONE', *, *, #5401, .T. ) ;
#11262 = VERTEX_POINT ( 'NONE', #5901 ) ;
#11263 = ORIENTED_EDGE ( 'NONE', *, *, #526, .F. ) ;
#11264 = CIRCLE ( 'NONE', #4292, 14.30000000000000071 ) ;
#11265 = VECTOR ( 'NONE', #515, 1000.000000000000000 ) ;
#11266 = LINE ( 'NONE', #12348, #954 ) ;
#11267 = CARTESIAN_POINT ( 'NONE',  ( 1.555301434917138433E-15, 25.40000000000000213, 63.50000000000000000 ) ) ;
#11268 = FACE_BOUND ( 'NONE', #6235, .T. ) ;
#11269 = CYLINDRICAL_SURFACE ( 'NONE', #3605, 2.271000000000002128 ) ;
#11270 = EDGE_CURVE ( 'NONE', #7252, #7505, #8110, .T. ) ;
#11271 = VECTOR ( 'NONE', #10047, 1000.000000000000000 ) ;
#11272 = DIRECTION ( 'NONE',  ( 0.000000000000000000, 0.000000000000000000, 1.000000000000000000 ) ) ;
#11273 = CARTESIAN_POINT ( 'NONE',  ( 12.70000000000000107, -16.22512784221249404, 31.12080715599139324 ) ) ;
#11274 = ORIENTED_EDGE ( 'NONE', *, *, #472, .F. ) ;
#11275 = ADVANCED_FACE ( 'NONE', ( #319 ), #8380, .F. ) ;
#11276 = AXIS2_PLACEMENT_3D ( 'NONE', #2744, #6659, #10702 ) ;
#11277 = EDGE_LOOP ( 'NONE', ( #8798, #4775 ) ) ;
#11278 = EDGE_CURVE ( 'NONE', #1604, #1056, #3497, .T. ) ;
#11279 = ORIENTED_EDGE ( 'NONE', *, *, #5781, .T. ) ;
#11280 = CARTESIAN_POINT ( 'NONE',  ( -9.525000000000002132, 22.22500000000000142, 0.000000000000000000 ) ) ;
#11281 = DIRECTION ( 'NONE',  ( 0.000000000000000000, 0.000000000000000000, -1.000000000000000000 ) ) ;
#11282 = EDGE_CURVE ( 'NONE', #7194, #1339, #1966, .T. ) ;
#11283 = DIRECTION ( 'NONE',  ( 0.000000000000000000, 0.000000000000000000, 1.000000000000000000 ) ) ;
#11284 = CARTESIAN_POINT ( 'NONE',  ( -9.525000000000002132, -12.69999999999999929, 114.2999999999999972 ) ) ;
#11285 = CARTESIAN_POINT ( 'NONE',  ( -12.69999999999999929, 0.000000000000000000, 15.19999999999992113 ) ) ;
#11286 = CIRCLE ( 'NONE', #10873, 2.080499999999998906 ) ;
#11287 = DIRECTION ( 'NONE',  ( -0.000000000000000000, 1.000000000000000000, -0.000000000000000000 ) ) ;
#11288 = CARTESIAN_POINT ( 'NONE',  ( 1.555301434917138433E-15, 25.40000000000000213, 63.50000000000000000 ) ) ;
#11289 = ORIENTED_EDGE ( 'NONE', *, *, #8321, .F. ) ;
#11290 = VERTEX_POINT ( 'NONE', #8740 ) ;
#11291 = ORIENTED_EDGE ( 'NONE', *, *, #7346, .F. ) ;
#11292 = AXIS2_PLACEMENT_3D ( 'NONE', #5320, #4168, #8143 ) ;
#11293 = ORIENTED_EDGE ( 'NONE', *, *, #8519, .F. ) ;
#11294 = ORIENTED_EDGE ( 'NONE', *, *, #1323, .T. ) ;
#11295 = CARTESIAN_POINT ( 'NONE',  ( -9.525000000000000355, 8.791741348502393194, 100.1780886705608822 ) ) ;
#11296 = EDGE_CURVE ( 'NONE', #9188, #4931, #6468, .T. ) ;
#11297 = CYLINDRICAL_SURFACE ( 'NONE', #9343, 2.270999999999995467 ) ;
#11298 = DIRECTION ( 'NONE',  ( -1.000000000000000000, -0.000000000000000000, -0.000000000000000000 ) ) ;
#11299 = DIRECTION ( 'NONE',  ( -1.000000000000000000, -0.000000000000000000, -0.000000000000000000 ) ) ;
#11300 = CARTESIAN_POINT ( 'NONE',  ( 12.70000000000000107, 10.07084749364639542, 51.01893227049807678 ) ) ;
#11301 = DIRECTION ( 'NONE',  ( 1.000000000000000000, 0.000000000000000000, 0.000000000000000000 ) ) ;
#11302 = CIRCLE ( 'NONE', #3712, 14.30000000000000071 ) ;
#11303 = FACE_BOUND ( 'NONE', #11631, .T. ) ;
#11304 = ORIENTED_EDGE ( 'NONE', *, *, #9642, .F. ) ;
#11305 = EDGE_LOOP ( 'NONE', ( #4364, #423 ) ) ;
#11306 = EDGE_CURVE ( 'NONE', #5219, #1680, #536, .T. ) ;
#11307 = ORIENTED_EDGE ( 'NONE', *, *, #3431, .T. ) ;
#11308 = ORIENTED_EDGE ( 'NONE', *, *, #12617, .F. ) ;
#11309 = CARTESIAN_POINT ( 'NONE',  ( -12.69999999999999929, -12.69999999999999929, 10.20000000000001172 ) ) ;
#11310 = CIRCLE ( 'NONE', #2699, 17.66250000000000497 ) ;
#11311 = LINE ( 'NONE', #1624, #9149 ) ;
#11312 = CIRCLE ( 'NONE', #5786, 14.30000000000000782 ) ;
#11313 = DIRECTION ( 'NONE',  ( -1.000000000000000000, -0.000000000000000000, -0.000000000000000000 ) ) ;
#11314 = CARTESIAN_POINT ( 'NONE',  ( -9.525000000000000355, -14.16298196909034779, 90.87482701602483814 ) ) ;
#11315 = CARTESIAN_POINT ( 'NONE',  ( 12.70000000000000107, -12.33648634558010748, 49.57476971111923802 ) ) ;
#11316 = ORIENTED_EDGE ( 'NONE', *, *, #7718, .F. ) ;
#11317 = CIRCLE ( 'NONE', #9060, 2.080499999999985139 ) ;
#11318 = ORIENTED_EDGE ( 'NONE', *, *, #3238, .F. ) ;
#11319 = CIRCLE ( 'NONE', #6804, 2.499999999999992006 ) ;
#11320 = VERTEX_POINT ( 'NONE', #918 ) ;
#11321 = ORIENTED_EDGE ( 'NONE', *, *, #6564, .T. ) ;
#11322 = EDGE_CURVE ( 'NONE', #5040, #5755, #4219, .T. ) ;
#11323 = ORIENTED_EDGE ( 'NONE', *, *, #6568, .F. ) ;
#11324 = CARTESIAN_POINT ( 'NONE',  ( 12.70000000000000107, -14.16298196909033535, 137.7251729839750851 ) ) ;
#11325 = DIRECTION ( 'NONE',  ( 0.000000000000000000, 0.000000000000000000, 1.000000000000000000 ) ) ;
#11326 = DIRECTION ( 'NONE',  ( 0.000000000000000000, 0.000000000000000000, 1.000000000000000000 ) ) ;
#11327 = CARTESIAN_POINT ( 'NONE',  ( -12.69999999999999751, 12.69999999999999929, 114.2999999999999972 ) ) ;
#11328 = DIRECTION ( 'NONE',  ( 1.000000000000000000, 0.000000000000000000, 0.000000000000000000 ) ) ;
#11329 = AXIS2_PLACEMENT_3D ( 'NONE', #7055, #7957, #6800 ) ;
#11330 = FACE_BOUND ( 'NONE', #3210, .T. ) ;
#11331 = CARTESIAN_POINT ( 'NONE',  ( 0.000000000000000000, 25.40000000000000213, 12.69999999999999929 ) ) ;
#11332 = ORIENTED_EDGE ( 'NONE', *, *, #5387, .F. ) ;
#11333 = EDGE_CURVE ( 'NONE', #7457, #11141, #12619, .T. ) ;
#11334 = AXIS2_PLACEMENT_3D ( 'NONE', #6530, #766, #10437 ) ;
#11335 = ORIENTED_EDGE ( 'NONE', *, *, #5097, .T. ) ;
#11336 = ORIENTED_EDGE ( 'NONE', *, *, #10725, .T. ) ;
#11337 = DIRECTION ( 'NONE',  ( 1.000000000000000000, 0.000000000000000000, 0.000000000000000000 ) ) ;
#11338 = DIRECTION ( 'NONE',  ( 0.000000000000000000, 0.000000000000000000, -1.000000000000000000 ) ) ;
#11339 = CARTESIAN_POINT ( 'NONE',  ( 12.70000000000000107, -2.068405620284295310, 157.2409693130105097 ) ) ;
#11340 = AXIS2_PLACEMENT_3D ( 'NONE', #12185, #5382, #3267 ) ;
#11341 = DIRECTION ( 'NONE',  ( -0.000000000000000000, 1.000000000000000000, -0.000000000000000000 ) ) ;
#11342 = CYLINDRICAL_SURFACE ( 'NONE', #8189, 2.499999999999988454 ) ;
#11343 = CARTESIAN_POINT ( 'NONE',  ( -9.525000000000000355, 3.577867169202164632E-15, 139.7000000000000171 ) ) ;
#11344 = CARTESIAN_POINT ( 'NONE',  ( 12.70000000000000107, -11.15407434219252103, 100.0426721981579590 ) ) ;
#11345 = ADVANCED_FACE ( 'NONE', ( #5736 ), #1820, .T. ) ;
#11346 = EDGE_CURVE ( 'NONE', #3708, #2771, #3593, .T. ) ;
#11347 = ORIENTED_EDGE ( 'NONE', *, *, #6402, .F. ) ;
#11348 = ORIENTED_EDGE ( 'NONE', *, *, #8057, .F. ) ;
#11349 = AXIS2_PLACEMENT_3D ( 'NONE', #11598, #10310, #6469 ) ;
#11350 = ORIENTED_EDGE ( 'NONE', *, *, #12238, .T. ) ;
#11351 = ORIENTED_EDGE ( 'NONE', *, *, #6133, .F. ) ;
#11352 = FACE_OUTER_BOUND ( 'NONE', #9288, .T. ) ;
#11353 = CYLINDRICAL_SURFACE ( 'NONE', #4855, 2.500000000000002220 ) ;
#11354 = DIRECTION ( 'NONE',  ( 0.000000000000000000, 0.000000000000000000, -1.000000000000000000 ) ) ;
#11355 = DIRECTION ( 'NONE',  ( 0.000000000000000000, 0.000000000000000000, 1.000000000000000000 ) ) ;
#11356 = CARTESIAN_POINT ( 'NONE',  ( 12.70000000000000107, 3.577867169202164632E-15, 38.10000000000001563 ) ) ;
#11357 = CARTESIAN_POINT ( 'NONE',  ( 9.525000000000000355, 16.22354728284504333, 91.16214363188798586 ) ) ;
#11358 = EDGE_CURVE ( 'NONE', #1322, #12155, #939, .T. ) ;
#11359 = AXIS2_PLACEMENT_3D ( 'NONE', #1835, #5994, #11520 ) ;
#11360 = DIRECTION ( 'NONE',  ( 0.000000000000000000, 0.000000000000000000, 1.000000000000000000 ) ) ;
#11361 = VERTEX_POINT ( 'NONE', #12533 ) ;
#11362 = EDGE_CURVE ( 'NONE', #10317, #10472, #11382, .T. ) ;
#11363 = ORIENTED_EDGE ( 'NONE', *, *, #9575, .F. ) ;
#11364 = ORIENTED_EDGE ( 'NONE', *, *, #9221, .T. ) ;
#11365 = VERTEX_POINT ( 'NONE', #2077 ) ;
#11366 = ORIENTED_EDGE ( 'NONE', *, *, #3376, .T. ) ;
#11367 = LINE ( 'NONE', #546, #1689 ) ;
#11368 = AXIS2_PLACEMENT_3D ( 'NONE', #10842, #1037, #12582 ) ;
#11369 = DIRECTION ( 'NONE',  ( 0.000000000000000000, 0.000000000000000000, 1.000000000000000000 ) ) ;
#11370 = FACE_OUTER_BOUND ( 'NONE', #5501, .T. ) ;
#11371 = DIRECTION ( 'NONE',  ( 0.000000000000000000, 1.500842228674960179E-14, -1.000000000000000000 ) ) ;
#11372 = DIRECTION ( 'NONE',  ( 0.000000000000000000, 0.000000000000000000, 1.000000000000000000 ) ) ;
#11373 = AXIS2_PLACEMENT_3D ( 'NONE', #10946, #53, #5894 ) ;
#11374 = ADVANCED_FACE ( 'NONE', ( #90 ), #2901, .T. ) ;
#11375 = EDGE_CURVE ( 'NONE', #4822, #7412, #8307, .T. ) ;
#11376 = CARTESIAN_POINT ( 'NONE',  ( 12.70000000000000107, 11.15407434219260630, 77.75732780184213766 ) ) ;
#11377 = CIRCLE ( 'NONE', #1950, 2.500000000000002220 ) ;
#11378 = ORIENTED_EDGE ( 'NONE', *, *, #12453, .F. ) ;
#11379 = ORIENTED_EDGE ( 'NONE', *, *, #5707, .F. ) ;
#11380 = CIRCLE ( 'NONE', #7490, 2.270999999999995467 ) ;
#11381 = ORIENTED_EDGE ( 'NONE', *, *, #7578, .T. ) ;
#11382 = CIRCLE ( 'NONE', #7695, 17.66249999999999787 ) ;
#11383 = CARTESIAN_POINT ( 'NONE',  ( 0.000000000000000000, 25.40000000000000213, 12.69999999999999929 ) ) ;
#11384 = DIRECTION ( 'NONE',  ( -0.000000000000000000, 1.000000000000000000, -0.000000000000000000 ) ) ;
#11385 = DIRECTION ( 'NONE',  ( 0.000000000000000000, 0.000000000000000000, -1.000000000000000000 ) ) ;
#11386 = DIRECTION ( 'NONE',  ( -1.000000000000000000, -0.000000000000000000, -0.000000000000000000 ) ) ;
#11387 = CIRCLE ( 'NONE', #4011, 2.499999999999993339 ) ;
#11388 = FACE_OUTER_BOUND ( 'NONE', #2987, .T. ) ;
#11389 = EDGE_CURVE ( 'NONE', #4512, #3579, #130, .T. ) ;
#11390 = CARTESIAN_POINT ( 'NONE',  ( 12.70000000000000107, -16.22512784221253312, 45.07919284400851723 ) ) ;
#11391 = LOCAL_TIME ( 14, 50, 18.00000000000000000, #1175 ) ;
#11392 = AXIS2_PLACEMENT_3D ( 'NONE', #1425, #3584, #7511 ) ;
#11393 = EDGE_LOOP ( 'NONE', ( #10573, #11989 ) ) ;
#11394 = CARTESIAN_POINT ( 'NONE',  ( -9.525000000000000355, 11.15407434219237004, 150.8426721981581125 ) ) ;
#11395 = VECTOR ( 'NONE', #11143, 1000.000000000000000 ) ;
#11396 = CIRCLE ( 'NONE', #10991, 17.66249999999999787 ) ;
#11397 = ORIENTED_EDGE ( 'NONE', *, *, #3238, .T. ) ;
#11398 = DIRECTION ( 'NONE',  ( -0.000000000000000000, 1.000000000000000000, -0.000000000000000000 ) ) ;
#11399 = VECTOR ( 'NONE', #10208, 1000.000000000000000 ) ;
#11400 = DIRECTION ( 'NONE',  ( 1.000000000000000000, 0.000000000000000000, 0.000000000000000000 ) ) ;
#11401 = CIRCLE ( 'NONE', #4034, 2.499999999999988454 ) ;
#11402 = CARTESIAN_POINT ( 'NONE',  ( 9.525000000000000355, -15.22687436074365230, 143.7883756369598984 ) ) ;
#11403 = ADVANCED_FACE ( 'NONE', ( #3029 ), #4830, .F. ) ;
#11404 = AXIS2_PLACEMENT_3D ( 'NONE', #2551, #3515, #8270 ) ;
#11405 = DIRECTION ( 'NONE',  ( 0.000000000000000000, 0.000000000000000000, -1.000000000000000000 ) ) ;
#11406 = CARTESIAN_POINT ( 'NONE',  ( 12.70000000000000107, 2.068405620284300195, 71.35903068698951301 ) ) ;
#11407 = DIRECTION ( 'NONE',  ( 0.000000000000000000, -1.000000000000000000, 0.000000000000000000 ) ) ;
#11408 = DIRECTION ( 'NONE',  ( 1.000000000000000000, 0.000000000000000000, 0.000000000000000000 ) ) ;
#11409 = DIRECTION ( 'NONE',  ( 1.000000000000000000, 0.000000000000000000, 0.000000000000000000 ) ) ;
#11410 = AXIS2_PLACEMENT_3D ( 'NONE', #4488, #9294, #12257 ) ;
#11411 = ORIENTED_EDGE ( 'NONE', *, *, #9370, .F. ) ;
#11412 = ORIENTED_EDGE ( 'NONE', *, *, #11568, .F. ) ;
#11413 = ORIENTED_EDGE ( 'NONE', *, *, #3910, .F. ) ;
#11414 = LINE ( 'NONE', #12508, #1043 ) ;
#11415 = DIRECTION ( 'NONE',  ( 0.000000000000000000, 0.000000000000000000, 1.000000000000000000 ) ) ;
#11416 = CYLINDRICAL_SURFACE ( 'NONE', #3676, 2.080499999999998906 ) ;
#11417 = DIRECTION ( 'NONE',  ( 0.000000000000000000, 0.000000000000000000, 1.000000000000000000 ) ) ;
#11418 = CARTESIAN_POINT ( 'NONE',  ( 12.70000000000000107, 16.22512784221258997, 132.7208071559915936 ) ) ;
#11419 = EDGE_CURVE ( 'NONE', #2177, #4738, #8714, .T. ) ;
#11420 = DIRECTION ( 'NONE',  ( -1.000000000000000000, 0.000000000000000000, 0.000000000000000000 ) ) ;
#11421 = CARTESIAN_POINT ( 'NONE',  ( 12.70000000000000107, -10.07084749364648069, 78.06156772950203049 ) ) ;
#11422 = EDGE_CURVE ( 'NONE', #2159, #291, #7295, .T. ) ;
#11423 = CARTESIAN_POINT ( 'NONE',  ( -12.69999999999999751, -10.07084749364648069, 78.06156772950203049 ) ) ;
#11424 = DIRECTION ( 'NONE',  ( -1.000000000000000000, -0.000000000000000000, -0.000000000000000000 ) ) ;
#11425 = VERTEX_POINT ( 'NONE', #2964 ) ;
#11426 = VERTEX_POINT ( 'NONE', #6878 ) ;
#11427 = ORIENTED_EDGE ( 'NONE', *, *, #10429, .T. ) ;
#11428 = ORIENTED_EDGE ( 'NONE', *, *, #5009, .F. ) ;
#11429 = ORIENTED_EDGE ( 'NONE', *, *, #8405, .F. ) ;
#11430 = CARTESIAN_POINT ( 'NONE',  ( -12.69999999999999751, -12.69999999999999929, 116.7999999999999829 ) ) ;
#11431 = CIRCLE ( 'NONE', #2021, 2.270999999999995467 ) ;
#11432 = DIRECTION ( 'NONE',  ( 0.000000000000000000, 0.000000000000000000, 1.000000000000000000 ) ) ;
#11433 = CARTESIAN_POINT ( 'NONE',  ( 9.525000000000000355, 6.152699789198528002, 154.8810759023857315 ) ) ;
#11434 = CYLINDRICAL_SURFACE ( 'NONE', #12413, 2.080500000000013117 ) ;
#11435 = ADVANCED_FACE ( 'NONE', ( #10792 ), #5993, .F. ) ;
#11436 = FACE_OUTER_BOUND ( 'NONE', #8617, .T. ) ;
#11437 = DIRECTION ( 'NONE',  ( 0.000000000000000000, 0.000000000000000000, -1.000000000000000000 ) ) ;
#11438 = ADVANCED_FACE ( 'NONE', ( #1051 ), #10858, .F. ) ;
#11439 = AXIS2_PLACEMENT_3D ( 'NONE', #1065, #6069, #2220 ) ;
#11440 = DIRECTION ( 'NONE',  ( 0.000000000000000000, 0.000000000000000000, 1.000000000000000000 ) ) ;
#11441 = CIRCLE ( 'NONE', #9187, 2.499999999999988454 ) ;
#11442 = ORIENTED_EDGE ( 'NONE', *, *, #7543, .T. ) ;
#11443 = VERTEX_POINT ( 'NONE', #11052 ) ;
#11444 = VERTEX_POINT ( 'NONE', #6184 ) ;
#11445 = CARTESIAN_POINT ( 'NONE',  ( 12.70000000000000107, 3.577867169202164632E-15, 139.7000000000000171 ) ) ;
#11446 = EDGE_CURVE ( 'NONE', #7659, #8264, #9744, .T. ) ;
#11447 = DIRECTION ( 'NONE',  ( -1.000000000000000000, -0.000000000000000000, -0.000000000000000000 ) ) ;
#11448 = CIRCLE ( 'NONE', #3266, 17.66250000000000142 ) ;
#11449 = DIRECTION ( 'NONE',  ( -1.000000000000000000, -0.000000000000000000, -0.000000000000000000 ) ) ;
#11450 = DIRECTION ( 'NONE',  ( -1.000000000000000000, -0.000000000000000000, -0.000000000000000000 ) ) ;
#11451 = CIRCLE ( 'NONE', #3049, 2.080499999999998906 ) ;
#11452 = CARTESIAN_POINT ( 'NONE',  ( -12.69999999999999751, -14.13894155320104851, 32.01817428684736200 ) ) ;
#11453 = ADVANCED_FACE ( 'NONE', ( #9053 ), #8037, .F. ) ;
#11454 = DIRECTION ( 'NONE',  ( -1.000000000000000000, -0.000000000000000000, -0.000000000000000000 ) ) ;
#11455 = DIRECTION ( 'NONE',  ( -1.000000000000000000, -0.000000000000000000, -0.000000000000000000 ) ) ;
#11456 = CIRCLE ( 'NONE', #2241, 2.270999999999995467 ) ;
#11457 = EDGE_CURVE ( 'NONE', #3018, #5499, #2138, .T. ) ;
#11458 = VERTEX_POINT ( 'NONE', #1240 ) ;
#11459 = ORIENTED_EDGE ( 'NONE', *, *, #4284, .T. ) ;
#11460 = CIRCLE ( 'NONE', #5941, 14.30000000000000071 ) ;
#11461 = DIRECTION ( 'NONE',  ( -1.000000000000000000, 0.000000000000000000, 0.000000000000000000 ) ) ;
#11462 = AXIS2_PLACEMENT_3D ( 'NONE', #5714, #9619, #6732 ) ;
#11463 = ORIENTED_EDGE ( 'NONE', *, *, #2792, .F. ) ;
#11464 = EDGE_CURVE ( 'NONE', #9904, #6279, #11803, .T. ) ;
#11465 = CIRCLE ( 'NONE', #12493, 2.499999999999974243 ) ;
#11466 = DIRECTION ( 'NONE',  ( 0.000000000000000000, 0.000000000000000000, 1.000000000000000000 ) ) ;
#11467 = DIRECTION ( 'NONE',  ( 0.000000000000000000, 0.000000000000000000, -1.000000000000000000 ) ) ;
#11468 = DIRECTION ( 'NONE',  ( -0.000000000000000000, 1.000000000000000000, -0.000000000000000000 ) ) ;
#11469 = CARTESIAN_POINT ( 'NONE',  ( -9.525000000000000355, 10.07084749364639542, 101.8189322704980668 ) ) ;
#11470 = DIRECTION ( 'NONE',  ( 0.000000000000000000, 0.000000000000000000, 1.000000000000000000 ) ) ;
#11471 = CARTESIAN_POINT ( 'NONE',  ( 9.525000000000000355, 3.577867169202164632E-15, 139.7000000000000171 ) ) ;
#11472 = CARTESIAN_POINT ( 'NONE',  ( 9.525000000000000355, -16.22512784221249404, 81.92080715599139751 ) ) ;
#11473 = ORIENTED_EDGE ( 'NONE', *, *, #3552, .F. ) ;
#11474 = CIRCLE ( 'NONE', #4502, 2.499999999999992006 ) ;
#11475 = CARTESIAN_POINT ( 'NONE',  ( 9.525000000000000355, 12.33648634558017676, 79.69623028888086935 ) ) ;
#11476 = EDGE_LOOP ( 'NONE', ( #3466, #2114, #3551, #2330 ) ) ;
#11477 = ORIENTED_EDGE ( 'NONE', *, *, #1406, .F. ) ;
#11478 = EDGE_CURVE ( 'NONE', #6980, #11365, #9756, .T. ) ;
#11479 = ORIENTED_EDGE ( 'NONE', *, *, #1036, .F. ) ;
#11480 = DIRECTION ( 'NONE',  ( -1.000000000000000000, -0.000000000000000000, -0.000000000000000000 ) ) ;
#11481 = DIRECTION ( 'NONE',  ( 0.000000000000000000, 0.000000000000000000, 1.000000000000000000 ) ) ;
#11482 = CIRCLE ( 'NONE', #18, 2.080499999999985139 ) ;
#11483 = FACE_OUTER_BOUND ( 'NONE', #12705, .T. ) ;
#11484 = DIRECTION ( 'NONE',  ( -1.000000000000000000, -0.000000000000000000, -0.000000000000000000 ) ) ;
#11485 = DIRECTION ( 'NONE',  ( 0.000000000000000000, 3.335204952610999569E-15, -1.000000000000000000 ) ) ;
#11486 = DIRECTION ( 'NONE',  ( -0.000000000000000000, 1.000000000000000000, -0.000000000000000000 ) ) ;
#11487 = DIRECTION ( 'NONE',  ( 0.000000000000000000, 0.000000000000000000, -1.000000000000000000 ) ) ;
#11488 = CARTESIAN_POINT ( 'NONE',  ( 12.70000000000000107, 0.000000000000000000, 167.5999999999999943 ) ) ;
#11489 = VERTEX_POINT ( 'NONE', #11894 ) ;
#11490 = VERTEX_POINT ( 'NONE', #2389 ) ;
#11491 = EDGE_LOOP ( 'NONE', ( #9229, #1385, #12211, #10894 ) ) ;
#11492 = ADVANCED_FACE ( 'NONE', ( #7971 ), #1428, .T. ) ;
#11493 = ORIENTED_EDGE ( 'NONE', *, *, #3489, .F. ) ;
#11494 = ORIENTED_EDGE ( 'NONE', *, *, #2570, .T. ) ;
#11495 = DIRECTION ( 'NONE',  ( 0.000000000000000000, 0.000000000000000000, 1.000000000000000000 ) ) ;
#11496 = CARTESIAN_POINT ( 'NONE',  ( -9.525000000000000355, 2.068405620284300195, 71.35903068698951301 ) ) ;
#11497 = DIRECTION ( 'NONE',  ( 0.000000000000000000, 0.000000000000000000, -1.000000000000000000 ) ) ;
#11498 = DIRECTION ( 'NONE',  ( 0.000000000000000000, 0.000000000000000000, 1.000000000000000000 ) ) ;
#11499 = CIRCLE ( 'NONE', #678, 2.499999999999988454 ) ;
#11500 = DIRECTION ( 'NONE',  ( 1.000000000000000000, 0.000000000000000000, 0.000000000000000000 ) ) ;
#11501 = CIRCLE ( 'NONE', #4743, 17.66249999999999787 ) ;
#11502 = CARTESIAN_POINT ( 'NONE',  ( 7.746038523653021987E-16, -22.22499999999999787, 154.8999999999999773 ) ) ;
#11503 = EDGE_CURVE ( 'NONE', #10029, #3664, #9138, .T. ) ;
#11504 = DIRECTION ( 'NONE',  ( 0.000000000000000000, 0.000000000000000000, 1.000000000000000000 ) ) ;
#11505 = ORIENTED_EDGE ( 'NONE', *, *, #6415, .T. ) ;
#11506 = EDGE_CURVE ( 'NONE', #10954, #6810, #8925, .T. ) ;
#11507 = ORIENTED_EDGE ( 'NONE', *, *, #8986, .F. ) ;
#11508 = EDGE_LOOP ( 'NONE', ( #6520, #1500, #2953, #2957 ) ) ;
#11509 = EDGE_CURVE ( 'NONE', #3550, #8859, #219, .T. ) ;
#11510 = CIRCLE ( 'NONE', #12134, 2.270999999999995467 ) ;
#11511 = AXIS2_PLACEMENT_3D ( 'NONE', #11515, #1957, #4910 ) ;
#11512 = VERTEX_POINT ( 'NONE', #1304 ) ;
#11513 = EDGE_CURVE ( 'NONE', #2593, #1375, #7072, .T. ) ;
#11514 = CYLINDRICAL_SURFACE ( 'NONE', #3415, 2.080499999999998906 ) ;
#11515 = CARTESIAN_POINT ( 'NONE',  ( 12.70000000000000107, 12.69999999999999929, 12.69999999999999929 ) ) ;
#11516 = CARTESIAN_POINT ( 'NONE',  ( 9.525000000000000355, -14.16298196909033535, 86.92517298397507375 ) ) ;
#11517 = CARTESIAN_POINT ( 'NONE',  ( 12.70000000000000107, -12.33648634558004353, 28.89623028888070877 ) ) ;
#11518 = CYLINDRICAL_SURFACE ( 'NONE', #11035, 2.499999999999992006 ) ;
#11519 = DIRECTION ( 'NONE',  ( 0.000000000000000000, 0.000000000000000000, 1.000000000000000000 ) ) ;
#11520 = DIRECTION ( 'NONE',  ( 0.000000000000000000, 0.000000000000000000, 1.000000000000000000 ) ) ;
#11521 = AXIS2_PLACEMENT_3D ( 'NONE', #934, #5752, #12678 ) ;
#11522 = AXIS2_PLACEMENT_3D ( 'NONE', #12212, #9190, #10154 ) ;
#11523 = EDGE_CURVE ( 'NONE', #10787, #7280, #11958, .T. ) ;
#11524 = ORIENTED_EDGE ( 'NONE', *, *, #10316, .T. ) ;
#11525 = ORIENTED_EDGE ( 'NONE', *, *, #10989, .F. ) ;
#11526 = ORIENTED_EDGE ( 'NONE', *, *, #5069, .F. ) ;
#11527 = EDGE_CURVE ( 'NONE', #832, #3845, #2264, .T. ) ;
#11528 = ORIENTED_EDGE ( 'NONE', *, *, #543, .T. ) ;
#11529 = CIRCLE ( 'NONE', #6606, 2.500000000000002220 ) ;
#11530 = AXIS2_PLACEMENT_3D ( 'NONE', #4762, #2896, #5986 ) ;
#11531 = DIRECTION ( 'NONE',  ( -1.000000000000000000, -0.000000000000000000, -0.000000000000000000 ) ) ;
#11532 = DIRECTION ( 'NONE',  ( 0.000000000000000000, 0.000000000000000000, 1.000000000000000000 ) ) ;
#11533 = LINE ( 'NONE', #10494, #8085 ) ;
#11534 = CARTESIAN_POINT ( 'NONE',  ( 12.70000000000000107, -12.69999999999999929, 114.2999999999999972 ) ) ;
#11535 = CYLINDRICAL_SURFACE ( 'NONE', #11718, 2.499999999999988454 ) ;
#11536 = DIRECTION ( 'NONE',  ( 0.000000000000000000, 0.000000000000000000, -1.000000000000000000 ) ) ;
#11537 = DIRECTION ( 'NONE',  ( -1.000000000000000000, -0.000000000000000000, -0.000000000000000000 ) ) ;
#11538 = EDGE_CURVE ( 'NONE', #2559, #8605, #9334, .T. ) ;
#11539 = ORIENTED_EDGE ( 'NONE', *, *, #741, .F. ) ;
#11540 = AXIS2_PLACEMENT_3D ( 'NONE', #12248, #6412, #8272 ) ;
#11541 = CYLINDRICAL_SURFACE ( 'NONE', #7847, 2.499999999999988454 ) ;
#11542 = ORIENTED_EDGE ( 'NONE', *, *, #10812, .F. ) ;
#11543 = ORIENTED_EDGE ( 'NONE', *, *, #2826, .F. ) ;
#11544 = ORIENTED_EDGE ( 'NONE', *, *, #8349, .F. ) ;
#11545 = FACE_OUTER_BOUND ( 'NONE', #9032, .T. ) ;
#11546 = CIRCLE ( 'NONE', #7656, 2.499999999999988454 ) ;
#11547 = CARTESIAN_POINT ( 'NONE',  ( -12.69999999999999751, -12.69999999999999929, 10.20000000000000817 ) ) ;
#11548 = DIRECTION ( 'NONE',  ( 0.000000000000000000, 0.000000000000000000, 1.000000000000000000 ) ) ;
#11549 = DIRECTION ( 'NONE',  ( -0.000000000000000000, 1.000000000000000000, -0.000000000000000000 ) ) ;
#11550 = DIRECTION ( 'NONE',  ( -1.000000000000000000, -0.000000000000000000, -0.000000000000000000 ) ) ;
#11551 = DIRECTION ( 'NONE',  ( -1.000000000000000000, -0.000000000000000000, -0.000000000000000000 ) ) ;
#11552 = CARTESIAN_POINT ( 'NONE',  ( 12.70000000000000107, -4.072800018551144596, 22.86895216488212412 ) ) ;
#11553 = FACE_OUTER_BOUND ( 'NONE', #2470, .T. ) ;
#11554 = DIRECTION ( 'NONE',  ( 0.000000000000000000, 0.000000000000000000, 1.000000000000000000 ) ) ;
#11555 = EDGE_CURVE ( 'NONE', #6642, #7504, #11200, .T. ) ;
#11556 = FACE_BOUND ( 'NONE', #11916, .T. ) ;
#11557 = AXIS2_PLACEMENT_3D ( 'NONE', #11999, #266, #516 ) ;
#11558 = ORIENTED_EDGE ( 'NONE', *, *, #4052, .T. ) ;
#11559 = ORIENTED_EDGE ( 'NONE', *, *, #7238, .T. ) ;
#11560 = ORIENTED_EDGE ( 'NONE', *, *, #4343, .T. ) ;
#11561 = ORIENTED_EDGE ( 'NONE', *, *, #1921, .F. ) ;
#11562 = DIRECTION ( 'NONE',  ( -1.000000000000000000, -0.000000000000000000, -0.000000000000000000 ) ) ;
#11563 = LINE ( 'NONE', #7846, #4111 ) ;
#11564 = CARTESIAN_POINT ( 'NONE',  ( 7.746038523653021987E-16, 25.40000000000000213, 50.79999999999999716 ) ) ;
#11565 = AXIS2_PLACEMENT_3D ( 'NONE', #10434, #4732, #12364 ) ;
#11566 = LINE ( 'NONE', #5602, #8985 ) ;
#11567 = DIRECTION ( 'NONE',  ( 0.000000000000000000, 0.000000000000000000, 1.000000000000000000 ) ) ;
#11568 = EDGE_CURVE ( 'NONE', #6522, #12657, #949, .T. ) ;
#11569 = CARTESIAN_POINT ( 'NONE',  ( 12.70000000000000107, 16.22512784221244786, 146.6791928440087247 ) ) ;
#11570 = VERTEX_POINT ( 'NONE', #1367 ) ;
#11571 = VERTEX_POINT ( 'NONE', #10021 ) ;
#11572 = ORIENTED_EDGE ( 'NONE', *, *, #11358, .T. ) ;
#11573 = AXIS2_PLACEMENT_3D ( 'NONE', #7770, #3979, #7894 ) ;
#11574 = EDGE_LOOP ( 'NONE', ( #5676, #1417, #705, #11412 ) ) ;
#11575 = PRODUCT_DEFINITION ( 'UNKNOWN', '', #12022, #5446 ) ;
#11576 = DIRECTION ( 'NONE',  ( 1.000000000000000000, 0.000000000000000000, 0.000000000000000000 ) ) ;
#11577 = FACE_BOUND ( 'NONE', #2711, .T. ) ;
#11578 = CARTESIAN_POINT ( 'NONE',  ( 7.746038523653021987E-16, 25.40000000000000213, 142.1999999999999886 ) ) ;
#11579 = FACE_OUTER_BOUND ( 'NONE', #11021, .T. ) ;
#11580 = CARTESIAN_POINT ( 'NONE',  ( 7.746038523653021987E-16, 25.40000000000000213, 101.5999999999999943 ) ) ;
#11581 = DIRECTION ( 'NONE',  ( 0.000000000000000000, 0.000000000000000000, 1.000000000000000000 ) ) ;
#11582 = EDGE_CURVE ( 'NONE', #1200, #6300, #5281, .T. ) ;
#11583 = AXIS2_PLACEMENT_3D ( 'NONE', #7248, #3142, #9226 ) ;
#11584 = DIRECTION ( 'NONE',  ( 0.000000000000000000, 0.000000000000000000, 1.000000000000000000 ) ) ;
#11585 = EDGE_CURVE ( 'NONE', #10954, #3550, #4637, .T. ) ;
#11586 = VERTEX_POINT ( 'NONE', #7389 ) ;
#11587 = VECTOR ( 'NONE', #7165, 1000.000000000000000 ) ;
#11589 = VERTEX_POINT ( 'NONE', #3413 ) ;
#11588 = CIRCLE ( 'NONE', #6660, 2.080499999999998906 ) ;
#11590 = ORIENTED_EDGE ( 'NONE', *, *, #3674, .F. ) ;
#11591 = ORIENTED_EDGE ( 'NONE', *, *, #2272, .T. ) ;
#11592 = AXIS2_PLACEMENT_3D ( 'NONE', #442, #2356, #8435 ) ;
#11593 = AXIS2_PLACEMENT_3D ( 'NONE', #5310, #6088, #7234 ) ;
#11594 = DIRECTION ( 'NONE',  ( -1.000000000000000000, -0.000000000000000000, -0.000000000000000000 ) ) ;
#11595 = DIRECTION ( 'NONE',  ( 0.000000000000000000, 0.000000000000000000, 1.000000000000000000 ) ) ;
#11596 = AXIS2_PLACEMENT_3D ( 'NONE', #12173, #11209, #1644 ) ;
#11597 = AXIS2_PLACEMENT_3D ( 'NONE', #6543, #6306, #10269 ) ;
#11598 = CARTESIAN_POINT ( 'NONE',  ( 12.70000000000000107, 12.33648634558017676, 79.69623028888086935 ) ) ;
#11599 = CARTESIAN_POINT ( 'NONE',  ( 12.70000000000000107, -16.22512784221253312, 95.87919284400851438 ) ) ;
#11600 = CARTESIAN_POINT ( 'NONE',  ( 12.70000000000000107, 14.13894155320100943, 145.7818257131527560 ) ) ;
#11601 = CARTESIAN_POINT ( 'NONE',  ( -9.525000000000000355, 16.22512784221244786, 95.87919284400875597 ) ) ;
#11602 = ADVANCED_FACE ( 'NONE', ( #10515 ), #1673, .F. ) ;
#11603 = CIRCLE ( 'NONE', #2779, 2.499999999999995115 ) ;
#11604 = CARTESIAN_POINT ( 'NONE',  ( 12.70000000000000107, 14.15672222192832841, 27.53822353099818443 ) ) ;
#11605 = CIRCLE ( 'NONE', #6882, 17.66250000000000142 ) ;
#11606 = ORIENTED_EDGE ( 'NONE', *, *, #3613, .F. ) ;
#11607 = AXIS2_PLACEMENT_3D ( 'NONE', #2585, #5483, #6505 ) ;
#11608 = FACE_OUTER_BOUND ( 'NONE', #3521, .T. ) ;
#11609 = ORIENTED_EDGE ( 'NONE', *, *, #3474, .F. ) ;
#11610 = ORIENTED_EDGE ( 'NONE', *, *, #5387, .T. ) ;
#11611 = ORIENTED_EDGE ( 'NONE', *, *, #10662, .F. ) ;
#11612 = LINE ( 'NONE', #10640, #5347 ) ;
#11613 = CIRCLE ( 'NONE', #12425, 17.66249999999999787 ) ;
#11614 = ADVANCED_FACE ( 'NONE', ( #9300 ), #1547, .F. ) ;
#11615 = VECTOR ( 'NONE', #4733, 1000.000000000000000 ) ;
#11616 = CARTESIAN_POINT ( 'NONE',  ( 12.70000000000000107, -10.07084749364656950, 51.01893227049793467 ) ) ;
#11617 = CARTESIAN_POINT ( 'NONE',  ( 12.70000000000000107, 14.15672222192832841, 27.53822353099818443 ) ) ;
#11618 = CARTESIAN_POINT ( 'NONE',  ( -12.69999999999999929, -12.69999999999999929, 65.99999999999998579 ) ) ;
#11619 = DIRECTION ( 'NONE',  ( -1.000000000000000000, -0.000000000000000000, -0.000000000000000000 ) ) ;
#11620 = LINE ( 'NONE', #7121, #10365 ) ;
#11621 = DIRECTION ( 'NONE',  ( -1.000000000000000000, 0.000000000000000000, 0.000000000000000000 ) ) ;
#11622 = DIRECTION ( 'NONE',  ( -1.000000000000000000, 0.000000000000000000, 0.000000000000000000 ) ) ;
#11623 = EDGE_CURVE ( 'NONE', #2726, #9696, #7922, .T. ) ;
#11624 = LINE ( 'NONE', #139, #7273 ) ;
#11625 = AXIS2_PLACEMENT_3D ( 'NONE', #7729, #5877, #3815 ) ;
#11626 = CYLINDRICAL_SURFACE ( 'NONE', #11046, 2.080499999999998906 ) ;
#11627 = ORIENTED_EDGE ( 'NONE', *, *, #7875, .T. ) ;
#11628 = EDGE_LOOP ( 'NONE', ( #3952, #3217, #8304, #7662 ) ) ;
#11629 = VERTEX_POINT ( 'NONE', #283 ) ;
#11630 = ORIENTED_EDGE ( 'NONE', *, *, #2412, .F. ) ;
#11631 = EDGE_LOOP ( 'NONE', ( #6569, #48 ) ) ;
#11632 = DIRECTION ( 'NONE',  ( -1.000000000000000000, 0.000000000000000000, 0.000000000000000000 ) ) ;
#11633 = EDGE_CURVE ( 'NONE', #7879, #7977, #3151, .T. ) ;
#11634 = ADVANCED_FACE ( 'NONE', ( #8989 ), #9894, .F. ) ;
#11635 = CARTESIAN_POINT ( 'NONE',  ( 12.70000000000000107, 4.072800018551153478, 104.1310478351179114 ) ) ;
#11636 = CIRCLE ( 'NONE', #11221, 17.66249999999999787 ) ;
#11637 = DIRECTION ( 'NONE',  ( -1.000000000000000000, -0.000000000000000000, -0.000000000000000000 ) ) ;
#11638 = DIRECTION ( 'NONE',  ( 0.000000000000000000, 0.000000000000000000, -1.000000000000000000 ) ) ;
#11639 = CARTESIAN_POINT ( 'NONE',  ( -9.525000000000000355, -8.791741348502544184, 150.9780886705607656 ) ) ;
#11640 = VERTEX_POINT ( 'NONE', #1111 ) ;
#11641 = ORIENTED_EDGE ( 'NONE', *, *, #95, .T. ) ;
#11642 = VERTEX_POINT ( 'NONE', #5278 ) ;
#11643 = CIRCLE ( 'NONE', #2615, 2.080499999999998906 ) ;
#11644 = VERTEX_POINT ( 'NONE', #4185 ) ;
#11645 = DIRECTION ( 'NONE',  ( 0.000000000000000000, 0.000000000000000000, 1.000000000000000000 ) ) ;
#11646 = ADVANCED_FACE ( 'NONE', ( #12082 ), #8923, .F. ) ;
#11647 = CARTESIAN_POINT ( 'NONE',  ( -12.69999999999999751, -12.69999999999999929, 165.0999999999999943 ) ) ;
#11648 = CYLINDRICAL_SURFACE ( 'NONE', #6400, 17.66250000000000497 ) ;
#11649 = DIRECTION ( 'NONE',  ( 0.000000000000000000, -1.167321733413857777E-14, 1.000000000000000000 ) ) ;
#11650 = DIRECTION ( 'NONE',  ( 1.000000000000000000, 0.000000000000000000, 0.000000000000000000 ) ) ;
#11651 = CARTESIAN_POINT ( 'NONE',  ( -9.525000000000002132, 0.000000000000000000, 167.5999999999999943 ) ) ;
#11652 = DIRECTION ( 'NONE',  ( -0.000000000000000000, 1.000000000000000000, -0.000000000000000000 ) ) ;
#11653 = CIRCLE ( 'NONE', #12260, 2.270999999999995467 ) ;
#11654 = AXIS2_PLACEMENT_3D ( 'NONE', #356, #3416, #9182 ) ;
#11655 = ORIENTED_EDGE ( 'NONE', *, *, #10454, .T. ) ;
#11656 = EDGE_LOOP ( 'NONE', ( #3159, #9677, #4426, #12658 ) ) ;
#11657 = VERTEX_POINT ( 'NONE', #7069 ) ;
#11658 = EDGE_LOOP ( 'NONE', ( #6654, #544, #2894, #385 ) ) ;
#11659 = AXIS2_PLACEMENT_3D ( 'NONE', #3932, #8611, #10531 ) ;
#11660 = EDGE_CURVE ( 'NONE', #11629, #8053, #7093, .T. ) ;
#11661 = VECTOR ( 'NONE', #4177, 1000.000000000000000 ) ;
#11662 = DIRECTION ( 'NONE',  ( 0.000000000000000000, 0.000000000000000000, 1.000000000000000000 ) ) ;
#11663 = CARTESIAN_POINT ( 'NONE',  ( 9.525000000000000355, 10.07084749364666365, 25.18106772950216765 ) ) ;
#11664 = CIRCLE ( 'NONE', #11253, 2.080499999999985139 ) ;
#11665 = CARTESIAN_POINT ( 'NONE',  ( -9.525000000000000355, 11.15407434219260630, 26.95732780184214405 ) ) ;
#11666 = DIRECTION ( 'NONE',  ( -0.000000000000000000, 1.000000000000000000, -0.000000000000000000 ) ) ;
#11667 = CARTESIAN_POINT ( 'NONE',  ( 1.080765552152139379E-15, 25.40000000000000213, 99.10000000000000853 ) ) ;
#11668 = DIRECTION ( 'NONE',  ( 0.000000000000000000, 0.000000000000000000, 1.000000000000000000 ) ) ;
#11669 = CYLINDRICAL_SURFACE ( 'NONE', #5241, 2.080499999999998906 ) ;
#11670 = CIRCLE ( 'NONE', #10034, 2.080499999999998906 ) ;
#11671 = ADVANCED_FACE ( 'NONE', ( #10982 ), #5082, .F. ) ;
#11672 = ORIENTED_EDGE ( 'NONE', *, *, #2034, .T. ) ;
#11673 = AXIS2_PLACEMENT_3D ( 'NONE', #7888, #5133, #8783 ) ;
#11674 = EDGE_CURVE ( 'NONE', #7381, #11589, #6889, .T. ) ;
#11675 = VECTOR ( 'NONE', #1404, 1000.000000000000000 ) ;
#11676 = CARTESIAN_POINT ( 'NONE',  ( 9.525000000000000355, 16.22512784221258997, 132.7208071559915936 ) ) ;
#11677 = ORIENTED_EDGE ( 'NONE', *, *, #4533, .T. ) ;
#11678 = ORIENTED_EDGE ( 'NONE', *, *, #7700, .T. ) ;
#11679 = EDGE_CURVE ( 'NONE', #3449, #10010, #10570, .T. ) ;
#11680 = EDGE_LOOP ( 'NONE', ( #5450, #7676 ) ) ;
#11681 = DIRECTION ( 'NONE',  ( 0.000000000000000000, 0.000000000000000000, 1.000000000000000000 ) ) ;
#11682 = EDGE_CURVE ( 'NONE', #4303, #6681, #5257, .T. ) ;
#11683 = DIRECTION ( 'NONE',  ( 0.000000000000000000, 0.000000000000000000, 1.000000000000000000 ) ) ;
#11684 = DIRECTION ( 'NONE',  ( -1.000000000000000000, -0.000000000000000000, -0.000000000000000000 ) ) ;
#11685 = CARTESIAN_POINT ( 'NONE',  ( 12.70000000000000107, 10.07084749364666365, 126.7810677295021549 ) ) ;
#11686 = CARTESIAN_POINT ( 'NONE',  ( 12.70000000000000107, -4.072800018551144596, 53.33104783511790714 ) ) ;
#11687 = DIRECTION ( 'NONE',  ( 0.000000000000000000, 0.000000000000000000, 1.000000000000000000 ) ) ;
#11688 = AXIS2_PLACEMENT_3D ( 'NONE', #9078, #2639, #7226 ) ;
#11689 = DIRECTION ( 'NONE',  ( 0.000000000000000000, 0.000000000000000000, 1.000000000000000000 ) ) ;
#11690 = FACE_OUTER_BOUND ( 'NONE', #8337, .T. ) ;
#11691 = FACE_BOUND ( 'NONE', #2226, .T. ) ;
#11692 = ORIENTED_EDGE ( 'NONE', *, *, #5885, .T. ) ;
#11693 = ORIENTED_EDGE ( 'NONE', *, *, #12306, .T. ) ;
#11694 = VERTEX_POINT ( 'NONE', #2322 ) ;
#11695 = ORIENTED_EDGE ( 'NONE', *, *, #11389, .T. ) ;
#11696 = VERTEX_POINT ( 'NONE', #11113 ) ;
#11697 = DIRECTION ( 'NONE',  ( 0.000000000000000000, 0.000000000000000000, 1.000000000000000000 ) ) ;
#11698 = EDGE_CURVE ( 'NONE', #5918, #4147, #1564, .T. ) ;
#11699 = DIRECTION ( 'NONE',  ( -1.000000000000000000, 0.000000000000000000, 0.000000000000000000 ) ) ;
#11700 = CARTESIAN_POINT ( 'NONE',  ( 12.70000000000000107, 12.33648634557998314, 47.30376971111940776 ) ) ;
#11701 = CARTESIAN_POINT ( 'NONE',  ( 9.525000000000000355, -1.802455207620986100, 53.38559542427184823 ) ) ;
#11702 = AXIS2_PLACEMENT_3D ( 'NONE', #8969, #7179, #3132 ) ;
#11703 = EDGE_CURVE ( 'NONE', #6656, #10606, #7501, .T. ) ;
#11704 = LINE ( 'NONE', #10861, #384 ) ;
#11705 = ORIENTED_EDGE ( 'NONE', *, *, #5113, .F. ) ;
#11706 = ORIENTED_EDGE ( 'NONE', *, *, #4858, .F. ) ;
#11707 = ORIENTED_EDGE ( 'NONE', *, *, #2505, .T. ) ;
#11708 = ORIENTED_EDGE ( 'NONE', *, *, #2486, .F. ) ;
#11709 = CARTESIAN_POINT ( 'NONE',  ( 12.70000000000000107, 12.33648634557998314, 100.3747697111193986 ) ) ;
#11710 = CIRCLE ( 'NONE', #8631, 14.30000000000000071 ) ;
#11711 = LINE ( 'NONE', #8816, #9869 ) ;
#11712 = PLANE ( 'NONE',  #6664 ) ;
#11713 = DIRECTION ( 'NONE',  ( -1.000000000000000000, 0.000000000000000000, 0.000000000000000000 ) ) ;
#11714 = CYLINDRICAL_SURFACE ( 'NONE', #5304, 2.271000000000009234 ) ;
#11715 = LINE ( 'NONE', #4786, #1686 ) ;
#11716 = EDGE_CURVE ( 'NONE', #9249, #8073, #7969, .T. ) ;
#11717 = ORIENTED_EDGE ( 'NONE', *, *, #11005, .F. ) ;
#11718 = AXIS2_PLACEMENT_3D ( 'NONE', #9602, #8642, #11470 ) ;
#11719 = AXIS2_PLACEMENT_3D ( 'NONE', #6828, #5682, #7602 ) ;
#11720 = ORIENTED_EDGE ( 'NONE', *, *, #9071, .F. ) ;
#11721 = EDGE_LOOP ( 'NONE', ( #8796, #7629, #9563, #10278 ) ) ;
#11722 = ORIENTED_EDGE ( 'NONE', *, *, #10383, .F. ) ;
#11723 = LINE ( 'NONE', #7999, #8394 ) ;
#11724 = FACE_OUTER_BOUND ( 'NONE', #4287, .T. ) ;
#11725 = CIRCLE ( 'NONE', #9881, 2.080499999999998906 ) ;
#11726 = AXIS2_PLACEMENT_3D ( 'NONE', #8238, #11062, #5351 ) ;
#11727 = CARTESIAN_POINT ( 'NONE',  ( -12.69999999999999751, -12.69999999999999929, 165.0999999999999943 ) ) ;
#11728 = CARTESIAN_POINT ( 'NONE',  ( -12.69999999999999751, -5.371240620587816927, 24.84708431341438839 ) ) ;
#11729 = CARTESIAN_POINT ( 'NONE',  ( 12.70000000000000107, -5.371240620587816927, 75.64708431341438200 ) ) ;
#11730 = DIRECTION ( 'NONE',  ( 1.000000000000000000, 0.000000000000000000, 0.000000000000000000 ) ) ;
#11731 = EDGE_CURVE ( 'NONE', #304, #322, #5051, .T. ) ;
#11732 = VERTEX_POINT ( 'NONE', #6116 ) ;
#11733 = AXIS2_PLACEMENT_3D ( 'NONE', #3106, #7025, #533 ) ;
#11734 = AXIS2_PLACEMENT_3D ( 'NONE', #7006, #6700, #4517 ) ;
#11735 = CARTESIAN_POINT ( 'NONE',  ( 9.525000000000000355, -2.068405620284295310, 55.64096931301052251 ) ) ;
#11736 = ORIENTED_EDGE ( 'NONE', *, *, #9180, .T. ) ;
#11737 = ORIENTED_EDGE ( 'NONE', *, *, #3053, .T. ) ;
#11738 = ORIENTED_EDGE ( 'NONE', *, *, #5836, .F. ) ;
#11739 = DIRECTION ( 'NONE',  ( -1.000000000000000000, -0.000000000000000000, -0.000000000000000000 ) ) ;
#11740 = DIRECTION ( 'NONE',  ( 0.000000000000000000, 0.000000000000000000, 1.000000000000000000 ) ) ;
#11741 = CARTESIAN_POINT ( 'NONE',  ( 12.70000000000000107, -12.33648634558010748, 49.57476971111923802 ) ) ;
#11742 = DIRECTION ( 'NONE',  ( -1.000000000000000000, -0.000000000000000000, -0.000000000000000000 ) ) ;
#11743 = DIRECTION ( 'NONE',  ( 0.000000000000000000, 0.000000000000000000, -1.000000000000000000 ) ) ;
#11744 = LINE ( 'NONE', #8017, #9917 ) ;
#11745 = DIRECTION ( 'NONE',  ( 0.000000000000000000, 0.000000000000000000, 1.000000000000000000 ) ) ;
#11746 = LINE ( 'NONE', #10774, #4497 ) ;
#11747 = CARTESIAN_POINT ( 'NONE',  ( 1.555301434917138038E-15, 25.40000000000000213, 27.89999999999999147 ) ) ;
#11748 = FACE_OUTER_BOUND ( 'NONE', #5146, .T. ) ;
#11749 = EDGE_CURVE ( 'NONE', #3777, #1089, #1176, .T. ) ;
#11750 = EDGE_CURVE ( 'NONE', #1839, #1386, #1238, .T. ) ;
#11751 = CARTESIAN_POINT ( 'NONE',  ( -12.69999999999999929, 0.000000000000000000, 114.2999999999999972 ) ) ;
#11752 = ORIENTED_EDGE ( 'NONE', *, *, #10130, .T. ) ;
#11753 = EDGE_LOOP ( 'NONE', ( #10700, #2828 ) ) ;
#11754 = VERTEX_POINT ( 'NONE', #9051 ) ;
#11755 = CIRCLE ( 'NONE', #3964, 17.66250000000000497 ) ;
#11756 = ORIENTED_EDGE ( 'NONE', *, *, #11278, .T. ) ;
#11757 = VERTEX_POINT ( 'NONE', #10921 ) ;
#11758 = CARTESIAN_POINT ( 'NONE',  ( -9.525000000000002132, 0.000000000000000000, 114.2999999999999972 ) ) ;
#11759 = CALENDAR_DATE ( 2024, 18, 9 ) ;
#11760 = DIRECTION ( 'NONE',  ( -1.000000000000000000, -0.000000000000000000, -0.000000000000000000 ) ) ;
#11761 = ADVANCED_FACE ( 'NONE', ( #2136 ), #6052, .F. ) ;
#11762 = DIRECTION ( 'NONE',  ( 0.000000000000000000, 0.000000000000000000, -1.000000000000000000 ) ) ;
#11763 = CARTESIAN_POINT ( 'NONE',  ( 12.70000000000000107, -12.33648634558010748, 148.9037697111192244 ) ) ;
#11764 = VECTOR ( 'NONE', #7829, 1000.000000000000000 ) ;
#11765 = ADVANCED_FACE ( 'NONE', ( #9361 ), #3528, .F. ) ;
#11766 = CARTESIAN_POINT ( 'NONE',  ( -12.69999999999999751, 3.577867169202164632E-15, 139.7000000000000171 ) ) ;
#11767 = ORIENTED_EDGE ( 'NONE', *, *, #9606, .F. ) ;
#11768 = ORIENTED_EDGE ( 'NONE', *, *, #1709, .F. ) ;
#11769 = ORIENTED_EDGE ( 'NONE', *, *, #2173, .F. ) ;
#11770 = ORIENTED_EDGE ( 'NONE', *, *, #4731, .T. ) ;
#11771 = CARTESIAN_POINT ( 'NONE',  ( -9.525000000000000355, 4.072800018551152590, 73.66895216488211418 ) ) ;
#11772 = CIRCLE ( 'NONE', #709, 14.30000000000000782 ) ;
#11773 = CARTESIAN_POINT ( 'NONE',  ( -12.69999999999999751, -25.39999999999999503, 177.8000000000000114 ) ) ;
#11774 = DIRECTION ( 'NONE',  ( -1.000000000000000000, 0.000000000000000000, 0.000000000000000000 ) ) ;
#11775 = DIRECTION ( 'NONE',  ( 0.000000000000000000, 0.000000000000000000, 1.000000000000000000 ) ) ;
#11776 = DIRECTION ( 'NONE',  ( -1.000000000000000000, 0.000000000000000000, 0.000000000000000000 ) ) ;
#11777 = EDGE_CURVE ( 'NONE', #8054, #2083, #3606, .T. ) ;
#11778 = EDGE_CURVE ( 'NONE', #1358, #667, #1368, .T. ) ;
#11779 = DIRECTION ( 'NONE',  ( -1.000000000000000000, 0.000000000000000000, 0.000000000000000000 ) ) ;
#11780 = DIRECTION ( 'NONE',  ( 0.000000000000000000, 1.000000000000000000, 0.000000000000000000 ) ) ;
#11781 = EDGE_LOOP ( 'NONE', ( #9033, #12193, #7060, #8423 ) ) ;
#11782 = AXIS2_PLACEMENT_3D ( 'NONE', #3590, #4559, #10329 ) ;
#11783 = VERTEX_POINT ( 'NONE', #592 ) ;
#11784 = ORIENTED_EDGE ( 'NONE', *, *, #12554, .F. ) ;
#11785 = ORIENTED_EDGE ( 'NONE', *, *, #2663, .T. ) ;
#11786 = CARTESIAN_POINT ( 'NONE',  ( -12.69999999999999751, 3.061616997868373773E-16, 111.8000000000000114 ) ) ;
#11787 = LINE ( 'NONE', #50, #858 ) ;
#11788 = EDGE_CURVE ( 'NONE', #2019, #3664, #4490, .T. ) ;
#11789 = AXIS2_PLACEMENT_3D ( 'NONE', #4360, #1228, #334 ) ;
#11790 = DIRECTION ( 'NONE',  ( 0.000000000000000000, 0.000000000000000000, 1.000000000000000000 ) ) ;
#11791 = DIRECTION ( 'NONE',  ( 1.000000000000000000, 0.000000000000000000, 0.000000000000000000 ) ) ;
#11792 = CIRCLE ( 'NONE', #3803, 2.499999999999995115 ) ;
#11793 = CARTESIAN_POINT ( 'NONE',  ( 9.525000000000000355, -6.152699789198520897, 154.8810759023857315 ) ) ;
#11794 = ORIENTED_EDGE ( 'NONE', *, *, #11094, .T. ) ;
#11795 = AXIS2_PLACEMENT_3D ( 'NONE', #9461, #4344, #11211 ) ;
#11796 = CIRCLE ( 'NONE', #123, 2.080499999999985139 ) ;
#11797 = CARTESIAN_POINT ( 'NONE',  ( -12.69999999999999929, -12.69999999999999929, 111.8000000000000114 ) ) ;
#11798 = VERTEX_POINT ( 'NONE', #6425 ) ;
#11799 = ORIENTED_EDGE ( 'NONE', *, *, #2734, .F. ) ;
#11800 = ORIENTED_EDGE ( 'NONE', *, *, #9723, .T. ) ;
#11801 = VECTOR ( 'NONE', #4718, 1000.000000000000000 ) ;
#11802 = DIRECTION ( 'NONE',  ( 0.000000000000000000, 8.338012381527555325E-15, -1.000000000000000000 ) ) ;
#11803 = CIRCLE ( 'NONE', #2181, 2.080499999999998906 ) ;
#11804 = EDGE_CURVE ( 'NONE', #9072, #12505, #12199, .T. ) ;
#11805 = DIRECTION ( 'NONE',  ( 0.000000000000000000, 0.000000000000000000, -1.000000000000000000 ) ) ;
#11806 = FACE_OUTER_BOUND ( 'NONE', #4934, .T. ) ;
#11807 = CARTESIAN_POINT ( 'NONE',  ( -12.69999999999999751, -4.072800018551144596, 22.86895216488212412 ) ) ;
#11808 = VECTOR ( 'NONE', #12038, 1000.000000000000000 ) ;
#11809 = LINE ( 'NONE', #5844, #4190 ) ;
#11810 = CIRCLE ( 'NONE', #7098, 14.30000000000000782 ) ;
#11811 = CYLINDRICAL_SURFACE ( 'NONE', #1361, 2.270999999999995467 ) ;
#11812 = CARTESIAN_POINT ( 'NONE',  ( -12.69999999999999751, 12.69999999999999929, 167.5999999999999943 ) ) ;
#11813 = CARTESIAN_POINT ( 'NONE',  ( 12.70000000000000107, 3.577867169202164632E-15, 139.7000000000000171 ) ) ;
#11814 = DIRECTION ( 'NONE',  ( 0.000000000000000000, 1.000000000000000000, 0.000000000000000000 ) ) ;
#11815 = ORGANIZATION ( 'UNSPECIFIED', 'UNSPECIFIED', '' ) ;
#11816 = DIRECTION ( 'NONE',  ( 0.000000000000000000, 0.000000000000000000, 1.000000000000000000 ) ) ;
#11817 = ORIENTED_EDGE ( 'NONE', *, *, #7929, .T. ) ;
#11818 = AXIS2_PLACEMENT_3D ( 'NONE', #1201, #11011, #9017 ) ;
#11819 = ORIENTED_EDGE ( 'NONE', *, *, #6187, .F. ) ;
#11820 = ORIENTED_EDGE ( 'NONE', *, *, #4926, .T. ) ;
#11821 = CIRCLE ( 'NONE', #7108, 2.270999999999995467 ) ;
#11822 = EDGE_LOOP ( 'NONE', ( #2574, #11348, #11363, #7473 ) ) ;
#11823 = ORIENTED_EDGE ( 'NONE', *, *, #4606, .T. ) ;
#11824 = LINE ( 'NONE', #1109, #7640 ) ;
#11825 = ADVANCED_FACE ( 'NONE', ( #3410 ), #1542, .F. ) ;
#11826 = DATE_AND_TIME ( #22, #11391 ) ;
#11827 = DIRECTION ( 'NONE',  ( 0.000000000000000000, 0.000000000000000000, 1.000000000000000000 ) ) ;
#11828 = LINE ( 'NONE', #6941, #3843 ) ;
#11829 = EDGE_CURVE ( 'NONE', #787, #7331, #8118, .T. ) ;
#11830 = CARTESIAN_POINT ( 'NONE',  ( -9.525000000000000355, 10.07084749364666365, 75.98106772950217191 ) ) ;
#11831 = CARTESIAN_POINT ( 'NONE',  ( -9.525000000000000355, 3.577867169202164632E-15, 139.7000000000000171 ) ) ;
#11832 = DIRECTION ( 'NONE',  ( 0.000000000000000000, 0.000000000000000000, 1.000000000000000000 ) ) ;
#11833 = CIRCLE ( 'NONE', #4009, 2.080499999999998906 ) ;
#11834 = CARTESIAN_POINT ( 'NONE',  ( -12.69999999999999751, 15.22687436074368783, 84.81162436304023799 ) ) ;
#11835 = ORIENTED_EDGE ( 'NONE', *, *, #3951, .F. ) ;
#11836 = VERTEX_POINT ( 'NONE', #4613 ) ;
#11837 = ORIENTED_EDGE ( 'NONE', *, *, #9665, .F. ) ;
#11838 = ORIENTED_EDGE ( 'NONE', *, *, #9213, .T. ) ;
#11839 = DIRECTION ( 'NONE',  ( 0.000000000000000000, 0.000000000000000000, -1.000000000000000000 ) ) ;
#11840 = AXIS2_PLACEMENT_3D ( 'NONE', #10768, #9552, #9810 ) ;
#11841 = EDGE_CURVE ( 'NONE', #10117, #1259, #2623, .T. ) ;
#11842 = DIRECTION ( 'NONE',  ( -1.000000000000000000, 0.000000000000000000, 0.000000000000000000 ) ) ;
#11843 = EDGE_CURVE ( 'NONE', #8025, #10091, #8342, .T. ) ;
#11844 = FACE_BOUND ( 'NONE', #7692, .T. ) ;
#11845 = CARTESIAN_POINT ( 'NONE',  ( 12.70000000000000107, 3.577867169202164632E-15, 88.90000000000000568 ) ) ;
#11846 = CARTESIAN_POINT ( 'NONE',  ( -9.525000000000000355, 3.577867169202164632E-15, 38.10000000000001563 ) ) ;
#11847 = CARTESIAN_POINT ( 'NONE',  ( -9.525000000000000355, 15.22687436074368783, 84.81162436304023799 ) ) ;
#11848 = ORIENTED_EDGE ( 'NONE', *, *, #856, .T. ) ;
#11849 = ORIENTED_EDGE ( 'NONE', *, *, #1181, .F. ) ;
#11850 = VERTEX_POINT ( 'NONE', #5399 ) ;
#11851 = VERTEX_POINT ( 'NONE', #470 ) ;
#11852 = CARTESIAN_POINT ( 'NONE',  ( -12.69999999999999751, 12.69999999999999929, 61.00000000000000711 ) ) ;
#11853 = EDGE_CURVE ( 'NONE', #7649, #11129, #2193, .T. ) ;
#11854 = CARTESIAN_POINT ( 'NONE',  ( 12.70000000000000107, 3.577867169202164632E-15, 38.10000000000001563 ) ) ;
#11855 = AXIS2_PLACEMENT_3D ( 'NONE', #6576, #9094, #10124 ) ;
#11856 = AXIS2_PLACEMENT_3D ( 'NONE', #12204, #5154, #8232 ) ;
#11857 = EDGE_CURVE ( 'NONE', #6966, #4526, #3207, .T. ) ;
#11858 = CARTESIAN_POINT ( 'NONE',  ( 1.861463134703975514E-15, 25.40000000000000213, 22.90000000000000568 ) ) ;
#11859 = CARTESIAN_POINT ( 'NONE',  ( -12.69999999999999751, 0.000000000000000000, 12.69999999999993356 ) ) ;
#11860 = CYLINDRICAL_SURFACE ( 'NONE', #10795, 2.080499999999998906 ) ;
#11861 = CARTESIAN_POINT ( 'NONE',  ( 12.70000000000000107, 3.577867169202164632E-15, 88.90000000000000568 ) ) ;
#11862 = ORIENTED_EDGE ( 'NONE', *, *, #4926, .F. ) ;
#11863 = CIRCLE ( 'NONE', #6136, 17.66249999999999787 ) ;
#11864 = ADVANCED_FACE ( 'NONE', ( #4431 ), #11353, .F. ) ;
#11865 = AXIS2_PLACEMENT_3D ( 'NONE', #7960, #77, #5850 ) ;
#11866 = CARTESIAN_POINT ( 'NONE',  ( 9.525000000000000355, 12.69999999999999929, 63.50000000000000000 ) ) ;
#11867 = VERTEX_POINT ( 'NONE', #2386 ) ;
#11868 = VERTEX_POINT ( 'NONE', #8282 ) ;
#11869 = ORIENTED_EDGE ( 'NONE', *, *, #685, .T. ) ;
#11870 = AXIS2_PLACEMENT_3D ( 'NONE', #4938, #10898, #9808 ) ;
#11871 = CARTESIAN_POINT ( 'NONE',  ( 7.746038523653021987E-16, -25.39999999999999503, 104.0999999999999801 ) ) ;
#11872 = LINE ( 'NONE', #1155, #414 ) ;
#11873 = CARTESIAN_POINT ( 'NONE',  ( -12.69999999999999751, -12.69999999999999929, 114.2999999999999972 ) ) ;
#11874 = VECTOR ( 'NONE', #2750, 1000.000000000000000 ) ;
#11875 = CARTESIAN_POINT ( 'NONE',  ( -12.69999999999999751, -4.072800018551144596, 124.4689521648821113 ) ) ;
#11876 = AXIS2_PLACEMENT_3D ( 'NONE', #4551, #1800, #12447 ) ;
#11877 = DIRECTION ( 'NONE',  ( 0.000000000000000000, 0.000000000000000000, 1.000000000000000000 ) ) ;
#11878 = DIRECTION ( 'NONE',  ( -0.000000000000000000, -0.000000000000000000, -1.000000000000000000 ) ) ;
#11879 = DIRECTION ( 'NONE',  ( 0.000000000000000000, 0.000000000000000000, -1.000000000000000000 ) ) ;
#11880 = DIRECTION ( 'NONE',  ( -0.000000000000000000, 1.000000000000000000, -0.000000000000000000 ) ) ;
#11881 = CIRCLE ( 'NONE', #11870, 2.270999999999995467 ) ;
#11882 = CARTESIAN_POINT ( 'NONE',  ( -12.69999999999999751, -16.22512784221249404, 81.92080715599139751 ) ) ;
#11883 = EDGE_CURVE ( 'NONE', #3359, #8604, #9732, .T. ) ;
#11884 = VERTEX_POINT ( 'NONE', #5524 ) ;
#11885 = ORIENTED_EDGE ( 'NONE', *, *, #11585, .T. ) ;
#11886 = VECTOR ( 'NONE', #9349, 1000.000000000000000 ) ;
#11887 = CIRCLE ( 'NONE', #4674, 2.270999999999995467 ) ;
#11888 = ORIENTED_EDGE ( 'NONE', *, *, #2212, .T. ) ;
#11889 = ORIENTED_EDGE ( 'NONE', *, *, #3328, .T. ) ;
#11890 = PERSON_AND_ORGANIZATION ( #11, #11815 ) ;
#11891 = CIRCLE ( 'NONE', #9832, 2.499999999999995115 ) ;
#11892 = DIRECTION ( 'NONE',  ( -1.000000000000000000, -0.000000000000000000, -0.000000000000000000 ) ) ;
#11893 = CARTESIAN_POINT ( 'NONE',  ( 12.70000000000000107, 3.577867169202164632E-15, 139.7000000000000171 ) ) ;
#11894 = CARTESIAN_POINT ( 'NONE',  ( 12.70000000000000107, -14.15672222192817387, 27.53822353099798192 ) ) ;
#11895 = CYLINDRICAL_SURFACE ( 'NONE', #7263, 14.30000000000000071 ) ;
#11896 = DIRECTION ( 'NONE',  ( -1.000000000000000000, -0.000000000000000000, -0.000000000000000000 ) ) ;
#11897 = EDGE_CURVE ( 'NONE', #11215, #2728, #557, .T. ) ;
#11898 = ORIENTED_EDGE ( 'NONE', *, *, #8725, .T. ) ;
#11899 = AXIS2_PLACEMENT_3D ( 'NONE', #9985, #7872, #4150 ) ;
#11900 = VERTEX_POINT ( 'NONE', #2450 ) ;
#11901 = VERTEX_POINT ( 'NONE', #6370 ) ;
#11902 = ORIENTED_EDGE ( 'NONE', *, *, #6819, .F. ) ;
#11903 = CARTESIAN_POINT ( 'NONE',  ( 12.70000000000000107, 4.072800018551152590, 73.66895216488211418 ) ) ;
#11904 = DIRECTION ( 'NONE',  ( 0.000000000000000000, 0.000000000000000000, -1.000000000000000000 ) ) ;
#11905 = CYLINDRICAL_SURFACE ( 'NONE', #3499, 2.499999999999988454 ) ;
#11906 = ADVANCED_FACE ( 'NONE', ( #7386 ), #11297, .F. ) ;
#11907 = CARTESIAN_POINT ( 'NONE',  ( 12.70000000000000107, -6.152699789198520897, 73.71892409761429121 ) ) ;
#11908 = DIRECTION ( 'NONE',  ( -1.000000000000000000, -0.000000000000000000, -0.000000000000000000 ) ) ;
#11909 = DIRECTION ( 'NONE',  ( 0.000000000000000000, 0.000000000000000000, 1.000000000000000000 ) ) ;
#11910 = DIRECTION ( 'NONE',  ( -0.000000000000000000, 1.000000000000000000, -0.000000000000000000 ) ) ;
#11911 = EDGE_CURVE ( 'NONE', #5455, #7210, #1955, .T. ) ;
#11912 = VERTEX_POINT ( 'NONE', #1996 ) ;
#11913 = EDGE_CURVE ( 'NONE', #4758, #12406, #9117, .T. ) ;
#11914 = ORIENTED_EDGE ( 'NONE', *, *, #4533, .F. ) ;
#11915 = EDGE_CURVE ( 'NONE', #8410, #9318, #2974, .T. ) ;
#11916 = EDGE_LOOP ( 'NONE', ( #3825, #5358 ) ) ;
#11917 = ORIENTED_EDGE ( 'NONE', *, *, #8395, .F. ) ;
#11918 = AXIS2_PLACEMENT_3D ( 'NONE', #9932, #8076, #8013 ) ;
#11919 = FACE_OUTER_BOUND ( 'NONE', #8137, .T. ) ;
#11920 = DIRECTION ( 'NONE',  ( -1.000000000000000000, 0.000000000000000000, 0.000000000000000000 ) ) ;
#11921 = DIRECTION ( 'NONE',  ( -1.000000000000000000, -0.000000000000000000, -0.000000000000000000 ) ) ;
#11922 = ADVANCED_FACE ( 'NONE', ( #5646 ), #12512, .F. ) ;
#11923 = DIRECTION ( 'NONE',  ( 0.000000000000000000, 0.000000000000000000, 1.000000000000000000 ) ) ;
#11924 = AXIS2_PLACEMENT_3D ( 'NONE', #5825, #6778, #11532 ) ;
#11925 = DIRECTION ( 'NONE',  ( -1.000000000000000000, 0.000000000000000000, 0.000000000000000000 ) ) ;
#11926 = ORIENTED_EDGE ( 'NONE', *, *, #6637, .T. ) ;
#11927 = ADVANCED_FACE ( 'NONE', ( #8830 ), #4986, .F. ) ;
#11928 = CARTESIAN_POINT ( 'NONE',  ( -12.69999999999999751, 14.13894155320113555, 133.6181742868475624 ) ) ;
#11929 = VERTEX_POINT ( 'NONE', #9023 ) ;
#11930 = ORIENTED_EDGE ( 'NONE', *, *, #7284, .T. ) ;
#11931 = CIRCLE ( 'NONE', #4143, 2.499999999999988454 ) ;
#11932 = AXIS2_PLACEMENT_3D ( 'NONE', #8310, #3439, #2477 ) ;
#11933 = VERTEX_POINT ( 'NONE', #6153 ) ;
#11934 = LINE ( 'NONE', #6096, #7783 ) ;
#11935 = CARTESIAN_POINT ( 'NONE',  ( 9.525000000000000355, -14.13894155320108759, 44.18182571315256268 ) ) ;
#11936 = FACE_OUTER_BOUND ( 'NONE', #10929, .T. ) ;
#11937 = CARTESIAN_POINT ( 'NONE',  ( 12.70000000000000107, 15.22687436074368783, 34.01162436304024084 ) ) ;
#11938 = CARTESIAN_POINT ( 'NONE',  ( 12.70000000000000107, -12.69999999999999929, 12.69999999999999929 ) ) ;
#11939 = EDGE_CURVE ( 'NONE', #1007, #8396, #12035, .T. ) ;
#11940 = DIRECTION ( 'NONE',  ( 0.000000000000000000, 0.000000000000000000, -1.000000000000000000 ) ) ;
#11941 = EDGE_CURVE ( 'NONE', #1324, #9661, #8957, .T. ) ;
#11942 = DIRECTION ( 'NONE',  ( -1.000000000000000000, -0.000000000000000000, -0.000000000000000000 ) ) ;
#11943 = CARTESIAN_POINT ( 'NONE',  ( 12.70000000000000107, 16.22512784221258997, 31.12080715599162417 ) ) ;
#11944 = FACE_OUTER_BOUND ( 'NONE', #8105, .T. ) ;
#11945 = AXIS2_PLACEMENT_3D ( 'NONE', #6547, #4752, #781 ) ;
#11946 = AXIS2_PLACEMENT_3D ( 'NONE', #4631, #12462, #2698 ) ;
#11947 = DIRECTION ( 'NONE',  ( 0.000000000000000000, 0.000000000000000000, 1.000000000000000000 ) ) ;
#11948 = VERTEX_POINT ( 'NONE', #4155 ) ;
#11949 = VERTEX_POINT ( 'NONE', #4927 ) ;
#11950 = EDGE_LOOP ( 'NONE', ( #7076, #5410 ) ) ;
#11951 = ORIENTED_EDGE ( 'NONE', *, *, #8692, .F. ) ;
#11952 = EDGE_LOOP ( 'NONE', ( #3495, #2937, #11693, #6479 ) ) ;
#11953 = CIRCLE ( 'NONE', #5180, 2.499999999999988454 ) ;
#11954 = COORDINATED_UNIVERSAL_TIME_OFFSET ( 6, 0, .BEHIND. ) ;
#11955 = CARTESIAN_POINT ( 'NONE',  ( 1.555301434917138038E-15, 22.22500000000000142, 127.0000000000000000 ) ) ;
#11956 = ADVANCED_FACE ( 'NONE', ( #8128 ), #2165, .F. ) ;
#11957 = DIRECTION ( 'NONE',  ( 0.000000000000000000, -1.000000000000000000, 0.000000000000000000 ) ) ;
#11958 = LINE ( 'NONE', #6054, #8937 ) ;
#11959 = DIRECTION ( 'NONE',  ( -1.000000000000000000, 0.000000000000000000, 0.000000000000000000 ) ) ;
#11960 = DIRECTION ( 'NONE',  ( -1.000000000000000000, 0.000000000000000000, 0.000000000000000000 ) ) ;
#11961 = VECTOR ( 'NONE', #5445, 1000.000000000000000 ) ;
#11962 = VERTEX_POINT ( 'NONE', #1078 ) ;
#11963 = VERTEX_POINT ( 'NONE', #7103 ) ;
#11964 = EDGE_LOOP ( 'NONE', ( #7565, #2498 ) ) ;
#11965 = ORIENTED_EDGE ( 'NONE', *, *, #9562, .T. ) ;
#11966 = CARTESIAN_POINT ( 'NONE',  ( 12.70000000000000107, -1.802455207620986100, 73.61440457572818730 ) ) ;
#11967 = CARTESIAN_POINT ( 'NONE',  ( -9.525000000000002132, -12.69999999999999929, 111.8000000000000114 ) ) ;
#11968 = DIRECTION ( 'NONE',  ( -1.000000000000000000, -0.000000000000000000, -0.000000000000000000 ) ) ;
#11969 = DIRECTION ( 'NONE',  ( -0.000000000000000000, 1.000000000000000000, -0.000000000000000000 ) ) ;
#11970 = EDGE_CURVE ( 'NONE', #5806, #9778, #3174, .T. ) ;
#11971 = CIRCLE ( 'NONE', #897, 2.080499999999998906 ) ;
#11972 = DIRECTION ( 'NONE',  ( 0.000000000000000000, -1.667602476305511223E-15, 1.000000000000000000 ) ) ;
#11973 = DIRECTION ( 'NONE',  ( 0.000000000000000000, 0.000000000000000000, 1.000000000000000000 ) ) ;
#11974 = VERTEX_POINT ( 'NONE', #9081 ) ;
#11975 = ORIENTED_EDGE ( 'NONE', *, *, #6583, .F. ) ;
#11976 = ORIENTED_EDGE ( 'NONE', *, *, #6489, .F. ) ;
#11977 = ORIENTED_EDGE ( 'NONE', *, *, #1764, .F. ) ;
#11978 = VECTOR ( 'NONE', #3652, 1000.000000000000000 ) ;
#11979 = DIRECTION ( 'NONE',  ( 0.000000000000000000, 0.000000000000000000, 1.000000000000000000 ) ) ;
#11980 = DIRECTION ( 'NONE',  ( -1.000000000000000000, -0.000000000000000000, -0.000000000000000000 ) ) ;
#11981 = CARTESIAN_POINT ( 'NONE',  ( 7.746038523653021987E-16, 25.40000000000000213, 53.29999999999998295 ) ) ;
#11982 = LINE ( 'NONE', #6857, #11587 ) ;
#11983 = ADVANCED_FACE ( 'NONE', ( #12052 ), #1138, .F. ) ;
#11984 = EDGE_CURVE ( 'NONE', #11188, #980, #1270, .T. ) ;
#11985 = DIRECTION ( 'NONE',  ( 0.000000000000000000, 1.000000000000000000, 0.000000000000000000 ) ) ;
#11986 = AXIS2_PLACEMENT_3D ( 'NONE', #2660, #1052, #1114 ) ;
#11987 = DIRECTION ( 'NONE',  ( -1.000000000000000000, 0.000000000000000000, 0.000000000000000000 ) ) ;
#11988 = FACE_OUTER_BOUND ( 'NONE', #3727, .T. ) ;
#11989 = ORIENTED_EDGE ( 'NONE', *, *, #1101, .T. ) ;
#11990 = DIRECTION ( 'NONE',  ( -0.000000000000000000, 1.000000000000000000, -0.000000000000000000 ) ) ;
#11991 = VERTEX_POINT ( 'NONE', #10820 ) ;
#11992 = ORIENTED_EDGE ( 'NONE', *, *, #4451, .T. ) ;
#11993 = VECTOR ( 'NONE', #12025, 1000.000000000000000 ) ;
#11994 = ORIENTED_EDGE ( 'NONE', *, *, #9550, .T. ) ;
#11995 = DIRECTION ( 'NONE',  ( 0.000000000000000000, 0.000000000000000000, 1.000000000000000000 ) ) ;
#11996 = CIRCLE ( 'NONE', #2560, 2.271000000000009234 ) ;
#11997 = CARTESIAN_POINT ( 'NONE',  ( -12.69999999999999751, 12.69999999999999929, 114.2999999999999972 ) ) ;
#11998 = EDGE_CURVE ( 'NONE', #11259, #213, #8889, .T. ) ;
#11999 = CARTESIAN_POINT ( 'NONE',  ( 12.70000000000000107, 6.152699789198528002, 22.91892409761429406 ) ) ;
#12000 = LINE ( 'NONE', #6410, #6080 ) ;
#12001 = LINE ( 'NONE', #7956, #10849 ) ;
#12002 = CYLINDRICAL_SURFACE ( 'NONE', #8656, 2.080499999999998906 ) ;
#12003 = CARTESIAN_POINT ( 'NONE',  ( -9.525000000000002132, 0.000000000000000000, 15.19999999999992646 ) ) ;
#12004 = CARTESIAN_POINT ( 'NONE',  ( 12.70000000000000107, 8.791741348502629450, 26.82191132943933454 ) ) ;
#12005 = VERTEX_POINT ( 'NONE', #7940 ) ;
#12006 = VECTOR ( 'NONE', #3001, 1000.000000000000000 ) ;
#12007 = ORIENTED_EDGE ( 'NONE', *, *, #5865, .F. ) ;
#12008 = ORIENTED_EDGE ( 'NONE', *, *, #1429, .F. ) ;
#12009 = EDGE_CURVE ( 'NONE', #222, #3696, #5434, .T. ) ;
#12010 = EDGE_CURVE ( 'NONE', #2825, #2113, #7515, .T. ) ;
#12011 = ORIENTED_EDGE ( 'NONE', *, *, #5479, .F. ) ;
#12012 = VERTEX_POINT ( 'NONE', #4640 ) ;
#12013 = DIRECTION ( 'NONE',  ( 0.000000000000000000, 0.000000000000000000, 1.000000000000000000 ) ) ;
#12014 = AXIS2_PLACEMENT_3D ( 'NONE', #366, #4265, #10159 ) ;
#12015 = CIRCLE ( 'NONE', #1146, 14.30000000000000782 ) ;
#12016 = CARTESIAN_POINT ( 'NONE',  ( 1.861463134703974725E-15, -25.39999999999999503, 162.5999999999999943 ) ) ;
#12017 = ADVANCED_FACE ( 'NONE', ( #6622 ), #11083, .F. ) ;
#12018 = DIRECTION ( 'NONE',  ( 0.000000000000000000, 0.000000000000000000, -1.000000000000000000 ) ) ;
#12019 = FACE_OUTER_BOUND ( 'NONE', #3231, .T. ) ;
#12020 = FACE_OUTER_BOUND ( 'NONE', #8836, .T. ) ;
#12021 = DIRECTION ( 'NONE',  ( -1.000000000000000000, -0.000000000000000000, -0.000000000000000000 ) ) ;
#12022 = PRODUCT_DEFINITION_FORMATION_WITH_SPECIFIED_SOURCE ( 'ANY', '', #6171, .NOT_KNOWN. ) ;
#12023 = EDGE_CURVE ( 'NONE', #5775, #4873, #9769, .T. ) ;
#12024 = VECTOR ( 'NONE', #5340, 1000.000000000000000 ) ;
#12025 = DIRECTION ( 'NONE',  ( -0.000000000000000000, 1.000000000000000000, -0.000000000000000000 ) ) ;
#12026 = AXIS2_PLACEMENT_3D ( 'NONE', #6146, #10045, #9077 ) ;
#12027 = DIRECTION ( 'NONE',  ( 0.000000000000000000, 0.000000000000000000, 1.000000000000000000 ) ) ;
#12028 = VECTOR ( 'NONE', #1348, 1000.000000000000000 ) ;
#12029 = ORIENTED_EDGE ( 'NONE', *, *, #6445, .T. ) ;
#12030 = ADVANCED_FACE ( 'NONE', ( #12340 ), #3250, .F. ) ;
#12031 = VERTEX_POINT ( 'NONE', #6444 ) ;
#12032 = EDGE_CURVE ( 'NONE', #10232, #9793, #3580, .T. ) ;
#12033 = EDGE_LOOP ( 'NONE', ( #6951, #8169, #11862, #4318 ) ) ;
#12034 = FACE_OUTER_BOUND ( 'NONE', #3577, .T. ) ;
#12035 = CIRCLE ( 'NONE', #11373, 14.30000000000000782 ) ;
#12036 = CARTESIAN_POINT ( 'NONE',  ( 12.70000000000000107, 11.15407434219260630, 26.95732780184214405 ) ) ;
#12037 = DIRECTION ( 'NONE',  ( 1.000000000000000000, -0.000000000000000000, -0.000000000000000000 ) ) ;
#12038 = DIRECTION ( 'NONE',  ( -1.000000000000000000, -0.000000000000000000, -0.000000000000000000 ) ) ;
#12039 = AXIS2_PLACEMENT_3D ( 'NONE', #9730, #8768, #3900 ) ;
#12040 = FACE_OUTER_BOUND ( 'NONE', #7015, .T. ) ;
#12041 = CARTESIAN_POINT ( 'NONE',  ( 9.525000000000000355, 14.13894155320113555, 133.6181742868475624 ) ) ;
#12042 = ORIENTED_EDGE ( 'NONE', *, *, #2566, .F. ) ;
#12043 = ORIENTED_EDGE ( 'NONE', *, *, #2143, .T. ) ;
#12044 = VERTEX_POINT ( 'NONE', #733 ) ;
#12045 = CIRCLE ( 'NONE', #976, 2.499999999999988454 ) ;
#12046 = ORIENTED_EDGE ( 'NONE', *, *, #5705, .F. ) ;
#12047 = EDGE_CURVE ( 'NONE', #2227, #10786, #326, .T. ) ;
#12048 = DIRECTION ( 'NONE',  ( 1.000000000000000000, -0.000000000000000000, -0.000000000000000000 ) ) ;
#12049 = CARTESIAN_POINT ( 'NONE',  ( 12.70000000000000107, -15.22687436074365230, 143.7883756369598984 ) ) ;
#12050 = CARTESIAN_POINT ( 'NONE',  ( -12.69999999999999751, 11.15407434219237004, 150.8426721981581125 ) ) ;
#12051 = CARTESIAN_POINT ( 'NONE',  ( 9.525000000000000355, -2.068405620284290425, 122.1590306869894960 ) ) ;
#12052 = FACE_OUTER_BOUND ( 'NONE', #6822, .T. ) ;
#12053 = CYLINDRICAL_SURFACE ( 'NONE', #3323, 2.080499999999998906 ) ;
#12054 = CARTESIAN_POINT ( 'NONE',  ( -9.525000000000002132, -12.69999999999999929, 61.00000000000000711 ) ) ;
#12055 = CARTESIAN_POINT ( 'NONE',  ( 0.000000000000000000, -25.39999999999999503, 12.69999999999999929 ) ) ;
#12056 = VERTEX_POINT ( 'NONE', #1506 ) ;
#12057 = ADVANCED_FACE ( 'NONE', ( #10532 ), #7405, .F. ) ;
#12058 = ORIENTED_EDGE ( 'NONE', *, *, #6373, .T. ) ;
#12059 = ORIENTED_EDGE ( 'NONE', *, *, #5574, .F. ) ;
#12060 = AXIS2_PLACEMENT_3D ( 'NONE', #3156, #5089, #7850 ) ;
#12061 = EDGE_LOOP ( 'NONE', ( #12179, #3322 ) ) ;
#12062 = LINE ( 'NONE', #3263, #1229 ) ;
#12063 = DIRECTION ( 'NONE',  ( -0.000000000000000000, 1.000000000000000000, -0.000000000000000000 ) ) ;
#12064 = CARTESIAN_POINT ( 'NONE',  ( 9.525000000000000355, -14.15672222192825025, 99.46177646900194702 ) ) ;
#12065 = DIRECTION ( 'NONE',  ( -1.000000000000000000, -0.000000000000000000, -0.000000000000000000 ) ) ;
#12066 = EDGE_CURVE ( 'NONE', #7505, #7252, #6084, .T. ) ;
#12067 = DIRECTION ( 'NONE',  ( -1.000000000000000000, -0.000000000000000000, -0.000000000000000000 ) ) ;
#12068 = FACE_BOUND ( 'NONE', #7840, .T. ) ;
#12069 = CYLINDRICAL_SURFACE ( 'NONE', #6414, 2.270999999999995467 ) ;
#12070 = FACE_OUTER_BOUND ( 'NONE', #9967, .T. ) ;
#12071 = AXIS2_PLACEMENT_3D ( 'NONE', #4691, #10588, #8534 ) ;
#12072 = EDGE_CURVE ( 'NONE', #6279, #4423, #11996, .T. ) ;
#12073 = CARTESIAN_POINT ( 'NONE',  ( 9.525000000000000355, -12.69999999999999929, 114.2999999999999972 ) ) ;
#12074 = EDGE_CURVE ( 'NONE', #6387, #227, #4435, .T. ) ;
#12075 = EDGE_CURVE ( 'NONE', #1149, #11258, #4207, .T. ) ;
#12076 = VERTEX_POINT ( 'NONE', #7593 ) ;
#12077 = ORIENTED_EDGE ( 'NONE', *, *, #7700, .F. ) ;
#12078 = ORIENTED_EDGE ( 'NONE', *, *, #11897, .F. ) ;
#12079 = VERTEX_POINT ( 'NONE', #11315 ) ;
#12080 = CIRCLE ( 'NONE', #3055, 2.080499999999998906 ) ;
#12081 = LINE ( 'NONE', #3470, #6939 ) ;
#12082 = FACE_OUTER_BOUND ( 'NONE', #4221, .T. ) ;
#12083 = FACE_OUTER_BOUND ( 'NONE', #6058, .T. ) ;
#12084 = CARTESIAN_POINT ( 'NONE',  ( 9.525000000000000355, 2.068405620284300195, 122.1590306869894960 ) ) ;
#12085 = DIRECTION ( 'NONE',  ( 0.000000000000000000, 1.667602476305511223E-15, -1.000000000000000000 ) ) ;
#12086 = CIRCLE ( 'NONE', #5109, 17.66250000000000142 ) ;
#12087 = DIRECTION ( 'NONE',  ( 0.000000000000000000, 1.000000000000000000, 0.000000000000000000 ) ) ;
#12088 = AXIS2_PLACEMENT_3D ( 'NONE', #1303, #11957, #284 ) ;
#12089 = CARTESIAN_POINT ( 'NONE',  ( 12.70000000000000107, 12.69999999999999929, 15.19999999999999574 ) ) ;
#12090 = AXIS2_PLACEMENT_3D ( 'NONE', #2685, #4612, #3852 ) ;
#12091 = ORIENTED_EDGE ( 'NONE', *, *, #11555, .T. ) ;
#12092 = EDGE_CURVE ( 'NONE', #7727, #7155, #10146, .T. ) ;
#12093 = ORIENTED_EDGE ( 'NONE', *, *, #1589, .T. ) ;
#12094 = AXIS2_PLACEMENT_3D ( 'NONE', #6286, #6465, #2547 ) ;
#12095 = VERTEX_POINT ( 'NONE', #11502 ) ;
#12096 = ORIENTED_EDGE ( 'NONE', *, *, #1940, .T. ) ;
#12097 = CARTESIAN_POINT ( 'NONE',  ( -9.525000000000000355, 10.07084749364666365, 126.7810677295021549 ) ) ;
#12098 = CARTESIAN_POINT ( 'NONE',  ( 7.746038523653021987E-16, -22.22499999999999787, 152.3999999999999773 ) ) ;
#12099 = DIRECTION ( 'NONE',  ( -1.000000000000000000, 0.000000000000000000, 0.000000000000000000 ) ) ;
#12100 = AXIS2_PLACEMENT_3D ( 'NONE', #3977, #8788, #7 ) ;
#12101 = CARTESIAN_POINT ( 'NONE',  ( 12.70000000000000107, -25.39999999999999503, 0.000000000000000000 ) ) ;
#12102 = CARTESIAN_POINT ( 'NONE',  ( -12.69999999999999929, 12.69999999999999929, 15.19999999999998863 ) ) ;
#12103 = EDGE_CURVE ( 'NONE', #6048, #5549, #9970, .T. ) ;
#12104 = AXIS2_PLACEMENT_3D ( 'NONE', #6974, #1135, #5048 ) ;
#12105 = ORIENTED_EDGE ( 'NONE', *, *, #12445, .T. ) ;
#12106 = ORIENTED_EDGE ( 'NONE', *, *, #6683, .T. ) ;
#12107 = ORIENTED_EDGE ( 'NONE', *, *, #6335, .T. ) ;
#12108 = ORIENTED_EDGE ( 'NONE', *, *, #4883, .T. ) ;
#12109 = DIRECTION ( 'NONE',  ( 1.000000000000000000, 0.000000000000000000, 0.000000000000000000 ) ) ;
#12110 = AXIS2_PLACEMENT_3D ( 'NONE', #7781, #12592, #12527 ) ;
#12111 = CYLINDRICAL_SURFACE ( 'NONE', #3896, 2.270999999999995467 ) ;
#12112 = CARTESIAN_POINT ( 'NONE',  ( -12.69999999999999751, -12.69999999999999929, 63.50000000000000000 ) ) ;
#12113 = LINE ( 'NONE', #12234, #7294 ) ;
#12114 = FACE_OUTER_BOUND ( 'NONE', #10307, .T. ) ;
#12115 = EDGE_CURVE ( 'NONE', #8605, #2559, #7896, .T. ) ;
#12116 = CYLINDRICAL_SURFACE ( 'NONE', #5239, 2.270999999999995467 ) ;
#12117 = DIRECTION ( 'NONE',  ( 0.000000000000000000, 0.000000000000000000, -1.000000000000000000 ) ) ;
#12118 = ORIENTED_EDGE ( 'NONE', *, *, #11457, .T. ) ;
#12119 = CIRCLE ( 'NONE', #3916, 2.271000000000002128 ) ;
#12120 = ORIENTED_EDGE ( 'NONE', *, *, #8122, .T. ) ;
#12121 = ORIENTED_EDGE ( 'NONE', *, *, #9483, .T. ) ;
#12122 = DIRECTION ( 'NONE',  ( -1.000000000000000000, -0.000000000000000000, -0.000000000000000000 ) ) ;
#12123 = FACE_OUTER_BOUND ( 'NONE', #19, .T. ) ;
#12124 = AXIS2_PLACEMENT_3D ( 'NONE', #1854, #648, #1663 ) ;
#12125 = DIRECTION ( 'NONE',  ( 1.000000000000000000, 0.000000000000000000, 0.000000000000000000 ) ) ;
#12126 = FACE_OUTER_BOUND ( 'NONE', #4247, .T. ) ;
#12127 = EDGE_CURVE ( 'NONE', #11042, #10782, #8487, .T. ) ;
#12128 = CARTESIAN_POINT ( 'NONE',  ( 12.70000000000000107, 14.15672222192832841, 129.1382235309981752 ) ) ;
#12129 = DIRECTION ( 'NONE',  ( -0.000000000000000000, 1.000000000000000000, -0.000000000000000000 ) ) ;
#12130 = CARTESIAN_POINT ( 'NONE',  ( -9.525000000000000355, -1.802455207620986100, 154.9855954242718497 ) ) ;
#12131 = CARTESIAN_POINT ( 'NONE',  ( -9.525000000000000355, -16.22354728284505399, 137.4378563681121364 ) ) ;
#12132 = LINE ( 'NONE', #634, #6336 ) ;
#12133 = ORIENTED_EDGE ( 'NONE', *, *, #8598, .T. ) ;
#12134 = AXIS2_PLACEMENT_3D ( 'NONE', #5570, #7621, #12367 ) ;
#12135 = CIRCLE ( 'NONE', #6588, 2.080499999999998906 ) ;
#12136 = EDGE_LOOP ( 'NONE', ( #7223, #1105, #11976, #4891 ) ) ;
#12137 = EDGE_LOOP ( 'NONE', ( #768, #10877, #12540, #11156 ) ) ;
#12138 = EDGE_CURVE ( 'NONE', #8264, #4741, #2366, .T. ) ;
#12139 = ORIENTED_EDGE ( 'NONE', *, *, #813, .F. ) ;
#12140 = ORIENTED_EDGE ( 'NONE', *, *, #9029, .F. ) ;
#12141 = CARTESIAN_POINT ( 'NONE',  ( 12.70000000000000107, -8.791741348502544184, 150.9780886705607656 ) ) ;
#12142 = DIRECTION ( 'NONE',  ( 0.000000000000000000, 0.000000000000000000, 1.000000000000000000 ) ) ;
#12143 = CARTESIAN_POINT ( 'NONE',  ( -9.525000000000002132, -22.22499999999999787, 177.8000000000000114 ) ) ;
#12144 = EDGE_CURVE ( 'NONE', #6498, #10938, #4583, .T. ) ;
#12145 = CIRCLE ( 'NONE', #11521, 2.080500000000013117 ) ;
#12146 = CYLINDRICAL_SURFACE ( 'NONE', #4283, 2.080499999999998906 ) ;
#12147 = CIRCLE ( 'NONE', #1077, 2.080499999999998906 ) ;
#12148 = CARTESIAN_POINT ( 'NONE',  ( -9.525000000000000355, 3.577867169202164632E-15, 88.90000000000000568 ) ) ;
#12149 = EDGE_CURVE ( 'NONE', #11490, #7522, #9127, .T. ) ;
#12150 = DIRECTION ( 'NONE',  ( -1.000000000000000000, 0.000000000000000000, 0.000000000000000000 ) ) ;
#12151 = DIRECTION ( 'NONE',  ( 0.000000000000000000, 0.000000000000000000, 1.000000000000000000 ) ) ;
#12152 = ORIENTED_EDGE ( 'NONE', *, *, #10812, .T. ) ;
#12153 = VECTOR ( 'NONE', #12516, 1000.000000000000000 ) ;
#12154 = AXIS2_PLACEMENT_3D ( 'NONE', #7780, #8800, #5017 ) ;
#12155 = VERTEX_POINT ( 'NONE', #809 ) ;
#12156 = VERTEX_POINT ( 'NONE', #1832 ) ;
#12157 = DIRECTION ( 'NONE',  ( -1.000000000000000000, 0.000000000000000000, 0.000000000000000000 ) ) ;
#12158 = CARTESIAN_POINT ( 'NONE',  ( -9.525000000000000355, 4.072800018551153478, 53.33104783511791425 ) ) ;
#12159 = CARTESIAN_POINT ( 'NONE',  ( 1.555301434917138433E-15, 25.40000000000000213, 114.2999999999999972 ) ) ;
#12160 = DIRECTION ( 'NONE',  ( 0.000000000000000000, 8.754913000603990915E-15, -1.000000000000000000 ) ) ;
#12161 = EDGE_CURVE ( 'NONE', #2097, #10042, #6767, .T. ) ;
#12162 = AXIS2_PLACEMENT_3D ( 'NONE', #645, #2553, #4736 ) ;
#12163 = ORIENTED_EDGE ( 'NONE', *, *, #6234, .T. ) ;
#12164 = EDGE_LOOP ( 'NONE', ( #110, #4031 ) ) ;
#12165 = ORIENTED_EDGE ( 'NONE', *, *, #3743, .T. ) ;
#12166 = ORIENTED_EDGE ( 'NONE', *, *, #3274, .T. ) ;
#12167 = ORIENTED_EDGE ( 'NONE', *, *, #11804, .F. ) ;
#12168 = ADVANCED_FACE ( 'NONE', ( #6830 ), #2849, .T. ) ;
#12169 = CARTESIAN_POINT ( 'NONE',  ( -9.525000000000002132, -12.69999999999999929, 162.5999999999999943 ) ) ;
#12170 = CARTESIAN_POINT ( 'NONE',  ( -12.69999999999999929, 0.000000000000000000, 65.99999999999998579 ) ) ;
#12171 = DIRECTION ( 'NONE',  ( 1.000000000000000000, 0.000000000000000000, 0.000000000000000000 ) ) ;
#12172 = DIRECTION ( 'NONE',  ( 0.000000000000000000, 0.000000000000000000, 1.000000000000000000 ) ) ;
#12173 = CARTESIAN_POINT ( 'NONE',  ( 1.555301434917138433E-15, -25.39999999999999503, 63.50000000000000000 ) ) ;
#12174 = LINE ( 'NONE', #3316, #6587 ) ;
#12175 = DIRECTION ( 'NONE',  ( 0.000000000000000000, 0.000000000000000000, 1.000000000000000000 ) ) ;
#12176 = DIRECTION ( 'NONE',  ( 0.000000000000000000, 0.000000000000000000, -1.000000000000000000 ) ) ;
#12177 = VERTEX_POINT ( 'NONE', #3686 ) ;
#12178 = CIRCLE ( 'NONE', #1719, 2.080499999999998906 ) ;
#12179 = ORIENTED_EDGE ( 'NONE', *, *, #6967, .F. ) ;
#12180 = ADVANCED_FACE ( 'NONE', ( #10479 ), #3749, .F. ) ;
#12181 = ORIENTED_EDGE ( 'NONE', *, *, #7400, .F. ) ;
#12182 = LINE ( 'NONE', #6224, #7992 ) ;
#12183 = CIRCLE ( 'NONE', #4196, 2.500000000000002220 ) ;
#12184 = DIRECTION ( 'NONE',  ( 1.000000000000000000, 0.000000000000000000, 0.000000000000000000 ) ) ;
#12185 = CARTESIAN_POINT ( 'NONE',  ( 7.746038523653021987E-16, 25.40000000000000213, 139.6999999999999886 ) ) ;
#12186 = CYLINDRICAL_SURFACE ( 'NONE', #9151, 2.080499999999998906 ) ;
#12187 = FACE_OUTER_BOUND ( 'NONE', #10366, .T. ) ;
#12188 = CARTESIAN_POINT ( 'NONE',  ( 12.70000000000000107, -12.69999999999999929, 63.50000000000000000 ) ) ;
#12189 = CARTESIAN_POINT ( 'NONE',  ( 12.70000000000000107, -14.16298196909034779, 90.87482701602483814 ) ) ;
#12190 = CIRCLE ( 'NONE', #2962, 2.270999999999995467 ) ;
#12191 = ORIENTED_EDGE ( 'NONE', *, *, #3063, .F. ) ;
#12192 = ORIENTED_EDGE ( 'NONE', *, *, #5247, .F. ) ;
#12193 = ORIENTED_EDGE ( 'NONE', *, *, #10802, .T. ) ;
#12194 = EDGE_CURVE ( 'NONE', #11185, #6934, #5881, .T. ) ;
#12195 = ORIENTED_EDGE ( 'NONE', *, *, #5822, .T. ) ;
#12196 = VERTEX_POINT ( 'NONE', #7668 ) ;
#12197 = DIRECTION ( 'NONE',  ( 1.000000000000000000, 0.000000000000000000, 0.000000000000000000 ) ) ;
#12198 = LINE ( 'NONE', #3346, #1415 ) ;
#12199 = LINE ( 'NONE', #6484, #12024 ) ;
#12200 = CARTESIAN_POINT ( 'NONE',  ( 12.70000000000000107, -1.802455207620986100, 73.61440457572818730 ) ) ;
#12201 = VECTOR ( 'NONE', #4753, 1000.000000000000000 ) ;
#12202 = DIRECTION ( 'NONE',  ( -0.000000000000000000, 1.000000000000000000, -0.000000000000000000 ) ) ;
#12203 = DIRECTION ( 'NONE',  ( -1.000000000000000000, -0.000000000000000000, -0.000000000000000000 ) ) ;
#12204 = CARTESIAN_POINT ( 'NONE',  ( -9.525000000000002132, 0.000000000000000000, 165.0999999999999943 ) ) ;
#12205 = AXIS2_PLACEMENT_3D ( 'NONE', #10302, #5309, #3505 ) ;
#12206 = VERTEX_POINT ( 'NONE', #10542 ) ;
#12207 = VERTEX_POINT ( 'NONE', #6575 ) ;
#12208 = EDGE_CURVE ( 'NONE', #2545, #3708, #11380, .T. ) ;
#12209 = CIRCLE ( 'NONE', #737, 17.66249999999999787 ) ;
#12210 = ORIENTED_EDGE ( 'NONE', *, *, #10826, .T. ) ;
#12211 = ORIENTED_EDGE ( 'NONE', *, *, #8956, .T. ) ;
#12212 = CARTESIAN_POINT ( 'NONE',  ( -9.525000000000000355, 3.577867169202164632E-15, 139.7000000000000171 ) ) ;
#12213 = DIRECTION ( 'NONE',  ( -1.000000000000000000, -0.000000000000000000, -0.000000000000000000 ) ) ;
#12214 = CIRCLE ( 'NONE', #4013, 2.499999999999988454 ) ;
#12215 = DIRECTION ( 'NONE',  ( 0.000000000000000000, 1.000000000000000000, 0.000000000000000000 ) ) ;
#12216 = CARTESIAN_POINT ( 'NONE',  ( 12.70000000000000107, 14.16298196909033003, 90.87482701602503710 ) ) ;
#12217 = CIRCLE ( 'NONE', #9962, 2.080499999999998906 ) ;
#12218 = ADVANCED_FACE ( 'NONE', ( #7604 ), #8560, .F. ) ;
#12219 = CIRCLE ( 'NONE', #7915, 2.271000000000002128 ) ;
#12220 = ORIENTED_EDGE ( 'NONE', *, *, #12615, .T. ) ;
#12221 = VERTEX_POINT ( 'NONE', #5614 ) ;
#12222 = EDGE_CURVE ( 'NONE', #6389, #8025, #338, .T. ) ;
#12224 = ORIENTED_EDGE ( 'NONE', *, *, #7688, .T. ) ;
#12223 = AXIS2_PLACEMENT_3D ( 'NONE', #11049, #7197, #151 ) ;
#12225 = ORIENTED_EDGE ( 'NONE', *, *, #12638, .F. ) ;
#12226 = VERTEX_POINT ( 'NONE', #7732 ) ;
#12227 = EDGE_CURVE ( 'NONE', #6481, #3777, #11792, .T. ) ;
#12228 = EDGE_CURVE ( 'NONE', #1874, #10799, #5864, .T. ) ;
#12229 = AXIS2_PLACEMENT_3D ( 'NONE', #9581, #8368, #806 ) ;
#12230 = VECTOR ( 'NONE', #5569, 1000.000000000000000 ) ;
#12231 = CARTESIAN_POINT ( 'NONE',  ( 12.70000000000000107, -10.07084749364648069, 126.7810677295020128 ) ) ;
#12232 = DIRECTION ( 'NONE',  ( 0.000000000000000000, 0.000000000000000000, 1.000000000000000000 ) ) ;
#12233 = CARTESIAN_POINT ( 'NONE',  ( -9.525000000000002132, -22.22499999999999787, 177.8000000000000114 ) ) ;
#12234 = CARTESIAN_POINT ( 'NONE',  ( 12.70000000000000107, -11.15407434219252103, 150.8426721981579419 ) ) ;
#12235 = DIRECTION ( 'NONE',  ( 0.000000000000000000, 0.000000000000000000, -1.000000000000000000 ) ) ;
#12236 = DIRECTION ( 'NONE',  ( 0.000000000000000000, 0.000000000000000000, -1.000000000000000000 ) ) ;
#12237 = ORIENTED_EDGE ( 'NONE', *, *, #3361, .T. ) ;
#12238 = EDGE_CURVE ( 'NONE', #2171, #11185, #6879, .T. ) ;
#12239 = DIRECTION ( 'NONE',  ( -1.000000000000000000, 0.000000000000000000, 0.000000000000000000 ) ) ;
#12240 = VERTEX_POINT ( 'NONE', #748 ) ;
#12241 = ORIENTED_EDGE ( 'NONE', *, *, #6072, .F. ) ;
#12242 = CYLINDRICAL_SURFACE ( 'NONE', #7575, 2.080499999999985139 ) ;
#12243 = CARTESIAN_POINT ( 'NONE',  ( 12.70000000000000107, 8.791741348502629450, 77.62191132943932814 ) ) ;
#12244 = VECTOR ( 'NONE', #2745, 1000.000000000000000 ) ;
#12245 = DIRECTION ( 'NONE',  ( 1.000000000000000000, 0.000000000000000000, 0.000000000000000000 ) ) ;
#12246 = DIRECTION ( 'NONE',  ( -1.000000000000000000, -0.000000000000000000, -0.000000000000000000 ) ) ;
#12247 = DIRECTION ( 'NONE',  ( -0.000000000000000000, 1.000000000000000000, -0.000000000000000000 ) ) ;
#12248 = CARTESIAN_POINT ( 'NONE',  ( 12.70000000000000107, 1.802455207620993427, 154.9855954242718497 ) ) ;
#12249 = CARTESIAN_POINT ( 'NONE',  ( -9.525000000000000355, -14.13894155320104851, 32.01817428684736200 ) ) ;
#12250 = ADVANCED_FACE ( 'NONE', ( #11579 ), #4654, .F. ) ;
#12251 = EDGE_CURVE ( 'NONE', #3984, #9453, #6658, .T. ) ;
#12252 = ORIENTED_EDGE ( 'NONE', *, *, #6234, .F. ) ;
#12253 = ORIENTED_EDGE ( 'NONE', *, *, #2989, .T. ) ;
#12254 = ORIENTED_EDGE ( 'NONE', *, *, #6209, .T. ) ;
#12255 = ORIENTED_EDGE ( 'NONE', *, *, #180, .T. ) ;
#12256 = ORIENTED_EDGE ( 'NONE', *, *, #3726, .F. ) ;
#12257 = DIRECTION ( 'NONE',  ( 0.000000000000000000, 0.000000000000000000, 1.000000000000000000 ) ) ;
#12258 = DIRECTION ( 'NONE',  ( -1.000000000000000000, -0.000000000000000000, -0.000000000000000000 ) ) ;
#12259 = DIRECTION ( 'NONE',  ( 0.000000000000000000, 0.000000000000000000, 1.000000000000000000 ) ) ;
#12260 = AXIS2_PLACEMENT_3D ( 'NONE', #6832, #1960, #3887 ) ;
#12261 = DIRECTION ( 'NONE',  ( -0.000000000000000000, 1.000000000000000000, -0.000000000000000000 ) ) ;
#12262 = CARTESIAN_POINT ( 'NONE',  ( 1.555301434917138038E-15, 25.40000000000000213, 76.19999999999998863 ) ) ;
#12263 = DIRECTION ( 'NONE',  ( -1.000000000000000000, -0.000000000000000000, -0.000000000000000000 ) ) ;
#12264 = CARTESIAN_POINT ( 'NONE',  ( 12.70000000000000107, -12.33648634558004353, 79.69623028888069882 ) ) ;
#12265 = EDGE_CURVE ( 'NONE', #6868, #6980, #8306, .T. ) ;
#12266 = CARTESIAN_POINT ( 'NONE',  ( 12.70000000000000107, 14.15672222192810992, 99.46177646900214597 ) ) ;
#12267 = ORIENTED_EDGE ( 'NONE', *, *, #6967, .T. ) ;
#12268 = ORIENTED_EDGE ( 'NONE', *, *, #12509, .F. ) ;
#12269 = ORIENTED_EDGE ( 'NONE', *, *, #2620, .T. ) ;
#12270 = AXIS2_PLACEMENT_3D ( 'NONE', #5102, #7928, #11972 ) ;
#12271 = AXIS2_PLACEMENT_3D ( 'NONE', #10077, #6180, #9360 ) ;
#12272 = ORIENTED_EDGE ( 'NONE', *, *, #9228, .F. ) ;
#12273 = ORIENTED_EDGE ( 'NONE', *, *, #2103, .T. ) ;
#12274 = FACE_OUTER_BOUND ( 'NONE', #6221, .T. ) ;
#12275 = DIRECTION ( 'NONE',  ( 0.000000000000000000, 4.585906809840186431E-15, 1.000000000000000000 ) ) ;
#12276 = CIRCLE ( 'NONE', #10022, 2.080499999999985139 ) ;
#12277 = CYLINDRICAL_SURFACE ( 'NONE', #9336, 2.270999999999995467 ) ;
#12278 = DIRECTION ( 'NONE',  ( 0.000000000000000000, 0.000000000000000000, -1.000000000000000000 ) ) ;
#12279 = DIRECTION ( 'NONE',  ( 0.000000000000000000, 1.000000000000000000, 0.000000000000000000 ) ) ;
#12280 = ADVANCED_FACE ( 'NONE', ( #4006 ), #8818, .T. ) ;
#12281 = AXIS2_PLACEMENT_3D ( 'NONE', #5210, #2321, #9109 ) ;
#12282 = EDGE_LOOP ( 'NONE', ( #161, #4332, #10471, #8087 ) ) ;
#12283 = ORIENTED_EDGE ( 'NONE', *, *, #3471, .T. ) ;
#12284 = CIRCLE ( 'NONE', #4493, 2.499999999999992006 ) ;
#12285 = ORIENTED_EDGE ( 'NONE', *, *, #4578, .F. ) ;
#12286 = ORIENTED_EDGE ( 'NONE', *, *, #1393, .T. ) ;
#12287 = VECTOR ( 'NONE', #11032, 1000.000000000000000 ) ;
#12288 = EDGE_CURVE ( 'NONE', #1186, #4333, #10764, .T. ) ;
#12289 = AXIS2_PLACEMENT_3D ( 'NONE', #4230, #8205, #6226 ) ;
#12290 = CARTESIAN_POINT ( 'NONE',  ( -9.525000000000000355, 16.22354728284504333, 91.16214363188798586 ) ) ;
#12291 = DIRECTION ( 'NONE',  ( -1.000000000000000000, -0.000000000000000000, -0.000000000000000000 ) ) ;
#12292 = FACE_OUTER_BOUND ( 'NONE', #2809, .T. ) ;
#12293 = DIRECTION ( 'NONE',  ( 1.000000000000000000, -0.000000000000000000, -0.000000000000000000 ) ) ;
#12294 = ADVANCED_FACE ( 'NONE', ( #7927 ), #7988, .F. ) ;
#12295 = AXIS2_PLACEMENT_3D ( 'NONE', #4338, #12394, #11432 ) ;
#12296 = LINE ( 'NONE', #6636, #6399 ) ;
#12297 = EDGE_CURVE ( 'NONE', #12079, #8338, #12407, .T. ) ;
#12298 = CYLINDRICAL_SURFACE ( 'NONE', #6070, 2.499999999999992006 ) ;
#12299 = EDGE_CURVE ( 'NONE', #12226, #5490, #6467, .T. ) ;
#12300 = ORIENTED_EDGE ( 'NONE', *, *, #12032, .T. ) ;
#12301 = CIRCLE ( 'NONE', #3294, 2.080500000000013117 ) ;
#12302 = EDGE_LOOP ( 'NONE', ( #10590, #2712, #12604, #937 ) ) ;
#12303 = ORIENTED_EDGE ( 'NONE', *, *, #5797, .T. ) ;
#12304 = DIRECTION ( 'NONE',  ( -1.000000000000000000, -0.000000000000000000, -0.000000000000000000 ) ) ;
#12305 = DIRECTION ( 'NONE',  ( 0.000000000000000000, 0.000000000000000000, 1.000000000000000000 ) ) ;
#12306 = EDGE_CURVE ( 'NONE', #10317, #9930, #3948, .T. ) ;
#12307 = DIRECTION ( 'NONE',  ( 0.000000000000000000, 0.000000000000000000, 1.000000000000000000 ) ) ;
#12308 = CARTESIAN_POINT ( 'NONE',  ( 9.525000000000000355, -15.22687436074362388, 84.81162436304001062 ) ) ;
#12309 = DIRECTION ( 'NONE',  ( 1.000000000000000000, 0.000000000000000000, 0.000000000000000000 ) ) ;
#12310 = VECTOR ( 'NONE', #450, 1000.000000000000000 ) ;
#12311 = DIRECTION ( 'NONE',  ( 1.000000000000000000, 0.000000000000000000, 0.000000000000000000 ) ) ;
#12312 = ADVANCED_FACE ( 'NONE', ( #169 ), #4912, .F. ) ;
#12313 = CARTESIAN_POINT ( 'NONE',  ( 9.525000000000000355, 3.061616997868375253E-16, 10.19999999999994067 ) ) ;
#12314 = VERTEX_POINT ( 'NONE', #2028 ) ;
#12315 = ORIENTED_EDGE ( 'NONE', *, *, #8449, .F. ) ;
#12316 = VECTOR ( 'NONE', #3763, 1000.000000000000000 ) ;
#12317 = VERTEX_POINT ( 'NONE', #3104 ) ;
#12318 = ORIENTED_EDGE ( 'NONE', *, *, #7507, .F. ) ;
#12319 = EDGE_CURVE ( 'NONE', #8858, #11901, #8942, .T. ) ;
#12320 = DIRECTION ( 'NONE',  ( 0.000000000000000000, 0.000000000000000000, 1.000000000000000000 ) ) ;
#12321 = CARTESIAN_POINT ( 'NONE',  ( 9.525000000000000355, -8.791741348502467801, 26.82191132943921019 ) ) ;
#12322 = DIRECTION ( 'NONE',  ( -1.000000000000000000, -0.000000000000000000, -0.000000000000000000 ) ) ;
#12323 = CARTESIAN_POINT ( 'NONE',  ( 1.555301434917138038E-15, 22.22500000000000142, 129.5000000000000000 ) ) ;
#12324 = FACE_OUTER_BOUND ( 'NONE', #7981, .T. ) ;
#12325 = DIRECTION ( 'NONE',  ( 0.000000000000000000, 0.000000000000000000, 1.000000000000000000 ) ) ;
#12326 = FACE_OUTER_BOUND ( 'NONE', #3509, .T. ) ;
#12327 = AXIS2_PLACEMENT_3D ( 'NONE', #9536, #8577, #10565 ) ;
#12328 = AXIS2_PLACEMENT_3D ( 'NONE', #10540, #1766, #807 ) ;
#12329 = LINE ( 'NONE', #2691, #3038 ) ;
#12330 = ORIENTED_EDGE ( 'NONE', *, *, #10058, .T. ) ;
#12331 = ORIENTED_EDGE ( 'NONE', *, *, #6030, .T. ) ;
#12332 = VERTEX_POINT ( 'NONE', #12051 ) ;
#12333 = EDGE_LOOP ( 'NONE', ( #11869, #2532, #5769, #3755 ) ) ;
#12334 = ORIENTED_EDGE ( 'NONE', *, *, #11503, .T. ) ;
#12335 = DIRECTION ( 'NONE',  ( -0.000000000000000000, 1.000000000000000000, -0.000000000000000000 ) ) ;
#12336 = ADVANCED_FACE ( 'NONE', ( #10644 ), #5778, .F. ) ;
#12337 = LINE ( 'NONE', #671, #4447 ) ;
#12338 = DIRECTION ( 'NONE',  ( -0.000000000000000000, 1.000000000000000000, -0.000000000000000000 ) ) ;
#12339 = DIRECTION ( 'NONE',  ( 0.000000000000000000, 0.000000000000000000, 1.000000000000000000 ) ) ;
#12340 = FACE_OUTER_BOUND ( 'NONE', #4662, .T. ) ;
#12341 = ORIENTED_EDGE ( 'NONE', *, *, #6506, .T. ) ;
#12342 = VECTOR ( 'NONE', #4558, 1000.000000000000000 ) ;
#12343 = ORIENTED_EDGE ( 'NONE', *, *, #2929, .F. ) ;
#12344 = CIRCLE ( 'NONE', #6815, 2.499999999999996891 ) ;
#12345 = VERTEX_POINT ( 'NONE', #2942 ) ;
#12346 = ORIENTED_EDGE ( 'NONE', *, *, #8448, .T. ) ;
#12347 = ADVANCED_FACE ( 'NONE', ( #7102 ), #899, .T. ) ;
#12348 = CARTESIAN_POINT ( 'NONE',  ( 12.70000000000000107, 10.07084749364666365, 128.8615677295021271 ) ) ;
#12349 = CARTESIAN_POINT ( 'NONE',  ( -12.69999999999999751, 3.577867169202164632E-15, 88.90000000000000568 ) ) ;
#12350 = CARTESIAN_POINT ( 'NONE',  ( 9.525000000000000355, -4.072800018551144596, 104.1310478351178972 ) ) ;
#12351 = FACE_OUTER_BOUND ( 'NONE', #2215, .T. ) ;
#12352 = CIRCLE ( 'NONE', #1706, 17.66249999999999787 ) ;
#12353 = DIRECTION ( 'NONE',  ( -0.000000000000000000, 1.000000000000000000, -0.000000000000000000 ) ) ;
#12354 = DIRECTION ( 'NONE',  ( 0.000000000000000000, 0.000000000000000000, -1.000000000000000000 ) ) ;
#12355 = ORIENTED_EDGE ( 'NONE', *, *, #9736, .F. ) ;
#12356 = LINE ( 'NONE', #1230, #12483 ) ;
#12357 = CIRCLE ( 'NONE', #1714, 2.270999999999995467 ) ;
#12358 = ORIENTED_EDGE ( 'NONE', *, *, #7675, .T. ) ;
#12359 = EDGE_CURVE ( 'NONE', #1683, #9276, #2983, .T. ) ;
#12360 = ORIENTED_EDGE ( 'NONE', *, *, #5053, .F. ) ;
#12361 = DIRECTION ( 'NONE',  ( 0.000000000000000000, -6.253509286145666888E-15, -1.000000000000000000 ) ) ;
#12362 = EDGE_CURVE ( 'NONE', #9262, #5155, #310, .T. ) ;
#12363 = DIRECTION ( 'NONE',  ( 1.000000000000000000, -0.000000000000000000, -0.000000000000000000 ) ) ;
#12364 = DIRECTION ( 'NONE',  ( 0.000000000000000000, 0.000000000000000000, -1.000000000000000000 ) ) ;
#12365 = AXIS2_PLACEMENT_3D ( 'NONE', #5972, #9814, #5002 ) ;
#12366 = CARTESIAN_POINT ( 'NONE',  ( -12.69999999999999751, 14.15672222192810992, 150.2617764690021147 ) ) ;
#12367 = DIRECTION ( 'NONE',  ( 0.000000000000000000, 0.000000000000000000, -1.000000000000000000 ) ) ;
#12368 = CYLINDRICAL_SURFACE ( 'NONE', #12162, 2.500000000000002220 ) ;
#12369 = DIRECTION ( 'NONE',  ( -1.000000000000000000, 0.000000000000000000, 0.000000000000000000 ) ) ;
#12370 = CYLINDRICAL_SURFACE ( 'NONE', #5589, 2.499999999999988454 ) ;
#12371 = ORIENTED_EDGE ( 'NONE', *, *, #7910, .F. ) ;
#12372 = VERTEX_POINT ( 'NONE', #4211 ) ;
#12373 = EDGE_CURVE ( 'NONE', #831, #10029, #8127, .T. ) ;
#12374 = CIRCLE ( 'NONE', #12595, 2.270999999999995467 ) ;
#12375 = ORIENTED_EDGE ( 'NONE', *, *, #8256, .F. ) ;
#12376 = VERTEX_POINT ( 'NONE', #10705 ) ;
#12377 = DIRECTION ( 'NONE',  ( 0.000000000000000000, -6.670409905222044891E-15, -1.000000000000000000 ) ) ;
#12378 = EDGE_CURVE ( 'NONE', #5663, #9399, #2767, .T. ) ;
#12379 = CARTESIAN_POINT ( 'NONE',  ( 7.746038523653021987E-16, -25.39999999999999503, 152.3999999999999773 ) ) ;
#12380 = CARTESIAN_POINT ( 'NONE',  ( -12.69999999999999751, 12.69999999999999929, 10.20000000000000817 ) ) ;
#12381 = DIRECTION ( 'NONE',  ( -1.000000000000000000, -0.000000000000000000, -0.000000000000000000 ) ) ;
#12382 = DIRECTION ( 'NONE',  ( -1.000000000000000000, -0.000000000000000000, -0.000000000000000000 ) ) ;
#12383 = DIRECTION ( 'NONE',  ( -1.000000000000000000, -0.000000000000000000, -0.000000000000000000 ) ) ;
#12384 = CARTESIAN_POINT ( 'NONE',  ( 12.70000000000000107, 5.371240620587829362, 24.84708431341438839 ) ) ;
#12385 = CARTESIAN_POINT ( 'NONE',  ( 12.70000000000000107, 3.577867169202164632E-15, 38.10000000000001563 ) ) ;
#12386 = CIRCLE ( 'NONE', #7070, 17.66249999999999787 ) ;
#12387 = LINE ( 'NONE', #3594, #8774 ) ;
#12388 = ORIENTED_EDGE ( 'NONE', *, *, #9726, .T. ) ;
#12389 = ORIENTED_EDGE ( 'NONE', *, *, #559, .T. ) ;
#12390 = ORIENTED_EDGE ( 'NONE', *, *, #459, .F. ) ;
#12391 = CYLINDRICAL_SURFACE ( 'NONE', #4542, 2.500000000000002220 ) ;
#12392 = EDGE_CURVE ( 'NONE', #5061, #10553, #5240, .T. ) ;
#12393 = AXIS2_PLACEMENT_3D ( 'NONE', #6863, #6997, #75 ) ;
#12394 = DIRECTION ( 'NONE',  ( -1.000000000000000000, -0.000000000000000000, -0.000000000000000000 ) ) ;
#12395 = DIRECTION ( 'NONE',  ( -1.000000000000000000, -0.000000000000000000, -0.000000000000000000 ) ) ;
#12396 = EDGE_CURVE ( 'NONE', #2171, #9778, #4810, .T. ) ;
#12397 = CARTESIAN_POINT ( 'NONE',  ( 12.70000000000000107, 1.802455207620993427, 53.38559542427184823 ) ) ;
#12398 = FACE_BOUND ( 'NONE', #2018, .T. ) ;
#12399 = CARTESIAN_POINT ( 'NONE',  ( -12.69999999999999751, -12.69999999999999929, 10.20000000000000817 ) ) ;
#12400 = VECTOR ( 'NONE', #6842, 1000.000000000000000 ) ;
#12401 = AXIS2_PLACEMENT_3D ( 'NONE', #7926, #3044, #7336 ) ;
#12402 = EDGE_CURVE ( 'NONE', #9383, #5205, #5118, .T. ) ;
#12403 = CARTESIAN_POINT ( 'NONE',  ( 9.525000000000000355, -14.13894155320108759, 145.7818257131525570 ) ) ;
#12404 = VECTOR ( 'NONE', #10183, 1000.000000000000000 ) ;
#12405 = ORIENTED_EDGE ( 'NONE', *, *, #2363, .F. ) ;
#12406 = VERTEX_POINT ( 'NONE', #3248 ) ;
#12407 = CIRCLE ( 'NONE', #9742, 2.271000000000002128 ) ;
#12408 = ORIENTED_EDGE ( 'NONE', *, *, #5069, .T. ) ;
#12409 = CARTESIAN_POINT ( 'NONE',  ( -12.69999999999999751, 16.22354728284508951, 137.4378563681123921 ) ) ;
#12410 = AXIS2_PLACEMENT_3D ( 'NONE', #11763, #3872, #4770 ) ;
#12411 = CARTESIAN_POINT ( 'NONE',  ( 12.70000000000000107, 12.33648634557998314, 47.30376971111940776 ) ) ;
#12412 = DIRECTION ( 'NONE',  ( -1.000000000000000000, -0.000000000000000000, -0.000000000000000000 ) ) ;
#12413 = AXIS2_PLACEMENT_3D ( 'NONE', #3670, #3488, #2643 ) ;
#12414 = CARTESIAN_POINT ( 'NONE',  ( 12.70000000000000107, 5.371240620587830250, 102.1529156865856294 ) ) ;
#12415 = DIRECTION ( 'NONE',  ( 0.000000000000000000, 0.000000000000000000, 1.000000000000000000 ) ) ;
#12416 = AXIS2_PLACEMENT_3D ( 'NONE', #391, #4296, #3331 ) ;
#12417 = CARTESIAN_POINT ( 'NONE',  ( -12.69999999999999751, -16.22354728284505399, 137.4378563681121364 ) ) ;
#12418 = FACE_BOUND ( 'NONE', #11680, .T. ) ;
#12419 = DIRECTION ( 'NONE',  ( -1.000000000000000000, -0.000000000000000000, -0.000000000000000000 ) ) ;
#12420 = CIRCLE ( 'NONE', #10166, 14.30000000000000071 ) ;
#12421 = AXIS2_PLACEMENT_3D ( 'NONE', #10389, #4374, #6428 ) ;
#12422 = EDGE_CURVE ( 'NONE', #2458, #10550, #11982, .T. ) ;
#12423 = ORIENTED_EDGE ( 'NONE', *, *, #9858, .F. ) ;
#12424 = VERTEX_POINT ( 'NONE', #9145 ) ;
#12425 = AXIS2_PLACEMENT_3D ( 'NONE', #928, #2973, #5745 ) ;
#12426 = CIRCLE ( 'NONE', #9964, 2.080500000000013117 ) ;
#12427 = EDGE_LOOP ( 'NONE', ( #10133, #2178, #2334, #2967 ) ) ;
#12428 = APPROVAL_PERSON_ORGANIZATION ( #3219, #10794, #4897 ) ;
#12429 = CARTESIAN_POINT ( 'NONE',  ( 12.70000000000000107, -16.22512784221249404, 132.7208071559913947 ) ) ;
#12430 = DIRECTION ( 'NONE',  ( 0.000000000000000000, -3.335204952611022446E-15, 1.000000000000000000 ) ) ;
#12431 = DIRECTION ( 'NONE',  ( -1.000000000000000000, 0.000000000000000000, 0.000000000000000000 ) ) ;
#12432 = AXIS2_PLACEMENT_3D ( 'NONE', #9084, #7105, #8131 ) ;
#12433 = CARTESIAN_POINT ( 'NONE',  ( 7.746038523653021987E-16, 25.40000000000000213, 50.79999999999999716 ) ) ;
#12434 = DIRECTION ( 'NONE',  ( -0.000000000000000000, 1.000000000000000000, -0.000000000000000000 ) ) ;
#12435 = DIRECTION ( 'NONE',  ( -1.000000000000000000, -0.000000000000000000, -0.000000000000000000 ) ) ;
#12436 = DIRECTION ( 'NONE',  ( -1.000000000000000000, -0.000000000000000000, -0.000000000000000000 ) ) ;
#12437 = EDGE_CURVE ( 'NONE', #4738, #2270, #6065, .T. ) ;
#12438 = ORIENTED_EDGE ( 'NONE', *, *, #6977, .T. ) ;
#12439 = DIRECTION ( 'NONE',  ( -1.000000000000000000, -0.000000000000000000, -0.000000000000000000 ) ) ;
#12440 = VECTOR ( 'NONE', #3779, 1000.000000000000000 ) ;
#12441 = ORIENTED_EDGE ( 'NONE', *, *, #3037, .T. ) ;
#12442 = ORIENTED_EDGE ( 'NONE', *, *, #3376, .F. ) ;
#12443 = ORIENTED_EDGE ( 'NONE', *, *, #5546, .F. ) ;
#12444 = CARTESIAN_POINT ( 'NONE',  ( 12.70000000000000107, 8.791741348502629450, 128.4219113294393253 ) ) ;
#12445 = EDGE_CURVE ( 'NONE', #6935, #11900, #12647, .T. ) ;
#12446 = DIRECTION ( 'NONE',  ( 1.000000000000000000, 0.000000000000000000, 0.000000000000000000 ) ) ;
#12447 = DIRECTION ( 'NONE',  ( 0.000000000000000000, 0.000000000000000000, 1.000000000000000000 ) ) ;
#12448 = DIRECTION ( 'NONE',  ( 0.000000000000000000, -1.000000000000000000, 0.000000000000000000 ) ) ;
#12449 = FACE_OUTER_BOUND ( 'NONE', #9171, .T. ) ;
#12450 = CARTESIAN_POINT ( 'NONE',  ( -12.69999999999999751, 8.791741348502393194, 100.1780886705608822 ) ) ;
#12451 = CARTESIAN_POINT ( 'NONE',  ( 12.70000000000000107, 12.33648634558017676, 79.69623028888086935 ) ) ;
#12452 = CYLINDRICAL_SURFACE ( 'NONE', #8095, 14.30000000000000071 ) ;
#12453 = EDGE_CURVE ( 'NONE', #11836, #8184, #2168, .T. ) ;
#12454 = AXIS2_PLACEMENT_3D ( 'NONE', #1756, #8422, #4574 ) ;
#12455 = EDGE_CURVE ( 'NONE', #4714, #7838, #2879, .T. ) ;
#12456 = DIRECTION ( 'NONE',  ( -1.000000000000000000, -0.000000000000000000, -0.000000000000000000 ) ) ;
#12457 = ORIENTED_EDGE ( 'NONE', *, *, #9699, .F. ) ;
#12458 = VERTEX_POINT ( 'NONE', #9022 ) ;
#12459 = ORIENTED_EDGE ( 'NONE', *, *, #2034, .F. ) ;
#12460 = EDGE_LOOP ( 'NONE', ( #7141, #7359 ) ) ;
#12461 = EDGE_LOOP ( 'NONE', ( #7439, #4644, #2810, #2203, #11318, #8088, #9776, #8365, #6640, #1070, #5619, #10414, #6707, #6657, #4870, #5016, #10134, #7317, #7044, #3665, #7112, #3988, #29, #6110, #3230, #3811, #7485, #6046, #1357, #11428, #9855, #10349, #2128, #3097, #9788, #11849, #8367, #7095, #637, #10732, #12556 ) ) ;
#12462 = DIRECTION ( 'NONE',  ( -0.000000000000000000, 1.000000000000000000, -0.000000000000000000 ) ) ;
#12463 = CIRCLE ( 'NONE', #10409, 2.080499999999998906 ) ;
#12464 = FACE_OUTER_BOUND ( 'NONE', #10367, .T. ) ;
#12465 = CARTESIAN_POINT ( 'NONE',  ( 12.70000000000000107, 10.07084749364639542, 101.8189322704980668 ) ) ;
#12466 = CARTESIAN_POINT ( 'NONE',  ( 7.746038523653021987E-16, 22.22500000000000142, 104.0999999999999801 ) ) ;
#12467 = CYLINDRICAL_SURFACE ( 'NONE', #5512, 2.270999999999995467 ) ;
#12468 = DIRECTION ( 'NONE',  ( -1.000000000000000000, -0.000000000000000000, -0.000000000000000000 ) ) ;
#12469 = EDGE_CURVE ( 'NONE', #4423, #224, #7092, .T. ) ;
#12470 = CIRCLE ( 'NONE', #11439, 14.30000000000000071 ) ;
#12471 = CARTESIAN_POINT ( 'NONE',  ( -12.69999999999999751, 14.13894155320100943, 145.7818257131527560 ) ) ;
#12472 = AXIS2_PLACEMENT_3D ( 'NONE', #10008, #6781, #9731 ) ;
#12473 = ORIENTED_EDGE ( 'NONE', *, *, #2050, .T. ) ;
#12474 = EDGE_LOOP ( 'NONE', ( #7843, #3051 ) ) ;
#12475 = ORIENTED_EDGE ( 'NONE', *, *, #2528, .F. ) ;
#12476 = ORIENTED_EDGE ( 'NONE', *, *, #5144, .T. ) ;
#12477 = CARTESIAN_POINT ( 'NONE',  ( 12.70000000000000107, -16.22512784221249404, 81.92080715599139751 ) ) ;
#12478 = DIRECTION ( 'NONE',  ( 0.000000000000000000, 0.000000000000000000, 1.000000000000000000 ) ) ;
#12479 = AXIS2_PLACEMENT_3D ( 'NONE', #7324, #7448, #11355 ) ;
#12480 = DIRECTION ( 'NONE',  ( 0.000000000000000000, 0.000000000000000000, 1.000000000000000000 ) ) ;
#12481 = CARTESIAN_POINT ( 'NONE',  ( 12.70000000000000107, 12.33648634558017676, 28.89623028888087930 ) ) ;
#12482 = EDGE_CURVE ( 'NONE', #2517, #5742, #8316, .T. ) ;
#12483 = VECTOR ( 'NONE', #7125, 1000.000000000000000 ) ;
#12484 = CARTESIAN_POINT ( 'NONE',  ( 12.70000000000000107, 12.33648634557998314, 47.30376971111940776 ) ) ;
#12485 = FACE_BOUND ( 'NONE', #8292, .T. ) ;
#12486 = DIRECTION ( 'NONE',  ( -1.000000000000000000, 0.000000000000000000, 0.000000000000000000 ) ) ;
#12487 = CIRCLE ( 'NONE', #1625, 2.499999999999988454 ) ;
#12488 = ORIENTED_EDGE ( 'NONE', *, *, #2332, .T. ) ;
#12489 = ORIENTED_EDGE ( 'NONE', *, *, #4142, .T. ) ;
#12490 = VECTOR ( 'NONE', #12383, 1000.000000000000000 ) ;
#12491 = ORIENTED_EDGE ( 'NONE', *, *, #5087, .F. ) ;
#12492 = ORIENTED_EDGE ( 'NONE', *, *, #10370, .F. ) ;
#12493 = AXIS2_PLACEMENT_3D ( 'NONE', #6585, #11398, #5624 ) ;
#12494 = CYLINDRICAL_SURFACE ( 'NONE', #3889, 2.080499999999985139 ) ;
#12495 = DIRECTION ( 'NONE',  ( 0.000000000000000000, 0.000000000000000000, 1.000000000000000000 ) ) ;
#12496 = EDGE_CURVE ( 'NONE', #9335, #707, #1269, .T. ) ;
#12497 = DIRECTION ( 'NONE',  ( 0.000000000000000000, -1.000000000000000000, 0.000000000000000000 ) ) ;
#12498 = DIRECTION ( 'NONE',  ( 1.000000000000000000, 0.000000000000000000, 0.000000000000000000 ) ) ;
#12499 = FACE_OUTER_BOUND ( 'NONE', #9168, .T. ) ;
#12500 = CARTESIAN_POINT ( 'NONE',  ( 12.70000000000000107, 1.802455207620993427, 124.4144045757281845 ) ) ;
#12501 = CARTESIAN_POINT ( 'NONE',  ( 12.70000000000000107, -8.791741348502544184, 150.9780886705607656 ) ) ;
#12502 = VERTEX_POINT ( 'NONE', #10240 ) ;
#12503 = AXIS2_PLACEMENT_3D ( 'NONE', #10174, #3375, #8125 ) ;
#12504 = DIRECTION ( 'NONE',  ( -0.000000000000000000, 1.000000000000000000, -0.000000000000000000 ) ) ;
#12505 = VERTEX_POINT ( 'NONE', #5495 ) ;
#12506 = ORIENTED_EDGE ( 'NONE', *, *, #5836, .T. ) ;
#12507 = ORIENTED_EDGE ( 'NONE', *, *, #2419, .T. ) ;
#12508 = CARTESIAN_POINT ( 'NONE',  ( 12.70000000000000107, -11.15407434219252103, 150.8426721981579419 ) ) ;
#12509 = EDGE_CURVE ( 'NONE', #9792, #2099, #9328, .T. ) ;
#12510 = LINE ( 'NONE', #3715, #8958 ) ;
#12511 = DIRECTION ( 'NONE',  ( -1.000000000000000000, -0.000000000000000000, -0.000000000000000000 ) ) ;
#12512 = CYLINDRICAL_SURFACE ( 'NONE', #10344, 2.500000000000002220 ) ;
#12513 = DIRECTION ( 'NONE',  ( 0.000000000000000000, 6.670409905222044891E-15, -1.000000000000000000 ) ) ;
#12514 = CARTESIAN_POINT ( 'NONE',  ( 12.70000000000000107, 3.577867169202164632E-15, 88.90000000000000568 ) ) ;
#12515 = DIRECTION ( 'NONE',  ( 0.000000000000000000, 0.000000000000000000, 1.000000000000000000 ) ) ;
#12516 = DIRECTION ( 'NONE',  ( -1.000000000000000000, -0.000000000000000000, -0.000000000000000000 ) ) ;
#12517 = CARTESIAN_POINT ( 'NONE',  ( -12.69999999999999751, -14.13894155320108759, 44.18182571315256268 ) ) ;
#12518 = DIRECTION ( 'NONE',  ( -1.000000000000000000, -0.000000000000000000, -0.000000000000000000 ) ) ;
#12519 = ORIENTED_EDGE ( 'NONE', *, *, #9227, .F. ) ;
#12520 = CIRCLE ( 'NONE', #5553, 2.500000000000002220 ) ;
#12521 = ORIENTED_EDGE ( 'NONE', *, *, #10496, .T. ) ;
#12522 = ORIENTED_EDGE ( 'NONE', *, *, #10725, .F. ) ;
#12523 = VERTEX_POINT ( 'NONE', #10177 ) ;
#12524 = VERTEX_POINT ( 'NONE', #1457 ) ;
#12525 = DIRECTION ( 'NONE',  ( -1.000000000000000000, -0.000000000000000000, -0.000000000000000000 ) ) ;
#12526 = EDGE_CURVE ( 'NONE', #11010, #9851, #6672, .T. ) ;
#12527 = DIRECTION ( 'NONE',  ( 0.000000000000000000, 0.000000000000000000, 1.000000000000000000 ) ) ;
#12528 = ADVANCED_FACE ( 'NONE', ( #2479 ), #4521, .T. ) ;
#12529 = DIRECTION ( 'NONE',  ( -0.000000000000000000, 1.000000000000000000, -0.000000000000000000 ) ) ;
#12530 = CIRCLE ( 'NONE', #483, 2.271000000000002128 ) ;
#12531 = DIRECTION ( 'NONE',  ( 0.000000000000000000, 0.000000000000000000, 1.000000000000000000 ) ) ;
#12532 = AXIS2_PLACEMENT_3D ( 'NONE', #4581, #6453, #9391 ) ;
#12533 = CARTESIAN_POINT ( 'NONE',  ( -12.69999999999999751, 4.072800018551152590, 73.66895216488211418 ) ) ;
#12534 = DIRECTION ( 'NONE',  ( 0.000000000000000000, 0.000000000000000000, 1.000000000000000000 ) ) ;
#12535 = ORIENTED_EDGE ( 'NONE', *, *, #9789, .T. ) ;
#12536 = ORIENTED_EDGE ( 'NONE', *, *, #3343, .T. ) ;
#12537 = ORIENTED_EDGE ( 'NONE', *, *, #5356, .T. ) ;
#12538 = CIRCLE ( 'NONE', #8638, 2.271000000000002128 ) ;
#12539 = AXIS2_PLACEMENT_3D ( 'NONE', #3882, #2778, #3816 ) ;
#12540 = ORIENTED_EDGE ( 'NONE', *, *, #11582, .F. ) ;
#12541 = CYLINDRICAL_SURFACE ( 'NONE', #3212, 2.270999999999995467 ) ;
#12542 = EDGE_CURVE ( 'NONE', #5674, #5331, #5872, .T. ) ;
#12543 = CARTESIAN_POINT ( 'NONE',  ( 12.70000000000000107, -12.69999999999999929, 66.00000000000000000 ) ) ;
#12544 = CYLINDRICAL_SURFACE ( 'NONE', #12690, 14.30000000000000071 ) ;
#12545 = DIRECTION ( 'NONE',  ( 0.000000000000000000, 0.000000000000000000, 1.000000000000000000 ) ) ;
#12546 = CARTESIAN_POINT ( 'NONE',  ( -12.69999999999999751, 12.69999999999999929, 12.69999999999999929 ) ) ;
#12547 = DIRECTION ( 'NONE',  ( -1.000000000000000000, -0.000000000000000000, -0.000000000000000000 ) ) ;
#12548 = FACE_OUTER_BOUND ( 'NONE', #7002, .T. ) ;
#12549 = CIRCLE ( 'NONE', #3519, 2.499999999999992006 ) ;
#12550 = CIRCLE ( 'NONE', #10688, 2.270999999999995467 ) ;
#12551 = ORIENTED_EDGE ( 'NONE', *, *, #405, .T. ) ;
#12552 = ORIENTED_EDGE ( 'NONE', *, *, #8594, .F. ) ;
#12553 = ORIENTED_EDGE ( 'NONE', *, *, #11778, .T. ) ;
#12554 = EDGE_CURVE ( 'NONE', #4500, #8010, #2581, .T. ) ;
#12555 = EDGE_CURVE ( 'NONE', #3000, #10757, #2179, .T. ) ;
#12556 = ORIENTED_EDGE ( 'NONE', *, *, #5229, .F. ) ;
#12557 = CIRCLE ( 'NONE', #3738, 14.30000000000000782 ) ;
#12558 = CARTESIAN_POINT ( 'NONE',  ( 9.525000000000000355, -6.152699789198520897, 104.0810759023857344 ) ) ;
#12559 = DIRECTION ( 'NONE',  ( -1.000000000000000000, -0.000000000000000000, -0.000000000000000000 ) ) ;
#12560 = CARTESIAN_POINT ( 'NONE',  ( 9.525000000000000355, 3.577867169202164632E-15, 38.10000000000001563 ) ) ;
#12561 = LINE ( 'NONE', #2801, #8743 ) ;
#12562 = CARTESIAN_POINT ( 'NONE',  ( -9.525000000000000355, 3.577867169202164632E-15, 38.10000000000001563 ) ) ;
#12563 = DIRECTION ( 'NONE',  ( 0.000000000000000000, 0.000000000000000000, 1.000000000000000000 ) ) ;
#12564 = DIRECTION ( 'NONE',  ( -1.000000000000000000, -0.000000000000000000, -0.000000000000000000 ) ) ;
#12565 = ORIENTED_EDGE ( 'NONE', *, *, #300, .T. ) ;
#12566 = CIRCLE ( 'NONE', #8667, 2.080499999999985139 ) ;
#12567 = EDGE_CURVE ( 'NONE', #5421, #2843, #128, .T. ) ;
#12568 = EDGE_CURVE ( 'NONE', #8366, #2344, #5653, .T. ) ;
#12569 = DIRECTION ( 'NONE',  ( -1.000000000000000000, -0.000000000000000000, -0.000000000000000000 ) ) ;
#12570 = ORIENTED_EDGE ( 'NONE', *, *, #10784, .T. ) ;
#12571 = EDGE_LOOP ( 'NONE', ( #4144, #5563, #8525, #1988 ) ) ;
#12572 = EDGE_LOOP ( 'NONE', ( #4121, #2757, #866, #3904 ) ) ;
#12573 = DIRECTION ( 'NONE',  ( -1.000000000000000000, -0.000000000000000000, -0.000000000000000000 ) ) ;
#12574 = CIRCLE ( 'NONE', #7042, 2.499999999999992006 ) ;
#12575 = CYLINDRICAL_SURFACE ( 'NONE', #11840, 2.271000000000002128 ) ;
#12576 = CYLINDRICAL_SURFACE ( 'NONE', #9403, 2.271000000000002128 ) ;
#12577 = DIRECTION ( 'NONE',  ( 0.000000000000000000, 0.000000000000000000, 1.000000000000000000 ) ) ;
#12578 = CARTESIAN_POINT ( 'NONE',  ( 12.70000000000000107, -2.068405620284290425, 71.35903068698951301 ) ) ;
#12579 = DIRECTION ( 'NONE',  ( 1.000000000000000000, 0.000000000000000000, 0.000000000000000000 ) ) ;
#12580 = DIRECTION ( 'NONE',  ( 0.000000000000000000, 0.000000000000000000, 1.000000000000000000 ) ) ;
#12581 = DIRECTION ( 'NONE',  ( 0.000000000000000000, 0.000000000000000000, -1.000000000000000000 ) ) ;
#12582 = DIRECTION ( 'NONE',  ( 0.000000000000000000, 0.000000000000000000, 1.000000000000000000 ) ) ;
#12583 = FACE_OUTER_BOUND ( 'NONE', #12136, .T. ) ;
#12584 = ADVANCED_FACE ( 'NONE', ( #9207 ), #11148, .T. ) ;
#12585 = CIRCLE ( 'NONE', #8277, 2.500000000000002220 ) ;
#12586 = ORIENTED_EDGE ( 'NONE', *, *, #4703, .T. ) ;
#12587 = ORIENTED_EDGE ( 'NONE', *, *, #3037, .F. ) ;
#12588 = ORIENTED_EDGE ( 'NONE', *, *, #619, .F. ) ;
#12589 = ORIENTED_EDGE ( 'NONE', *, *, #8388, .F. ) ;
#12590 = ORIENTED_EDGE ( 'NONE', *, *, #3697, .F. ) ;
#12591 = CARTESIAN_POINT ( 'NONE',  ( -9.525000000000000355, -8.791741348502467801, 77.62191132943921446 ) ) ;
#12592 = DIRECTION ( 'NONE',  ( -1.000000000000000000, 0.000000000000000000, 0.000000000000000000 ) ) ;
#12593 = CARTESIAN_POINT ( 'NONE',  ( 9.525000000000000355, 14.13894155320113555, 32.01817428684756095 ) ) ;
#12594 = CARTESIAN_POINT ( 'NONE',  ( 12.70000000000000107, 3.577867169202164632E-15, 139.7000000000000171 ) ) ;
#12595 = AXIS2_PLACEMENT_3D ( 'NONE', #7619, #6648, #10563 ) ;
#12596 = DIRECTION ( 'NONE',  ( 1.000000000000000000, 0.000000000000000000, 0.000000000000000000 ) ) ;
#12597 = DIRECTION ( 'NONE',  ( 1.000000000000000000, -0.000000000000000000, -0.000000000000000000 ) ) ;
#12598 = CARTESIAN_POINT ( 'NONE',  ( 7.746038523653021987E-16, -22.22499999999999787, 142.1999999999999886 ) ) ;
#12599 = ADVANCED_FACE ( 'NONE', ( #12351 ), #11269, .F. ) ;
#12600 = ORIENTED_EDGE ( 'NONE', *, *, #4035, .T. ) ;
#12601 = VERTEX_POINT ( 'NONE', #440 ) ;
#12602 = ORIENTED_EDGE ( 'NONE', *, *, #7096, .F. ) ;
#12603 = AXIS2_PLACEMENT_3D ( 'NONE', #9557, #11301, #5529 ) ;
#12604 = ORIENTED_EDGE ( 'NONE', *, *, #11067, .T. ) ;
#12605 = CARTESIAN_POINT ( 'NONE',  ( -9.525000000000000355, -16.22512784221253312, 95.87919284400851438 ) ) ;
#12606 = DIRECTION ( 'NONE',  ( 1.000000000000000000, 0.000000000000000000, 0.000000000000000000 ) ) ;
#12607 = AXIS2_PLACEMENT_3D ( 'NONE', #2705, #6214, #3546 ) ;
#12608 = FACE_OUTER_BOUND ( 'NONE', #8603, .T. ) ;
#12609 = EDGE_CURVE ( 'NONE', #2771, #7712, #12113, .T. ) ;
#12610 = FACE_BOUND ( 'NONE', #12474, .T. ) ;
#12611 = DIRECTION ( 'NONE',  ( -1.000000000000000000, 0.000000000000000000, 0.000000000000000000 ) ) ;
#12612 = DIRECTION ( 'NONE',  ( 0.000000000000000000, 0.000000000000000000, 1.000000000000000000 ) ) ;
#12613 = CARTESIAN_POINT ( 'NONE',  ( 12.70000000000000107, -14.16298196909033535, 36.12517298397507659 ) ) ;
#12614 = AXIS2_PLACEMENT_3D ( 'NONE', #2191, #6295, #10967 ) ;
#12615 = EDGE_CURVE ( 'NONE', #8556, #4394, #2539, .T. ) ;
#12616 = EDGE_LOOP ( 'NONE', ( #11819, #3242, #2954, #7566 ) ) ;
#12617 = EDGE_CURVE ( 'NONE', #2270, #10522, #8255, .T. ) ;
#12618 = EDGE_CURVE ( 'NONE', #6159, #8072, #5041, .T. ) ;
#12620 = ORIENTED_EDGE ( 'NONE', *, *, #6652, .T. ) ;
#12619 = CIRCLE ( 'NONE', #3402, 2.271000000000002128 ) ;
#12621 = ORIENTED_EDGE ( 'NONE', *, *, #10876, .F. ) ;
#12622 = ORIENTED_EDGE ( 'NONE', *, *, #12689, .T. ) ;
#12623 = VECTOR ( 'NONE', #12419, 1000.000000000000000 ) ;
#12624 = VECTOR ( 'NONE', #252, 1000.000000000000000 ) ;
#12625 = CARTESIAN_POINT ( 'NONE',  ( 12.70000000000000107, 12.33648634557998314, 148.9037697111193950 ) ) ;
#12626 = CARTESIAN_POINT ( 'NONE',  ( 7.746038523653021987E-16, 22.22500000000000142, 139.6999999999999886 ) ) ;
#12627 = AXIS2_PLACEMENT_3D ( 'NONE', #2877, #7886, #3972 ) ;
#12628 = AXIS2_PLACEMENT_3D ( 'NONE', #10324, #1670, #9296 ) ;
#12629 = CYLINDRICAL_SURFACE ( 'NONE', #661, 2.270999999999995467 ) ;
#12630 = CARTESIAN_POINT ( 'NONE',  ( -12.69999999999999751, 14.16298196909033003, 40.07482701602503994 ) ) ;
#12631 = EDGE_CURVE ( 'NONE', #12076, #10606, #6455, .T. ) ;
#12632 = CARTESIAN_POINT ( 'NONE',  ( 1.555301434917138433E-15, -25.39999999999999503, 114.2999999999999972 ) ) ;
#12633 = FACE_OUTER_BOUND ( 'NONE', #3444, .T. ) ;
#12634 = VECTOR ( 'NONE', #5166, 1000.000000000000000 ) ;
#12635 = DIRECTION ( 'NONE',  ( -0.000000000000000000, 1.000000000000000000, -0.000000000000000000 ) ) ;
#12636 = AXIS2_PLACEMENT_3D ( 'NONE', #2818, #10839, #3782 ) ;
#12637 = EDGE_LOOP ( 'NONE', ( #9435, #2069, #5189, #12077 ) ) ;
#12638 = EDGE_CURVE ( 'NONE', #5108, #10782, #12214, .T. ) ;
#12639 = CARTESIAN_POINT ( 'NONE',  ( -12.69999999999999751, 12.69999999999999929, 63.50000000000000000 ) ) ;
#12640 = ORIENTED_EDGE ( 'NONE', *, *, #1584, .T. ) ;
#12641 = VERTEX_POINT ( 'NONE', #7290 ) ;
#12642 = ORIENTED_EDGE ( 'NONE', *, *, #8679, .F. ) ;
#12643 = LINE ( 'NONE', #5582, #2869 ) ;
#12644 = CIRCLE ( 'NONE', #8121, 17.66249999999999787 ) ;
#12645 = AXIS2_PLACEMENT_3D ( 'NONE', #3960, #825, #8641 ) ;
#12646 = LINE ( 'NONE', #6603, #9571 ) ;
#12647 = LINE ( 'NONE', #11081, #7693 ) ;
#12648 = FACE_OUTER_BOUND ( 'NONE', #8668, .T. ) ;
#12649 = DIRECTION ( 'NONE',  ( 0.000000000000000000, 0.000000000000000000, 1.000000000000000000 ) ) ;
#12650 = ADVANCED_FACE ( 'NONE', ( #2417 ), #4400, .F. ) ;
#12651 = CARTESIAN_POINT ( 'NONE',  ( 9.525000000000000355, -16.22512784221249404, 31.12080715599139324 ) ) ;
#12652 = DIRECTION ( 'NONE',  ( -1.000000000000000000, -0.000000000000000000, -0.000000000000000000 ) ) ;
#12653 = CARTESIAN_POINT ( 'NONE',  ( 7.746038523653021987E-16, 25.40000000000000213, 152.3999999999999773 ) ) ;
#12654 = DIRECTION ( 'NONE',  ( 0.000000000000000000, -1.250701857229133378E-14, -1.000000000000000000 ) ) ;
#12655 = AXIS2_PLACEMENT_3D ( 'NONE', #1562, #10462, #7335 ) ;
#12656 = DIRECTION ( 'NONE',  ( -1.000000000000000000, -0.000000000000000000, -0.000000000000000000 ) ) ;
#12657 = VERTEX_POINT ( 'NONE', #1028 ) ;
#12658 = ORIENTED_EDGE ( 'NONE', *, *, #6163, .F. ) ;
#12659 = EDGE_LOOP ( 'NONE', ( #12519, #4890, #8886, #3863 ) ) ;
#12660 = ORIENTED_EDGE ( 'NONE', *, *, #10205, .T. ) ;
#12661 = LINE ( 'NONE', #4959, #7800 ) ;
#12662 = AXIS2_PLACEMENT_3D ( 'NONE', #1485, #9359, #5460 ) ;
#12663 = EDGE_CURVE ( 'NONE', #1023, #3465, #1151, .T. ) ;
#12664 = CARTESIAN_POINT ( 'NONE',  ( -12.69999999999999929, -12.69999999999999929, 114.2999999999999972 ) ) ;
#12665 = DIRECTION ( 'NONE',  ( 0.000000000000000000, 0.000000000000000000, -1.000000000000000000 ) ) ;
#12666 = CARTESIAN_POINT ( 'NONE',  ( 12.70000000000000107, 12.69999999999999929, 114.2999999999999972 ) ) ;
#12667 = EDGE_LOOP ( 'NONE', ( #852, #3522 ) ) ;
#12668 = EDGE_LOOP ( 'NONE', ( #9852, #11247, #5818, #12683 ) ) ;
#12669 = ORIENTED_EDGE ( 'NONE', *, *, #2764, .F. ) ;
#12670 = VERTEX_POINT ( 'NONE', #2940 ) ;
#12671 = LINE ( 'NONE', #3880, #1069 ) ;
#12672 = DIRECTION ( 'NONE',  ( -1.000000000000000000, -0.000000000000000000, -0.000000000000000000 ) ) ;
#12673 = LINE ( 'NONE', #3946, #3110 ) ;
#12674 = CARTESIAN_POINT ( 'NONE',  ( 9.525000000000000355, 10.07084749364639542, 101.8189322704980668 ) ) ;
#12675 = DIRECTION ( 'NONE',  ( -1.000000000000000000, -0.000000000000000000, -0.000000000000000000 ) ) ;
#12676 = ADVANCED_FACE ( 'NONE', ( #10703, #9809 ), #5967, .T. ) ;
#12677 = DIRECTION ( 'NONE',  ( -1.000000000000000000, 0.000000000000000000, 0.000000000000000000 ) ) ;
#12678 = DIRECTION ( 'NONE',  ( 0.000000000000000000, -1.667602476305499784E-15, 1.000000000000000000 ) ) ;
#12679 = CIRCLE ( 'NONE', #10613, 2.080499999999985139 ) ;
#12680 = CIRCLE ( 'NONE', #8173, 2.500000000000002220 ) ;
#12681 = ORIENTED_EDGE ( 'NONE', *, *, #4913, .T. ) ;
#12682 = ORIENTED_EDGE ( 'NONE', *, *, #6001, .T. ) ;
#12683 = ORIENTED_EDGE ( 'NONE', *, *, #4636, .T. ) ;
#12684 = ORIENTED_EDGE ( 'NONE', *, *, #3196, .F. ) ;
#12685 = AXIS2_PLACEMENT_3D ( 'NONE', #6817, #12596, #9504 ) ;
#12686 = VECTOR ( 'NONE', #9883, 1000.000000000000000 ) ;
#12687 = DIRECTION ( 'NONE',  ( -1.000000000000000000, -0.000000000000000000, -0.000000000000000000 ) ) ;
#12688 = LINE ( 'NONE', #9598, #12316 ) ;
#12689 = EDGE_CURVE ( 'NONE', #1560, #9124, #1975, .T. ) ;
#12690 = AXIS2_PLACEMENT_3D ( 'NONE', #626, #2780, #3748 ) ;
#12691 = EDGE_CURVE ( 'NONE', #10553, #11901, #2993, .T. ) ;
#12692 = LINE ( 'NONE', #10753, #462 ) ;
#12693 = DIRECTION ( 'NONE',  ( -1.000000000000000000, 0.000000000000000000, 0.000000000000000000 ) ) ;
#12694 = DIRECTION ( 'NONE',  ( -1.000000000000000000, -0.000000000000000000, -0.000000000000000000 ) ) ;
#12695 = CARTESIAN_POINT ( 'NONE',  ( 9.525000000000000355, 14.16298196909037088, 86.92517298397528691 ) ) ;
#12696 = CIRCLE ( 'NONE', #8181, 2.499999999999988454 ) ;
#12697 = EDGE_LOOP ( 'NONE', ( #11335, #3741, #10638, #11155 ) ) ;
#12698 = CIRCLE ( 'NONE', #4914, 2.500000000000002220 ) ;
#12699 = AXIS2_PLACEMENT_3D ( 'NONE', #3565, #5505, #11466 ) ;
#12700 = CYLINDRICAL_SURFACE ( 'NONE', #10492, 2.080499999999998906 ) ;
#12701 = ORIENTED_EDGE ( 'NONE', *, *, #880, .T. ) ;
#12702 = ORIENTED_EDGE ( 'NONE', *, *, #7518, .T. ) ;
#12703 = EDGE_CURVE ( 'NONE', #4823, #7524, #12420, .T. ) ;
#12704 = ADVANCED_FACE ( 'NONE', ( #1993 ), #9872, .F. ) ;
#12705 = EDGE_LOOP ( 'NONE', ( #5873, #125, #11641, #6884 ) ) ;
#12706 = DIRECTION ( 'NONE',  ( 0.000000000000000000, -1.000000000000000000, 0.000000000000000000 ) ) ;
#12707 = CIRCLE ( 'NONE', #3479, 2.499999999999988454 ) ;
ENDSEC;
END-ISO-10303-21;
