ISO-10303-21;
HEADER;
FILE_DESCRIPTION (( 'STEP AP203' ),
    '1' );
FILE_NAME ('REV-21-3559.STEP',
    '2024-09-18T19:50:00',
    ( '' ),
    ( '' ),
    'SwSTEP 2.0',
    'SolidWorks 2022',
    '' );
FILE_SCHEMA (( 'CONFIG_CONTROL_DESIGN' ));
ENDSEC;

DATA;
#1 = ORIENTED_EDGE ( 'NONE', *, *, #8345, .T. ) ;
#2 = VECTOR ( 'NONE', #3085, 1000.000000000000000 ) ;
#3 = LINE ( 'NONE', #2762, #319 ) ;
#4 = SECURITY_CLASSIFICATION ( '', '', #792 ) ;
#5 = DIRECTION ( 'NONE',  ( -1.000000000000000000, -0.000000000000000000, -0.000000000000000000 ) ) ;
#6 = CARTESIAN_POINT ( 'NONE',  ( 9.525000000000000355, 3.577867169202164632E-15, 55.76250000000001705 ) ) ;
#7 = DIRECTION ( 'NONE',  ( 0.000000000000000000, 0.000000000000000000, 1.000000000000000000 ) ) ;
#8 = DIRECTION ( 'NONE',  ( -0.000000000000000000, 1.000000000000000000, -0.000000000000000000 ) ) ;
#9 = ADVANCED_FACE ( 'NONE', ( #53 ), #8033, .F. ) ;
#10 = AXIS2_PLACEMENT_3D ( 'NONE', #5736, #3658, #1739 ) ;
#11 = DIRECTION ( 'NONE',  ( -1.000000000000000000, -0.000000000000000000, -0.000000000000000000 ) ) ;
#12 = ORIENTED_EDGE ( 'NONE', *, *, #3819, .T. ) ;
#13 = VERTEX_POINT ( 'NONE', #5375 ) ;
#15 = EDGE_LOOP ( 'NONE', ( #3864, #1529, #1025, #1761 ) ) ;
#14 = AXIS2_PLACEMENT_3D ( 'NONE', #5422, #8171, #6928 ) ;
#16 = CARTESIAN_POINT ( 'NONE',  ( -9.525000000000000355, 10.07084749364666365, 25.18106772950216765 ) ) ;
#17 = FACE_BOUND ( 'NONE', #3333, .T. ) ;
#18 = DIRECTION ( 'NONE',  ( 1.000000000000000000, 0.000000000000000000, 0.000000000000000000 ) ) ;
#19 = ORIENTED_EDGE ( 'NONE', *, *, #5939, .T. ) ;
#20 = CARTESIAN_POINT ( 'NONE',  ( 12.70000000000000107, -14.15672222192817387, 78.33822353099797908 ) ) ;
#21 = ORIENTED_EDGE ( 'NONE', *, *, #8485, .T. ) ;
#22 = EDGE_CURVE ( 'NONE', #8008, #2761, #8101, .T. ) ;
#23 = EDGE_CURVE ( 'NONE', #6102, #7481, #8703, .T. ) ;
#24 = CARTESIAN_POINT ( 'NONE',  ( -9.525000000000002132, 12.69999999999999929, 114.2999999999999972 ) ) ;
#25 = ORIENTED_EDGE ( 'NONE', *, *, #5461, .F. ) ;
#26 = VERTEX_POINT ( 'NONE', #2668 ) ;
#27 = VECTOR ( 'NONE', #3989, 1000.000000000000000 ) ;
#28 = FACE_OUTER_BOUND ( 'NONE', #2712, .T. ) ;
#29 = DIRECTION ( 'NONE',  ( -1.000000000000000000, -0.000000000000000000, -0.000000000000000000 ) ) ;
#30 = CIRCLE ( 'NONE', #5841, 2.271000000000002128 ) ;
#31 = CIRCLE ( 'NONE', #3294, 2.500000000000002220 ) ;
#32 = VERTEX_POINT ( 'NONE', #4004 ) ;
#33 = FACE_OUTER_BOUND ( 'NONE', #4685, .T. ) ;
#34 = ORIENTED_EDGE ( 'NONE', *, *, #8539, .F. ) ;
#35 = CARTESIAN_POINT ( 'NONE',  ( 12.70000000000000107, -8.791741348502467801, 77.62191132943921446 ) ) ;
#36 = EDGE_CURVE ( 'NONE', #522, #3944, #1731, .T. ) ;
#37 = EDGE_CURVE ( 'NONE', #4422, #6863, #4858, .T. ) ;
#38 = EDGE_CURVE ( 'NONE', #3239, #5042, #2581, .T. ) ;
#39 = ORIENTED_EDGE ( 'NONE', *, *, #6642, .T. ) ;
#40 = VERTEX_POINT ( 'NONE', #6708 ) ;
#41 = FACE_OUTER_BOUND ( 'NONE', #168, .T. ) ;
#42 = AXIS2_PLACEMENT_3D ( 'NONE', #2567, #3950, #5321 ) ;
#43 = AXIS2_PLACEMENT_3D ( 'NONE', #16, #778, #2198 ) ;
#44 = DIRECTION ( 'NONE',  ( 1.000000000000000000, -0.000000000000000000, -0.000000000000000000 ) ) ;
#45 = CARTESIAN_POINT ( 'NONE',  ( -12.69999999999999751, 3.061616997868373773E-16, 10.19999999999994245 ) ) ;
#46 = CARTESIAN_POINT ( 'NONE',  ( -12.69999999999999751, 14.13894155320113555, 82.81817428684756521 ) ) ;
#47 = VECTOR ( 'NONE', #5922, 1000.000000000000000 ) ;
#48 = VECTOR ( 'NONE', #7326, 1000.000000000000000 ) ;
#49 = ORIENTED_EDGE ( 'NONE', *, *, #3616, .T. ) ;
#50 = CARTESIAN_POINT ( 'NONE',  ( -12.69999999999999929, -12.69999999999999929, 114.2999999999999972 ) ) ;
#51 = CYLINDRICAL_SURFACE ( 'NONE', #8249, 17.66250000000000497 ) ;
#52 = ORIENTED_EDGE ( 'NONE', *, *, #2675, .F. ) ;
#53 = FACE_OUTER_BOUND ( 'NONE', #3113, .T. ) ;
#54 = CARTESIAN_POINT ( 'NONE',  ( 12.70000000000000107, 3.577867169202164632E-15, 88.90000000000000568 ) ) ;
#55 = DIRECTION ( 'NONE',  ( 0.000000000000000000, -1.000000000000000000, 0.000000000000000000 ) ) ;
#56 = FACE_OUTER_BOUND ( 'NONE', #1381, .T. ) ;
#57 = LINE ( 'NONE', #8183, #5069 ) ;
#58 = CIRCLE ( 'NONE', #5020, 2.271000000000002128 ) ;
#59 = LINE ( 'NONE', #1437, #7795 ) ;
#60 = EDGE_LOOP ( 'NONE', ( #2707, #434, #7037, #2402 ) ) ;
#61 = ORIENTED_EDGE ( 'NONE', *, *, #5079, .T. ) ;
#62 = EDGE_CURVE ( 'NONE', #4318, #8516, #5421, .T. ) ;
#63 = CIRCLE ( 'NONE', #5028, 2.271000000000002128 ) ;
#64 = ORIENTED_EDGE ( 'NONE', *, *, #6693, .F. ) ;
#65 = CARTESIAN_POINT ( 'NONE',  ( 9.525000000000000355, -6.152699789198520897, 53.28107590238573010 ) ) ;
#66 = DIRECTION ( 'NONE',  ( -1.000000000000000000, 0.000000000000000000, 0.000000000000000000 ) ) ;
#67 = CARTESIAN_POINT ( 'NONE',  ( 12.70000000000000107, 1.802455207620993427, 104.1855954242718525 ) ) ;
#68 = ORIENTED_EDGE ( 'NONE', *, *, #575, .F. ) ;
#69 = CARTESIAN_POINT ( 'NONE',  ( -12.69999999999999751, 0.000000000000000000, 12.69999999999993356 ) ) ;
#70 = DIRECTION ( 'NONE',  ( 0.000000000000000000, 0.000000000000000000, 1.000000000000000000 ) ) ;
#71 = ORIENTED_EDGE ( 'NONE', *, *, #5408, .T. ) ;
#72 = CIRCLE ( 'NONE', #5602, 17.66249999999999787 ) ;
#73 = EDGE_LOOP ( 'NONE', ( #8239, #6783, #4211, #4793 ) ) ;
#74 = EDGE_CURVE ( 'NONE', #6376, #6160, #7813, .T. ) ;
#75 = CARTESIAN_POINT ( 'NONE',  ( 12.70000000000000107, 16.22512784221258997, 31.12080715599162417 ) ) ;
#76 = DIRECTION ( 'NONE',  ( 0.000000000000000000, 8.338012381527556114E-16, 1.000000000000000000 ) ) ;
#77 = CIRCLE ( 'NONE', #4903, 17.66250000000000497 ) ;
#78 = PERSON_AND_ORGANIZATION_ROLE ( 'design_supplier' ) ;
#79 = DIRECTION ( 'NONE',  ( -0.000000000000000000, 1.000000000000000000, -0.000000000000000000 ) ) ;
#80 = ORIENTED_EDGE ( 'NONE', *, *, #4316, .T. ) ;
#81 = CARTESIAN_POINT ( 'NONE',  ( 7.746038523653021987E-16, 25.40000000000000213, 53.29999999999998295 ) ) ;
#82 = EDGE_LOOP ( 'NONE', ( #4719, #213, #8681, #7881 ) ) ;
#83 = ORIENTED_EDGE ( 'NONE', *, *, #5940, .T. ) ;
#84 = AXIS2_PLACEMENT_3D ( 'NONE', #4928, #7668, #4390 ) ;
#85 = EDGE_CURVE ( 'NONE', #1415, #5680, #8528, .T. ) ;
#86 = ADVANCED_FACE ( 'NONE', ( #5994 ), #5331, .F. ) ;
#87 = EDGE_CURVE ( 'NONE', #5188, #1075, #3, .T. ) ;
#88 = CARTESIAN_POINT ( 'NONE',  ( 12.70000000000000107, 1.802455207620993427, 22.81440457572818303 ) ) ;
#89 = EDGE_CURVE ( 'NONE', #2674, #718, #3956, .T. ) ;
#90 = AXIS2_PLACEMENT_3D ( 'NONE', #2431, #3058, #2521 ) ;
#91 = CARTESIAN_POINT ( 'NONE',  ( 12.70000000000000107, 3.577867169202164632E-15, 38.10000000000001563 ) ) ;
#93 = CARTESIAN_POINT ( 'NONE',  ( -12.69999999999999929, 12.69999999999999929, 63.50000000000000000 ) ) ;
#92 = AXIS2_PLACEMENT_3D ( 'NONE', #1187, #3272, #6600 ) ;
#94 = ORIENTED_EDGE ( 'NONE', *, *, #3012, .T. ) ;
#95 = DIRECTION ( 'NONE',  ( -1.000000000000000000, -0.000000000000000000, -0.000000000000000000 ) ) ;
#96 = FACE_OUTER_BOUND ( 'NONE', #8559, .T. ) ;
#97 = CIRCLE ( 'NONE', #4486, 2.499999999999988454 ) ;
#98 = EDGE_CURVE ( 'NONE', #2514, #8732, #1248, .T. ) ;
#99 = DIRECTION ( 'NONE',  ( 1.000000000000000000, -0.000000000000000000, -0.000000000000000000 ) ) ;
#100 = FACE_OUTER_BOUND ( 'NONE', #5767, .T. ) ;
#101 = CYLINDRICAL_SURFACE ( 'NONE', #7841, 2.080499999999998906 ) ;
#103 = FACE_OUTER_BOUND ( 'NONE', #7772, .T. ) ;
#102 = AXIS2_PLACEMENT_3D ( 'NONE', #6011, #6677, #8631 ) ;
#104 = DIRECTION ( 'NONE',  ( -1.000000000000000000, -0.000000000000000000, -0.000000000000000000 ) ) ;
#105 = AXIS2_PLACEMENT_3D ( 'NONE', #4907, #7561, #4240 ) ;
#106 = FACE_OUTER_BOUND ( 'NONE', #2644, .T. ) ;
#107 = EDGE_LOOP ( 'NONE', ( #4988, #6314, #3871, #4133 ) ) ;
#108 = ORIENTED_EDGE ( 'NONE', *, *, #6038, .F. ) ;
#109 = ORIENTED_EDGE ( 'NONE', *, *, #900, .T. ) ;
#110 = CARTESIAN_POINT ( 'NONE',  ( 1.555301434917138038E-15, 25.40000000000000213, 78.69999999999997442 ) ) ;
#111 = DIRECTION ( 'NONE',  ( -1.000000000000000000, -0.000000000000000000, -0.000000000000000000 ) ) ;
#112 = DIRECTION ( 'NONE',  ( -1.000000000000000000, 0.000000000000000000, 0.000000000000000000 ) ) ;
#113 = ORIENTED_EDGE ( 'NONE', *, *, #468, .T. ) ;
#114 = FACE_BOUND ( 'NONE', #217, .T. ) ;
#115 = CARTESIAN_POINT ( 'NONE',  ( -12.69999999999999751, 3.577867169202164632E-15, 88.90000000000000568 ) ) ;
#116 = VERTEX_POINT ( 'NONE', #1387 ) ;
#117 = CIRCLE ( 'NONE', #5213, 2.270999999999995467 ) ;
#118 = VERTEX_POINT ( 'NONE', #3429 ) ;
#119 = CYLINDRICAL_SURFACE ( 'NONE', #2492, 2.270999999999995467 ) ;
#120 = DIRECTION ( 'NONE',  ( -1.000000000000000000, 0.000000000000000000, 0.000000000000000000 ) ) ;
#121 = COORDINATED_UNIVERSAL_TIME_OFFSET ( 6, 0, .BEHIND. ) ;
#122 = ORIENTED_EDGE ( 'NONE', *, *, #7221, .T. ) ;
#123 = FACE_OUTER_BOUND ( 'NONE', #7091, .T. ) ;
#124 = ORIENTED_EDGE ( 'NONE', *, *, #5833, .T. ) ;
#125 = CYLINDRICAL_SURFACE ( 'NONE', #4610, 14.30000000000000071 ) ;
#126 = EDGE_LOOP ( 'NONE', ( #1815, #2456, #6786, #6838 ) ) ;
#127 = ADVANCED_FACE ( 'NONE', ( #6131 ), #7501, .T. ) ;
#128 = VERTEX_POINT ( 'NONE', #7680 ) ;
#129 = DIRECTION ( 'NONE',  ( 0.000000000000000000, 0.000000000000000000, 1.000000000000000000 ) ) ;
#130 = CARTESIAN_POINT ( 'NONE',  ( -9.525000000000000355, -15.22687436074362388, 84.81162436304001062 ) ) ;
#131 = DIRECTION ( 'NONE',  ( 1.000000000000000000, 0.000000000000000000, 0.000000000000000000 ) ) ;
#132 = VERTEX_POINT ( 'NONE', #2143 ) ;
#133 = DIRECTION ( 'NONE',  ( 1.000000000000000000, 0.000000000000000000, 0.000000000000000000 ) ) ;
#134 = ADVANCED_FACE ( 'NONE', ( #3650 ), #229, .F. ) ;
#135 = EDGE_CURVE ( 'NONE', #7574, #3891, #3859, .T. ) ;
#136 = DIRECTION ( 'NONE',  ( -0.000000000000000000, 1.000000000000000000, -0.000000000000000000 ) ) ;
#137 = AXIS2_PLACEMENT_3D ( 'NONE', #8258, #3425, #7588 ) ;
#138 = CARTESIAN_POINT ( 'NONE',  ( -12.69999999999999751, -16.22512784221253312, 95.87919284400851438 ) ) ;
#139 = VECTOR ( 'NONE', #7383, 1000.000000000000000 ) ;
#140 = CARTESIAN_POINT ( 'NONE',  ( -12.69999999999999751, 3.577867169202164632E-15, 38.10000000000001563 ) ) ;
#141 = FACE_OUTER_BOUND ( 'NONE', #5155, .T. ) ;
#142 = CARTESIAN_POINT ( 'NONE',  ( 12.70000000000000107, 11.15407434219237004, 100.0426721981581153 ) ) ;
#143 = LINE ( 'NONE', #2147, #5498 ) ;
#144 = EDGE_CURVE ( 'NONE', #2657, #8655, #30, .T. ) ;
#145 = EDGE_CURVE ( 'NONE', #3163, #5436, #272, .T. ) ;
#146 = DIRECTION ( 'NONE',  ( 0.000000000000000000, 0.000000000000000000, 1.000000000000000000 ) ) ;
#147 = VERTEX_POINT ( 'NONE', #4893 ) ;
#148 = ORIENTED_EDGE ( 'NONE', *, *, #3116, .T. ) ;
#149 = VECTOR ( 'NONE', #1128, 1000.000000000000000 ) ;
#150 = CIRCLE ( 'NONE', #8075, 2.080499999999998906 ) ;
#151 = EDGE_LOOP ( 'NONE', ( #545, #1264 ) ) ;
#152 = DIRECTION ( 'NONE',  ( 0.000000000000000000, 0.000000000000000000, 1.000000000000000000 ) ) ;
#153 = DIRECTION ( 'NONE',  ( 0.000000000000000000, 0.000000000000000000, 1.000000000000000000 ) ) ;
#154 = CARTESIAN_POINT ( 'NONE',  ( 12.70000000000000107, 3.577867169202164632E-15, 38.10000000000001563 ) ) ;
#155 = VECTOR ( 'NONE', #3823, 1000.000000000000000 ) ;
#156 = EDGE_LOOP ( 'NONE', ( #5039, #2246 ) ) ;
#157 = CARTESIAN_POINT ( 'NONE',  ( 9.525000000000000355, 5.371240620587830250, 51.35291568658563932 ) ) ;
#158 = CARTESIAN_POINT ( 'NONE',  ( -12.69999999999999751, 12.69999999999999929, 63.50000000000000000 ) ) ;
#159 = EDGE_LOOP ( 'NONE', ( #2898, #6594 ) ) ;
#160 = ORIENTED_EDGE ( 'NONE', *, *, #3054, .F. ) ;
#161 = CIRCLE ( 'NONE', #3850, 2.080499999999998906 ) ;
#162 = FACE_OUTER_BOUND ( 'NONE', #738, .T. ) ;
#163 = CARTESIAN_POINT ( 'NONE',  ( -9.525000000000000355, -10.07084749364656950, 101.8189322704979247 ) ) ;
#164 = CARTESIAN_POINT ( 'NONE',  ( 12.70000000000000107, 12.33648634558017676, 28.89623028888087930 ) ) ;
#165 = PERSON_AND_ORGANIZATION ( #2922, #5816 ) ;
#166 = ORIENTED_EDGE ( 'NONE', *, *, #8337, .F. ) ;
#167 = DIRECTION ( 'NONE',  ( -0.000000000000000000, 1.000000000000000000, -0.000000000000000000 ) ) ;
#168 = EDGE_LOOP ( 'NONE', ( #4489, #1372, #5223, #1352 ) ) ;
#169 = CARTESIAN_POINT ( 'NONE',  ( -12.69999999999999751, 16.22354728284504333, 40.36214363188798160 ) ) ;
#170 = AXIS2_PLACEMENT_3D ( 'NONE', #4135, #4183, #4891 ) ;
#171 = ORIENTED_EDGE ( 'NONE', *, *, #1978, .T. ) ;
#172 = VERTEX_POINT ( 'NONE', #6931 ) ;
#173 = CIRCLE ( 'NONE', #7967, 2.499999999999992006 ) ;
#174 = AXIS2_PLACEMENT_3D ( 'NONE', #2700, #2750, #4127 ) ;
#175 = DIRECTION ( 'NONE',  ( -1.000000000000000000, -0.000000000000000000, -0.000000000000000000 ) ) ;
#176 = EDGE_CURVE ( 'NONE', #5986, #1617, #809, .T. ) ;
#177 = FACE_OUTER_BOUND ( 'NONE', #2298, .T. ) ;
#178 = DIRECTION ( 'NONE',  ( -1.000000000000000000, -0.000000000000000000, -0.000000000000000000 ) ) ;
#179 = ORIENTED_EDGE ( 'NONE', *, *, #6359, .F. ) ;
#180 = CARTESIAN_POINT ( 'NONE',  ( 12.70000000000000107, 14.15672222192832841, 78.33822353099817803 ) ) ;
#181 = CYLINDRICAL_SURFACE ( 'NONE', #730, 2.499999999999988454 ) ;
#182 = EDGE_CURVE ( 'NONE', #6340, #8189, #4998, .T. ) ;
#183 = CIRCLE ( 'NONE', #5144, 2.499999999999988454 ) ;
#185 = CARTESIAN_POINT ( 'NONE',  ( 12.70000000000000107, -12.69999999999999929, 116.7999999999999972 ) ) ;
#184 = AXIS2_PLACEMENT_3D ( 'NONE', #6319, #7693, #8319 ) ;
#186 = DIRECTION ( 'NONE',  ( 0.000000000000000000, 0.000000000000000000, 1.000000000000000000 ) ) ;
#187 = CARTESIAN_POINT ( 'NONE',  ( 7.746038523653021987E-16, 25.40000000000000213, 53.29999999999998295 ) ) ;
#188 = ORIENTED_EDGE ( 'NONE', *, *, #8285, .F. ) ;
#189 = CYLINDRICAL_SURFACE ( 'NONE', #1355, 17.66249999999999787 ) ;
#190 = DIRECTION ( 'NONE',  ( -1.000000000000000000, -0.000000000000000000, -0.000000000000000000 ) ) ;
#191 = DIRECTION ( 'NONE',  ( 0.000000000000000000, 1.667602476305511223E-15, -1.000000000000000000 ) ) ;
#192 = VERTEX_POINT ( 'NONE', #2186 ) ;
#193 = AXIS2_PLACEMENT_3D ( 'NONE', #2145, #769, #4098 ) ;
#194 = ORIENTED_EDGE ( 'NONE', *, *, #6001, .F. ) ;
#195 = EDGE_CURVE ( 'NONE', #3275, #6561, #2805, .T. ) ;
#196 = EDGE_CURVE ( 'NONE', #6561, #4420, #5560, .T. ) ;
#197 = EDGE_CURVE ( 'NONE', #6723, #6401, #2721, .T. ) ;
#198 = VERTEX_POINT ( 'NONE', #4228 ) ;
#199 = CARTESIAN_POINT ( 'NONE',  ( 12.70000000000000107, 15.22687436074360257, 92.98837563696011443 ) ) ;
#201 = CARTESIAN_POINT ( 'NONE',  ( 1.861463134703976303E-15, -25.39999999999999503, 73.70000000000000284 ) ) ;
#200 = AXIS2_PLACEMENT_3D ( 'NONE', #8612, #1197, #6612 ) ;
#202 = DIRECTION ( 'NONE',  ( 1.000000000000000000, -0.000000000000000000, -0.000000000000000000 ) ) ;
#203 = DIRECTION ( 'NONE',  ( -1.000000000000000000, -0.000000000000000000, -0.000000000000000000 ) ) ;
#204 = DIRECTION ( 'NONE',  ( -1.000000000000000000, 0.000000000000000000, 0.000000000000000000 ) ) ;
#205 = EDGE_LOOP ( 'NONE', ( #7438, #5176, #2958, #2422 ) ) ;
#206 = VERTEX_POINT ( 'NONE', #2317 ) ;
#207 = AXIS2_PLACEMENT_3D ( 'NONE', #2930, #4972, #2267 ) ;
#208 = CARTESIAN_POINT ( 'NONE',  ( -12.69999999999999751, 8.791741348502629450, 26.82191132943933454 ) ) ;
#209 = CYLINDRICAL_SURFACE ( 'NONE', #2872, 2.080499999999998906 ) ;
#210 = DIRECTION ( 'NONE',  ( -1.000000000000000000, -0.000000000000000000, -0.000000000000000000 ) ) ;
#211 = VERTEX_POINT ( 'NONE', #138 ) ;
#212 = DIRECTION ( 'NONE',  ( -0.000000000000000000, 1.000000000000000000, -0.000000000000000000 ) ) ;
#213 = ORIENTED_EDGE ( 'NONE', *, *, #7629, .T. ) ;
#214 = CARTESIAN_POINT ( 'NONE',  ( 12.70000000000000107, -16.22354728284505399, 35.83785636811216335 ) ) ;
#215 = VECTOR ( 'NONE', #6114, 1000.000000000000000 ) ;
#216 = ORIENTED_EDGE ( 'NONE', *, *, #6380, .F. ) ;
#217 = EDGE_LOOP ( 'NONE', ( #3952, #3697 ) ) ;
#218 = CIRCLE ( 'NONE', #1347, 2.271000000000002128 ) ;
#219 = FACE_OUTER_BOUND ( 'NONE', #2260, .T. ) ;
#220 = DIRECTION ( 'NONE',  ( -1.000000000000000000, -0.000000000000000000, -0.000000000000000000 ) ) ;
#221 = LINE ( 'NONE', #2797, #3752 ) ;
#222 = ORIENTED_EDGE ( 'NONE', *, *, #7513, .F. ) ;
#223 = CARTESIAN_POINT ( 'NONE',  ( -12.69999999999999751, 25.40000000000000213, 0.000000000000000000 ) ) ;
#224 = CIRCLE ( 'NONE', #499, 2.499999999999988454 ) ;
#225 = CARTESIAN_POINT ( 'NONE',  ( 12.70000000000000107, -5.371240620587816927, 24.84708431341438839 ) ) ;
#226 = EDGE_CURVE ( 'NONE', #5660, #7376, #2844, .T. ) ;
#227 = CIRCLE ( 'NONE', #6892, 2.271000000000002128 ) ;
#228 = AXIS2_PLACEMENT_3D ( 'NONE', #7796, #7053, #7713 ) ;
#229 = CYLINDRICAL_SURFACE ( 'NONE', #1595, 14.30000000000000782 ) ;
#230 = DIRECTION ( 'NONE',  ( 0.000000000000000000, 0.000000000000000000, 1.000000000000000000 ) ) ;
#231 = CARTESIAN_POINT ( 'NONE',  ( 12.70000000000000107, 3.577867169202164632E-15, 88.90000000000000568 ) ) ;
#232 = VERTEX_POINT ( 'NONE', #185 ) ;
#233 = CARTESIAN_POINT ( 'NONE',  ( 12.70000000000000107, 11.15407434219237004, 100.0426721981581153 ) ) ;
#234 = CARTESIAN_POINT ( 'NONE',  ( 12.70000000000000107, 2.068405620284300195, 71.35903068698951301 ) ) ;
#235 = CARTESIAN_POINT ( 'NONE',  ( 12.70000000000000107, -5.371240620587821368, 102.1529156865856294 ) ) ;
#236 = EDGE_LOOP ( 'NONE', ( #796, #7660, #5371, #3349 ) ) ;
#237 = CIRCLE ( 'NONE', #382, 2.080499999999998906 ) ;
#238 = EDGE_CURVE ( 'NONE', #6309, #2377, #6259, .T. ) ;
#239 = ORIENTED_EDGE ( 'NONE', *, *, #4314, .T. ) ;
#240 = ORIENTED_EDGE ( 'NONE', *, *, #4806, .F. ) ;
#241 = CIRCLE ( 'NONE', #3510, 17.66250000000000497 ) ;
#242 = CARTESIAN_POINT ( 'NONE',  ( 1.555301434917138038E-15, 25.40000000000000213, 76.19999999999998863 ) ) ;
#243 = CIRCLE ( 'NONE', #5201, 2.499999999999988454 ) ;
#244 = CARTESIAN_POINT ( 'NONE',  ( -9.525000000000000355, -16.22512784221253312, 95.87919284400851438 ) ) ;
#245 = CARTESIAN_POINT ( 'NONE',  ( 12.70000000000000107, 1.802455207620993427, 73.61440457572818730 ) ) ;
#246 = ORIENTED_EDGE ( 'NONE', *, *, #8708, .T. ) ;
#247 = DIRECTION ( 'NONE',  ( 0.000000000000000000, -1.000000000000000000, 0.000000000000000000 ) ) ;
#248 = DIRECTION ( 'NONE',  ( -1.000000000000000000, -0.000000000000000000, -0.000000000000000000 ) ) ;
#249 = ORIENTED_EDGE ( 'NONE', *, *, #4196, .F. ) ;
#250 = ADVANCED_FACE ( 'NONE', ( #2890 ), #5600, .F. ) ;
#251 = EDGE_CURVE ( 'NONE', #147, #6020, #4425, .T. ) ;
#252 = VERTEX_POINT ( 'NONE', #4980 ) ;
#253 = CIRCLE ( 'NONE', #3517, 2.271000000000002128 ) ;
#254 = AXIS2_PLACEMENT_3D ( 'NONE', #3746, #5698, #4994 ) ;
#255 = DIRECTION ( 'NONE',  ( 0.000000000000000000, -7.087310524298422894E-15, -1.000000000000000000 ) ) ;
#256 = DIRECTION ( 'NONE',  ( 0.000000000000000000, 0.000000000000000000, 1.000000000000000000 ) ) ;
#257 = DIRECTION ( 'NONE',  ( -1.000000000000000000, 0.000000000000000000, 0.000000000000000000 ) ) ;
#258 = AXIS2_PLACEMENT_3D ( 'NONE', #3111, #8522, #7066 ) ;
#259 = ORIENTED_EDGE ( 'NONE', *, *, #1698, .T. ) ;
#260 = DIRECTION ( 'NONE',  ( -1.000000000000000000, 0.000000000000000000, 0.000000000000000000 ) ) ;
#261 = ORIENTED_EDGE ( 'NONE', *, *, #5989, .F. ) ;
#262 = DIRECTION ( 'NONE',  ( -1.000000000000000000, -0.000000000000000000, -0.000000000000000000 ) ) ;
#263 = ORIENTED_EDGE ( 'NONE', *, *, #1756, .F. ) ;
#264 = ADVANCED_FACE ( 'NONE', ( #4936 ), #6305, .T. ) ;
#265 = EDGE_CURVE ( 'NONE', #4102, #8139, #593, .T. ) ;
#266 = ORIENTED_EDGE ( 'NONE', *, *, #2586, .T. ) ;
#267 = CARTESIAN_POINT ( 'NONE',  ( -12.69999999999999751, -12.69999999999999929, 114.2999999999999972 ) ) ;
#268 = LINE ( 'NONE', #6386, #1512 ) ;
#269 = DIRECTION ( 'NONE',  ( -0.000000000000000000, -1.000000000000000000, -0.000000000000000000 ) ) ;
#270 = VERTEX_POINT ( 'NONE', #7721 ) ;
#271 = DIRECTION ( 'NONE',  ( -1.000000000000000000, -0.000000000000000000, -0.000000000000000000 ) ) ;
#272 = LINE ( 'NONE', #7061, #3288 ) ;
#273 = DIRECTION ( 'NONE',  ( 1.000000000000000000, -0.000000000000000000, -0.000000000000000000 ) ) ;
#274 = CARTESIAN_POINT ( 'NONE',  ( 12.70000000000000107, 3.577867169202164632E-15, 38.10000000000001563 ) ) ;
#275 = VERTEX_POINT ( 'NONE', #1649 ) ;
#276 = DIRECTION ( 'NONE',  ( 0.000000000000000000, 0.000000000000000000, 1.000000000000000000 ) ) ;
#277 = LINE ( 'NONE', #5649, #8474 ) ;
#278 = DIRECTION ( 'NONE',  ( -1.000000000000000000, -0.000000000000000000, -0.000000000000000000 ) ) ;
#279 = VERTEX_POINT ( 'NONE', #7853 ) ;
#280 = ORIENTED_EDGE ( 'NONE', *, *, #8099, .F. ) ;
#281 = CIRCLE ( 'NONE', #6651, 14.30000000000000782 ) ;
#282 = ORIENTED_EDGE ( 'NONE', *, *, #3991, .T. ) ;
#283 = EDGE_CURVE ( 'NONE', #8461, #8251, #2484, .T. ) ;
#284 = DIRECTION ( 'NONE',  ( 0.000000000000000000, 0.000000000000000000, 1.000000000000000000 ) ) ;
#285 = FACE_OUTER_BOUND ( 'NONE', #8572, .T. ) ;
#286 = CYLINDRICAL_SURFACE ( 'NONE', #7895, 2.270999999999995467 ) ;
#287 = VERTEX_POINT ( 'NONE', #317 ) ;
#288 = FACE_OUTER_BOUND ( 'NONE', #7362, .T. ) ;
#289 = AXIS2_PLACEMENT_3D ( 'NONE', #4242, #6230, #420 ) ;
#290 = DIRECTION ( 'NONE',  ( 1.000000000000000000, 0.000000000000000000, 0.000000000000000000 ) ) ;
#291 = ORIENTED_EDGE ( 'NONE', *, *, #5938, .T. ) ;
#292 = ORIENTED_EDGE ( 'NONE', *, *, #2088, .T. ) ;
#294 = DIRECTION ( 'NONE',  ( 0.000000000000000000, 1.000000000000000000, 0.000000000000000000 ) ) ;
#293 = AXIS2_PLACEMENT_3D ( 'NONE', #4458, #336, #5871 ) ;
#295 = EDGE_CURVE ( 'NONE', #3795, #4882, #4396, .T. ) ;
#296 = DIRECTION ( 'NONE',  ( -1.000000000000000000, -0.000000000000000000, -0.000000000000000000 ) ) ;
#297 = CARTESIAN_POINT ( 'NONE',  ( 9.525000000000000355, 8.791741348502629450, 26.82191132943933454 ) ) ;
#298 = VERTEX_POINT ( 'NONE', #4487 ) ;
#299 = DIRECTION ( 'NONE',  ( -0.000000000000000000, 1.000000000000000000, -0.000000000000000000 ) ) ;
#300 = ORIENTED_EDGE ( 'NONE', *, *, #625, .F. ) ;
#301 = DIRECTION ( 'NONE',  ( 1.000000000000000000, 0.000000000000000000, 0.000000000000000000 ) ) ;
#302 = ORIENTED_EDGE ( 'NONE', *, *, #2047, .T. ) ;
#303 = ORIENTED_EDGE ( 'NONE', *, *, #6807, .F. ) ;
#304 = CIRCLE ( 'NONE', #5400, 2.499999999999992006 ) ;
#305 = CYLINDRICAL_SURFACE ( 'NONE', #228, 2.499999999999988454 ) ;
#306 = EDGE_CURVE ( 'NONE', #1205, #6507, #3026, .T. ) ;
#307 = EDGE_CURVE ( 'NONE', #298, #8466, #173, .T. ) ;
#308 = ADVANCED_FACE ( 'NONE', ( #5234 ), #5730, .F. ) ;
#309 = CIRCLE ( 'NONE', #5410, 2.080499999999998906 ) ;
#310 = DIRECTION ( 'NONE',  ( 0.000000000000000000, 0.000000000000000000, 1.000000000000000000 ) ) ;
#311 = CARTESIAN_POINT ( 'NONE',  ( 12.70000000000000107, 8.791741348502393194, 100.1780886705608822 ) ) ;
#312 = VERTEX_POINT ( 'NONE', #5102 ) ;
#313 = CYLINDRICAL_SURFACE ( 'NONE', #2856, 2.080499999999998906 ) ;
#314 = AXIS2_PLACEMENT_3D ( 'NONE', #1340, #4665, #4005 ) ;
#315 = PRODUCT_DEFINITION_SHAPE ( 'NONE', 'NONE',  #4689 ) ;
#316 = VECTOR ( 'NONE', #5458, 1000.000000000000000 ) ;
#317 = CARTESIAN_POINT ( 'NONE',  ( -12.69999999999999929, 12.69999999999999929, 111.8000000000000114 ) ) ;
#318 = CYLINDRICAL_SURFACE ( 'NONE', #629, 14.30000000000000782 ) ;
#319 = VECTOR ( 'NONE', #8129, 1000.000000000000000 ) ;
#320 = VECTOR ( 'NONE', #7658, 1000.000000000000000 ) ;
#321 = ORIENTED_EDGE ( 'NONE', *, *, #1212, .T. ) ;
#322 = FACE_OUTER_BOUND ( 'NONE', #8726, .T. ) ;
#323 = CARTESIAN_POINT ( 'NONE',  ( 12.70000000000000107, -12.33648634558010748, 47.30376971111923723 ) ) ;
#324 = CARTESIAN_POINT ( 'NONE',  ( -9.525000000000002132, -12.69999999999999929, 12.69999999999999929 ) ) ;
#325 = ORIENTED_EDGE ( 'NONE', *, *, #3832, .F. ) ;
#326 = ORIENTED_EDGE ( 'NONE', *, *, #1258, .F. ) ;
#327 = CIRCLE ( 'NONE', #5985, 2.080499999999998906 ) ;
#328 = ORIENTED_EDGE ( 'NONE', *, *, #6873, .T. ) ;
#329 = APPLICATION_CONTEXT ( 'configuration controlled 3d designs of mechanical parts and assemblies' ) ;
#330 = FACE_OUTER_BOUND ( 'NONE', #2481, .T. ) ;
#331 = CARTESIAN_POINT ( 'NONE',  ( -12.69999999999999751, -25.39999999999999503, 127.0000000000000000 ) ) ;
#332 = DIRECTION ( 'NONE',  ( 0.000000000000000000, 0.000000000000000000, 1.000000000000000000 ) ) ;
#333 = LINE ( 'NONE', #4411, #1241 ) ;
#334 = AXIS2_PLACEMENT_3D ( 'NONE', #8587, #5301, #2508 ) ;
#335 = AXIS2_PLACEMENT_3D ( 'NONE', #7412, #4714, #2807 ) ;
#336 = DIRECTION ( 'NONE',  ( 1.000000000000000000, 0.000000000000000000, 0.000000000000000000 ) ) ;
#337 = ORIENTED_EDGE ( 'NONE', *, *, #6429, .F. ) ;
#338 = ORIENTED_EDGE ( 'NONE', *, *, #5358, .T. ) ;
#339 = EDGE_CURVE ( 'NONE', #1277, #2748, #8476, .T. ) ;
#340 = CIRCLE ( 'NONE', #5294, 2.499999999999988454 ) ;
#341 = CARTESIAN_POINT ( 'NONE',  ( 1.555301434917138038E-15, 25.40000000000000213, 76.19999999999998863 ) ) ;
#342 = CYLINDRICAL_SURFACE ( 'NONE', #1873, 2.271000000000002128 ) ;
#343 = DIRECTION ( 'NONE',  ( 0.000000000000000000, 0.000000000000000000, 1.000000000000000000 ) ) ;
#344 = ORIENTED_EDGE ( 'NONE', *, *, #483, .F. ) ;
#345 = FACE_BOUND ( 'NONE', #4244, .T. ) ;
#346 = EDGE_LOOP ( 'NONE', ( #7152, #2220, #4213, #6827 ) ) ;
#347 = DIRECTION ( 'NONE',  ( 0.000000000000000000, 0.000000000000000000, -1.000000000000000000 ) ) ;
#348 = ORIENTED_EDGE ( 'NONE', *, *, #1014, .F. ) ;
#349 = AXIS2_PLACEMENT_3D ( 'NONE', #5149, #3245, #5857 ) ;
#350 = ORIENTED_EDGE ( 'NONE', *, *, #8496, .T. ) ;
#351 = EDGE_CURVE ( 'NONE', #4279, #6598, #1822, .T. ) ;
#352 = CYLINDRICAL_SURFACE ( 'NONE', #941, 2.499999999999988454 ) ;
#353 = CIRCLE ( 'NONE', #8138, 2.500000000000002220 ) ;
#354 = DIRECTION ( 'NONE',  ( -1.000000000000000000, -0.000000000000000000, -0.000000000000000000 ) ) ;
#355 = DIRECTION ( 'NONE',  ( 0.000000000000000000, 0.000000000000000000, -1.000000000000000000 ) ) ;
#356 = ORIENTED_EDGE ( 'NONE', *, *, #8657, .T. ) ;
#357 = CARTESIAN_POINT ( 'NONE',  ( -9.525000000000000355, -6.152699789198520897, 73.71892409761429121 ) ) ;
#358 = ADVANCED_FACE ( 'NONE', ( #4444 ), #1112, .F. ) ;
#359 = CIRCLE ( 'NONE', #8433, 2.499999999999995115 ) ;
#360 = EDGE_CURVE ( 'NONE', #4555, #1993, #4524, .T. ) ;
#361 = EDGE_CURVE ( 'NONE', #4420, #7268, #4002, .T. ) ;
#362 = EDGE_CURVE ( 'NONE', #5659, #4588, #3108, .T. ) ;
#363 = CARTESIAN_POINT ( 'NONE',  ( 12.70000000000000107, 3.577867169202164632E-15, 88.90000000000000568 ) ) ;
#365 = CARTESIAN_POINT ( 'NONE',  ( -12.69999999999999751, 10.07084749364666365, 27.26156772950216833 ) ) ;
#364 = AXIS2_PLACEMENT_3D ( 'NONE', #4469, #7170, #1918 ) ;
#366 = ORIENTED_EDGE ( 'NONE', *, *, #8102, .F. ) ;
#367 = LINE ( 'NONE', #5734, #7902 ) ;
#368 = CARTESIAN_POINT ( 'NONE',  ( -12.69999999999999751, 3.577867169202164632E-15, 38.10000000000001563 ) ) ;
#369 = ORIENTED_EDGE ( 'NONE', *, *, #5121, .T. ) ;
#370 = ORIENTED_EDGE ( 'NONE', *, *, #414, .F. ) ;
#371 = EDGE_CURVE ( 'NONE', #3192, #5352, #7119, .T. ) ;
#372 = ADVANCED_FACE ( 'NONE', ( #1151, #1733, #5066, #3861, #1073, #5148, #6478, #492, #3197, #5900, #8611, #2529 ), #403, .F. ) ;
#373 = ORIENTED_EDGE ( 'NONE', *, *, #5675, .T. ) ;
#374 = FACE_OUTER_BOUND ( 'NONE', #3060, .T. ) ;
#375 = CARTESIAN_POINT ( 'NONE',  ( -12.69999999999999751, 12.69999999999999929, 61.00000000000000711 ) ) ;
#376 = CARTESIAN_POINT ( 'NONE',  ( 12.70000000000000107, 12.33648634557998314, 47.30376971111940776 ) ) ;
#377 = DIRECTION ( 'NONE',  ( 0.000000000000000000, 0.000000000000000000, 1.000000000000000000 ) ) ;
#378 = AXIS2_PLACEMENT_3D ( 'NONE', #5803, #3596, #7005 ) ;
#379 = CARTESIAN_POINT ( 'NONE',  ( -12.69999999999999751, 6.152699789198528002, 53.28107590238573010 ) ) ;
#380 = ORIENTED_EDGE ( 'NONE', *, *, #5134, .F. ) ;
#381 = ORIENTED_EDGE ( 'NONE', *, *, #8175, .T. ) ;
#382 = AXIS2_PLACEMENT_3D ( 'NONE', #2297, #834, #2214 ) ;
#383 = VECTOR ( 'NONE', #1091, 1000.000000000000000 ) ;
#384 = LINE ( 'NONE', #1755, #1799 ) ;
#385 = CARTESIAN_POINT ( 'NONE',  ( -12.69999999999999929, 0.000000000000000000, 65.99999999999998579 ) ) ;
#386 = FACE_OUTER_BOUND ( 'NONE', #7771, .T. ) ;
#387 = ORIENTED_EDGE ( 'NONE', *, *, #5988, .T. ) ;
#388 = CARTESIAN_POINT ( 'NONE',  ( -12.69999999999999751, -10.07084749364648069, 78.06156772950203049 ) ) ;
#389 = VERTEX_POINT ( 'NONE', #5811 ) ;
#390 = CARTESIAN_POINT ( 'NONE',  ( 9.525000000000000355, -4.072800018551144596, 53.33104783511790714 ) ) ;
#391 = FACE_OUTER_BOUND ( 'NONE', #6527, .T. ) ;
#392 = VERTEX_POINT ( 'NONE', #1691 ) ;
#393 = AXIS2_PLACEMENT_3D ( 'NONE', #6859, #112, #2817 ) ;
#394 = ORIENTED_EDGE ( 'NONE', *, *, #1379, .F. ) ;
#395 = DIRECTION ( 'NONE',  ( 0.000000000000000000, 0.000000000000000000, 1.000000000000000000 ) ) ;
#396 = AXIS2_PLACEMENT_3D ( 'NONE', #4668, #5914, #6625 ) ;
#397 = DIRECTION ( 'NONE',  ( -1.000000000000000000, -0.000000000000000000, -0.000000000000000000 ) ) ;
#398 = ADVANCED_FACE ( 'NONE', ( #7101 ), #3734, .F. ) ;
#399 = ORIENTED_EDGE ( 'NONE', *, *, #3270, .F. ) ;
#400 = CARTESIAN_POINT ( 'NONE',  ( 9.525000000000000355, 22.22500000000000142, 127.0000000000000000 ) ) ;
#401 = ORIENTED_EDGE ( 'NONE', *, *, #1603, .T. ) ;
#402 = CARTESIAN_POINT ( 'NONE',  ( 12.70000000000000107, 8.791741348502393194, 49.37808867056088502 ) ) ;
#403 = PLANE ( 'NONE',  #5845 ) ;
#404 = ADVANCED_FACE ( 'NONE', ( #3906 ), #620, .F. ) ;
#405 = DIRECTION ( 'NONE',  ( 0.000000000000000000, 0.000000000000000000, 1.000000000000000000 ) ) ;
#406 = EDGE_CURVE ( 'NONE', #1405, #4953, #4866, .T. ) ;
#407 = EDGE_LOOP ( 'NONE', ( #4925, #3931, #7232, #2352 ) ) ;
#408 = LINE ( 'NONE', #4490, #3232 ) ;
#409 = CARTESIAN_POINT ( 'NONE',  ( 12.70000000000000107, 3.577867169202164632E-15, 38.10000000000001563 ) ) ;
#410 = EDGE_LOOP ( 'NONE', ( #3659, #7052, #4335, #337 ) ) ;
#411 = EDGE_LOOP ( 'NONE', ( #4962, #8091, #4814, #7197 ) ) ;
#412 = VERTEX_POINT ( 'NONE', #832 ) ;
#413 = DIRECTION ( 'NONE',  ( -1.000000000000000000, -0.000000000000000000, -0.000000000000000000 ) ) ;
#414 = EDGE_CURVE ( 'NONE', #6863, #7385, #1308, .T. ) ;
#415 = DIRECTION ( 'NONE',  ( -1.000000000000000000, 0.000000000000000000, 0.000000000000000000 ) ) ;
#416 = CARTESIAN_POINT ( 'NONE',  ( 12.70000000000000107, -14.16298196909034779, 90.87482701602483814 ) ) ;
#417 = ADVANCED_FACE ( 'NONE', ( #5369 ), #5941, .F. ) ;
#418 = ADVANCED_FACE ( 'NONE', ( #1998 ), #4088, .T. ) ;
#419 = CARTESIAN_POINT ( 'NONE',  ( -9.525000000000000355, -6.152699789198520897, 22.91892409761429406 ) ) ;
#420 = DIRECTION ( 'NONE',  ( 0.000000000000000000, 0.000000000000000000, 1.000000000000000000 ) ) ;
#421 = ORIENTED_EDGE ( 'NONE', *, *, #5079, .F. ) ;
#422 = ORIENTED_EDGE ( 'NONE', *, *, #5288, .F. ) ;
#423 = CIRCLE ( 'NONE', #6799, 17.66250000000000497 ) ;
#424 = CYLINDRICAL_SURFACE ( 'NONE', #668, 2.499999999999992006 ) ;
#425 = DIRECTION ( 'NONE',  ( 0.000000000000000000, 0.000000000000000000, -1.000000000000000000 ) ) ;
#426 = FACE_BOUND ( 'NONE', #2746, .T. ) ;
#427 = AXIS2_PLACEMENT_3D ( 'NONE', #6325, #2864, #4996 ) ;
#428 = ORIENTED_EDGE ( 'NONE', *, *, #5030, .T. ) ;
#429 = LINE ( 'NONE', #7085, #7050 ) ;
#430 = EDGE_LOOP ( 'NONE', ( #8581, #6200 ) ) ;
#431 = CARTESIAN_POINT ( 'NONE',  ( -9.525000000000002132, -12.69999999999999929, 111.8000000000000114 ) ) ;
#432 = DIRECTION ( 'NONE',  ( -1.000000000000000000, -0.000000000000000000, -0.000000000000000000 ) ) ;
#433 = ORIENTED_EDGE ( 'NONE', *, *, #8441, .T. ) ;
#434 = ORIENTED_EDGE ( 'NONE', *, *, #4978, .T. ) ;
#435 = AXIS2_PLACEMENT_3D ( 'NONE', #1087, #7159, #5700 ) ;
#436 = FACE_OUTER_BOUND ( 'NONE', #7180, .T. ) ;
#437 = CIRCLE ( 'NONE', #8511, 14.30000000000000071 ) ;
#438 = CYLINDRICAL_SURFACE ( 'NONE', #7935, 2.271000000000002128 ) ;
#439 = DIRECTION ( 'NONE',  ( 0.000000000000000000, 0.000000000000000000, 1.000000000000000000 ) ) ;
#440 = VERTEX_POINT ( 'NONE', #8741 ) ;
#441 = DIRECTION ( 'NONE',  ( -1.000000000000000000, -0.000000000000000000, -0.000000000000000000 ) ) ;
#442 = AXIS2_PLACEMENT_3D ( 'NONE', #409, #1077, #3158 ) ;
#443 = VERTEX_POINT ( 'NONE', #5982 ) ;
#444 = CYLINDRICAL_SURFACE ( 'NONE', #743, 2.270999999999995467 ) ;
#445 = EDGE_CURVE ( 'NONE', #4289, #1634, #5275, .T. ) ;
#446 = CARTESIAN_POINT ( 'NONE',  ( 1.861463134703975514E-15, 25.40000000000000213, 22.90000000000000568 ) ) ;
#447 = DIRECTION ( 'NONE',  ( 0.000000000000000000, 0.000000000000000000, 1.000000000000000000 ) ) ;
#448 = ORIENTED_EDGE ( 'NONE', *, *, #624, .T. ) ;
#449 = DIRECTION ( 'NONE',  ( -0.000000000000000000, 1.000000000000000000, -0.000000000000000000 ) ) ;
#450 = AXIS2_PLACEMENT_3D ( 'NONE', #1995, #2482, #5191 ) ;
#451 = CARTESIAN_POINT ( 'NONE',  ( 9.525000000000000355, 12.69999999999999929, 12.69999999999999929 ) ) ;
#452 = ORIENTED_EDGE ( 'NONE', *, *, #4747, .T. ) ;
#453 = ORIENTED_EDGE ( 'NONE', *, *, #6706, .F. ) ;
#454 = EDGE_CURVE ( 'NONE', #6137, #5053, #602, .T. ) ;
#455 = AXIS2_PLACEMENT_3D ( 'NONE', #6082, #1339, #2006 ) ;
#457 = ORIENTED_EDGE ( 'NONE', *, *, #3617, .T. ) ;
#456 = AXIS2_PLACEMENT_3D ( 'NONE', #5663, #4337, #7826 ) ;
#458 = LINE ( 'NONE', #5910, #5693 ) ;
#459 = DIRECTION ( 'NONE',  ( 0.000000000000000000, 0.000000000000000000, -1.000000000000000000 ) ) ;
#460 = CARTESIAN_POINT ( 'NONE',  ( 12.70000000000000107, -11.15407434219252103, 49.24267219815796182 ) ) ;
#461 = CARTESIAN_POINT ( 'NONE',  ( 1.555301434917138433E-15, 22.22500000000000142, 65.99999999999998579 ) ) ;
#462 = DIRECTION ( 'NONE',  ( -1.000000000000000000, -0.000000000000000000, -0.000000000000000000 ) ) ;
#463 = ORIENTED_EDGE ( 'NONE', *, *, #3934, .T. ) ;
#464 = CIRCLE ( 'NONE', #1037, 2.499999999999988454 ) ;
#465 = ORIENTED_EDGE ( 'NONE', *, *, #7981, .T. ) ;
#466 = AXIS2_PLACEMENT_3D ( 'NONE', #1401, #1487, #2116 ) ;
#467 = ADVANCED_FACE ( 'NONE', ( #4656 ), #8787, .F. ) ;
#468 = EDGE_CURVE ( 'NONE', #7440, #40, #5416, .T. ) ;
#469 = ADVANCED_FACE ( 'NONE', ( #1242 ), #6236, .F. ) ;
#470 = EDGE_CURVE ( 'NONE', #3768, #7132, #2440, .T. ) ;
#471 = CARTESIAN_POINT ( 'NONE',  ( 12.70000000000000107, 16.22354728284504333, 91.16214363188798586 ) ) ;
#472 = CARTESIAN_POINT ( 'NONE',  ( 1.555301434917138433E-15, -22.22499999999999787, 63.50000000000000000 ) ) ;
#474 = CARTESIAN_POINT ( 'NONE',  ( 0.000000000000000000, -22.22499999999999787, 15.19999999999999218 ) ) ;
#473 = CIRCLE ( 'NONE', #5284, 2.080499999999998906 ) ;
#475 = AXIS2_PLACEMENT_3D ( 'NONE', #4536, #1164, #2536 ) ;
#476 = ORIENTED_EDGE ( 'NONE', *, *, #5133, .T. ) ;
#477 = DIRECTION ( 'NONE',  ( -1.000000000000000000, -0.000000000000000000, -0.000000000000000000 ) ) ;
#478 = VERTEX_POINT ( 'NONE', #2703 ) ;
#479 = CARTESIAN_POINT ( 'NONE',  ( 9.525000000000000355, 6.152699789198528002, 53.28107590238573010 ) ) ;
#480 = ORIENTED_EDGE ( 'NONE', *, *, #4280, .F. ) ;
#481 = EDGE_LOOP ( 'NONE', ( #3889, #8196, #8540, #6243 ) ) ;
#482 = VECTOR ( 'NONE', #8219, 1000.000000000000000 ) ;
#483 = EDGE_CURVE ( 'NONE', #5936, #7376, #4156, .T. ) ;
#484 = CARTESIAN_POINT ( 'NONE',  ( 9.525000000000000355, -16.22354728284505399, 35.83785636811216335 ) ) ;
#485 = CARTESIAN_POINT ( 'NONE',  ( 12.70000000000000107, -1.802455207620986100, 22.81440457572818303 ) ) ;
#486 = CARTESIAN_POINT ( 'NONE',  ( 12.70000000000000107, -15.22687436074362388, 34.01162436304002767 ) ) ;
#487 = VERTEX_POINT ( 'NONE', #1196 ) ;
#488 = DIRECTION ( 'NONE',  ( 0.000000000000000000, 8.338012381527556114E-16, -1.000000000000000000 ) ) ;
#489 = AXIS2_PLACEMENT_3D ( 'NONE', #1113, #3818, #3908 ) ;
#490 = ORIENTED_EDGE ( 'NONE', *, *, #7783, .F. ) ;
#491 = PLANE ( 'NONE',  #8523 ) ;
#492 = FACE_BOUND ( 'NONE', #2813, .T. ) ;
#493 = DIRECTION ( 'NONE',  ( 1.000000000000000000, 0.000000000000000000, 0.000000000000000000 ) ) ;
#494 = ORIENTED_EDGE ( 'NONE', *, *, #7513, .T. ) ;
#495 = DIRECTION ( 'NONE',  ( 0.000000000000000000, 0.000000000000000000, 1.000000000000000000 ) ) ;
#496 = AXIS2_PLACEMENT_3D ( 'NONE', #1066, #3767, #7310 ) ;
#497 = FACE_OUTER_BOUND ( 'NONE', #6957, .T. ) ;
#498 = ORIENTED_EDGE ( 'NONE', *, *, #1660, .F. ) ;
#499 = AXIS2_PLACEMENT_3D ( 'NONE', #5951, #1057, #5713 ) ;
#500 = VERTEX_POINT ( 'NONE', #6074 ) ;
#501 = DIRECTION ( 'NONE',  ( 1.000000000000000000, -0.000000000000000000, -0.000000000000000000 ) ) ;
#502 = FACE_OUTER_BOUND ( 'NONE', #1135, .T. ) ;
#503 = CARTESIAN_POINT ( 'NONE',  ( -12.69999999999999751, -6.152699789198520897, 22.91892409761429406 ) ) ;
#504 = CARTESIAN_POINT ( 'NONE',  ( 0.000000000000000000, -25.39999999999999503, 12.69999999999999929 ) ) ;
#505 = EDGE_CURVE ( 'NONE', #4107, #132, #6653, .T. ) ;
#506 = DIRECTION ( 'NONE',  ( -1.000000000000000000, -0.000000000000000000, -0.000000000000000000 ) ) ;
#507 = ORIENTED_EDGE ( 'NONE', *, *, #8484, .F. ) ;
#508 = AXIS2_PLACEMENT_3D ( 'NONE', #8786, #8116, #5592 ) ;
#509 = EDGE_LOOP ( 'NONE', ( #7470, #4658, #5099, #6356 ) ) ;
#510 = CARTESIAN_POINT ( 'NONE',  ( 9.525000000000000355, -12.33648634558010748, 98.10376971111922728 ) ) ;
#511 = AXIS2_PLACEMENT_3D ( 'NONE', #8384, #1467, #2835 ) ;
#512 = DIRECTION ( 'NONE',  ( 0.000000000000000000, 0.000000000000000000, 1.000000000000000000 ) ) ;
#513 = CARTESIAN_POINT ( 'NONE',  ( 12.70000000000000107, -8.791741348502544184, 49.37808867056075712 ) ) ;
#514 = CARTESIAN_POINT ( 'NONE',  ( 9.525000000000000355, -5.371240620587823145, 102.1529156865856294 ) ) ;
#515 = ORIENTED_EDGE ( 'NONE', *, *, #7677, .T. ) ;
#516 = CARTESIAN_POINT ( 'NONE',  ( 12.70000000000000107, 12.33648634558017676, 28.89623028888087930 ) ) ;
#517 = ORIENTED_EDGE ( 'NONE', *, *, #2724, .F. ) ;
#518 = ADVANCED_FACE ( 'NONE', ( #8119 ), #4611, .F. ) ;
#519 = EDGE_CURVE ( 'NONE', #7620, #6793, #4711, .T. ) ;
#520 = DIRECTION ( 'NONE',  ( 1.000000000000000000, 0.000000000000000000, 0.000000000000000000 ) ) ;
#521 = ORIENTED_EDGE ( 'NONE', *, *, #6822, .T. ) ;
#522 = VERTEX_POINT ( 'NONE', #4294 ) ;
#523 = AXIS2_PLACEMENT_3D ( 'NONE', #8108, #6784, #705 ) ;
#524 = CIRCLE ( 'NONE', #8595, 2.271000000000002128 ) ;
#525 = LINE ( 'NONE', #3897, #7600 ) ;
#526 = DIRECTION ( 'NONE',  ( 1.000000000000000000, 0.000000000000000000, 0.000000000000000000 ) ) ;
#527 = AXIS2_PLACEMENT_3D ( 'NONE', #516, #8144, #2073 ) ;
#528 = DIRECTION ( 'NONE',  ( 1.000000000000000000, -0.000000000000000000, -0.000000000000000000 ) ) ;
#529 = ORIENTED_EDGE ( 'NONE', *, *, #8391, .F. ) ;
#531 = FACE_OUTER_BOUND ( 'NONE', #2346, .T. ) ;
#530 = AXIS2_PLACEMENT_3D ( 'NONE', #7494, #4500, #2496 ) ;
#532 = ADVANCED_FACE ( 'NONE', ( #386 ), #1715, .F. ) ;
#533 = EDGE_CURVE ( 'NONE', #1331, #2195, #6129, .T. ) ;
#534 = ORIENTED_EDGE ( 'NONE', *, *, #2454, .T. ) ;
#535 = CARTESIAN_POINT ( 'NONE',  ( 12.70000000000000107, -14.13894155320108759, 44.18182571315256268 ) ) ;
#536 = AXIS2_PLACEMENT_3D ( 'NONE', #1919, #7329, #7246 ) ;
#537 = CIRCLE ( 'NONE', #511, 2.080499999999998906 ) ;
#538 = DIRECTION ( 'NONE',  ( 0.000000000000000000, 0.000000000000000000, 1.000000000000000000 ) ) ;
#539 = FACE_OUTER_BOUND ( 'NONE', #617, .T. ) ;
#540 = ORIENTED_EDGE ( 'NONE', *, *, #3392, .F. ) ;
#541 = AXIS2_PLACEMENT_3D ( 'NONE', #7686, #6358, #8399 ) ;
#542 = CARTESIAN_POINT ( 'NONE',  ( 1.080765552152139379E-15, 25.40000000000000213, 99.10000000000000853 ) ) ;
#543 = FACE_OUTER_BOUND ( 'NONE', #509, .T. ) ;
#544 = ORIENTED_EDGE ( 'NONE', *, *, #5885, .T. ) ;
#545 = ORIENTED_EDGE ( 'NONE', *, *, #3012, .F. ) ;
#546 = CARTESIAN_POINT ( 'NONE',  ( -12.69999999999999751, 4.072800018551152590, 22.86895216488212412 ) ) ;
#547 = DIRECTION ( 'NONE',  ( -0.000000000000000000, 1.000000000000000000, -0.000000000000000000 ) ) ;
#548 = DIRECTION ( 'NONE',  ( -1.000000000000000000, -0.000000000000000000, -0.000000000000000000 ) ) ;
#549 = LINE ( 'NONE', #7417, #6520 ) ;
#550 = EDGE_LOOP ( 'NONE', ( #6434, #835, #5171, #606 ) ) ;
#551 = ORIENTED_EDGE ( 'NONE', *, *, #6861, .T. ) ;
#552 = EDGE_CURVE ( 'NONE', #211, #4318, #2870, .T. ) ;
#553 = CARTESIAN_POINT ( 'NONE',  ( 9.525000000000000355, 0.000000000000000000, 63.50000000000000000 ) ) ;
#554 = DIRECTION ( 'NONE',  ( -1.000000000000000000, -0.000000000000000000, -0.000000000000000000 ) ) ;
#555 = DIRECTION ( 'NONE',  ( -1.000000000000000000, -0.000000000000000000, -0.000000000000000000 ) ) ;
#556 = LINE ( 'NONE', #4727, #3571 ) ;
#557 = ORIENTED_EDGE ( 'NONE', *, *, #6359, .T. ) ;
#558 = DIRECTION ( 'NONE',  ( -1.000000000000000000, -0.000000000000000000, -0.000000000000000000 ) ) ;
#559 = EDGE_LOOP ( 'NONE', ( #3077, #2174, #3923, #8257 ) ) ;
#560 = CIRCLE ( 'NONE', #8637, 14.30000000000000782 ) ;
#561 = DIRECTION ( 'NONE',  ( -1.000000000000000000, 0.000000000000000000, 0.000000000000000000 ) ) ;
#562 = EDGE_LOOP ( 'NONE', ( #8186, #1289, #4025, #160 ) ) ;
#563 = ORIENTED_EDGE ( 'NONE', *, *, #7500, .T. ) ;
#564 = EDGE_CURVE ( 'NONE', #2378, #147, #8114, .T. ) ;
#566 = DIRECTION ( 'NONE',  ( 0.000000000000000000, 0.000000000000000000, -1.000000000000000000 ) ) ;
#565 = CIRCLE ( 'NONE', #7226, 2.270999999999995467 ) ;
#567 = DIRECTION ( 'NONE',  ( 0.000000000000000000, 0.000000000000000000, 1.000000000000000000 ) ) ;
#568 = ORIENTED_EDGE ( 'NONE', *, *, #4590, .F. ) ;
#569 = CARTESIAN_POINT ( 'NONE',  ( -12.69999999999999751, -25.39999999999999503, 127.0000000000000000 ) ) ;
#570 = VERTEX_POINT ( 'NONE', #2382 ) ;
#571 = DIRECTION ( 'NONE',  ( 0.000000000000000000, -1.750982600120786823E-14, -1.000000000000000000 ) ) ;
#572 = VECTOR ( 'NONE', #2779, 1000.000000000000000 ) ;
#573 = CIRCLE ( 'NONE', #4545, 2.270999999999995467 ) ;
#574 = EDGE_CURVE ( 'NONE', #7058, #8044, #7787, .T. ) ;
#575 = EDGE_CURVE ( 'NONE', #4058, #7207, #464, .T. ) ;
#576 = EDGE_CURVE ( 'NONE', #4439, #3491, #5567, .T. ) ;
#577 = DIRECTION ( 'NONE',  ( -1.000000000000000000, -0.000000000000000000, -0.000000000000000000 ) ) ;
#578 = CIRCLE ( 'NONE', #1005, 2.270999999999995467 ) ;
#579 = CARTESIAN_POINT ( 'NONE',  ( -12.69999999999999751, 12.69999999999999929, 12.69999999999999929 ) ) ;
#580 = EDGE_LOOP ( 'NONE', ( #3504, #7038 ) ) ;
#581 = CARTESIAN_POINT ( 'NONE',  ( -12.69999999999999751, 14.13894155320100943, 94.98182571315275879 ) ) ;
#582 = CYLINDRICAL_SURFACE ( 'NONE', #8658, 17.66250000000000497 ) ;
#583 = VERTEX_POINT ( 'NONE', #4339 ) ;
#584 = DIRECTION ( 'NONE',  ( -1.000000000000000000, -0.000000000000000000, -0.000000000000000000 ) ) ;
#585 = DIRECTION ( 'NONE',  ( -1.000000000000000000, -0.000000000000000000, -0.000000000000000000 ) ) ;
#586 = CARTESIAN_POINT ( 'NONE',  ( -12.69999999999999751, 12.69999999999999929, 10.20000000000000817 ) ) ;
#587 = CIRCLE ( 'NONE', #1726, 2.080499999999998906 ) ;
#588 = CARTESIAN_POINT ( 'NONE',  ( 12.70000000000000107, 2.068405620284298418, 106.4409693130105268 ) ) ;
#589 = CARTESIAN_POINT ( 'NONE',  ( -9.525000000000000355, -10.07084749364648069, 78.06156772950203049 ) ) ;
#590 = FACE_OUTER_BOUND ( 'NONE', #1740, .T. ) ;
#591 = VERTEX_POINT ( 'NONE', #3091 ) ;
#592 = VERTEX_POINT ( 'NONE', #2961 ) ;
#593 = CIRCLE ( 'NONE', #7540, 2.271000000000002128 ) ;
#594 = AXIS2_PLACEMENT_3D ( 'NONE', #3328, #6516, #1324 ) ;
#595 = ORIENTED_EDGE ( 'NONE', *, *, #1927, .T. ) ;
#596 = CARTESIAN_POINT ( 'NONE',  ( 12.70000000000000107, 14.15672222192810992, 48.66177646900214881 ) ) ;
#597 = CARTESIAN_POINT ( 'NONE',  ( -12.69999999999999751, 3.577867169202164632E-15, 88.90000000000000568 ) ) ;
#598 = DIRECTION ( 'NONE',  ( -0.000000000000000000, 1.000000000000000000, -0.000000000000000000 ) ) ;
#599 = ORIENTED_EDGE ( 'NONE', *, *, #5739, .F. ) ;
#600 = CYLINDRICAL_SURFACE ( 'NONE', #4783, 2.499999999999992006 ) ;
#601 = ORIENTED_EDGE ( 'NONE', *, *, #3774, .F. ) ;
#602 = CIRCLE ( 'NONE', #5137, 2.271000000000002128 ) ;
#603 = CARTESIAN_POINT ( 'NONE',  ( -12.69999999999999751, 3.061616997868373773E-16, 111.8000000000000114 ) ) ;
#604 = ORIENTED_EDGE ( 'NONE', *, *, #564, .T. ) ;
#605 = ADVANCED_FACE ( 'NONE', ( #7044 ), #4957, .F. ) ;
#606 = ORIENTED_EDGE ( 'NONE', *, *, #3159, .T. ) ;
#607 = AXIS2_PLACEMENT_3D ( 'NONE', #5960, #5837, #8672 ) ;
#608 = CIRCLE ( 'NONE', #7127, 14.30000000000000071 ) ;
#609 = DIRECTION ( 'NONE',  ( 0.000000000000000000, 1.000000000000000000, 0.000000000000000000 ) ) ;
#610 = PERSON_AND_ORGANIZATION_ROLE ( 'design_owner' ) ;
#611 = CARTESIAN_POINT ( 'NONE',  ( 1.555301434917138433E-15, 25.40000000000000213, 114.2999999999999972 ) ) ;
#612 = VERTEX_POINT ( 'NONE', #971 ) ;
#613 = DIRECTION ( 'NONE',  ( -1.000000000000000000, 0.000000000000000000, 0.000000000000000000 ) ) ;
#614 = ORIENTED_EDGE ( 'NONE', *, *, #5556, .F. ) ;
#615 = EDGE_CURVE ( 'NONE', #718, #991, #7544, .T. ) ;
#616 = CIRCLE ( 'NONE', #1186, 2.499999999999996891 ) ;
#617 = EDGE_LOOP ( 'NONE', ( #2947, #2347, #4415, #5622 ) ) ;
#618 = CARTESIAN_POINT ( 'NONE',  ( 7.746038523653021987E-16, 25.40000000000000213, 40.59999999999998010 ) ) ;
#619 = VECTOR ( 'NONE', #2107, 1000.000000000000000 ) ;
#620 = CYLINDRICAL_SURFACE ( 'NONE', #42, 2.499999999999992006 ) ;
#621 = CARTESIAN_POINT ( 'NONE',  ( -9.525000000000002132, 3.061616997868379197E-16, 111.8000000000000114 ) ) ;
#622 = ORIENTED_EDGE ( 'NONE', *, *, #898, .T. ) ;
#623 = DIRECTION ( 'NONE',  ( -1.000000000000000000, 0.000000000000000000, 0.000000000000000000 ) ) ;
#624 = EDGE_CURVE ( 'NONE', #5944, #901, #1053, .T. ) ;
#625 = EDGE_CURVE ( 'NONE', #8625, #7058, #2731, .T. ) ;
#626 = ADVANCED_FACE ( 'NONE', ( #7659 ), #5047, .F. ) ;
#627 = DIRECTION ( 'NONE',  ( -1.000000000000000000, -0.000000000000000000, -0.000000000000000000 ) ) ;
#628 = EDGE_CURVE ( 'NONE', #8482, #6113, #3020, .T. ) ;
#629 = AXIS2_PLACEMENT_3D ( 'NONE', #231, #8307, #5067 ) ;
#630 = ORIENTED_EDGE ( 'NONE', *, *, #5340, .T. ) ;
#631 = CARTESIAN_POINT ( 'NONE',  ( -12.69999999999999751, -16.22354728284506820, 91.16214363188775849 ) ) ;
#632 = CARTESIAN_POINT ( 'NONE',  ( -9.525000000000002132, -22.22499999999999787, 0.000000000000000000 ) ) ;
#634 = CARTESIAN_POINT ( 'NONE',  ( -9.525000000000000355, -10.07084749364648069, 75.98106772950202981 ) ) ;
#633 = CIRCLE ( 'NONE', #2902, 2.080499999999998906 ) ;
#635 = DIRECTION ( 'NONE',  ( -1.000000000000000000, -0.000000000000000000, -0.000000000000000000 ) ) ;
#636 = DIRECTION ( 'NONE',  ( -1.000000000000000000, -0.000000000000000000, -0.000000000000000000 ) ) ;
#637 = EDGE_CURVE ( 'NONE', #867, #6269, #3729, .T. ) ;
#638 = EDGE_CURVE ( 'NONE', #2826, #5680, #6287, .T. ) ;
#639 = CYLINDRICAL_SURFACE ( 'NONE', #1575, 2.270999999999995467 ) ;
#640 = ORIENTED_EDGE ( 'NONE', *, *, #800, .T. ) ;
#641 = ORIENTED_EDGE ( 'NONE', *, *, #1228, .F. ) ;
#642 = EDGE_LOOP ( 'NONE', ( #7213, #246, #544, #8084 ) ) ;
#643 = FACE_OUTER_BOUND ( 'NONE', #8414, .T. ) ;
#644 = DIRECTION ( 'NONE',  ( 0.000000000000000000, 0.000000000000000000, -1.000000000000000000 ) ) ;
#645 = CARTESIAN_POINT ( 'NONE',  ( 12.70000000000000107, 3.577867169202164632E-15, 38.10000000000001563 ) ) ;
#646 = ORIENTED_EDGE ( 'NONE', *, *, #1979, .T. ) ;
#647 = CARTESIAN_POINT ( 'NONE',  ( 1.555301434917138433E-15, 22.22500000000000142, 63.50000000000000000 ) ) ;
#648 = ORIENTED_EDGE ( 'NONE', *, *, #5620, .F. ) ;
#649 = AXIS2_PLACEMENT_3D ( 'NONE', #8753, #4765, #5379 ) ;
#650 = PLANE ( 'NONE',  #5101 ) ;
#651 = ORIENTED_EDGE ( 'NONE', *, *, #1615, .T. ) ;
#652 = ORIENTED_EDGE ( 'NONE', *, *, #1390, .F. ) ;
#653 = VECTOR ( 'NONE', #8309, 1000.000000000000000 ) ;
#654 = CARTESIAN_POINT ( 'NONE',  ( 7.746038523653021987E-16, -25.39999999999999503, 88.89999999999999147 ) ) ;
#655 = DIRECTION ( 'NONE',  ( -1.000000000000000000, 0.000000000000000000, 0.000000000000000000 ) ) ;
#656 = VERTEX_POINT ( 'NONE', #297 ) ;
#657 = DIRECTION ( 'NONE',  ( 0.000000000000000000, 0.000000000000000000, 1.000000000000000000 ) ) ;
#658 = EDGE_LOOP ( 'NONE', ( #1933, #7045 ) ) ;
#659 = DIRECTION ( 'NONE',  ( 0.000000000000000000, 1.667602476305511223E-15, -1.000000000000000000 ) ) ;
#660 = EDGE_LOOP ( 'NONE', ( #4126, #6203, #5327, #6062 ) ) ;
#661 = VECTOR ( 'NONE', #4029, 1000.000000000000000 ) ;
#662 = CIRCLE ( 'NONE', #4064, 2.080499999999998906 ) ;
#663 = ORIENTED_EDGE ( 'NONE', *, *, #7221, .F. ) ;
#664 = DIRECTION ( 'NONE',  ( -0.000000000000000000, 1.000000000000000000, -0.000000000000000000 ) ) ;
#665 = CARTESIAN_POINT ( 'NONE',  ( -9.525000000000000355, -14.15672222192825025, 99.46177646900194702 ) ) ;
#666 = AXIS2_PLACEMENT_3D ( 'NONE', #4778, #203, #7520 ) ;
#667 = EDGE_CURVE ( 'NONE', #570, #132, #3869, .T. ) ;
#668 = AXIS2_PLACEMENT_3D ( 'NONE', #5920, #6544, #7251 ) ;
#669 = CARTESIAN_POINT ( 'NONE',  ( -9.525000000000002132, 12.69999999999999929, 12.69999999999999929 ) ) ;
#670 = DIRECTION ( 'NONE',  ( -1.000000000000000000, -0.000000000000000000, -0.000000000000000000 ) ) ;
#671 = CARTESIAN_POINT ( 'NONE',  ( -12.69999999999999751, -14.15672222192825025, 99.46177646900194702 ) ) ;
#672 = EDGE_LOOP ( 'NONE', ( #7601, #1109, #8493, #5715 ) ) ;
#673 = DIRECTION ( 'NONE',  ( 0.000000000000000000, 0.000000000000000000, -1.000000000000000000 ) ) ;
#674 = CYLINDRICAL_SURFACE ( 'NONE', #3277, 2.270999999999995467 ) ;
#675 = AXIS2_PLACEMENT_3D ( 'NONE', #3299, #1834, #5998 ) ;
#676 = ORIENTED_EDGE ( 'NONE', *, *, #3509, .T. ) ;
#677 = EDGE_CURVE ( 'NONE', #2910, #3749, #7749, .T. ) ;
#678 = EDGE_CURVE ( 'NONE', #2388, #6669, #7554, .T. ) ;
#679 = ORIENTED_EDGE ( 'NONE', *, *, #3787, .T. ) ;
#680 = AXIS2_PLACEMENT_3D ( 'NONE', #1669, #7158, #7777 ) ;
#681 = FACE_OUTER_BOUND ( 'NONE', #3837, .T. ) ;
#682 = LINE ( 'NONE', #586, #2040 ) ;
#683 = CARTESIAN_POINT ( 'NONE',  ( 12.70000000000000107, 8.791741348502629450, 77.62191132943932814 ) ) ;
#684 = LINE ( 'NONE', #3388, #7471 ) ;
#685 = CARTESIAN_POINT ( 'NONE',  ( -9.525000000000000355, -12.33648634558010748, 47.30376971111923723 ) ) ;
#686 = EDGE_LOOP ( 'NONE', ( #4237, #5383, #2998, #6293 ) ) ;
#687 = ORIENTED_EDGE ( 'NONE', *, *, #2374, .F. ) ;
#688 = EDGE_CURVE ( 'NONE', #6161, #4430, #3843, .T. ) ;
#689 = ADVANCED_FACE ( 'NONE', ( #3308, #2545, #3177, #7166, #426, #1133, #3929, #7916, #3887, #6546 ), #4636, .T. ) ;
#690 = EDGE_CURVE ( 'NONE', #8443, #2923, #8544, .T. ) ;
#691 = VERTEX_POINT ( 'NONE', #7962 ) ;
#692 = CARTESIAN_POINT ( 'NONE',  ( 9.525000000000000355, -14.16298196909033535, 86.92517298397507375 ) ) ;
#693 = DIRECTION ( 'NONE',  ( 0.000000000000000000, -1.250701857229133378E-14, -1.000000000000000000 ) ) ;
#694 = DIRECTION ( 'NONE',  ( 0.000000000000000000, 0.000000000000000000, 1.000000000000000000 ) ) ;
#695 = ORIENTED_EDGE ( 'NONE', *, *, #4314, .F. ) ;
#696 = CARTESIAN_POINT ( 'NONE',  ( -9.525000000000002132, -12.69999999999999929, 65.99999999999998579 ) ) ;
#697 = ORIENTED_EDGE ( 'NONE', *, *, #74, .F. ) ;
#698 = DIRECTION ( 'NONE',  ( 0.000000000000000000, 0.000000000000000000, 1.000000000000000000 ) ) ;
#699 = ORIENTED_EDGE ( 'NONE', *, *, #8338, .F. ) ;
#700 = ORIENTED_EDGE ( 'NONE', *, *, #2208, .F. ) ;
#701 = CARTESIAN_POINT ( 'NONE',  ( -12.69999999999999751, 8.791741348502393194, 100.1780886705608822 ) ) ;
#702 = FACE_OUTER_BOUND ( 'NONE', #8463, .T. ) ;
#703 = SHAPE_DEFINITION_REPRESENTATION ( #315, #2185 ) ;
#704 = ORIENTED_EDGE ( 'NONE', *, *, #1603, .F. ) ;
#705 = DIRECTION ( 'NONE',  ( 0.000000000000000000, 1.667602476305511223E-15, -1.000000000000000000 ) ) ;
#706 = ORIENTED_EDGE ( 'NONE', *, *, #1768, .T. ) ;
#707 = DIRECTION ( 'NONE',  ( 0.000000000000000000, 0.000000000000000000, -1.000000000000000000 ) ) ;
#708 = EDGE_LOOP ( 'NONE', ( #2524, #6289, #4991, #5164 ) ) ;
#709 = ORIENTED_EDGE ( 'NONE', *, *, #2688, .F. ) ;
#710 = CYLINDRICAL_SURFACE ( 'NONE', #8253, 2.499999999999988454 ) ;
#711 = DIRECTION ( 'NONE',  ( -1.000000000000000000, -0.000000000000000000, -0.000000000000000000 ) ) ;
#712 = DIRECTION ( 'NONE',  ( -1.000000000000000000, -0.000000000000000000, -0.000000000000000000 ) ) ;
#713 = DIRECTION ( 'NONE',  ( 0.000000000000000000, 0.000000000000000000, -1.000000000000000000 ) ) ;
#714 = ORIENTED_EDGE ( 'NONE', *, *, #3773, .T. ) ;
#715 = FACE_OUTER_BOUND ( 'NONE', #4832, .T. ) ;
#716 = CARTESIAN_POINT ( 'NONE',  ( 12.70000000000000107, 1.802455207620993427, 53.38559542427184823 ) ) ;
#717 = EDGE_CURVE ( 'NONE', #1975, #4901, #7828, .T. ) ;
#718 = VERTEX_POINT ( 'NONE', #474 ) ;
#719 = AXIS2_PLACEMENT_3D ( 'NONE', #4813, #2768, #4854 ) ;
#720 = DIRECTION ( 'NONE',  ( 0.000000000000000000, 0.000000000000000000, -1.000000000000000000 ) ) ;
#721 = CIRCLE ( 'NONE', #8648, 2.080499999999998906 ) ;
#722 = DIRECTION ( 'NONE',  ( -1.000000000000000000, -0.000000000000000000, -0.000000000000000000 ) ) ;
#723 = DIRECTION ( 'NONE',  ( -1.000000000000000000, -0.000000000000000000, -0.000000000000000000 ) ) ;
#724 = DIRECTION ( 'NONE',  ( -1.000000000000000000, -0.000000000000000000, -0.000000000000000000 ) ) ;
#725 = CYLINDRICAL_SURFACE ( 'NONE', #8332, 2.080499999999998906 ) ;
#726 = DIRECTION ( 'NONE',  ( -1.000000000000000000, 0.000000000000000000, 0.000000000000000000 ) ) ;
#727 = ORIENTED_EDGE ( 'NONE', *, *, #6049, .F. ) ;
#728 = EDGE_CURVE ( 'NONE', #4388, #5545, #4165, .T. ) ;
#729 = EDGE_LOOP ( 'NONE', ( #5526, #1180 ) ) ;
#731 = EDGE_LOOP ( 'NONE', ( #1803, #7120 ) ) ;
#730 = AXIS2_PLACEMENT_3D ( 'NONE', #8213, #136, #4757 ) ;
#732 = CARTESIAN_POINT ( 'NONE',  ( 7.746038523653021987E-16, 25.40000000000000213, 50.79999999999999716 ) ) ;
#733 = LINE ( 'NONE', #8046, #8690 ) ;
#734 = CARTESIAN_POINT ( 'NONE',  ( 12.70000000000000107, -10.07084749364656950, 51.01893227049793467 ) ) ;
#735 = ORIENTED_EDGE ( 'NONE', *, *, #4136, .F. ) ;
#736 = CARTESIAN_POINT ( 'NONE',  ( -9.525000000000000355, 8.791741348502629450, 26.82191132943933454 ) ) ;
#737 = DIRECTION ( 'NONE',  ( -0.000000000000000000, 1.000000000000000000, -0.000000000000000000 ) ) ;
#738 = EDGE_LOOP ( 'NONE', ( #5652, #4079, #5955, #8502 ) ) ;
#739 = EDGE_CURVE ( 'NONE', #3035, #4107, #473, .T. ) ;
#740 = AXIS2_PLACEMENT_3D ( 'NONE', #5475, #4849, #7547 ) ;
#741 = EDGE_CURVE ( 'NONE', #4870, #3127, #1841, .T. ) ;
#742 = ORIENTED_EDGE ( 'NONE', *, *, #3990, .F. ) ;
#743 = AXIS2_PLACEMENT_3D ( 'NONE', #535, #4655, #3151 ) ;
#744 = EDGE_CURVE ( 'NONE', #4790, #5153, #1176, .T. ) ;
#745 = CARTESIAN_POINT ( 'NONE',  ( -9.525000000000000355, 12.33648634557998314, 49.57476971111940856 ) ) ;
#746 = DIRECTION ( 'NONE',  ( 0.000000000000000000, 0.000000000000000000, 1.000000000000000000 ) ) ;
#747 = AXIS2_PLACEMENT_3D ( 'NONE', #4096, #1431, #5474 ) ;
#748 = AXIS2_PLACEMENT_3D ( 'NONE', #5706, #3712, #6286 ) ;
#749 = APPROVAL_ROLE ( '' ) ;
#750 = DIRECTION ( 'NONE',  ( -1.000000000000000000, -0.000000000000000000, -0.000000000000000000 ) ) ;
#751 = VERTEX_POINT ( 'NONE', #6674 ) ;
#752 = LINE ( 'NONE', #4124, #3760 ) ;
#753 = ORIENTED_EDGE ( 'NONE', *, *, #6049, .T. ) ;
#754 = EDGE_CURVE ( 'NONE', #4952, #1885, #7253, .T. ) ;
#755 = ORIENTED_EDGE ( 'NONE', *, *, #7954, .T. ) ;
#756 = CARTESIAN_POINT ( 'NONE',  ( 0.000000000000000000, 25.40000000000000213, 12.69999999999999929 ) ) ;
#757 = AXIS2_PLACEMENT_3D ( 'NONE', #1586, #8500, #2421 ) ;
#758 = AXIS2_PLACEMENT_3D ( 'NONE', #5387, #2773, #5527 ) ;
#759 = DIRECTION ( 'NONE',  ( -1.000000000000000000, -0.000000000000000000, -0.000000000000000000 ) ) ;
#760 = DIRECTION ( 'NONE',  ( 0.000000000000000000, 0.000000000000000000, 1.000000000000000000 ) ) ;
#761 = LINE ( 'NONE', #3995, #5866 ) ;
#762 = CIRCLE ( 'NONE', #6279, 2.499999999999988454 ) ;
#763 = EDGE_LOOP ( 'NONE', ( #3311, #7130, #5384, #7049 ) ) ;
#764 = CYLINDRICAL_SURFACE ( 'NONE', #3957, 2.499999999999988454 ) ;
#765 = DIRECTION ( 'NONE',  ( 0.000000000000000000, 0.000000000000000000, 1.000000000000000000 ) ) ;
#766 = AXIS2_PLACEMENT_3D ( 'NONE', #996, #6406, #7606 ) ;
#767 = DIRECTION ( 'NONE',  ( -1.000000000000000000, -0.000000000000000000, -0.000000000000000000 ) ) ;
#768 = DIRECTION ( 'NONE',  ( -1.000000000000000000, 0.000000000000000000, 0.000000000000000000 ) ) ;
#769 = DIRECTION ( 'NONE',  ( -1.000000000000000000, -0.000000000000000000, -0.000000000000000000 ) ) ;
#770 = DIRECTION ( 'NONE',  ( -1.000000000000000000, -0.000000000000000000, -0.000000000000000000 ) ) ;
#771 = DIRECTION ( 'NONE',  ( -1.000000000000000000, -0.000000000000000000, -0.000000000000000000 ) ) ;
#772 = DIRECTION ( 'NONE',  ( -1.000000000000000000, -0.000000000000000000, -0.000000000000000000 ) ) ;
#773 = VERTEX_POINT ( 'NONE', #7875 ) ;
#774 = ORIENTED_EDGE ( 'NONE', *, *, #182, .F. ) ;
#775 = CIRCLE ( 'NONE', #5735, 2.499999999999988454 ) ;
#776 = ORIENTED_EDGE ( 'NONE', *, *, #6873, .F. ) ;
#777 = EDGE_CURVE ( 'NONE', #5436, #5122, #4720, .T. ) ;
#778 = DIRECTION ( 'NONE',  ( -1.000000000000000000, -0.000000000000000000, -0.000000000000000000 ) ) ;
#779 = PLANE ( 'NONE',  #6562 ) ;
#780 = LINE ( 'NONE', #3575, #4627 ) ;
#781 = DIRECTION ( 'NONE',  ( -1.000000000000000000, -0.000000000000000000, -0.000000000000000000 ) ) ;
#782 = CYLINDRICAL_SURFACE ( 'NONE', #1134, 2.080499999999998906 ) ;
#783 = VERTEX_POINT ( 'NONE', #6008 ) ;
#784 = CIRCLE ( 'NONE', #8148, 14.30000000000000071 ) ;
#785 = EDGE_LOOP ( 'NONE', ( #4759, #640, #1587, #5061 ) ) ;
#786 = APPLICATION_CONTEXT ( 'configuration controlled 3d designs of mechanical parts and assemblies' ) ;
#787 = CYLINDRICAL_SURFACE ( 'NONE', #8604, 2.080499999999998906 ) ;
#788 = ADVANCED_FACE ( 'NONE', ( #1888 ), #4594, .F. ) ;
#789 = FACE_OUTER_BOUND ( 'NONE', #4495, .T. ) ;
#790 = CIRCLE ( 'NONE', #5469, 17.66249999999999787 ) ;
#791 = EDGE_CURVE ( 'NONE', #4670, #7064, #8262, .T. ) ;
#792 = SECURITY_CLASSIFICATION_LEVEL ( 'unclassified' ) ;
#793 = CARTESIAN_POINT ( 'NONE',  ( -12.69999999999999751, 12.69999999999999929, 114.2999999999999972 ) ) ;
#794 = CARTESIAN_POINT ( 'NONE',  ( -9.525000000000002132, 12.69999999999999929, 114.2999999999999972 ) ) ;
#795 = VERTEX_POINT ( 'NONE', #1093 ) ;
#796 = ORIENTED_EDGE ( 'NONE', *, *, #6368, .T. ) ;
#797 = VECTOR ( 'NONE', #2176, 1000.000000000000000 ) ;
#798 = DIRECTION ( 'NONE',  ( 0.000000000000000000, 0.000000000000000000, -1.000000000000000000 ) ) ;
#799 = EDGE_CURVE ( 'NONE', #7133, #4513, #3800, .T. ) ;
#800 = EDGE_CURVE ( 'NONE', #279, #5177, #3594, .T. ) ;
#801 = CIRCLE ( 'NONE', #8019, 2.270999999999995467 ) ;
#802 = DIRECTION ( 'NONE',  ( -1.000000000000000000, -0.000000000000000000, -0.000000000000000000 ) ) ;
#804 = DIRECTION ( 'NONE',  ( 0.000000000000000000, 0.000000000000000000, 1.000000000000000000 ) ) ;
#803 = VECTOR ( 'NONE', #6195, 1000.000000000000000 ) ;
#805 = ORIENTED_EDGE ( 'NONE', *, *, #6645, .F. ) ;
#806 = DIRECTION ( 'NONE',  ( 0.000000000000000000, 0.000000000000000000, 1.000000000000000000 ) ) ;
#807 = CYLINDRICAL_SURFACE ( 'NONE', #170, 17.66249999999999787 ) ;
#808 = AXIS2_PLACEMENT_3D ( 'NONE', #1215, #2592, #6943 ) ;
#809 = LINE ( 'NONE', #983, #1457 ) ;
#810 = CARTESIAN_POINT ( 'NONE',  ( 9.525000000000000355, -15.22687436074365230, 92.98837563695990127 ) ) ;
#811 = DIRECTION ( 'NONE',  ( -0.000000000000000000, 1.000000000000000000, -0.000000000000000000 ) ) ;
#813 = DIRECTION ( 'NONE',  ( -1.000000000000000000, -0.000000000000000000, -0.000000000000000000 ) ) ;
#812 = CIRCLE ( 'NONE', #4929, 2.499999999999988454 ) ;
#814 = DIRECTION ( 'NONE',  ( 1.000000000000000000, 0.000000000000000000, 0.000000000000000000 ) ) ;
#815 = CARTESIAN_POINT ( 'NONE',  ( 9.525000000000000355, 0.000000000000000000, 12.69999999999993356 ) ) ;
#816 = VERTEX_POINT ( 'NONE', #8191 ) ;
#817 = ORIENTED_EDGE ( 'NONE', *, *, #4806, .T. ) ;
#818 = AXIS2_PLACEMENT_3D ( 'NONE', #504, #4717, #1295 ) ;
#819 = EDGE_LOOP ( 'NONE', ( #2949, #4614, #1399, #4019, #1312, #2296, #5362, #4638, #6959, #1418, #7068, #1496, #3336, #8430, #5391, #6992, #3857, #6727, #2131, #8676, #8401, #4855, #109, #6282, #2744, #5640, #6140, #3638, #3758, #6704, #4147, #6568, #7768, #6003, #4745, #4618, #5775, #3676, #1671, #2014, #8756 ) ) ;
#820 = DIRECTION ( 'NONE',  ( 0.000000000000000000, 1.667602476305511223E-15, 1.000000000000000000 ) ) ;
#821 = FACE_BOUND ( 'NONE', #4661, .T. ) ;
#822 = DIRECTION ( 'NONE',  ( -1.000000000000000000, -0.000000000000000000, -0.000000000000000000 ) ) ;
#823 = ORIENTED_EDGE ( 'NONE', *, *, #5290, .T. ) ;
#824 = DIRECTION ( 'NONE',  ( 0.000000000000000000, 0.000000000000000000, 1.000000000000000000 ) ) ;
#825 = CARTESIAN_POINT ( 'NONE',  ( 9.525000000000000355, 4.072800018551152590, 22.86895216488212412 ) ) ;
#826 = ORIENTED_EDGE ( 'NONE', *, *, #8221, .F. ) ;
#827 = AXIS2_PLACEMENT_3D ( 'NONE', #1287, #3997, #1115 ) ;
#828 = VERTEX_POINT ( 'NONE', #6812 ) ;
#829 = EDGE_CURVE ( 'NONE', #5632, #6961, #2726, .T. ) ;
#830 = CARTESIAN_POINT ( 'NONE',  ( 12.70000000000000107, -10.07084749364648069, 75.98106772950202981 ) ) ;
#831 = DIRECTION ( 'NONE',  ( -1.000000000000000000, -0.000000000000000000, -0.000000000000000000 ) ) ;
#832 = CARTESIAN_POINT ( 'NONE',  ( 1.080765552152140168E-15, -25.39999999999999503, 48.30000000000000426 ) ) ;
#833 = ORIENTED_EDGE ( 'NONE', *, *, #7026, .T. ) ;
#834 = DIRECTION ( 'NONE',  ( 1.000000000000000000, -0.000000000000000000, -0.000000000000000000 ) ) ;
#835 = ORIENTED_EDGE ( 'NONE', *, *, #2967, .F. ) ;
#836 = DIRECTION ( 'NONE',  ( -1.000000000000000000, -0.000000000000000000, -0.000000000000000000 ) ) ;
#837 = ORIENTED_EDGE ( 'NONE', *, *, #7847, .T. ) ;
#838 = ORIENTED_EDGE ( 'NONE', *, *, #2152, .F. ) ;
#839 = EDGE_CURVE ( 'NONE', #4826, #4342, #5717, .T. ) ;
#840 = LINE ( 'NONE', #3548, #4059 ) ;
#841 = LINE ( 'NONE', #933, #4913 ) ;
#842 = FACE_OUTER_BOUND ( 'NONE', #6618, .T. ) ;
#843 = ORIENTED_EDGE ( 'NONE', *, *, #4095, .F. ) ;
#844 = DIRECTION ( 'NONE',  ( -1.000000000000000000, 0.000000000000000000, 0.000000000000000000 ) ) ;
#845 = LINE ( 'NONE', #6842, #3428 ) ;
#846 = EDGE_CURVE ( 'NONE', #5651, #4826, #8232, .T. ) ;
#847 = EDGE_CURVE ( 'NONE', #5048, #4882, #733, .T. ) ;
#848 = EDGE_CURVE ( 'NONE', #4255, #5948, #2315, .T. ) ;
#849 = CARTESIAN_POINT ( 'NONE',  ( -12.69999999999999751, 16.22354728284504333, 91.16214363188798586 ) ) ;
#850 = CIRCLE ( 'NONE', #4257, 2.499999999999988454 ) ;
#851 = DIRECTION ( 'NONE',  ( -1.000000000000000000, 0.000000000000000000, 0.000000000000000000 ) ) ;
#852 = CARTESIAN_POINT ( 'NONE',  ( 9.525000000000000355, -2.068405620284290425, 71.35903068698951301 ) ) ;
#853 = VERTEX_POINT ( 'NONE', #4152 ) ;
#854 = CARTESIAN_POINT ( 'NONE',  ( -9.525000000000000355, 3.577867169202164632E-15, 55.76250000000001705 ) ) ;
#855 = CARTESIAN_POINT ( 'NONE',  ( -9.525000000000000355, 6.152699789198528002, 104.0810759023857344 ) ) ;
#856 = DIRECTION ( 'NONE',  ( 1.000000000000000000, 0.000000000000000000, 0.000000000000000000 ) ) ;
#857 = ORIENTED_EDGE ( 'NONE', *, *, #3868, .F. ) ;
#858 = ORIENTED_EDGE ( 'NONE', *, *, #2204, .T. ) ;
#859 = AXIS2_PLACEMENT_3D ( 'NONE', #379, #4542, #7867 ) ;
#860 = EDGE_LOOP ( 'NONE', ( #2464, #4262 ) ) ;
#861 = CARTESIAN_POINT ( 'NONE',  ( 12.70000000000000107, -15.22687436074362388, 34.01162436304002767 ) ) ;
#862 = DIRECTION ( 'NONE',  ( -1.000000000000000000, 0.000000000000000000, 0.000000000000000000 ) ) ;
#863 = DIRECTION ( 'NONE',  ( 0.000000000000000000, 0.000000000000000000, 1.000000000000000000 ) ) ;
#864 = AXIS2_PLACEMENT_3D ( 'NONE', #1528, #4234, #5607 ) ;
#865 = FACE_BOUND ( 'NONE', #8269, .T. ) ;
#866 = CARTESIAN_POINT ( 'NONE',  ( 9.525000000000000355, 12.69999999999999929, 63.50000000000000000 ) ) ;
#867 = VERTEX_POINT ( 'NONE', #4726 ) ;
#868 = EDGE_LOOP ( 'NONE', ( #8145, #1699, #4561, #8060 ) ) ;
#869 = CIRCLE ( 'NONE', #2005, 2.271000000000002128 ) ;
#870 = CARTESIAN_POINT ( 'NONE',  ( -9.525000000000000355, -5.371240620587816927, 24.84708431341438839 ) ) ;
#871 = CARTESIAN_POINT ( 'NONE',  ( 12.70000000000000107, -6.152699789198520897, 73.71892409761429121 ) ) ;
#872 = DIRECTION ( 'NONE',  ( -1.000000000000000000, 0.000000000000000000, 0.000000000000000000 ) ) ;
#873 = PERSON_AND_ORGANIZATION ( #2922, #5816 ) ;
#874 = ORIENTED_EDGE ( 'NONE', *, *, #3833, .F. ) ;
#875 = DIRECTION ( 'NONE',  ( -1.000000000000000000, -0.000000000000000000, -0.000000000000000000 ) ) ;
#876 = EDGE_CURVE ( 'NONE', #3042, #6647, #7560, .T. ) ;
#877 = ORIENTED_EDGE ( 'NONE', *, *, #3186, .F. ) ;
#878 = CARTESIAN_POINT ( 'NONE',  ( 9.525000000000000355, 14.13894155320113555, 32.01817428684756095 ) ) ;
#879 = AXIS2_PLACEMENT_3D ( 'NONE', #645, #5217, #7917 ) ;
#880 = ORIENTED_EDGE ( 'NONE', *, *, #6260, .T. ) ;
#881 = VERTEX_POINT ( 'NONE', #6143 ) ;
#882 = AXIS2_PLACEMENT_3D ( 'NONE', #5255, #2544, #3842 ) ;
#883 = DIRECTION ( 'NONE',  ( -1.000000000000000000, -0.000000000000000000, -0.000000000000000000 ) ) ;
#884 = DIRECTION ( 'NONE',  ( -1.000000000000000000, -0.000000000000000000, -0.000000000000000000 ) ) ;
#885 = ADVANCED_FACE ( 'NONE', ( #4065, #7423, #821, #2642, #4775, #5439, #1445, #1402, #5388, #1350, #8141, #17 ), #779, .T. ) ;
#886 = CARTESIAN_POINT ( 'NONE',  ( 12.70000000000000107, -5.371240620587816927, 75.64708431341438200 ) ) ;
#887 = ORIENTED_EDGE ( 'NONE', *, *, #1281, .T. ) ;
#888 = CARTESIAN_POINT ( 'NONE',  ( 9.525000000000000355, 3.577867169202164632E-15, 88.90000000000000568 ) ) ;
#889 = VECTOR ( 'NONE', #7191, 1000.000000000000000 ) ;
#890 = CIRCLE ( 'NONE', #466, 2.080499999999998906 ) ;
#891 = CARTESIAN_POINT ( 'NONE',  ( 12.70000000000000107, 3.577867169202164632E-15, 38.10000000000001563 ) ) ;
#892 = AXIS2_PLACEMENT_3D ( 'NONE', #4198, #2117, #4017 ) ;
#894 = DIRECTION ( 'NONE',  ( -1.000000000000000000, 0.000000000000000000, 0.000000000000000000 ) ) ;
#893 = CIRCLE ( 'NONE', #2572, 17.66250000000000497 ) ;
#895 = CYLINDRICAL_SURFACE ( 'NONE', #7234, 2.080499999999998906 ) ;
#896 = EDGE_CURVE ( 'NONE', #7924, #7064, #2774, .T. ) ;
#897 = CARTESIAN_POINT ( 'NONE',  ( 12.70000000000000107, 12.69999999999999929, 63.50000000000000000 ) ) ;
#898 = EDGE_CURVE ( 'NONE', #4551, #1632, #6054, .T. ) ;
#899 = EDGE_CURVE ( 'NONE', #118, #4551, #1044, .T. ) ;
#900 = EDGE_CURVE ( 'NONE', #1386, #8593, #3452, .T. ) ;
#901 = VERTEX_POINT ( 'NONE', #6900 ) ;
#902 = CARTESIAN_POINT ( 'NONE',  ( 12.70000000000000107, -12.33648634558010748, 100.3747697111192281 ) ) ;
#903 = LINE ( 'NONE', #8267, #7060 ) ;
#904 = DIRECTION ( 'NONE',  ( 0.000000000000000000, 1.000000000000000000, 0.000000000000000000 ) ) ;
#905 = ORIENTED_EDGE ( 'NONE', *, *, #2312, .T. ) ;
#906 = VECTOR ( 'NONE', #6535, 1000.000000000000000 ) ;
#907 = ORIENTED_EDGE ( 'NONE', *, *, #8647, .F. ) ;
#908 = ORIENTED_EDGE ( 'NONE', *, *, #7836, .F. ) ;
#909 = DIRECTION ( 'NONE',  ( 0.000000000000000000, 0.000000000000000000, 1.000000000000000000 ) ) ;
#911 = CYLINDRICAL_SURFACE ( 'NONE', #3161, 2.499999999999988454 ) ;
#910 = CIRCLE ( 'NONE', #7570, 2.270999999999995467 ) ;
#912 = DIRECTION ( 'NONE',  ( 0.000000000000000000, 0.000000000000000000, -1.000000000000000000 ) ) ;
#913 = EDGE_CURVE ( 'NONE', #4279, #8274, #762, .T. ) ;
#914 = EDGE_CURVE ( 'NONE', #7931, #3848, #5993, .T. ) ;
#915 = ORIENTED_EDGE ( 'NONE', *, *, #7028, .T. ) ;
#916 = DIRECTION ( 'NONE',  ( 0.000000000000000000, 0.000000000000000000, 1.000000000000000000 ) ) ;
#917 = CARTESIAN_POINT ( 'NONE',  ( 9.525000000000000355, 12.33648634557998314, 100.3747697111193986 ) ) ;
#918 = VERTEX_POINT ( 'NONE', #8765 ) ;
#919 = ORIENTED_EDGE ( 'NONE', *, *, #4674, .F. ) ;
#920 = AXIS2_PLACEMENT_3D ( 'NONE', #4480, #4520, #5187 ) ;
#921 = DIRECTION ( 'NONE',  ( 0.000000000000000000, 0.000000000000000000, 1.000000000000000000 ) ) ;
#922 = CARTESIAN_POINT ( 'NONE',  ( -12.69999999999999929, 3.061616997868371801E-16, 10.19999999999994600 ) ) ;
#923 = DIRECTION ( 'NONE',  ( 0.000000000000000000, 0.000000000000000000, -1.000000000000000000 ) ) ;
#924 = VERTEX_POINT ( 'NONE', #2679 ) ;
#925 = CARTESIAN_POINT ( 'NONE',  ( -9.525000000000000355, 3.577867169202164632E-15, 88.90000000000000568 ) ) ;
#926 = ORIENTED_EDGE ( 'NONE', *, *, #4355, .T. ) ;
#927 = CYLINDRICAL_SURFACE ( 'NONE', #1495, 2.499999999999988454 ) ;
#928 = AXIS2_PLACEMENT_3D ( 'NONE', #169, #836, #7577 ) ;
#929 = ORIENTED_EDGE ( 'NONE', *, *, #4758, .F. ) ;
#930 = VERTEX_POINT ( 'NONE', #8089 ) ;
#931 = AXIS2_PLACEMENT_3D ( 'NONE', #8505, #5129, #7833 ) ;
#932 = CYLINDRICAL_SURFACE ( 'NONE', #6036, 2.271000000000009234 ) ;
#933 = CARTESIAN_POINT ( 'NONE',  ( 12.70000000000000107, 16.22512784221258997, 81.92080715599162488 ) ) ;
#934 = DIRECTION ( 'NONE',  ( 0.000000000000000000, 1.000000000000000000, 0.000000000000000000 ) ) ;
#935 = ORIENTED_EDGE ( 'NONE', *, *, #4798, .T. ) ;
#936 = CARTESIAN_POINT ( 'NONE',  ( -9.525000000000000355, 10.07084749364666365, 27.26156772950216833 ) ) ;
#937 = CIRCLE ( 'NONE', #5751, 2.270999999999995467 ) ;
#938 = CARTESIAN_POINT ( 'NONE',  ( 7.746038523653021987E-16, -25.39999999999999503, 104.0999999999999801 ) ) ;
#939 = ADVANCED_FACE ( 'NONE', ( #6095, #5697, #2331, #5655, #1667, #958, #5614, #4239, #6942, #4906, #2905, #8320 ), #2199, .F. ) ;
#940 = VECTOR ( 'NONE', #7760, 1000.000000000000000 ) ;
#941 = AXIS2_PLACEMENT_3D ( 'NONE', #267, #3722, #1020 ) ;
#942 = DIRECTION ( 'NONE',  ( -1.000000000000000000, -0.000000000000000000, -0.000000000000000000 ) ) ;
#943 = DIRECTION ( 'NONE',  ( 1.000000000000000000, 0.000000000000000000, 0.000000000000000000 ) ) ;
#944 = CARTESIAN_POINT ( 'NONE',  ( -12.69999999999999751, -1.802455207620986100, 73.61440457572818730 ) ) ;
#945 = ORIENTED_EDGE ( 'NONE', *, *, #3483, .F. ) ;
#946 = LINE ( 'NONE', #4940, #8727 ) ;
#947 = CARTESIAN_POINT ( 'NONE',  ( -12.69999999999999751, 12.69999999999999929, 114.2999999999999972 ) ) ;
#948 = DIRECTION ( 'NONE',  ( -0.000000000000000000, 1.000000000000000000, -0.000000000000000000 ) ) ;
#949 = ORIENTED_EDGE ( 'NONE', *, *, #625, .T. ) ;
#950 = AXIS2_PLACEMENT_3D ( 'NONE', #6021, #8731, #657 ) ;
#951 = CIRCLE ( 'NONE', #7746, 14.30000000000000782 ) ;
#952 = ORIENTED_EDGE ( 'NONE', *, *, #7945, .T. ) ;
#953 = ADVANCED_FACE ( 'NONE', ( #2951 ), #8277, .T. ) ;
#954 = ORIENTED_EDGE ( 'NONE', *, *, #195, .T. ) ;
#955 = VECTOR ( 'NONE', #2645, 1000.000000000000000 ) ;
#956 = DIRECTION ( 'NONE',  ( -1.000000000000000000, -0.000000000000000000, -0.000000000000000000 ) ) ;
#957 = AXIS2_PLACEMENT_3D ( 'NONE', #3622, #6321, #8490 ) ;
#958 = FACE_OUTER_BOUND ( 'NONE', #6181, .T. ) ;
#959 = DIRECTION ( 'NONE',  ( -0.000000000000000000, 1.000000000000000000, -0.000000000000000000 ) ) ;
#960 = LINE ( 'NONE', #7696, #1945 ) ;
#961 = CYLINDRICAL_SURFACE ( 'NONE', #1984, 17.66249999999999787 ) ;
#962 = EDGE_LOOP ( 'NONE', ( #3903, #3004 ) ) ;
#963 = ORIENTED_EDGE ( 'NONE', *, *, #8390, .T. ) ;
#964 = CIRCLE ( 'NONE', #2240, 2.499999999999988454 ) ;
#965 = CIRCLE ( 'NONE', #8328, 2.270999999999995467 ) ;
#966 = EDGE_CURVE ( 'NONE', #5581, #4904, #7134, .T. ) ;
#967 = EDGE_CURVE ( 'NONE', #1153, #1638, #8270, .T. ) ;
#968 = ADVANCED_FACE ( 'NONE', ( #1041 ), #8361, .F. ) ;
#969 = DIRECTION ( 'NONE',  ( 0.000000000000000000, 0.000000000000000000, 1.000000000000000000 ) ) ;
#970 = CARTESIAN_POINT ( 'NONE',  ( 12.70000000000000107, 3.577867169202164632E-15, 55.76250000000001705 ) ) ;
#971 = CARTESIAN_POINT ( 'NONE',  ( 12.70000000000000107, 12.69999999999999929, 61.00000000000000711 ) ) ;
#972 = AXIS2_PLACEMENT_3D ( 'NONE', #6087, #3478, #8133 ) ;
#973 = FACE_BOUND ( 'NONE', #4834, .T. ) ;
#974 = ORIENTED_EDGE ( 'NONE', *, *, #4402, .T. ) ;
#975 = CARTESIAN_POINT ( 'NONE',  ( 12.70000000000000107, 12.69999999999999929, 63.50000000000000000 ) ) ;
#976 = VERTEX_POINT ( 'NONE', #1622 ) ;
#977 = VERTEX_POINT ( 'NONE', #244 ) ;
#978 = FACE_OUTER_BOUND ( 'NONE', #2056, .T. ) ;
#979 = DIRECTION ( 'NONE',  ( -1.000000000000000000, -0.000000000000000000, -0.000000000000000000 ) ) ;
#980 = LINE ( 'NONE', #3599, #1629 ) ;
#981 = ORIENTED_EDGE ( 'NONE', *, *, #6518, .F. ) ;
#982 = FACE_OUTER_BOUND ( 'NONE', #6182, .T. ) ;
#983 = CARTESIAN_POINT ( 'NONE',  ( 12.70000000000000107, 15.22687436074360257, 42.18837563696011017 ) ) ;
#984 = DIRECTION ( 'NONE',  ( -1.000000000000000000, 0.000000000000000000, 0.000000000000000000 ) ) ;
#985 = CARTESIAN_POINT ( 'NONE',  ( 9.525000000000000355, -16.22354728284506820, 91.16214363188775849 ) ) ;
#986 = ORIENTED_EDGE ( 'NONE', *, *, #5407, .F. ) ;
#987 = LINE ( 'NONE', #5733, #3631 ) ;
#988 = CYLINDRICAL_SURFACE ( 'NONE', #1388, 2.271000000000002128 ) ;
#989 = EDGE_CURVE ( 'NONE', #4952, #5211, #183, .T. ) ;
#990 = DIRECTION ( 'NONE',  ( 0.000000000000000000, 0.000000000000000000, 1.000000000000000000 ) ) ;
#991 = VERTEX_POINT ( 'NONE', #4284 ) ;
#992 = VERTEX_POINT ( 'NONE', #6986 ) ;
#993 = CIRCLE ( 'NONE', #1420, 2.080499999999998906 ) ;
#994 = ORIENTED_EDGE ( 'NONE', *, *, #4220, .F. ) ;
#995 = CARTESIAN_POINT ( 'NONE',  ( 7.746038523653021987E-16, 25.40000000000000213, 101.5999999999999943 ) ) ;
#996 = CARTESIAN_POINT ( 'NONE',  ( 7.746038523653021987E-16, 25.40000000000000213, 50.79999999999999716 ) ) ;
#997 = DIRECTION ( 'NONE',  ( -1.000000000000000000, -0.000000000000000000, -0.000000000000000000 ) ) ;
#998 = DIRECTION ( 'NONE',  ( 1.000000000000000000, 0.000000000000000000, 0.000000000000000000 ) ) ;
#999 = EDGE_CURVE ( 'NONE', #8443, #6167, #1314, .T. ) ;
#1000 = CIRCLE ( 'NONE', #2980, 14.30000000000000782 ) ;
#1001 = CARTESIAN_POINT ( 'NONE',  ( 12.70000000000000107, 5.371240620587829362, 75.64708431341438200 ) ) ;
#1002 = VERTEX_POINT ( 'NONE', #201 ) ;
#1003 = ORIENTED_EDGE ( 'NONE', *, *, #2966, .T. ) ;
#1004 = AXIS2_PLACEMENT_3D ( 'NONE', #4894, #1522, #1813 ) ;
#1006 = DIRECTION ( 'NONE',  ( -1.000000000000000000, -0.000000000000000000, -0.000000000000000000 ) ) ;
#1005 = AXIS2_PLACEMENT_3D ( 'NONE', #6088, #8135, #8712 ) ;
#1007 = DIRECTION ( 'NONE',  ( 0.000000000000000000, 0.000000000000000000, 1.000000000000000000 ) ) ;
#1008 = DIRECTION ( 'NONE',  ( 0.000000000000000000, 0.000000000000000000, 1.000000000000000000 ) ) ;
#1009 = ORIENTED_EDGE ( 'NONE', *, *, #7350, .F. ) ;
#1010 = CARTESIAN_POINT ( 'NONE',  ( 0.000000000000000000, 25.40000000000000213, 12.69999999999999929 ) ) ;
#1011 = ORIENTED_EDGE ( 'NONE', *, *, #3565, .T. ) ;
#1012 = DIRECTION ( 'NONE',  ( -1.000000000000000000, 0.000000000000000000, 0.000000000000000000 ) ) ;
#1013 = ADVANCED_FACE ( 'NONE', ( #7775 ), #911, .F. ) ;
#1014 = EDGE_CURVE ( 'NONE', #4535, #192, #2030, .T. ) ;
#1015 = EDGE_CURVE ( 'NONE', #3912, #7924, #4302, .T. ) ;
#1016 = ADVANCED_FACE ( 'NONE', ( #285 ), #3703, .F. ) ;
#1017 = ORIENTED_EDGE ( 'NONE', *, *, #5464, .T. ) ;
#1018 = EDGE_LOOP ( 'NONE', ( #4754, #2658, #2399, #3663 ) ) ;
#1019 = AXIS2_PLACEMENT_3D ( 'NONE', #6615, #4000, #1911 ) ;
#1020 = DIRECTION ( 'NONE',  ( 0.000000000000000000, 0.000000000000000000, 1.000000000000000000 ) ) ;
#1021 = AXIS2_PLACEMENT_3D ( 'NONE', #1605, #7719, #1645 ) ;
#1022 = CARTESIAN_POINT ( 'NONE',  ( 12.70000000000000107, -14.15672222192825025, 48.66177646900194276 ) ) ;
#1023 = CARTESIAN_POINT ( 'NONE',  ( 7.746038523653021987E-16, -22.22499999999999787, 50.79999999999999716 ) ) ;
#1024 = ADVANCED_FACE ( 'NONE', ( #7114 ), #8447, .F. ) ;
#1025 = ORIENTED_EDGE ( 'NONE', *, *, #238, .F. ) ;
#1026 = CYLINDRICAL_SURFACE ( 'NONE', #8518, 2.080499999999998906 ) ;
#1027 = VECTOR ( 'NONE', #6588, 1000.000000000000000 ) ;
#1028 = DESIGN_CONTEXT ( 'detailed design', #786, 'design' ) ;
#1029 = DIRECTION ( 'NONE',  ( -1.000000000000000000, 0.000000000000000000, 0.000000000000000000 ) ) ;
#1030 = CARTESIAN_POINT ( 'NONE',  ( 12.70000000000000107, 11.15407434219260630, 26.95732780184214405 ) ) ;
#1031 = CIRCLE ( 'NONE', #8259, 2.499999999999988454 ) ;
#1032 = ORIENTED_EDGE ( 'NONE', *, *, #2615, .T. ) ;
#1033 = CARTESIAN_POINT ( 'NONE',  ( -12.69999999999999751, 12.69999999999999929, 65.99999999999998579 ) ) ;
#1034 = CARTESIAN_POINT ( 'NONE',  ( 7.746038523653021987E-16, 22.22500000000000142, 88.89999999999999147 ) ) ;
#1035 = ORIENTED_EDGE ( 'NONE', *, *, #4954, .F. ) ;
#1036 = VERTEX_POINT ( 'NONE', #2859 ) ;
#1037 = AXIS2_PLACEMENT_3D ( 'NONE', #4419, #6335, #7083 ) ;
#1038 = AXIS2_PLACEMENT_3D ( 'NONE', #4326, #4238, #1577 ) ;
#1039 = ORIENTED_EDGE ( 'NONE', *, *, #470, .T. ) ;
#1040 = CARTESIAN_POINT ( 'NONE',  ( 12.70000000000000107, 14.16298196909037088, 86.92517298397528691 ) ) ;
#1041 = FACE_OUTER_BOUND ( 'NONE', #7868, .T. ) ;
#1042 = CARTESIAN_POINT ( 'NONE',  ( 12.70000000000000107, 12.33648634558017676, 79.69623028888086935 ) ) ;
#1043 = DIRECTION ( 'NONE',  ( -1.000000000000000000, -0.000000000000000000, -0.000000000000000000 ) ) ;
#1044 = CIRCLE ( 'NONE', #892, 2.499999999999988454 ) ;
#1045 = CIRCLE ( 'NONE', #3453, 2.271000000000002128 ) ;
#1046 = CARTESIAN_POINT ( 'NONE',  ( -12.69999999999999929, -12.69999999999999929, 65.99999999999998579 ) ) ;
#1047 = ORIENTED_EDGE ( 'NONE', *, *, #6919, .T. ) ;
#1048 = EDGE_LOOP ( 'NONE', ( #4113, #3855, #4407, #6283 ) ) ;
#1049 = EDGE_CURVE ( 'NONE', #977, #211, #7950, .T. ) ;
#1050 = AXIS2_PLACEMENT_3D ( 'NONE', #2628, #2061, #5378 ) ;
#1051 = DIRECTION ( 'NONE',  ( 0.000000000000000000, 0.000000000000000000, 1.000000000000000000 ) ) ;
#1052 = DIRECTION ( 'NONE',  ( 0.000000000000000000, 0.000000000000000000, -1.000000000000000000 ) ) ;
#1053 = LINE ( 'NONE', #3755, #7822 ) ;
#1054 = ORIENTED_EDGE ( 'NONE', *, *, #1698, .F. ) ;
#1055 = CARTESIAN_POINT ( 'NONE',  ( 12.70000000000000107, 5.371240620587830250, 102.1529156865856294 ) ) ;
#1056 = ORIENTED_EDGE ( 'NONE', *, *, #4590, .T. ) ;
#1057 = DIRECTION ( 'NONE',  ( -0.000000000000000000, 1.000000000000000000, -0.000000000000000000 ) ) ;
#1058 = ORIENTED_EDGE ( 'NONE', *, *, #5183, .F. ) ;
#1059 = VECTOR ( 'NONE', #7900, 1000.000000000000000 ) ;
#1060 = ORIENTED_EDGE ( 'NONE', *, *, #8657, .F. ) ;
#1061 = EDGE_CURVE ( 'NONE', #6805, #7706, #5999, .T. ) ;
#1062 = EDGE_CURVE ( 'NONE', #8527, #4861, #2408, .T. ) ;
#1063 = CARTESIAN_POINT ( 'NONE',  ( 7.746038523653021987E-16, -22.22499999999999787, 101.5999999999999943 ) ) ;
#1064 = AXIS2_PLACEMENT_3D ( 'NONE', #1285, #8168, #4132 ) ;
#1065 = CYLINDRICAL_SURFACE ( 'NONE', #7034, 2.080499999999998906 ) ;
#1066 = CARTESIAN_POINT ( 'NONE',  ( -9.525000000000000355, -1.802455207620986100, 22.81440457572818303 ) ) ;
#1067 = ORIENTED_EDGE ( 'NONE', *, *, #361, .F. ) ;
#1068 = DIRECTION ( 'NONE',  ( -1.000000000000000000, -0.000000000000000000, -0.000000000000000000 ) ) ;
#1069 = AXIS2_PLACEMENT_3D ( 'NONE', #5851, #1816, #8560 ) ;
#1070 = EDGE_CURVE ( 'NONE', #2953, #4388, #6624, .T. ) ;
#1071 = EDGE_CURVE ( 'NONE', #270, #4602, #2325, .T. ) ;
#1072 = ADVANCED_FACE ( 'NONE', ( #502 ), #2451, .T. ) ;
#1073 = FACE_BOUND ( 'NONE', #159, .T. ) ;
#1074 = DIRECTION ( 'NONE',  ( -1.000000000000000000, -0.000000000000000000, -0.000000000000000000 ) ) ;
#1075 = VERTEX_POINT ( 'NONE', #5114 ) ;
#1076 = LINE ( 'NONE', #8479, #3662 ) ;
#1077 = DIRECTION ( 'NONE',  ( -1.000000000000000000, -0.000000000000000000, -0.000000000000000000 ) ) ;
#1078 = ORIENTED_EDGE ( 'NONE', *, *, #4161, .F. ) ;
#1079 = EDGE_LOOP ( 'NONE', ( #5272, #3756, #3683, #4048 ) ) ;
#1080 = CIRCLE ( 'NONE', #1510, 2.499999999999992006 ) ;
#1081 = EDGE_LOOP ( 'NONE', ( #2320, #6089, #1827, #2447 ) ) ;
#1082 = CYLINDRICAL_SURFACE ( 'NONE', #475, 2.499999999999988454 ) ;
#1083 = LINE ( 'NONE', #375, #3740 ) ;
#1084 = CARTESIAN_POINT ( 'NONE',  ( 12.70000000000000107, -12.69999999999999929, 114.2999999999999972 ) ) ;
#1085 = DIRECTION ( 'NONE',  ( 0.000000000000000000, 0.000000000000000000, 1.000000000000000000 ) ) ;
#1086 = AXIS2_PLACEMENT_3D ( 'NONE', #6683, #609, #6110 ) ;
#1087 = CARTESIAN_POINT ( 'NONE',  ( -12.69999999999999751, 3.577867169202164632E-15, 38.10000000000001563 ) ) ;
#1088 = ORIENTED_EDGE ( 'NONE', *, *, #839, .F. ) ;
#1089 = VERTEX_POINT ( 'NONE', #3252 ) ;
#1090 = CIRCLE ( 'NONE', #3211, 2.271000000000002128 ) ;
#1091 = DIRECTION ( 'NONE',  ( -1.000000000000000000, -0.000000000000000000, -0.000000000000000000 ) ) ;
#1092 = CARTESIAN_POINT ( 'NONE',  ( -9.525000000000000355, 10.07084749364666365, 78.06156772950215839 ) ) ;
#1093 = CARTESIAN_POINT ( 'NONE',  ( 12.70000000000000107, 8.791741348502629450, 77.62191132943932814 ) ) ;
#1094 = ORIENTED_EDGE ( 'NONE', *, *, #1675, .T. ) ;
#1095 = CARTESIAN_POINT ( 'NONE',  ( 1.555301434917138433E-15, -22.22499999999999787, 65.99999999999998579 ) ) ;
#1096 = ORIENTED_EDGE ( 'NONE', *, *, #1563, .T. ) ;
#1097 = DIRECTION ( 'NONE',  ( -1.000000000000000000, 0.000000000000000000, 0.000000000000000000 ) ) ;
#1098 = FACE_OUTER_BOUND ( 'NONE', #3087, .T. ) ;
#1099 = EDGE_LOOP ( 'NONE', ( #4553, #6081 ) ) ;
#1100 = AXIS2_PLACEMENT_3D ( 'NONE', #6323, #4950, #1406 ) ;
#1101 = ADVANCED_FACE ( 'NONE', ( #1877 ), #4623, .T. ) ;
#1102 = CIRCLE ( 'NONE', #393, 2.271000000000002128 ) ;
#1103 = ORIENTED_EDGE ( 'NONE', *, *, #728, .T. ) ;
#1104 = CARTESIAN_POINT ( 'NONE',  ( -12.69999999999999751, 12.33648634557998314, 47.30376971111940776 ) ) ;
#1105 = CIRCLE ( 'NONE', #6061, 2.499999999999988454 ) ;
#1106 = CARTESIAN_POINT ( 'NONE',  ( -9.525000000000002132, -12.69999999999999929, 63.50000000000000000 ) ) ;
#1107 = ORIENTED_EDGE ( 'NONE', *, *, #1967, .F. ) ;
#1108 = DIRECTION ( 'NONE',  ( 0.000000000000000000, 0.000000000000000000, 1.000000000000000000 ) ) ;
#1109 = ORIENTED_EDGE ( 'NONE', *, *, #533, .F. ) ;
#1110 = EDGE_CURVE ( 'NONE', #612, #1211, #1083, .T. ) ;
#1111 = FACE_OUTER_BOUND ( 'NONE', #5779, .T. ) ;
#1112 = CYLINDRICAL_SURFACE ( 'NONE', #2168, 2.499999999999988454 ) ;
#1113 = CARTESIAN_POINT ( 'NONE',  ( 9.525000000000000355, -10.07084749364648069, 75.98106772950202981 ) ) ;
#1114 = ORIENTED_EDGE ( 'NONE', *, *, #4106, .T. ) ;
#1115 = DIRECTION ( 'NONE',  ( 0.000000000000000000, 0.000000000000000000, 1.000000000000000000 ) ) ;
#1116 = EDGE_CURVE ( 'NONE', #1145, #991, #3873, .T. ) ;
#1117 = EDGE_CURVE ( 'NONE', #3227, #3736, #4537, .T. ) ;
#1118 = EDGE_CURVE ( 'NONE', #6070, #2924, #340, .T. ) ;
#1119 = CARTESIAN_POINT ( 'NONE',  ( 12.70000000000000107, -6.152699789198520897, 104.0810759023857344 ) ) ;
#1120 = ORIENTED_EDGE ( 'NONE', *, *, #5513, .F. ) ;
#1121 = VERTEX_POINT ( 'NONE', #5950 ) ;
#1122 = ORIENTED_EDGE ( 'NONE', *, *, #3118, .F. ) ;
#1123 = DIRECTION ( 'NONE',  ( 0.000000000000000000, 0.000000000000000000, 1.000000000000000000 ) ) ;
#1124 = CARTESIAN_POINT ( 'NONE',  ( -12.69999999999999751, 0.000000000000000000, 65.99999999999998579 ) ) ;
#1125 = DIRECTION ( 'NONE',  ( 0.000000000000000000, 0.000000000000000000, 1.000000000000000000 ) ) ;
#1126 = CARTESIAN_POINT ( 'NONE',  ( 12.70000000000000107, -14.15672222192817387, 27.53822353099798192 ) ) ;
#1127 = ADVANCED_FACE ( 'NONE', ( #8661 ), #3082, .F. ) ;
#1128 = DIRECTION ( 'NONE',  ( -1.000000000000000000, -0.000000000000000000, -0.000000000000000000 ) ) ;
#1129 = VERTEX_POINT ( 'NONE', #7156 ) ;
#1130 = ORIENTED_EDGE ( 'NONE', *, *, #2943, .F. ) ;
#1131 = CARTESIAN_POINT ( 'NONE',  ( -9.525000000000002132, 12.69999999999999929, 63.50000000000000000 ) ) ;
#1132 = CARTESIAN_POINT ( 'NONE',  ( 9.525000000000000355, 12.69999999999999929, 114.2999999999999972 ) ) ;
#1133 = FACE_BOUND ( 'NONE', #3170, .T. ) ;
#1134 = AXIS2_PLACEMENT_3D ( 'NONE', #7563, #1626, #4332 ) ;
#1135 = EDGE_LOOP ( 'NONE', ( #6313, #7912, #7844, #1530 ) ) ;
#1136 = DIRECTION ( 'NONE',  ( 0.000000000000000000, 0.000000000000000000, -1.000000000000000000 ) ) ;
#1137 = VERTEX_POINT ( 'NONE', #2583 ) ;
#1138 = LINE ( 'NONE', #3847, #2978 ) ;
#1139 = ORIENTED_EDGE ( 'NONE', *, *, #8118, .F. ) ;
#1140 = ORIENTED_EDGE ( 'NONE', *, *, #1745, .T. ) ;
#1141 = CARTESIAN_POINT ( 'NONE',  ( -12.69999999999999751, 1.802455207620993427, 22.81440457572818303 ) ) ;
#1142 = AXIS2_PLACEMENT_3D ( 'NONE', #7681, #943, #3651 ) ;
#1143 = FACE_OUTER_BOUND ( 'NONE', #4459, .T. ) ;
#1144 = DIRECTION ( 'NONE',  ( 0.000000000000000000, 0.000000000000000000, 1.000000000000000000 ) ) ;
#1145 = VERTEX_POINT ( 'NONE', #6492 ) ;
#1146 = CARTESIAN_POINT ( 'NONE',  ( 12.70000000000000107, -14.16298196909034779, 90.87482701602483814 ) ) ;
#1147 = ORIENTED_EDGE ( 'NONE', *, *, #846, .F. ) ;
#1148 = DIRECTION ( 'NONE',  ( 1.000000000000000000, 0.000000000000000000, 0.000000000000000000 ) ) ;
#1149 = AXIS2_PLACEMENT_3D ( 'NONE', #8654, #8616, #5239 ) ;
#1150 = EDGE_CURVE ( 'NONE', #4792, #1961, #1474, .T. ) ;
#1151 = FACE_BOUND ( 'NONE', #6464, .T. ) ;
#1152 = DIRECTION ( 'NONE',  ( -1.000000000000000000, -0.000000000000000000, -0.000000000000000000 ) ) ;
#1153 = VERTEX_POINT ( 'NONE', #7241 ) ;
#1154 = DIRECTION ( 'NONE',  ( 0.000000000000000000, 0.000000000000000000, -1.000000000000000000 ) ) ;
#1155 = CIRCLE ( 'NONE', #4558, 2.499999999999988454 ) ;
#1156 = LINE ( 'NONE', #6570, #8241 ) ;
#1157 = EDGE_LOOP ( 'NONE', ( #2477, #6157, #601, #124 ) ) ;
#1158 = EDGE_CURVE ( 'NONE', #7653, #4504, #616, .T. ) ;
#1159 = AXIS2_PLACEMENT_3D ( 'NONE', #5644, #4848, #6353 ) ;
#1160 = CC_DESIGN_PERSON_AND_ORGANIZATION_ASSIGNMENT ( #8729, #3456, ( #4689 ) ) ;
#1161 = EDGE_CURVE ( 'NONE', #3223, #1405, #8694, .T. ) ;
#1163 = VERTEX_POINT ( 'NONE', #3209 ) ;
#1162 = AXIS2_PLACEMENT_3D ( 'NONE', #8499, #1757, #6457 ) ;
#1164 = DIRECTION ( 'NONE',  ( -1.000000000000000000, -0.000000000000000000, -0.000000000000000000 ) ) ;
#1165 = CARTESIAN_POINT ( 'NONE',  ( 12.70000000000000107, -10.07084749364648069, 75.98106772950202981 ) ) ;
#1166 = CARTESIAN_POINT ( 'NONE',  ( 9.525000000000000355, 2.068405620284298418, 55.64096931301052251 ) ) ;
#1167 = CARTESIAN_POINT ( 'NONE',  ( -9.525000000000000355, 3.577867169202164632E-15, 38.10000000000001563 ) ) ;
#1168 = FACE_OUTER_BOUND ( 'NONE', #2560, .T. ) ;
#1169 = ORIENTED_EDGE ( 'NONE', *, *, #3435, .T. ) ;
#1170 = ORIENTED_EDGE ( 'NONE', *, *, #2967, .T. ) ;
#1171 = CIRCLE ( 'NONE', #184, 2.080499999999998906 ) ;
#1172 = EDGE_CURVE ( 'NONE', #6894, #7598, #5722, .T. ) ;
#1173 = ADVANCED_FACE ( 'NONE', ( #7908 ), #5912, .T. ) ;
#1174 = DIRECTION ( 'NONE',  ( 0.000000000000000000, -1.000000000000000000, 0.000000000000000000 ) ) ;
#1175 = LINE ( 'NONE', #3259, #2441 ) ;
#1177 = DIRECTION ( 'NONE',  ( -1.000000000000000000, -0.000000000000000000, -0.000000000000000000 ) ) ;
#1176 = CIRCLE ( 'NONE', #1889, 2.499999999999995115 ) ;
#1178 = CARTESIAN_POINT ( 'NONE',  ( 7.746038523653021987E-16, 25.40000000000000213, 88.89999999999999147 ) ) ;
#1179 = VECTOR ( 'NONE', #1250, 1000.000000000000000 ) ;
#1180 = ORIENTED_EDGE ( 'NONE', *, *, #4164, .F. ) ;
#1181 = CARTESIAN_POINT ( 'NONE',  ( -12.69999999999999751, -12.69999999999999929, 12.69999999999999929 ) ) ;
#1182 = ORIENTED_EDGE ( 'NONE', *, *, #1334, .T. ) ;
#1183 = DIRECTION ( 'NONE',  ( 0.000000000000000000, 0.000000000000000000, 1.000000000000000000 ) ) ;
#1184 = ORIENTED_EDGE ( 'NONE', *, *, #4528, .F. ) ;
#1185 = ORIENTED_EDGE ( 'NONE', *, *, #777, .F. ) ;
#1186 = AXIS2_PLACEMENT_3D ( 'NONE', #3122, #1917, #7327 ) ;
#1187 = CARTESIAN_POINT ( 'NONE',  ( 12.70000000000000107, -12.33648634558010748, 47.30376971111923723 ) ) ;
#1188 = DIRECTION ( 'NONE',  ( 0.000000000000000000, 0.000000000000000000, 1.000000000000000000 ) ) ;
#1189 = FACE_OUTER_BOUND ( 'NONE', #5647, .T. ) ;
#1190 = VERTEX_POINT ( 'NONE', #6 ) ;
#1191 = LINE ( 'NONE', #400, #2760 ) ;
#1192 = CIRCLE ( 'NONE', #7711, 2.080499999999998906 ) ;
#1193 = ORIENTED_EDGE ( 'NONE', *, *, #6276, .F. ) ;
#1194 = CARTESIAN_POINT ( 'NONE',  ( 12.70000000000000107, 11.15407434219237004, 49.24267219815811814 ) ) ;
#1195 = CIRCLE ( 'NONE', #6015, 17.66249999999999787 ) ;
#1196 = CARTESIAN_POINT ( 'NONE',  ( -12.69999999999999751, -14.15672222192825025, 48.66177646900194276 ) ) ;
#1197 = DIRECTION ( 'NONE',  ( -1.000000000000000000, 0.000000000000000000, 0.000000000000000000 ) ) ;
#1198 = ORIENTED_EDGE ( 'NONE', *, *, #1272, .T. ) ;
#1199 = CARTESIAN_POINT ( 'NONE',  ( 12.70000000000000107, 3.577867169202164632E-15, 106.5625000000000000 ) ) ;
#1200 = VECTOR ( 'NONE', #4212, 1000.000000000000000 ) ;
#1201 = CARTESIAN_POINT ( 'NONE',  ( 0.000000000000000000, 25.40000000000000213, 12.69999999999999929 ) ) ;
#1202 = EDGE_CURVE ( 'NONE', #6506, #6401, #6664, .T. ) ;
#1203 = ORIENTED_EDGE ( 'NONE', *, *, #3234, .T. ) ;
#1204 = CIRCLE ( 'NONE', #7302, 17.66249999999999787 ) ;
#1205 = VERTEX_POINT ( 'NONE', #6801 ) ;
#1206 = CARTESIAN_POINT ( 'NONE',  ( 12.70000000000000107, -14.15672222192817387, 27.53822353099798192 ) ) ;
#1207 = CARTESIAN_POINT ( 'NONE',  ( 12.70000000000000107, 11.15407434219237004, 49.24267219815811814 ) ) ;
#1208 = DIRECTION ( 'NONE',  ( 1.000000000000000000, 0.000000000000000000, 0.000000000000000000 ) ) ;
#1209 = CARTESIAN_POINT ( 'NONE',  ( 9.525000000000000355, -12.33648634558010748, 47.30376971111923723 ) ) ;
#1210 = DIRECTION ( 'NONE',  ( -0.000000000000000000, -1.000000000000000000, -0.000000000000000000 ) ) ;
#1211 = VERTEX_POINT ( 'NONE', #4715 ) ;
#1212 = EDGE_CURVE ( 'NONE', #2490, #5078, #4883, .T. ) ;
#1213 = CIRCLE ( 'NONE', #6458, 2.080499999999998906 ) ;
#1214 = EDGE_LOOP ( 'NONE', ( #5073, #7160, #7701, #4492 ) ) ;
#1215 = CARTESIAN_POINT ( 'NONE',  ( 9.525000000000000355, 3.577867169202164632E-15, 88.90000000000000568 ) ) ;
#1216 = VECTOR ( 'NONE', #4560, 1000.000000000000000 ) ;
#1217 = DIRECTION ( 'NONE',  ( -1.000000000000000000, -0.000000000000000000, -0.000000000000000000 ) ) ;
#1218 = CIRCLE ( 'NONE', #1086, 2.499999999999988454 ) ;
#1219 = DIRECTION ( 'NONE',  ( -0.000000000000000000, 1.000000000000000000, -0.000000000000000000 ) ) ;
#1220 = CYLINDRICAL_SURFACE ( 'NONE', #4281, 2.080499999999998906 ) ;
#1221 = ORIENTED_EDGE ( 'NONE', *, *, #8172, .T. ) ;
#1222 = DIRECTION ( 'NONE',  ( -1.000000000000000000, -0.000000000000000000, -0.000000000000000000 ) ) ;
#1223 = EDGE_LOOP ( 'NONE', ( #3010, #6268, #3814, #6821 ) ) ;
#1224 = CARTESIAN_POINT ( 'NONE',  ( 12.70000000000000107, -11.15407434219244465, 26.95732780184198774 ) ) ;
#1225 = ORIENTED_EDGE ( 'NONE', *, *, #1313, .T. ) ;
#1226 = ADVANCED_FACE ( 'NONE', ( #3431 ), #3959, .F. ) ;
#1227 = EDGE_CURVE ( 'NONE', #2569, #3437, #682, .T. ) ;
#1228 = EDGE_CURVE ( 'NONE', #8247, #8527, #6565, .T. ) ;
#1229 = ORIENTED_EDGE ( 'NONE', *, *, #6645, .T. ) ;
#1230 = CIRCLE ( 'NONE', #7458, 2.499999999999988454 ) ;
#1231 = AXIS2_PLACEMENT_3D ( 'NONE', #5958, #5254, #2506 ) ;
#1232 = DIRECTION ( 'NONE',  ( 0.000000000000000000, 0.000000000000000000, 1.000000000000000000 ) ) ;
#1233 = MECHANICAL_CONTEXT ( 'NONE', #329, 'mechanical' ) ;
#1234 = CIRCLE ( 'NONE', #8601, 2.499999999999988454 ) ;
#1235 = LINE ( 'NONE', #6067, #3351 ) ;
#1236 = ORIENTED_EDGE ( 'NONE', *, *, #7675, .T. ) ;
#1238 = DIRECTION ( 'NONE',  ( 1.000000000000000000, 0.000000000000000000, 0.000000000000000000 ) ) ;
#1237 = CIRCLE ( 'NONE', #1385, 17.66250000000000497 ) ;
#1239 = ORIENTED_EDGE ( 'NONE', *, *, #8285, .T. ) ;
#1240 = CARTESIAN_POINT ( 'NONE',  ( -9.525000000000002132, -22.22499999999999787, 127.0000000000000000 ) ) ;
#1241 = VECTOR ( 'NONE', #1043, 1000.000000000000000 ) ;
#1242 = FACE_OUTER_BOUND ( 'NONE', #2854, .T. ) ;
#1243 = DIRECTION ( 'NONE',  ( 0.000000000000000000, 0.000000000000000000, 1.000000000000000000 ) ) ;
#1244 = VERTEX_POINT ( 'NONE', #7548 ) ;
#1245 = DIRECTION ( 'NONE',  ( 0.000000000000000000, 0.000000000000000000, 1.000000000000000000 ) ) ;
#1246 = DIRECTION ( 'NONE',  ( -1.000000000000000000, -0.000000000000000000, -0.000000000000000000 ) ) ;
#1247 = VERTEX_POINT ( 'NONE', #8707 ) ;
#1248 = LINE ( 'NONE', #4804, #5274 ) ;
#1249 = EDGE_CURVE ( 'NONE', #2414, #5072, #2884, .T. ) ;
#1250 = DIRECTION ( 'NONE',  ( -1.000000000000000000, -0.000000000000000000, -0.000000000000000000 ) ) ;
#1251 = DIRECTION ( 'NONE',  ( -1.000000000000000000, -0.000000000000000000, -0.000000000000000000 ) ) ;
#1252 = DIRECTION ( 'NONE',  ( 0.000000000000000000, 0.000000000000000000, -1.000000000000000000 ) ) ;
#1253 = LINE ( 'NONE', #2585, #4935 ) ;
#1254 = DIRECTION ( 'NONE',  ( 0.000000000000000000, 0.000000000000000000, 1.000000000000000000 ) ) ;
#1255 = EDGE_LOOP ( 'NONE', ( #457, #302, #4449, #7684 ) ) ;
#1256 = ORIENTED_EDGE ( 'NONE', *, *, #2404, .T. ) ;
#1257 = ORIENTED_EDGE ( 'NONE', *, *, #1829, .T. ) ;
#1258 = EDGE_CURVE ( 'NONE', #3491, #867, #6847, .T. ) ;
#1259 = CARTESIAN_POINT ( 'NONE',  ( 12.70000000000000107, -12.33648634558010748, 47.30376971111923723 ) ) ;
#1260 = DIRECTION ( 'NONE',  ( 0.000000000000000000, 6.670409905222044891E-15, -1.000000000000000000 ) ) ;
#1261 = FACE_OUTER_BOUND ( 'NONE', #1516, .T. ) ;
#1262 = ORIENTED_EDGE ( 'NONE', *, *, #6051, .T. ) ;
#1263 = CARTESIAN_POINT ( 'NONE',  ( -12.69999999999999751, 12.33648634557998314, 98.10376971111941202 ) ) ;
#1264 = ORIENTED_EDGE ( 'NONE', *, *, #1553, .F. ) ;
#1265 = DIRECTION ( 'NONE',  ( -1.000000000000000000, -0.000000000000000000, -0.000000000000000000 ) ) ;
#1266 = ORIENTED_EDGE ( 'NONE', *, *, #3118, .T. ) ;
#1267 = EDGE_LOOP ( 'NONE', ( #6390, #5212, #2035, #8292 ) ) ;
#1268 = CARTESIAN_POINT ( 'NONE',  ( 12.70000000000000107, -11.15407434219252103, 100.0426721981579590 ) ) ;
#1269 = ADVANCED_FACE ( 'NONE', ( #5427 ), #101, .T. ) ;
#1270 = EDGE_CURVE ( 'NONE', #2612, #5986, #1897, .T. ) ;
#1271 = EDGE_CURVE ( 'NONE', #8452, #8472, #8128, .T. ) ;
#1272 = EDGE_CURVE ( 'NONE', #924, #4102, #3033, .T. ) ;
#1273 = DIRECTION ( 'NONE',  ( -1.000000000000000000, -0.000000000000000000, -0.000000000000000000 ) ) ;
#1274 = ORIENTED_EDGE ( 'NONE', *, *, #360, .T. ) ;
#1275 = CARTESIAN_POINT ( 'NONE',  ( -12.69999999999999751, 12.69999999999999929, 65.99999999999998579 ) ) ;
#1276 = ORIENTED_EDGE ( 'NONE', *, *, #624, .F. ) ;
#1277 = VERTEX_POINT ( 'NONE', #5476 ) ;
#1278 = DIRECTION ( 'NONE',  ( 0.000000000000000000, 0.000000000000000000, 1.000000000000000000 ) ) ;
#1279 = AXIS2_PLACEMENT_3D ( 'NONE', #4009, #3346, #4718 ) ;
#1280 = LOCAL_TIME ( 14, 50, 0.000000000000000000, #3319 ) ;
#1281 = EDGE_CURVE ( 'NONE', #1710, #4236, #4016, .T. ) ;
#1282 = EDGE_CURVE ( 'NONE', #3891, #7515, #1618, .T. ) ;
#1283 = DIRECTION ( 'NONE',  ( 0.000000000000000000, 0.000000000000000000, -1.000000000000000000 ) ) ;
#1284 = CIRCLE ( 'NONE', #864, 17.66250000000000142 ) ;
#1285 = CARTESIAN_POINT ( 'NONE',  ( 12.70000000000000107, 3.577867169202164632E-15, 88.90000000000000568 ) ) ;
#1286 = ORIENTED_EDGE ( 'NONE', *, *, #2415, .F. ) ;
#1287 = CARTESIAN_POINT ( 'NONE',  ( 0.000000000000000000, -22.22499999999999787, 12.69999999999999929 ) ) ;
#1288 = DIRECTION ( 'NONE',  ( -1.000000000000000000, -0.000000000000000000, -0.000000000000000000 ) ) ;
#1289 = ORIENTED_EDGE ( 'NONE', *, *, #999, .T. ) ;
#1290 = DIRECTION ( 'NONE',  ( -1.000000000000000000, -0.000000000000000000, -0.000000000000000000 ) ) ;
#1291 = DIRECTION ( 'NONE',  ( 0.000000000000000000, 0.000000000000000000, 1.000000000000000000 ) ) ;
#1292 = DIRECTION ( 'NONE',  ( -1.000000000000000000, -0.000000000000000000, -0.000000000000000000 ) ) ;
#1293 = AXIS2_PLACEMENT_3D ( 'NONE', #2546, #7337, #2680 ) ;
#1294 = CARTESIAN_POINT ( 'NONE',  ( 12.70000000000000107, 3.577867169202164632E-15, 38.10000000000001563 ) ) ;
#1295 = DIRECTION ( 'NONE',  ( 0.000000000000000000, 0.000000000000000000, 1.000000000000000000 ) ) ;
#1296 = CARTESIAN_POINT ( 'NONE',  ( -9.525000000000000355, 15.22687436074360257, 92.98837563696011443 ) ) ;
#1297 = ORIENTED_EDGE ( 'NONE', *, *, #6921, .T. ) ;
#1298 = ORIENTED_EDGE ( 'NONE', *, *, #8339, .T. ) ;
#1299 = CLOSED_SHELL ( 'NONE', ( #3340, #8150, #788, #7466, #8222, #7848, #5786, #3771, #8424, #4483, #4530, #2975, #2444, #2901, #2625, #8610, #5810, #3383, #6930, #3682, #6929, #4044, #4367, #3236, #2574, #4630, #4377, #5764, #4429, #358, #6595, #8526, #2252, #7079, #6213, #1709, #6214, #626, #4701, #2804, #4256, #6530, #4688, #1480, #6275, #4646, #1876, #3786, #5242, #1614, #5180, #7897, #6510, #4909, #2265, #6920, #939, #372, #885, #7281, #3564, #5977, #4899, #1905, #689, #4579, #5832, #3628, #2218, #7834, #7942, #1337, #2888, #8709, #5077, #5027, #6212, #2968, #7690, #1024, #5609, #469, #8283, #4808, #8686, #2753, #3233, #7723, #7514, #2623, #418, #2792, #3615, #2846, #8656, #2302, #2782, #605, #518, #3070, #1101, #1127, #5448, #5894, #5504, #6531, #7294, #7628, #4522, #2219, #4474, #7567, #2111, #5716, #6823, #8552, #3619, #6263, #9, #7351, #5884, #7838, #2142, #7467, #1941, #6960, #2912, #2134, #8599, #5619, #8030, #5623, #4317, #3966, #7089, #6977, #532, #3518, #4847, #3446, #1013, #3880, #7137, #2698, #467, #404, #4330, #7240, #5342, #3331, #1392, #86, #2504, #1016, #5233, #2900, #6582, #968, #7399, #6895, #7765, #4268, #4024, #3671, #3282, #8273, #7553, #4266, #4664, #2969, #3408, #3172, #953, #3187, #7676, #4043, #7603, #250, #5329, #3811, #7455, #2527, #7630, #308, #1072, #398, #6090, #1505, #3342, #3407, #5831, #4859, #4162, #1506, #1269, #2479, #7441, #1864, #417, #5269, #6414, #7090, #4578, #8162, #6644, #8497, #6483, #7136, #8469, #6756, #7655, #7014, #1913, #127, #1404, #264, #3723, #7784, #1708, #1173, #134, #2517, #4810, #1429, #6874, #4208, #3881, #7199, #3935, #2153, #7244, #1665, #4104, #1226, #5057, #2911, #6621, #5435, #4437, #7618, #7580, #7454, #1942, #7175, #3725, #7386 ) ) ;
#1300 = AXIS2_PLACEMENT_3D ( 'NONE', #7933, #7980, #8693 ) ;
#1301 = ORIENTED_EDGE ( 'NONE', *, *, #3101, .F. ) ;
#1302 = LINE ( 'NONE', #110, #2732 ) ;
#1303 = DIRECTION ( 'NONE',  ( -1.000000000000000000, -0.000000000000000000, -0.000000000000000000 ) ) ;
#1304 = CARTESIAN_POINT ( 'NONE',  ( 12.70000000000000107, -14.15672222192825025, 48.66177646900194276 ) ) ;
#1305 = EDGE_LOOP ( 'NONE', ( #774, #6462 ) ) ;
#1306 = DIRECTION ( 'NONE',  ( 0.000000000000000000, 0.000000000000000000, 1.000000000000000000 ) ) ;
#1307 = VERTEX_POINT ( 'NONE', #8752 ) ;
#1308 = CIRCLE ( 'NONE', #6843, 2.270999999999995467 ) ;
#1309 = AXIS2_PLACEMENT_3D ( 'NONE', #4464, #7165, #2915 ) ;
#1310 = DIRECTION ( 'NONE',  ( -0.000000000000000000, 1.000000000000000000, -0.000000000000000000 ) ) ;
#1311 = EDGE_LOOP ( 'NONE', ( #4526, #2608, #648, #7193 ) ) ;
#1312 = ORIENTED_EDGE ( 'NONE', *, *, #2687, .T. ) ;
#1313 = EDGE_CURVE ( 'NONE', #5011, #930, #4764, .T. ) ;
#1314 = CIRCLE ( 'NONE', #7404, 2.080499999999998906 ) ;
#1315 = CIRCLE ( 'NONE', #5846, 2.499999999999988454 ) ;
#1316 = CARTESIAN_POINT ( 'NONE',  ( 12.70000000000000107, 3.577867169202164632E-15, 88.90000000000000568 ) ) ;
#1317 =( NAMED_UNIT ( * ) PLANE_ANGLE_UNIT ( ) SI_UNIT ( $, .RADIAN. ) );
#1318 = CARTESIAN_POINT ( 'NONE',  ( 12.70000000000000107, -14.15672222192825025, 99.46177646900194702 ) ) ;
#1319 = VERTEX_POINT ( 'NONE', #4807 ) ;
#1320 = CARTESIAN_POINT ( 'NONE',  ( 12.70000000000000107, 3.577867169202164632E-15, 88.90000000000000568 ) ) ;
#1321 = ORIENTED_EDGE ( 'NONE', *, *, #6381, .F. ) ;
#1322 = VECTOR ( 'NONE', #4455, 1000.000000000000000 ) ;
#1323 = VERTEX_POINT ( 'NONE', #6755 ) ;
#1324 = DIRECTION ( 'NONE',  ( 0.000000000000000000, -4.585906809840155666E-15, -1.000000000000000000 ) ) ;
#1325 = EDGE_CURVE ( 'NONE', #1632, #4596, #4307, .T. ) ;
#1326 = EDGE_CURVE ( 'NONE', #5220, #7625, #6085, .T. ) ;
#1327 = CYLINDRICAL_SURFACE ( 'NONE', #1786, 2.080499999999998906 ) ;
#1328 = AXIS2_PLACEMENT_3D ( 'NONE', #2000, #2617, #8121 ) ;
#1329 = DIRECTION ( 'NONE',  ( -1.000000000000000000, -0.000000000000000000, -0.000000000000000000 ) ) ;
#1330 = FACE_OUTER_BOUND ( 'NONE', #1079, .T. ) ;
#1331 = VERTEX_POINT ( 'NONE', #3607 ) ;
#1332 = CARTESIAN_POINT ( 'NONE',  ( -9.525000000000000355, 2.068405620284298418, 106.4409693130105268 ) ) ;
#1333 = DIRECTION ( 'NONE',  ( 0.000000000000000000, 0.000000000000000000, -1.000000000000000000 ) ) ;
#1334 = EDGE_CURVE ( 'NONE', #1617, #8251, #5438, .T. ) ;
#1335 = AXIS2_PLACEMENT_3D ( 'NONE', #4351, #934, #7057 ) ;
#1336 = ORIENTED_EDGE ( 'NONE', *, *, #7615, .T. ) ;
#1337 = ADVANCED_FACE ( 'NONE', ( #5686 ), #8435, .F. ) ;
#1338 = EDGE_CURVE ( 'NONE', #6077, #6198, #6355, .T. ) ;
#1339 = DIRECTION ( 'NONE',  ( -1.000000000000000000, 0.000000000000000000, 0.000000000000000000 ) ) ;
#1340 = CARTESIAN_POINT ( 'NONE',  ( -9.525000000000002132, -12.69999999999999929, 12.69999999999999929 ) ) ;
#1341 = DIRECTION ( 'NONE',  ( 0.000000000000000000, 0.000000000000000000, 1.000000000000000000 ) ) ;
#1342 = LINE ( 'NONE', #2062, #8153 ) ;
#1343 = DIRECTION ( 'NONE',  ( 0.000000000000000000, 1.000000000000000000, 0.000000000000000000 ) ) ;
#1344 = CARTESIAN_POINT ( 'NONE',  ( -12.69999999999999751, 15.22687436074360257, 92.98837563696011443 ) ) ;
#1345 = ORIENTED_EDGE ( 'NONE', *, *, #7306, .F. ) ;
#1346 = ORIENTED_EDGE ( 'NONE', *, *, #8636, .F. ) ;
#1347 = AXIS2_PLACEMENT_3D ( 'NONE', #878, #3591, #2299 ) ;
#1348 = EDGE_LOOP ( 'NONE', ( #5386, #2812, #1589, #1236 ) ) ;
#1349 = CARTESIAN_POINT ( 'NONE',  ( -12.69999999999999751, -2.068405620284290425, 71.35903068698951301 ) ) ;
#1350 = FACE_BOUND ( 'NONE', #3438, .T. ) ;
#1351 = CARTESIAN_POINT ( 'NONE',  ( 1.861463134703975909E-15, 25.40000000000000213, 61.00000000000001421 ) ) ;
#1352 = ORIENTED_EDGE ( 'NONE', *, *, #615, .T. ) ;
#1353 = DIRECTION ( 'NONE',  ( 0.000000000000000000, 0.000000000000000000, 1.000000000000000000 ) ) ;
#1354 = ORIENTED_EDGE ( 'NONE', *, *, #8496, .F. ) ;
#1355 = AXIS2_PLACEMENT_3D ( 'NONE', #2189, #4897, #5688 ) ;
#1356 = DIRECTION ( 'NONE',  ( 0.000000000000000000, 1.000000000000000000, 0.000000000000000000 ) ) ;
#1357 = EDGE_LOOP ( 'NONE', ( #3761, #8018, #4815, #1909 ) ) ;
#1358 = ORIENTED_EDGE ( 'NONE', *, *, #8597, .T. ) ;
#1359 = AXIS2_PLACEMENT_3D ( 'NONE', #91, #2538, #8621 ) ;
#1360 = AXIS2_PLACEMENT_3D ( 'NONE', #8426, #3641, #7627 ) ;
#1361 = DIRECTION ( 'NONE',  ( -1.000000000000000000, -0.000000000000000000, -0.000000000000000000 ) ) ;
#1362 = DIRECTION ( 'NONE',  ( 0.000000000000000000, 0.000000000000000000, 1.000000000000000000 ) ) ;
#1363 = CALENDAR_DATE ( 2024, 18, 9 ) ;
#1364 = ORIENTED_EDGE ( 'NONE', *, *, #5409, .F. ) ;
#1365 = CARTESIAN_POINT ( 'NONE',  ( 1.861463134703975514E-15, -22.22499999999999787, 22.90000000000000568 ) ) ;
#1366 = EDGE_CURVE ( 'NONE', #1163, #2462, #6713, .T. ) ;
#1367 = ORIENTED_EDGE ( 'NONE', *, *, #361, .T. ) ;
#1368 = DIRECTION ( 'NONE',  ( -1.000000000000000000, -0.000000000000000000, -0.000000000000000000 ) ) ;
#1369 = EDGE_LOOP ( 'NONE', ( #4192, #1039, #5318, #5966 ) ) ;
#1370 = CIRCLE ( 'NONE', #8739, 2.270999999999998575 ) ;
#1371 = CIRCLE ( 'NONE', #3776, 2.270999999999995467 ) ;
#1372 = ORIENTED_EDGE ( 'NONE', *, *, #8339, .F. ) ;
#1373 = CARTESIAN_POINT ( 'NONE',  ( 12.70000000000000107, -4.072800018551146373, 53.33104783511790714 ) ) ;
#1374 = DIRECTION ( 'NONE',  ( -1.000000000000000000, -0.000000000000000000, -0.000000000000000000 ) ) ;
#1375 = CIRCLE ( 'NONE', #3925, 2.270999999999995467 ) ;
#1376 = CIRCLE ( 'NONE', #1940, 2.499999999999988454 ) ;
#1377 = DIRECTION ( 'NONE',  ( 0.000000000000000000, 0.000000000000000000, 1.000000000000000000 ) ) ;
#1378 = DIRECTION ( 'NONE',  ( -1.000000000000000000, -0.000000000000000000, -0.000000000000000000 ) ) ;
#1379 = EDGE_CURVE ( 'NONE', #5818, #612, #8284, .T. ) ;
#1380 = CARTESIAN_POINT ( 'NONE',  ( -9.525000000000000355, 3.577867169202164632E-15, 88.90000000000000568 ) ) ;
#1381 = EDGE_LOOP ( 'NONE', ( #1921, #7154, #5908, #595 ) ) ;
#1382 = DIRECTION ( 'NONE',  ( 1.000000000000000000, 0.000000000000000000, 0.000000000000000000 ) ) ;
#1383 = DIRECTION ( 'NONE',  ( -1.000000000000000000, -0.000000000000000000, -0.000000000000000000 ) ) ;
#1384 = CIRCLE ( 'NONE', #818, 2.499999999999993339 ) ;
#1385 = AXIS2_PLACEMENT_3D ( 'NONE', #5115, #6407, #1668 ) ;
#1386 = VERTEX_POINT ( 'NONE', #8265 ) ;
#1387 = CARTESIAN_POINT ( 'NONE',  ( 7.746038523653021987E-16, -25.39999999999999503, 91.39999999999997726 ) ) ;
#1388 = AXIS2_PLACEMENT_3D ( 'NONE', #323, #4706, #6523 ) ;
#1389 = CARTESIAN_POINT ( 'NONE',  ( 12.70000000000000107, 5.371240620587830250, 51.35291568658563932 ) ) ;
#1390 = EDGE_CURVE ( 'NONE', #2449, #2283, #7725, .T. ) ;
#1391 = DIRECTION ( 'NONE',  ( 1.000000000000000000, -0.000000000000000000, -0.000000000000000000 ) ) ;
#1392 = ADVANCED_FACE ( 'NONE', ( #2982 ), #4358, .F. ) ;
#1393 = EDGE_CURVE ( 'NONE', #2946, #8481, #1192, .T. ) ;
#1394 = EDGE_CURVE ( 'NONE', #252, #5451, #2610, .T. ) ;
#1395 = DIRECTION ( 'NONE',  ( -1.000000000000000000, 0.000000000000000000, 0.000000000000000000 ) ) ;
#1396 = CARTESIAN_POINT ( 'NONE',  ( 7.746038523653021987E-16, 25.40000000000000213, 38.09999999999999432 ) ) ;
#1397 = DIRECTION ( 'NONE',  ( -0.000000000000000000, 1.000000000000000000, -0.000000000000000000 ) ) ;
#1398 = EDGE_LOOP ( 'NONE', ( #4710, #6295 ) ) ;
#1399 = ORIENTED_EDGE ( 'NONE', *, *, #2803, .T. ) ;
#1400 = EDGE_LOOP ( 'NONE', ( #68, #2300, #3405, #3451 ) ) ;
#1401 = CARTESIAN_POINT ( 'NONE',  ( -9.525000000000000355, -10.07084749364648069, 25.18106772950202199 ) ) ;
#1402 = FACE_BOUND ( 'NONE', #1439, .T. ) ;
#1403 = CARTESIAN_POINT ( 'NONE',  ( -12.69999999999999751, 25.40000000000000213, 127.0000000000000000 ) ) ;
#1404 = ADVANCED_FACE ( 'NONE', ( #141 ), #318, .F. ) ;
#1405 = VERTEX_POINT ( 'NONE', #2847 ) ;
#1406 = DIRECTION ( 'NONE',  ( 0.000000000000000000, 0.000000000000000000, 1.000000000000000000 ) ) ;
#1407 = VERTEX_POINT ( 'NONE', #3027 ) ;
#1408 = LINE ( 'NONE', #6818, #5809 ) ;
#1409 = ORIENTED_EDGE ( 'NONE', *, *, #6154, .T. ) ;
#1410 = EDGE_LOOP ( 'NONE', ( #7977, #5453, #6749, #5007 ) ) ;
#1411 = DIRECTION ( 'NONE',  ( 0.000000000000000000, 0.000000000000000000, 1.000000000000000000 ) ) ;
#1412 = CARTESIAN_POINT ( 'NONE',  ( 12.70000000000000107, 3.577867169202164632E-15, 88.90000000000000568 ) ) ;
#1413 = EDGE_LOOP ( 'NONE', ( #2037, #3590, #1659, #5628 ) ) ;
#1414 = CARTESIAN_POINT ( 'NONE',  ( -9.525000000000000355, 14.15672222192810992, 99.46177646900214597 ) ) ;
#1415 = VERTEX_POINT ( 'NONE', #852 ) ;
#1416 = FACE_OUTER_BOUND ( 'NONE', #3358, .T. ) ;
#1417 = EDGE_LOOP ( 'NONE', ( #7107, #8086, #1874, #1871 ) ) ;
#1418 = ORIENTED_EDGE ( 'NONE', *, *, #667, .T. ) ;
#1419 = DIRECTION ( 'NONE',  ( 0.000000000000000000, 0.000000000000000000, 1.000000000000000000 ) ) ;
#1420 = AXIS2_PLACEMENT_3D ( 'NONE', #4659, #3953, #6657 ) ;
#1421 = DIRECTION ( 'NONE',  ( 0.000000000000000000, 0.000000000000000000, 1.000000000000000000 ) ) ;
#1422 = CYLINDRICAL_SURFACE ( 'NONE', #5770, 14.30000000000000782 ) ;
#1423 = DIRECTION ( 'NONE',  ( -1.000000000000000000, -0.000000000000000000, -0.000000000000000000 ) ) ;
#1424 = CIRCLE ( 'NONE', #6229, 2.080499999999998906 ) ;
#1425 = VERTEX_POINT ( 'NONE', #5731 ) ;
#1426 = CYLINDRICAL_SURFACE ( 'NONE', #6375, 2.080499999999998906 ) ;
#1427 = DIRECTION ( 'NONE',  ( 0.000000000000000000, 0.000000000000000000, 1.000000000000000000 ) ) ;
#1428 = AXIS2_PLACEMENT_3D ( 'NONE', #3237, #1944, #8058 ) ;
#1429 = ADVANCED_FACE ( 'NONE', ( #5603 ), #3560, .F. ) ;
#1430 = AXIS2_PLACEMENT_3D ( 'NONE', #3836, #290, #5210 ) ;
#1431 = DIRECTION ( 'NONE',  ( 1.000000000000000000, 0.000000000000000000, 0.000000000000000000 ) ) ;
#1432 = DIRECTION ( 'NONE',  ( 1.000000000000000000, 0.000000000000000000, 0.000000000000000000 ) ) ;
#1433 = CARTESIAN_POINT ( 'NONE',  ( 12.70000000000000107, 15.22687436074360257, 92.98837563696011443 ) ) ;
#1434 = CARTESIAN_POINT ( 'NONE',  ( -12.69999999999999751, 0.000000000000000000, 116.7999999999999829 ) ) ;
#1435 = DIRECTION ( 'NONE',  ( 0.000000000000000000, 0.000000000000000000, 1.000000000000000000 ) ) ;
#1436 = CIRCLE ( 'NONE', #1019, 2.499999999999988454 ) ;
#1437 = CARTESIAN_POINT ( 'NONE',  ( 7.746038523653021987E-16, 25.40000000000000213, 40.59999999999998010 ) ) ;
#1438 = EDGE_LOOP ( 'NONE', ( #2065, #949, #1483, #4094 ) ) ;
#1439 = EDGE_LOOP ( 'NONE', ( #7257, #8783 ) ) ;
#1440 = EDGE_CURVE ( 'NONE', #8466, #691, #6887, .T. ) ;
#1441 = EDGE_CURVE ( 'NONE', #7282, #7200, #6150, .T. ) ;
#1443 = VERTEX_POINT ( 'NONE', #4315 ) ;
#1442 = VECTOR ( 'NONE', #7498, 1000.000000000000000 ) ;
#1444 = CARTESIAN_POINT ( 'NONE',  ( -12.69999999999999751, 3.061616997868373773E-16, 10.19999999999994245 ) ) ;
#1445 = FACE_BOUND ( 'NONE', #2114, .T. ) ;
#1446 = DIRECTION ( 'NONE',  ( -1.000000000000000000, -0.000000000000000000, -0.000000000000000000 ) ) ;
#1447 = CARTESIAN_POINT ( 'NONE',  ( 12.70000000000000107, 12.33648634557998314, 100.3747697111193986 ) ) ;
#1448 = CARTESIAN_POINT ( 'NONE',  ( 9.525000000000000355, -12.69999999999999929, 10.20000000000000639 ) ) ;
#1449 = ORIENTED_EDGE ( 'NONE', *, *, #3120, .T. ) ;
#1450 = AXIS2_PLACEMENT_3D ( 'NONE', #7155, #8574, #7907 ) ;
#1451 = ORIENTED_EDGE ( 'NONE', *, *, #6772, .T. ) ;
#1452 = CIRCLE ( 'NONE', #6541, 2.270999999999995467 ) ;
#1453 = EDGE_CURVE ( 'NONE', #4289, #440, #2330, .T. ) ;
#1454 = EDGE_CURVE ( 'NONE', #5844, #8044, #7416, .T. ) ;
#1455 = CARTESIAN_POINT ( 'NONE',  ( -12.69999999999999751, -12.69999999999999929, 10.20000000000000817 ) ) ;
#1456 = DIRECTION ( 'NONE',  ( 0.000000000000000000, 0.000000000000000000, 1.000000000000000000 ) ) ;
#1457 = VECTOR ( 'NONE', #8263, 1000.000000000000000 ) ;
#1458 = AXIS2_PLACEMENT_3D ( 'NONE', #3886, #6007, #8045 ) ;
#1459 = CALENDAR_DATE ( 2024, 18, 9 ) ;
#1460 = CARTESIAN_POINT ( 'NONE',  ( 12.70000000000000107, 3.577867169202164632E-15, 88.90000000000000568 ) ) ;
#1461 = DIRECTION ( 'NONE',  ( -1.000000000000000000, -0.000000000000000000, -0.000000000000000000 ) ) ;
#1462 = ORIENTED_EDGE ( 'NONE', *, *, #3394, .F. ) ;
#1463 = EDGE_LOOP ( 'NONE', ( #6806, #5758, #4202, #1846 ) ) ;
#1464 = VECTOR ( 'NONE', #3538, 1000.000000000000000 ) ;
#1465 = VECTOR ( 'NONE', #4108, 1000.000000000000000 ) ;
#1466 = DIRECTION ( 'NONE',  ( 0.000000000000000000, 0.000000000000000000, 1.000000000000000000 ) ) ;
#1467 = DIRECTION ( 'NONE',  ( 1.000000000000000000, -0.000000000000000000, -0.000000000000000000 ) ) ;
#1468 = DIRECTION ( 'NONE',  ( 0.000000000000000000, 0.000000000000000000, -1.000000000000000000 ) ) ;
#1469 = VECTOR ( 'NONE', #5256, 1000.000000000000000 ) ;
#1470 = AXIS2_PLACEMENT_3D ( 'NONE', #995, #5613, #284 ) ;
#1471 = ORIENTED_EDGE ( 'NONE', *, *, #7041, .T. ) ;
#1472 = DIRECTION ( 'NONE',  ( -1.000000000000000000, 0.000000000000000000, 0.000000000000000000 ) ) ;
#1473 = DIRECTION ( 'NONE',  ( -1.000000000000000000, -0.000000000000000000, -0.000000000000000000 ) ) ;
#1474 = CIRCLE ( 'NONE', #6433, 2.270999999999995467 ) ;
#1475 = DIRECTION ( 'NONE',  ( 0.000000000000000000, 0.000000000000000000, 1.000000000000000000 ) ) ;
#1476 = CYLINDRICAL_SURFACE ( 'NONE', #740, 2.080499999999998906 ) ;
#1477 = CARTESIAN_POINT ( 'NONE',  ( 1.555301434917138433E-15, 25.40000000000000213, 63.50000000000000000 ) ) ;
#1478 = DIRECTION ( 'NONE',  ( -0.000000000000000000, 1.000000000000000000, -0.000000000000000000 ) ) ;
#1479 = FACE_OUTER_BOUND ( 'NONE', #4298, .T. ) ;
#1480 = ADVANCED_FACE ( 'NONE', ( #5559 ), #4938, .F. ) ;
#1481 = CIRCLE ( 'NONE', #1754, 2.080499999999998906 ) ;
#1482 = DIRECTION ( 'NONE',  ( 0.000000000000000000, 0.000000000000000000, 1.000000000000000000 ) ) ;
#1483 = ORIENTED_EDGE ( 'NONE', *, *, #574, .T. ) ;
#1484 = EDGE_LOOP ( 'NONE', ( #700, #3967, #7988, #1689 ) ) ;
#1485 = CIRCLE ( 'NONE', #5455, 14.30000000000000782 ) ;
#1486 = VERTEX_POINT ( 'NONE', #365 ) ;
#1487 = DIRECTION ( 'NONE',  ( -1.000000000000000000, -0.000000000000000000, -0.000000000000000000 ) ) ;
#1488 = DIRECTION ( 'NONE',  ( 0.000000000000000000, -9.171813619680311331E-15, -1.000000000000000000 ) ) ;
#1489 = DIRECTION ( 'NONE',  ( 0.000000000000000000, 0.000000000000000000, 1.000000000000000000 ) ) ;
#1490 = VERTEX_POINT ( 'NONE', #1780 ) ;
#1491 = DIRECTION ( 'NONE',  ( 0.000000000000000000, 0.000000000000000000, 1.000000000000000000 ) ) ;
#1492 = EDGE_CURVE ( 'NONE', #3188, #2389, #2048, .T. ) ;
#1493 = FACE_OUTER_BOUND ( 'NONE', #1600, .T. ) ;
#1494 = ORIENTED_EDGE ( 'NONE', *, *, #1282, .F. ) ;
#1495 = AXIS2_PLACEMENT_3D ( 'NONE', #6915, #6870, #3543 ) ;
#1496 = ORIENTED_EDGE ( 'NONE', *, *, #3882, .T. ) ;
#1497 = LINE ( 'NONE', #4205, #3065 ) ;
#1498 = DIRECTION ( 'NONE',  ( 0.000000000000000000, 0.000000000000000000, 1.000000000000000000 ) ) ;
#1499 = AXIS2_PLACEMENT_3D ( 'NONE', #6042, #3523, #2010 ) ;
#1500 = DATE_AND_TIME ( #3496, #2842 ) ;
#1501 = ORIENTED_EDGE ( 'NONE', *, *, #1554, .F. ) ;
#1502 = DIRECTION ( 'NONE',  ( -1.000000000000000000, -0.000000000000000000, -0.000000000000000000 ) ) ;
#1503 = VERTEX_POINT ( 'NONE', #7854 ) ;
#1504 = CARTESIAN_POINT ( 'NONE',  ( 0.000000000000000000, 25.40000000000000213, 12.69999999999999929 ) ) ;
#1505 = ADVANCED_FACE ( 'NONE', ( #539 ), #1692, .F. ) ;
#1506 = ADVANCED_FACE ( 'NONE', ( #6521 ), #6479, .F. ) ;
#1507 = EDGE_CURVE ( 'NONE', #7380, #6805, #5729, .T. ) ;
#1508 = ORIENTED_EDGE ( 'NONE', *, *, #6000, .T. ) ;
#1509 = EDGE_LOOP ( 'NONE', ( #5339, #5530, #2957, #64 ) ) ;
#1510 = AXIS2_PLACEMENT_3D ( 'NONE', #4984, #3562, #7020 ) ;
#1511 = CARTESIAN_POINT ( 'NONE',  ( 12.70000000000000107, -16.22354728284506820, 40.36214363188775422 ) ) ;
#1512 = VECTOR ( 'NONE', #5678, 1000.000000000000000 ) ;
#1513 = CYLINDRICAL_SURFACE ( 'NONE', #5189, 2.080499999999998906 ) ;
#1515 = CARTESIAN_POINT ( 'NONE',  ( -9.525000000000000355, -12.33648634558010748, 49.57476971111923802 ) ) ;
#1514 = VECTOR ( 'NONE', #3809, 1000.000000000000000 ) ;
#1516 = EDGE_LOOP ( 'NONE', ( #2611, #1866, #6810, #986 ) ) ;
#1517 = DIRECTION ( 'NONE',  ( -1.000000000000000000, -0.000000000000000000, -0.000000000000000000 ) ) ;
#1518 = DIRECTION ( 'NONE',  ( -1.000000000000000000, 0.000000000000000000, 0.000000000000000000 ) ) ;
#1519 = CIRCLE ( 'NONE', #3783, 2.499999999999988454 ) ;
#1520 = VECTOR ( 'NONE', #4506, 1000.000000000000000 ) ;
#1521 = DIRECTION ( 'NONE',  ( -1.000000000000000000, -0.000000000000000000, -0.000000000000000000 ) ) ;
#1522 = DIRECTION ( 'NONE',  ( -1.000000000000000000, -0.000000000000000000, -0.000000000000000000 ) ) ;
#1523 = DIRECTION ( 'NONE',  ( 0.000000000000000000, 0.000000000000000000, 1.000000000000000000 ) ) ;
#1525 = CARTESIAN_POINT ( 'NONE',  ( -12.69999999999999751, -12.69999999999999929, 63.50000000000000000 ) ) ;
#1524 = AXIS2_PLACEMENT_3D ( 'NONE', #8768, #5392, #6774 ) ;
#1526 = FACE_OUTER_BOUND ( 'NONE', #6014, .T. ) ;
#1527 = AXIS2_PLACEMENT_3D ( 'NONE', #6366, #2372, #2994 ) ;
#1528 = CARTESIAN_POINT ( 'NONE',  ( -12.69999999999999751, 3.577867169202164632E-15, 38.10000000000001563 ) ) ;
#1529 = ORIENTED_EDGE ( 'NONE', *, *, #4438, .F. ) ;
#1530 = ORIENTED_EDGE ( 'NONE', *, *, #8761, .F. ) ;
#1531 = CIRCLE ( 'NONE', #675, 17.66250000000000497 ) ;
#1532 = EDGE_CURVE ( 'NONE', #1323, #5732, #910, .T. ) ;
#1533 = ORIENTED_EDGE ( 'NONE', *, *, #5739, .T. ) ;
#1534 = DIRECTION ( 'NONE',  ( 0.000000000000000000, 0.000000000000000000, 1.000000000000000000 ) ) ;
#1535 = DIRECTION ( 'NONE',  ( 0.000000000000000000, 0.000000000000000000, -1.000000000000000000 ) ) ;
#1536 = CYLINDRICAL_SURFACE ( 'NONE', #6477, 2.271000000000002128 ) ;
#1537 = CARTESIAN_POINT ( 'NONE',  ( 12.70000000000000107, 14.13894155320100943, 94.98182571315275879 ) ) ;
#1538 = DIRECTION ( 'NONE',  ( 1.000000000000000000, 0.000000000000000000, 0.000000000000000000 ) ) ;
#1539 = ORIENTED_EDGE ( 'NONE', *, *, #5010, .F. ) ;
#1540 = CIRCLE ( 'NONE', #2663, 2.271000000000002128 ) ;
#1541 = ORIENTED_EDGE ( 'NONE', *, *, #8537, .T. ) ;
#1542 = EDGE_CURVE ( 'NONE', #6896, #3006, #1481, .T. ) ;
#1543 = DIRECTION ( 'NONE',  ( 0.000000000000000000, 0.000000000000000000, 1.000000000000000000 ) ) ;
#1544 = DIRECTION ( 'NONE',  ( 1.000000000000000000, 0.000000000000000000, 0.000000000000000000 ) ) ;
#1545 = DIRECTION ( 'NONE',  ( 0.000000000000000000, 0.000000000000000000, 1.000000000000000000 ) ) ;
#1546 = VERTEX_POINT ( 'NONE', #3862 ) ;
#1547 = CYLINDRICAL_SURFACE ( 'NONE', #7039, 2.499999999999988454 ) ;
#1548 = ORIENTED_EDGE ( 'NONE', *, *, #2836, .F. ) ;
#1549 = LINE ( 'NONE', #2787, #1200 ) ;
#1550 = ORIENTED_EDGE ( 'NONE', *, *, #3281, .F. ) ;
#1551 = ORIENTED_EDGE ( 'NONE', *, *, #7430, .T. ) ;
#1552 = EDGE_CURVE ( 'NONE', #5948, #4255, #2889, .T. ) ;
#1553 = EDGE_CURVE ( 'NONE', #5782, #7876, #3744, .T. ) ;
#1554 = EDGE_CURVE ( 'NONE', #5286, #7620, #1902, .T. ) ;
#1555 = CYLINDRICAL_SURFACE ( 'NONE', #378, 14.30000000000000071 ) ;
#1556 = EDGE_CURVE ( 'NONE', #3570, #8782, #3037, .T. ) ;
#1557 = DIRECTION ( 'NONE',  ( 0.000000000000000000, 0.000000000000000000, -1.000000000000000000 ) ) ;
#1558 = LINE ( 'NONE', #886, #6159 ) ;
#1559 = ORIENTED_EDGE ( 'NONE', *, *, #2044, .T. ) ;
#1560 = DIRECTION ( 'NONE',  ( 0.000000000000000000, 0.000000000000000000, 1.000000000000000000 ) ) ;
#1561 = CARTESIAN_POINT ( 'NONE',  ( 12.70000000000000107, -12.33648634558010748, 49.57476971111923802 ) ) ;
#1562 = AXIS2_PLACEMENT_3D ( 'NONE', #8125, #1472, #5553 ) ;
#1563 = EDGE_CURVE ( 'NONE', #8613, #7268, #2568, .T. ) ;
#1564 = EDGE_CURVE ( 'NONE', #2719, #1319, #3199, .T. ) ;
#1565 = DIRECTION ( 'NONE',  ( 0.000000000000000000, 0.000000000000000000, -1.000000000000000000 ) ) ;
#1566 = AXIS2_PLACEMENT_3D ( 'NONE', #4975, #7673, #1763 ) ;
#1567 = CARTESIAN_POINT ( 'NONE',  ( -12.69999999999999751, -12.69999999999999929, 111.8000000000000114 ) ) ;
#1568 = DIRECTION ( 'NONE',  ( 1.000000000000000000, 0.000000000000000000, 0.000000000000000000 ) ) ;
#1569 = EDGE_LOOP ( 'NONE', ( #929, #7832, #2772, #2699 ) ) ;
#1570 = DIRECTION ( 'NONE',  ( -0.000000000000000000, 1.000000000000000000, -0.000000000000000000 ) ) ;
#1571 = DIRECTION ( 'NONE',  ( 0.000000000000000000, 0.000000000000000000, -1.000000000000000000 ) ) ;
#1572 = CYLINDRICAL_SURFACE ( 'NONE', #7363, 2.499999999999988454 ) ;
#1573 = VERTEX_POINT ( 'NONE', #7938 ) ;
#1574 = ORIENTED_EDGE ( 'NONE', *, *, #628, .F. ) ;
#1575 = AXIS2_PLACEMENT_3D ( 'NONE', #8039, #5337, #7955 ) ;
#1576 = EDGE_LOOP ( 'NONE', ( #2831, #8725, #7727, #805 ) ) ;
#1577 = DIRECTION ( 'NONE',  ( 0.000000000000000000, 0.000000000000000000, -1.000000000000000000 ) ) ;
#1578 = DIRECTION ( 'NONE',  ( 0.000000000000000000, 0.000000000000000000, 1.000000000000000000 ) ) ;
#1579 = DIRECTION ( 'NONE',  ( 0.000000000000000000, 0.000000000000000000, -1.000000000000000000 ) ) ;
#1580 = CIRCLE ( 'NONE', #6392, 2.270999999999995467 ) ;
#1581 = CARTESIAN_POINT ( 'NONE',  ( 12.70000000000000107, 8.791741348502393194, 49.37808867056088502 ) ) ;
#1582 = LINE ( 'NONE', #4951, #7358 ) ;
#1583 = ORIENTED_EDGE ( 'NONE', *, *, #2469, .F. ) ;
#1584 = ORIENTED_EDGE ( 'NONE', *, *, #6484, .T. ) ;
#1585 = DIRECTION ( 'NONE',  ( -1.000000000000000000, -0.000000000000000000, -0.000000000000000000 ) ) ;
#1586 = CARTESIAN_POINT ( 'NONE',  ( -12.69999999999999751, 12.69999999999999929, 63.50000000000000000 ) ) ;
#1587 = ORIENTED_EDGE ( 'NONE', *, *, #5120, .T. ) ;
#1588 = DIRECTION ( 'NONE',  ( 0.000000000000000000, 1.000000000000000000, 0.000000000000000000 ) ) ;
#1589 = ORIENTED_EDGE ( 'NONE', *, *, #6000, .F. ) ;
#1590 = DIRECTION ( 'NONE',  ( 0.000000000000000000, 0.000000000000000000, -1.000000000000000000 ) ) ;
#1591 = AXIS2_PLACEMENT_3D ( 'NONE', #6608, #6564, #5937 ) ;
#1592 = ORIENTED_EDGE ( 'NONE', *, *, #1542, .F. ) ;
#1593 = EDGE_CURVE ( 'NONE', #1190, #3955, #8134, .T. ) ;
#1594 = ORIENTED_EDGE ( 'NONE', *, *, #8323, .T. ) ;
#1595 = AXIS2_PLACEMENT_3D ( 'NONE', #5557, #4185, #3519 ) ;
#1596 = AXIS2_PLACEMENT_3D ( 'NONE', #5750, #4381, #1052 ) ;
#1597 = DIRECTION ( 'NONE',  ( 0.000000000000000000, 0.000000000000000000, 1.000000000000000000 ) ) ;
#1598 = CARTESIAN_POINT ( 'NONE',  ( 12.70000000000000107, -10.07084749364648069, 78.06156772950203049 ) ) ;
#1599 = FACE_BOUND ( 'NONE', #4333, .T. ) ;
#1600 = EDGE_LOOP ( 'NONE', ( #5500, #8592, #5086, #8641 ) ) ;
#1601 = DIRECTION ( 'NONE',  ( 1.000000000000000000, -0.000000000000000000, -0.000000000000000000 ) ) ;
#1602 = EDGE_CURVE ( 'NONE', #4107, #3203, #4026, .T. ) ;
#1603 = EDGE_CURVE ( 'NONE', #8720, #4683, #5447, .T. ) ;
#1604 = VECTOR ( 'NONE', #7915, 1000.000000000000000 ) ;
#1605 = CARTESIAN_POINT ( 'NONE',  ( 12.70000000000000107, 16.22354728284508951, 35.83785636811239073 ) ) ;
#1606 = VECTOR ( 'NONE', #4676, 1000.000000000000000 ) ;
#1607 = CARTESIAN_POINT ( 'NONE',  ( -12.69999999999999751, 1.802455207620993427, 53.38559542427184823 ) ) ;
#1608 = CARTESIAN_POINT ( 'NONE',  ( 9.525000000000000355, -10.07084749364656950, 51.01893227049793467 ) ) ;
#1609 = DIRECTION ( 'NONE',  ( 0.000000000000000000, 0.000000000000000000, 1.000000000000000000 ) ) ;
#1610 = ORIENTED_EDGE ( 'NONE', *, *, #4424, .F. ) ;
#1611 = DIRECTION ( 'NONE',  ( -1.000000000000000000, -0.000000000000000000, -0.000000000000000000 ) ) ;
#1612 = LINE ( 'NONE', #1033, #7764 ) ;
#1613 = EDGE_CURVE ( 'NONE', #1969, #6896, #3884, .T. ) ;
#1614 = ADVANCED_FACE ( 'NONE', ( #8477 ), #7805, .T. ) ;
#1615 = EDGE_CURVE ( 'NONE', #4856, #5747, #8520, .T. ) ;
#1616 = DIRECTION ( 'NONE',  ( 1.000000000000000000, 0.000000000000000000, 0.000000000000000000 ) ) ;
#1617 = VERTEX_POINT ( 'NONE', #6792 ) ;
#1618 = CIRCLE ( 'NONE', #7141, 14.30000000000000782 ) ;
#1619 = ORIENTED_EDGE ( 'NONE', *, *, #2110, .F. ) ;
#1620 = ORIENTED_EDGE ( 'NONE', *, *, #519, .F. ) ;
#1621 = DIRECTION ( 'NONE',  ( 0.000000000000000000, 0.000000000000000000, 1.000000000000000000 ) ) ;
#1622 = CARTESIAN_POINT ( 'NONE',  ( 12.70000000000000107, -2.068405620284295310, 106.4409693130105268 ) ) ;
#1623 = FACE_OUTER_BOUND ( 'NONE', #4111, .T. ) ;
#1624 = VERTEX_POINT ( 'NONE', #5370 ) ;
#1625 = DIRECTION ( 'NONE',  ( 0.000000000000000000, -1.667602476305511223E-15, -1.000000000000000000 ) ) ;
#1626 = DIRECTION ( 'NONE',  ( -1.000000000000000000, -0.000000000000000000, -0.000000000000000000 ) ) ;
#1627 = VERTEX_POINT ( 'NONE', #671 ) ;
#1628 = ORIENTED_EDGE ( 'NONE', *, *, #848, .F. ) ;
#1629 = VECTOR ( 'NONE', #269, 1000.000000000000000 ) ;
#1630 = CARTESIAN_POINT ( 'NONE',  ( 12.70000000000000107, -1.802455207620986100, 22.81440457572818303 ) ) ;
#1631 = DIRECTION ( 'NONE',  ( 1.000000000000000000, 0.000000000000000000, 0.000000000000000000 ) ) ;
#1632 = VERTEX_POINT ( 'NONE', #8067 ) ;
#1633 = CARTESIAN_POINT ( 'NONE',  ( -9.525000000000000355, 12.33648634558017676, 28.89623028888087930 ) ) ;
#1634 = VERTEX_POINT ( 'NONE', #5466 ) ;
#1635 = CARTESIAN_POINT ( 'NONE',  ( 9.525000000000000355, -12.69999999999999929, 63.50000000000000000 ) ) ;
#1636 = CIRCLE ( 'NONE', #5034, 2.080499999999998906 ) ;
#1637 = ORIENTED_EDGE ( 'NONE', *, *, #638, .F. ) ;
#1638 = VERTEX_POINT ( 'NONE', #1908 ) ;
#1639 = CYLINDRICAL_SURFACE ( 'NONE', #84, 2.499999999999988454 ) ;
#1640 = EDGE_CURVE ( 'NONE', #3263, #3227, #58, .T. ) ;
#1641 = CARTESIAN_POINT ( 'NONE',  ( 12.70000000000000107, -14.16298196909033535, 86.92517298397507375 ) ) ;
#1642 = FACE_OUTER_BOUND ( 'NONE', #8603, .T. ) ;
#1643 = ORIENTED_EDGE ( 'NONE', *, *, #265, .F. ) ;
#1644 = AXIS2_PLACEMENT_3D ( 'NONE', #2221, #2926, #6385 ) ;
#1645 = DIRECTION ( 'NONE',  ( 0.000000000000000000, 0.000000000000000000, 1.000000000000000000 ) ) ;
#1646 = CIRCLE ( 'NONE', #1359, 14.30000000000000071 ) ;
#1647 = EDGE_CURVE ( 'NONE', #2239, #7793, #2191, .T. ) ;
#1648 = AXIS2_PLACEMENT_3D ( 'NONE', #654, #8242, #7484 ) ;
#1649 = CARTESIAN_POINT ( 'NONE',  ( 1.080765552152139379E-15, 25.40000000000000213, 48.30000000000001137 ) ) ;
#1650 = LINE ( 'NONE', #2845, #8229 ) ;
#1651 = DIRECTION ( 'NONE',  ( -0.000000000000000000, 1.000000000000000000, -0.000000000000000000 ) ) ;
#1652 = ORIENTED_EDGE ( 'NONE', *, *, #2327, .T. ) ;
#1653 = CYLINDRICAL_SURFACE ( 'NONE', #3198, 2.271000000000002128 ) ;
#1654 = DIRECTION ( 'NONE',  ( -1.000000000000000000, -0.000000000000000000, -0.000000000000000000 ) ) ;
#1655 = DIRECTION ( 'NONE',  ( 0.000000000000000000, 0.000000000000000000, -1.000000000000000000 ) ) ;
#1656 = ORIENTED_EDGE ( 'NONE', *, *, #2465, .F. ) ;
#1657 = AXIS2_PLACEMENT_3D ( 'NONE', #4251, #79, #6239 ) ;
#1658 = AXIS2_PLACEMENT_3D ( 'NONE', #6372, #8369, #255 ) ;
#1659 = ORIENTED_EDGE ( 'NONE', *, *, #3566, .F. ) ;
#1660 = EDGE_CURVE ( 'NONE', #3592, #783, #5154, .T. ) ;
#1661 = PRODUCT ( 'REV-21-3559', 'REV-21-3559', '', ( #1233 ) ) ;
#1662 = EDGE_CURVE ( 'NONE', #6404, #7893, #2471, .T. ) ;
#1663 = EDGE_CURVE ( 'NONE', #8691, #6269, #5323, .T. ) ;
#1664 = ORIENTED_EDGE ( 'NONE', *, *, #1441, .T. ) ;
#1665 = ADVANCED_FACE ( 'NONE', ( #1330 ), #6698, .T. ) ;
#1666 = DIRECTION ( 'NONE',  ( -1.000000000000000000, -0.000000000000000000, -0.000000000000000000 ) ) ;
#1667 = FACE_BOUND ( 'NONE', #2104, .T. ) ;
#1668 = DIRECTION ( 'NONE',  ( 0.000000000000000000, 0.000000000000000000, 1.000000000000000000 ) ) ;
#1669 = CARTESIAN_POINT ( 'NONE',  ( -9.525000000000002132, 0.000000000000000000, 114.2999999999999972 ) ) ;
#1670 = DIRECTION ( 'NONE',  ( -1.000000000000000000, -0.000000000000000000, -0.000000000000000000 ) ) ;
#1671 = ORIENTED_EDGE ( 'NONE', *, *, #5774, .T. ) ;
#1672 = EDGE_LOOP ( 'NONE', ( #2238, #5399, #1096, #3546 ) ) ;
#1673 = AXIS2_PLACEMENT_3D ( 'NONE', #1396, #8, #4941 ) ;
#1674 = CIRCLE ( 'NONE', #4363, 2.499999999999988454 ) ;
#1675 = EDGE_CURVE ( 'NONE', #2563, #2150, #1485, .T. ) ;
#1676 = DIRECTION ( 'NONE',  ( 1.000000000000000000, 0.000000000000000000, 0.000000000000000000 ) ) ;
#1677 = CARTESIAN_POINT ( 'NONE',  ( 12.70000000000000107, -6.152699789198520897, 104.0810759023857344 ) ) ;
#1678 = CARTESIAN_POINT ( 'NONE',  ( -9.525000000000000355, 3.577867169202164632E-15, 88.90000000000000568 ) ) ;
#1679 = AXIS2_PLACEMENT_3D ( 'NONE', #2362, #7194, #6311 ) ;
#1680 = ORIENTED_EDGE ( 'NONE', *, *, #483, .T. ) ;
#1681 = FACE_BOUND ( 'NONE', #151, .T. ) ;
#1682 = VERTEX_POINT ( 'NONE', #7318 ) ;
#1683 = DIRECTION ( 'NONE',  ( 0.000000000000000000, 0.000000000000000000, -1.000000000000000000 ) ) ;
#1684 = ORIENTED_EDGE ( 'NONE', *, *, #2314, .F. ) ;
#1685 = ORIENTED_EDGE ( 'NONE', *, *, #967, .F. ) ;
#1686 = CARTESIAN_POINT ( 'NONE',  ( -9.525000000000000355, 6.152699789198528002, 73.71892409761429121 ) ) ;
#1687 = DIRECTION ( 'NONE',  ( 0.000000000000000000, 0.000000000000000000, 1.000000000000000000 ) ) ;
#1688 = DIRECTION ( 'NONE',  ( 1.000000000000000000, -0.000000000000000000, -0.000000000000000000 ) ) ;
#1689 = ORIENTED_EDGE ( 'NONE', *, *, #1552, .T. ) ;
#1690 = CARTESIAN_POINT ( 'NONE',  ( -12.69999999999999751, -1.802455207620986100, 22.81440457572818303 ) ) ;
#1691 = CARTESIAN_POINT ( 'NONE',  ( -12.69999999999999751, 25.40000000000000213, 127.0000000000000000 ) ) ;
#1692 = CYLINDRICAL_SURFACE ( 'NONE', #3467, 2.271000000000009234 ) ;
#1693 = CIRCLE ( 'NONE', #5236, 2.270999999999995467 ) ;
#1694 = ORIENTED_EDGE ( 'NONE', *, *, #7229, .F. ) ;
#1695 = CARTESIAN_POINT ( 'NONE',  ( -12.69999999999999751, -8.791741348502467801, 77.62191132943921446 ) ) ;
#1696 = CARTESIAN_POINT ( 'NONE',  ( 12.70000000000000107, -2.068405620284295310, 55.64096931301052251 ) ) ;
#1697 = ORIENTED_EDGE ( 'NONE', *, *, #4924, .F. ) ;
#1698 = EDGE_CURVE ( 'NONE', #1682, #3955, #1956, .T. ) ;
#1699 = ORIENTED_EDGE ( 'NONE', *, *, #6543, .T. ) ;
#1700 = CIRCLE ( 'NONE', #6655, 17.66249999999999787 ) ;
#1701 = ORIENTED_EDGE ( 'NONE', *, *, #6051, .F. ) ;
#1702 = DIRECTION ( 'NONE',  ( 0.000000000000000000, 0.000000000000000000, 1.000000000000000000 ) ) ;
#1703 = DIRECTION ( 'NONE',  ( -1.000000000000000000, -0.000000000000000000, -0.000000000000000000 ) ) ;
#1704 = DIRECTION ( 'NONE',  ( -1.000000000000000000, -0.000000000000000000, -0.000000000000000000 ) ) ;
#1705 = CYLINDRICAL_SURFACE ( 'NONE', #6766, 2.271000000000002128 ) ;
#1706 = DIRECTION ( 'NONE',  ( 1.000000000000000000, 0.000000000000000000, 0.000000000000000000 ) ) ;
#1707 = ORIENTED_EDGE ( 'NONE', *, *, #7543, .F. ) ;
#1708 = ADVANCED_FACE ( 'NONE', ( #7357 ), #6123, .F. ) ;
#1709 = ADVANCED_FACE ( 'NONE', ( #4799 ), #2051, .F. ) ;
#1710 = VERTEX_POINT ( 'NONE', #4090 ) ;
#1711 = CC_DESIGN_APPROVAL ( #5076, ( #5540 ) ) ;
#1713 = CARTESIAN_POINT ( 'NONE',  ( 12.70000000000000107, -10.07084749364648069, 75.98106772950202981 ) ) ;
#1712 = CIRCLE ( 'NONE', #6660, 2.271000000000002128 ) ;
#1714 = FACE_OUTER_BOUND ( 'NONE', #7128, .T. ) ;
#1715 = CYLINDRICAL_SURFACE ( 'NONE', #6982, 2.271000000000002128 ) ;
#1716 = EDGE_LOOP ( 'NONE', ( #517, #823, #4282, #4911 ) ) ;
#1717 = CARTESIAN_POINT ( 'NONE',  ( -9.525000000000000355, 4.072800018551152590, 73.66895216488211418 ) ) ;
#1718 = ORIENTED_EDGE ( 'NONE', *, *, #2861, .F. ) ;
#1719 = CARTESIAN_POINT ( 'NONE',  ( 12.70000000000000107, 8.791741348502393194, 100.1780886705608822 ) ) ;
#1720 = ORIENTED_EDGE ( 'NONE', *, *, #4644, .T. ) ;
#1721 = EDGE_CURVE ( 'NONE', #918, #4779, #6726, .T. ) ;
#1722 = EDGE_CURVE ( 'NONE', #2761, #977, #8706, .T. ) ;
#1723 = ORIENTED_EDGE ( 'NONE', *, *, #4514, .F. ) ;
#1724 = AXIS2_PLACEMENT_3D ( 'NONE', #3289, #3335, #1960 ) ;
#1725 = DIRECTION ( 'NONE',  ( -1.000000000000000000, -0.000000000000000000, -0.000000000000000000 ) ) ;
#1726 = AXIS2_PLACEMENT_3D ( 'NONE', #3063, #8387, #7012 ) ;
#1727 = DIRECTION ( 'NONE',  ( -1.000000000000000000, -0.000000000000000000, -0.000000000000000000 ) ) ;
#1728 = DIRECTION ( 'NONE',  ( 0.000000000000000000, 0.000000000000000000, 1.000000000000000000 ) ) ;
#1729 = ORIENTED_EDGE ( 'NONE', *, *, #2313, .T. ) ;
#1730 = DIRECTION ( 'NONE',  ( -1.000000000000000000, -0.000000000000000000, -0.000000000000000000 ) ) ;
#1731 = CIRCLE ( 'NONE', #747, 17.66250000000000142 ) ;
#1732 = CIRCLE ( 'NONE', #4990, 2.499999999999988454 ) ;
#1733 = FACE_BOUND ( 'NONE', #430, .T. ) ;
#1734 = CARTESIAN_POINT ( 'NONE',  ( -9.525000000000000355, -14.13894155320104851, 82.81817428684736626 ) ) ;
#1735 = AXIS2_PLACEMENT_3D ( 'NONE', #5089, #2340, #2254 ) ;
#1736 = CIRCLE ( 'NONE', #6696, 2.080499999999998906 ) ;
#1737 = ORIENTED_EDGE ( 'NONE', *, *, #3763, .F. ) ;
#1738 = DIRECTION ( 'NONE',  ( 0.000000000000000000, 0.000000000000000000, 1.000000000000000000 ) ) ;
#1739 = DIRECTION ( 'NONE',  ( 0.000000000000000000, 0.000000000000000000, 1.000000000000000000 ) ) ;
#1740 = EDGE_LOOP ( 'NONE', ( #2931, #7920, #1286, #7023 ) ) ;
#1741 = ORIENTED_EDGE ( 'NONE', *, *, #85, .F. ) ;
#1742 = AXIS2_PLACEMENT_3D ( 'NONE', #4948, #5743, #1578 ) ;
#1743 = AXIS2_PLACEMENT_3D ( 'NONE', #5959, #4507, #2507 ) ;
#1744 = ORIENTED_EDGE ( 'NONE', *, *, #4379, .T. ) ;
#1745 = EDGE_CURVE ( 'NONE', #4555, #2335, #3894, .T. ) ;
#1746 = LINE ( 'NONE', #8531, #4874 ) ;
#1747 = CARTESIAN_POINT ( 'NONE',  ( 12.70000000000000107, 14.16298196909033003, 90.87482701602503710 ) ) ;
#1748 = CARTESIAN_POINT ( 'NONE',  ( -12.69999999999999751, 10.07084749364666365, 25.18106772950216765 ) ) ;
#1749 = DIRECTION ( 'NONE',  ( 0.000000000000000000, 0.000000000000000000, 1.000000000000000000 ) ) ;
#1750 = AXIS2_PLACEMENT_3D ( 'NONE', #7504, #7462, #1964 ) ;
#1751 = DIRECTION ( 'NONE',  ( -1.000000000000000000, -0.000000000000000000, -0.000000000000000000 ) ) ;
#1752 = EDGE_LOOP ( 'NONE', ( #7004, #6046, #3138, #954 ) ) ;
#1753 = ORIENTED_EDGE ( 'NONE', *, *, #8102, .T. ) ;
#1754 = AXIS2_PLACEMENT_3D ( 'NONE', #7230, #2486, #447 ) ;
#1755 = CARTESIAN_POINT ( 'NONE',  ( 12.70000000000000107, -5.371240620587821368, 51.35291568658563932 ) ) ;
#1756 = EDGE_CURVE ( 'NONE', #4069, #1415, #761, .T. ) ;
#1757 = DIRECTION ( 'NONE',  ( 1.000000000000000000, 0.000000000000000000, 0.000000000000000000 ) ) ;
#1758 = CARTESIAN_POINT ( 'NONE',  ( 12.70000000000000107, 14.15672222192810992, 48.66177646900214881 ) ) ;
#1759 = VERTEX_POINT ( 'NONE', #621 ) ;
#1760 = DIRECTION ( 'NONE',  ( -0.000000000000000000, 1.000000000000000000, -0.000000000000000000 ) ) ;
#1761 = ORIENTED_EDGE ( 'NONE', *, *, #4056, .T. ) ;
#1762 = CARTESIAN_POINT ( 'NONE',  ( 7.746038523653021987E-16, 22.22500000000000142, 53.29999999999998295 ) ) ;
#1763 = DIRECTION ( 'NONE',  ( 0.000000000000000000, -1.250701857229133378E-14, -1.000000000000000000 ) ) ;
#1764 = ORIENTED_EDGE ( 'NONE', *, *, #4378, .F. ) ;
#1765 = AXIS2_PLACEMENT_3D ( 'NONE', #944, #2231, #3652 ) ;
#1766 = ORIENTED_EDGE ( 'NONE', *, *, #1926, .F. ) ;
#1767 = LINE ( 'NONE', #8638, #3205 ) ;
#1768 = EDGE_CURVE ( 'NONE', #901, #2939, #2896, .T. ) ;
#1769 = VECTOR ( 'NONE', #8789, 1000.000000000000000 ) ;
#1770 = EDGE_CURVE ( 'NONE', #656, #40, #2337, .T. ) ;
#1771 = EDGE_CURVE ( 'NONE', #7058, #1946, #1195, .T. ) ;
#1772 = CYLINDRICAL_SURFACE ( 'NONE', #2639, 2.499999999999988454 ) ;
#1773 = ORIENTED_EDGE ( 'NONE', *, *, #5676, .T. ) ;
#1774 = DIRECTION ( 'NONE',  ( 0.000000000000000000, 0.000000000000000000, 1.000000000000000000 ) ) ;
#1775 = ORIENTED_EDGE ( 'NONE', *, *, #6533, .F. ) ;
#1776 = CARTESIAN_POINT ( 'NONE',  ( -9.525000000000000355, 1.802455207620993427, 73.61440457572818730 ) ) ;
#1777 = AXIS2_PLACEMENT_3D ( 'NONE', #3369, #2609, #2656 ) ;
#1778 = CARTESIAN_POINT ( 'NONE',  ( 1.080765552152139379E-15, 25.40000000000000213, 35.60000000000000853 ) ) ;
#1780 = CARTESIAN_POINT ( 'NONE',  ( 9.525000000000000355, 16.22512784221258997, 81.92080715599162488 ) ) ;
#1779 = AXIS2_PLACEMENT_3D ( 'NONE', #5093, #7792, #4423 ) ;
#1781 = EDGE_LOOP ( 'NONE', ( #6503, #622, #2550, #7084 ) ) ;
#1782 = CARTESIAN_POINT ( 'NONE',  ( -12.69999999999999751, 12.69999999999999929, 12.69999999999999929 ) ) ;
#1783 = CYLINDRICAL_SURFACE ( 'NONE', #442, 14.30000000000000071 ) ;
#1784 = ORIENTED_EDGE ( 'NONE', *, *, #1390, .T. ) ;
#1785 = ORIENTED_EDGE ( 'NONE', *, *, #1282, .T. ) ;
#1786 = AXIS2_PLACEMENT_3D ( 'NONE', #1511, #3375, #2793 ) ;
#1787 = VERTEX_POINT ( 'NONE', #1515 ) ;
#1788 = CARTESIAN_POINT ( 'NONE',  ( 12.70000000000000107, 4.072800018551152590, 22.86895216488212412 ) ) ;
#1789 = DIRECTION ( 'NONE',  ( 0.000000000000000000, 0.000000000000000000, 1.000000000000000000 ) ) ;
#1790 = CARTESIAN_POINT ( 'NONE',  ( -12.69999999999999751, -12.69999999999999929, 65.99999999999998579 ) ) ;
#1791 = CIRCLE ( 'NONE', #523, 2.080499999999998906 ) ;
#1792 = DIRECTION ( 'NONE',  ( -1.000000000000000000, -0.000000000000000000, -0.000000000000000000 ) ) ;
#1793 = AXIS2_PLACEMENT_3D ( 'NONE', #1063, #6468, #395 ) ;
#1794 = DIRECTION ( 'NONE',  ( 1.000000000000000000, 0.000000000000000000, 0.000000000000000000 ) ) ;
#1795 = ORIENTED_EDGE ( 'NONE', *, *, #4485, .F. ) ;
#1796 = VERTEX_POINT ( 'NONE', #2306 ) ;
#1797 = EDGE_CURVE ( 'NONE', #118, #4596, #221, .T. ) ;
#1798 = CIRCLE ( 'NONE', #2934, 17.66249999999999787 ) ;
#1799 = VECTOR ( 'NONE', #5835, 1000.000000000000000 ) ;
#1800 = DIRECTION ( 'NONE',  ( -1.000000000000000000, 0.000000000000000000, 0.000000000000000000 ) ) ;
#1801 = CARTESIAN_POINT ( 'NONE',  ( 7.746038523653021987E-16, -22.22499999999999787, 104.0999999999999801 ) ) ;
#1802 = DIRECTION ( 'NONE',  ( -1.000000000000000000, -0.000000000000000000, -0.000000000000000000 ) ) ;
#1803 = ORIENTED_EDGE ( 'NONE', *, *, #2311, .F. ) ;
#1804 = DIRECTION ( 'NONE',  ( 0.000000000000000000, 0.000000000000000000, 1.000000000000000000 ) ) ;
#1805 = ORIENTED_EDGE ( 'NONE', *, *, #799, .F. ) ;
#1806 = CARTESIAN_POINT ( 'NONE',  ( 12.70000000000000107, 14.15672222192810992, 99.46177646900214597 ) ) ;
#1807 = ORIENTED_EDGE ( 'NONE', *, *, #6706, .T. ) ;
#1808 = AXIS2_PLACEMENT_3D ( 'NONE', #3747, #4457, #6451 ) ;
#1809 = ORIENTED_EDGE ( 'NONE', *, *, #3681, .T. ) ;
#1810 = EDGE_CURVE ( 'NONE', #7531, #5618, #5159, .T. ) ;
#1811 = DIRECTION ( 'NONE',  ( 0.000000000000000000, 0.000000000000000000, 1.000000000000000000 ) ) ;
#1812 = CIRCLE ( 'NONE', #972, 2.271000000000009234 ) ;
#1813 = DIRECTION ( 'NONE',  ( 0.000000000000000000, 0.000000000000000000, 1.000000000000000000 ) ) ;
#1814 = CARTESIAN_POINT ( 'NONE',  ( 9.525000000000000355, 10.07084749364666365, 75.98106772950217191 ) ) ;
#1815 = ORIENTED_EDGE ( 'NONE', *, *, #7990, .F. ) ;
#1816 = DIRECTION ( 'NONE',  ( -1.000000000000000000, -0.000000000000000000, -0.000000000000000000 ) ) ;
#1817 = ORIENTED_EDGE ( 'NONE', *, *, #7163, .F. ) ;
#1818 = CARTESIAN_POINT ( 'NONE',  ( 1.861463134703975909E-15, 25.40000000000000213, 111.8000000000000114 ) ) ;
#1819 = EDGE_CURVE ( 'NONE', #5902, #1277, #980, .T. ) ;
#1820 = EDGE_CURVE ( 'NONE', #2730, #1885, #7851, .T. ) ;
#1821 = EDGE_CURVE ( 'NONE', #6670, #2719, #5599, .T. ) ;
#1822 = LINE ( 'NONE', #1778, #4707 ) ;
#1823 = DIRECTION ( 'NONE',  ( -1.000000000000000000, -0.000000000000000000, -0.000000000000000000 ) ) ;
#1824 = ORIENTED_EDGE ( 'NONE', *, *, #575, .T. ) ;
#1825 = FACE_OUTER_BOUND ( 'NONE', #1576, .T. ) ;
#1826 = CARTESIAN_POINT ( 'NONE',  ( 9.525000000000000355, 3.577867169202164632E-15, 38.10000000000001563 ) ) ;
#1827 = ORIENTED_EDGE ( 'NONE', *, *, #5394, .T. ) ;
#1828 = EDGE_CURVE ( 'NONE', #3093, #2953, #353, .T. ) ;
#1829 = EDGE_CURVE ( 'NONE', #853, #828, #775, .T. ) ;
#1830 = ORIENTED_EDGE ( 'NONE', *, *, #36, .F. ) ;
#1831 = CARTESIAN_POINT ( 'NONE',  ( -12.69999999999999751, -5.371240620587821368, 51.35291568658563932 ) ) ;
#1832 = DIRECTION ( 'NONE',  ( -1.000000000000000000, -0.000000000000000000, -0.000000000000000000 ) ) ;
#1833 = DIRECTION ( 'NONE',  ( -1.000000000000000000, -0.000000000000000000, -0.000000000000000000 ) ) ;
#1834 = DIRECTION ( 'NONE',  ( -1.000000000000000000, 0.000000000000000000, 0.000000000000000000 ) ) ;
#1835 = CYLINDRICAL_SURFACE ( 'NONE', #8228, 2.499999999999992006 ) ;
#1836 = ORIENTED_EDGE ( 'NONE', *, *, #4567, .T. ) ;
#1837 = VERTEX_POINT ( 'NONE', #2974 ) ;
#1838 = AXIS2_PLACEMENT_3D ( 'NONE', #7258, #2426, #1183 ) ;
#1839 = DIRECTION ( 'NONE',  ( 0.000000000000000000, 0.000000000000000000, -1.000000000000000000 ) ) ;
#1840 = CARTESIAN_POINT ( 'NONE',  ( 9.525000000000000355, 3.061616997868379197E-16, 111.8000000000000114 ) ) ;
#1841 = LINE ( 'NONE', #2594, #1469 ) ;
#1842 = CARTESIAN_POINT ( 'NONE',  ( 12.70000000000000107, 10.07084749364639542, 101.8189322704980668 ) ) ;
#1843 = VECTOR ( 'NONE', #1265, 1000.000000000000000 ) ;
#1844 = ORIENTED_EDGE ( 'NONE', *, *, #7871, .F. ) ;
#1845 = CARTESIAN_POINT ( 'NONE',  ( -12.69999999999999751, 0.000000000000000000, 12.69999999999993356 ) ) ;
#1846 = ORIENTED_EDGE ( 'NONE', *, *, #5885, .F. ) ;
#1847 = DIRECTION ( 'NONE',  ( 0.000000000000000000, 1.667602476305511223E-15, 1.000000000000000000 ) ) ;
#1848 = ORIENTED_EDGE ( 'NONE', *, *, #7374, .T. ) ;
#1849 = VECTOR ( 'NONE', #4271, 1000.000000000000000 ) ;
#1850 = ORIENTED_EDGE ( 'NONE', *, *, #5520, .T. ) ;
#1851 = AXIS2_PLACEMENT_3D ( 'NONE', #7551, #4144, #1482 ) ;
#1852 = LINE ( 'NONE', #7973, #8586 ) ;
#1853 = APPROVAL_PERSON_ORGANIZATION ( #2212, #5076, #749 ) ;
#1854 = CARTESIAN_POINT ( 'NONE',  ( 9.525000000000000355, -12.33648634558010748, 100.3747697111192281 ) ) ;
#1855 = FACE_OUTER_BOUND ( 'NONE', #1413, .T. ) ;
#1856 = EDGE_CURVE ( 'NONE', #6455, #5122, #1558, .T. ) ;
#1857 = ORIENTED_EDGE ( 'NONE', *, *, #2415, .T. ) ;
#1858 = DIRECTION ( 'NONE',  ( 0.000000000000000000, 0.000000000000000000, -1.000000000000000000 ) ) ;
#1859 = CIRCLE ( 'NONE', #7370, 2.080499999999998906 ) ;
#1860 = ORIENTED_EDGE ( 'NONE', *, *, #8738, .T. ) ;
#1861 = FACE_OUTER_BOUND ( 'NONE', #205, .T. ) ;
#1862 = AXIS2_PLACEMENT_3D ( 'NONE', #5554, #5597, #2183 ) ;
#1863 = DIRECTION ( 'NONE',  ( 0.000000000000000000, 0.000000000000000000, 1.000000000000000000 ) ) ;
#1864 = ADVANCED_FACE ( 'NONE', ( #4306 ), #4842, .T. ) ;
#1865 = DIRECTION ( 'NONE',  ( 0.000000000000000000, 0.000000000000000000, 1.000000000000000000 ) ) ;
#1866 = ORIENTED_EDGE ( 'NONE', *, *, #1771, .T. ) ;
#1867 = DIRECTION ( 'NONE',  ( -1.000000000000000000, -0.000000000000000000, -0.000000000000000000 ) ) ;
#1868 = AXIS2_PLACEMENT_3D ( 'NONE', #7735, #956, #2904 ) ;
#1869 = AXIS2_PLACEMENT_3D ( 'NONE', #6026, #8737, #5854 ) ;
#1870 = DIRECTION ( 'NONE',  ( -1.000000000000000000, 0.000000000000000000, 0.000000000000000000 ) ) ;
#1871 = ORIENTED_EDGE ( 'NONE', *, *, #5570, .T. ) ;
#1872 = AXIS2_PLACEMENT_3D ( 'NONE', #4621, #7324, #2058 ) ;
#1874 = ORIENTED_EDGE ( 'NONE', *, *, #8076, .F. ) ;
#1873 = AXIS2_PLACEMENT_3D ( 'NONE', #7082, #2381, #5088 ) ;
#1875 = DIRECTION ( 'NONE',  ( -1.000000000000000000, 0.000000000000000000, 0.000000000000000000 ) ) ;
#1876 = ADVANCED_FACE ( 'NONE', ( #842 ), #6250, .F. ) ;
#1877 = FACE_OUTER_BOUND ( 'NONE', #562, .T. ) ;
#1878 = DIRECTION ( 'NONE',  ( 0.000000000000000000, 0.000000000000000000, 1.000000000000000000 ) ) ;
#1879 = EDGE_CURVE ( 'NONE', #1546, #3592, #633, .T. ) ;
#1880 = EDGE_CURVE ( 'NONE', #2215, #4572, #4743, .T. ) ;
#1881 = CARTESIAN_POINT ( 'NONE',  ( -12.69999999999999751, 12.69999999999999929, 116.7999999999999829 ) ) ;
#1882 = DIRECTION ( 'NONE',  ( 0.000000000000000000, 0.000000000000000000, -1.000000000000000000 ) ) ;
#1883 = ORIENTED_EDGE ( 'NONE', *, *, #3022, .T. ) ;
#1884 = AXIS2_PLACEMENT_3D ( 'NONE', #7227, #1029, #1863 ) ;
#1885 = VERTEX_POINT ( 'NONE', #2883 ) ;
#1886 = DIRECTION ( 'NONE',  ( -1.000000000000000000, 0.000000000000000000, -0.000000000000000000 ) ) ;
#1887 = CYLINDRICAL_SURFACE ( 'NONE', #7691, 2.271000000000002128 ) ;
#1889 = AXIS2_PLACEMENT_3D ( 'NONE', #6587, #3135, #3969 ) ;
#1888 = FACE_OUTER_BOUND ( 'NONE', #5068, .T. ) ;
#1890 = CARTESIAN_POINT ( 'NONE',  ( 12.70000000000000107, 15.22687436074368783, 84.81162436304023799 ) ) ;
#1891 = ORIENTED_EDGE ( 'NONE', *, *, #5676, .F. ) ;
#1892 = CARTESIAN_POINT ( 'NONE',  ( -12.69999999999999751, 3.577867169202164632E-15, 38.10000000000001563 ) ) ;
#1893 = ORIENTED_EDGE ( 'NONE', *, *, #3860, .T. ) ;
#1894 = CARTESIAN_POINT ( 'NONE',  ( 12.70000000000000107, 5.371240620587829362, 75.64708431341438200 ) ) ;
#1895 = ORIENTED_EDGE ( 'NONE', *, *, #829, .T. ) ;
#1896 = ORIENTED_EDGE ( 'NONE', *, *, #1325, .F. ) ;
#1897 = CIRCLE ( 'NONE', #8415, 2.080499999999998906 ) ;
#1898 = CARTESIAN_POINT ( 'NONE',  ( 12.70000000000000107, -11.15407434219244465, 77.75732780184198134 ) ) ;
#1899 = DIRECTION ( 'NONE',  ( -1.000000000000000000, -0.000000000000000000, -0.000000000000000000 ) ) ;
#1900 = EDGE_LOOP ( 'NONE', ( #5797, #282, #3569, #1539 ) ) ;
#1901 = DIRECTION ( 'NONE',  ( -1.000000000000000000, -0.000000000000000000, -0.000000000000000000 ) ) ;
#1902 = CIRCLE ( 'NONE', #489, 2.080499999999998906 ) ;
#1903 = EDGE_LOOP ( 'NONE', ( #8245, #5005, #2865, #2324 ) ) ;
#1904 = DIRECTION ( 'NONE',  ( -1.000000000000000000, -0.000000000000000000, -0.000000000000000000 ) ) ;
#1905 = ADVANCED_FACE ( 'NONE', ( #1599, #6208, #8299, #4931, #8385, #2136, #5015, #7632, #7717, #1642 ), #7009, .F. ) ;
#1906 = CIRCLE ( 'NONE', #3611, 2.080499999999998906 ) ;
#1907 = CARTESIAN_POINT ( 'NONE',  ( 12.70000000000000107, -15.22687436074362388, 84.81162436304001062 ) ) ;
#1908 = CARTESIAN_POINT ( 'NONE',  ( 12.70000000000000107, 5.371240620587830250, 51.35291568658563932 ) ) ;
#1909 = ORIENTED_EDGE ( 'NONE', *, *, #6141, .F. ) ;
#1910 = CARTESIAN_POINT ( 'NONE',  ( 12.70000000000000107, 3.577867169202164632E-15, 88.90000000000000568 ) ) ;
#1911 = DIRECTION ( 'NONE',  ( 0.000000000000000000, 0.000000000000000000, -1.000000000000000000 ) ) ;
#1912 = ORIENTED_EDGE ( 'NONE', *, *, #6850, .F. ) ;
#1913 = ADVANCED_FACE ( 'NONE', ( #6387 ), #8256, .F. ) ;
#1914 = CIRCLE ( 'NONE', #4334, 2.500000000000002220 ) ;
#1915 = CARTESIAN_POINT ( 'NONE',  ( 12.70000000000000107, -15.22687436074365230, 42.18837563695990411 ) ) ;
#1916 = DIRECTION ( 'NONE',  ( 1.000000000000000000, -0.000000000000000000, -0.000000000000000000 ) ) ;
#1917 = DIRECTION ( 'NONE',  ( -1.000000000000000000, -0.000000000000000000, -0.000000000000000000 ) ) ;
#1918 = DIRECTION ( 'NONE',  ( 0.000000000000000000, 0.000000000000000000, 1.000000000000000000 ) ) ;
#1919 = CARTESIAN_POINT ( 'NONE',  ( -12.69999999999999751, -6.152699789198520897, 53.28107590238573010 ) ) ;
#1920 = DIRECTION ( 'NONE',  ( -1.000000000000000000, -0.000000000000000000, -0.000000000000000000 ) ) ;
#1921 = ORIENTED_EDGE ( 'NONE', *, *, #5991, .F. ) ;
#1922 = VECTOR ( 'NONE', #2321, 1000.000000000000000 ) ;
#1923 = ORIENTED_EDGE ( 'NONE', *, *, #1967, .T. ) ;
#1924 = EDGE_CURVE ( 'NONE', #3400, #3035, #6576, .T. ) ;
#1925 = EDGE_CURVE ( 'NONE', #6077, #6474, #1906, .T. ) ;
#1926 = EDGE_CURVE ( 'NONE', #4001, #3795, #1191, .T. ) ;
#1927 = EDGE_CURVE ( 'NONE', #7376, #5936, #6872, .T. ) ;
#1928 = CARTESIAN_POINT ( 'NONE',  ( 1.555301434917138433E-15, -25.39999999999999503, 63.50000000000000000 ) ) ;
#1929 = VECTOR ( 'NONE', #5763, 1000.000000000000000 ) ;
#1930 = CYLINDRICAL_SURFACE ( 'NONE', #1458, 2.080499999999998906 ) ;
#1931 = CARTESIAN_POINT ( 'NONE',  ( -9.525000000000002132, 22.22500000000000142, 127.0000000000000000 ) ) ;
#1932 = DIRECTION ( 'NONE',  ( -1.000000000000000000, -0.000000000000000000, -0.000000000000000000 ) ) ;
#1933 = ORIENTED_EDGE ( 'NONE', *, *, #2802, .T. ) ;
#1934 = LINE ( 'NONE', #2682, #6906 ) ;
#1935 = ORIENTED_EDGE ( 'NONE', *, *, #6703, .T. ) ;
#1936 = DIRECTION ( 'NONE',  ( 0.000000000000000000, 0.000000000000000000, -1.000000000000000000 ) ) ;
#1937 = VERTEX_POINT ( 'NONE', #3193 ) ;
#1938 = EDGE_LOOP ( 'NONE', ( #5653, #5565, #3200, #6549 ) ) ;
#1939 = AXIS2_PLACEMENT_3D ( 'NONE', #8779, #1273, #3943 ) ;
#1940 = AXIS2_PLACEMENT_3D ( 'NONE', #1928, #3258, #1051 ) ;
#1941 = ADVANCED_FACE ( 'NONE', ( #3104 ), #5060, .F. ) ;
#1942 = ADVANCED_FACE ( 'NONE', ( #7761 ), #5806, .F. ) ;
#1943 = DIRECTION ( 'NONE',  ( 0.000000000000000000, 0.000000000000000000, -1.000000000000000000 ) ) ;
#1944 = DIRECTION ( 'NONE',  ( -1.000000000000000000, 0.000000000000000000, 0.000000000000000000 ) ) ;
#1945 = VECTOR ( 'NONE', #3706, 1000.000000000000000 ) ;
#1946 = VERTEX_POINT ( 'NONE', #2523 ) ;
#1947 = CYLINDRICAL_SURFACE ( 'NONE', #7174, 2.270999999999995467 ) ;
#1948 = ORIENTED_EDGE ( 'NONE', *, *, #5462, .T. ) ;
#1950 = CYLINDRICAL_SURFACE ( 'NONE', #5740, 17.66249999999999787 ) ;
#1949 = CIRCLE ( 'NONE', #6767, 2.080499999999998906 ) ;
#1951 = ORIENTED_EDGE ( 'NONE', *, *, #1070, .F. ) ;
#1952 = ORIENTED_EDGE ( 'NONE', *, *, #1663, .T. ) ;
#1953 = FACE_BOUND ( 'NONE', #729, .T. ) ;
#1954 = AXIS2_PLACEMENT_3D ( 'NONE', #2453, #5162, #4501 ) ;
#1955 = DIRECTION ( 'NONE',  ( -1.000000000000000000, 0.000000000000000000, 0.000000000000000000 ) ) ;
#1956 = LINE ( 'NONE', #4657, #1769 ) ;
#1957 = VERTEX_POINT ( 'NONE', #8514 ) ;
#1958 = CIRCLE ( 'NONE', #3092, 2.080499999999998906 ) ;
#1959 = CARTESIAN_POINT ( 'NONE',  ( 1.080765552152139773E-15, 22.22500000000000142, 86.40000000000000568 ) ) ;
#1960 = DIRECTION ( 'NONE',  ( 0.000000000000000000, 0.000000000000000000, 1.000000000000000000 ) ) ;
#1961 = VERTEX_POINT ( 'NONE', #7845 ) ;
#1962 = CARTESIAN_POINT ( 'NONE',  ( -9.525000000000000355, -12.33648634558010748, 98.10376971111922728 ) ) ;
#1963 = CARTESIAN_POINT ( 'NONE',  ( 12.70000000000000107, -5.371240620587821368, 102.1529156865856294 ) ) ;
#1964 = DIRECTION ( 'NONE',  ( 0.000000000000000000, 0.000000000000000000, 1.000000000000000000 ) ) ;
#1965 = CARTESIAN_POINT ( 'NONE',  ( 12.70000000000000107, -5.371240620587816927, 75.64708431341438200 ) ) ;
#1966 = CARTESIAN_POINT ( 'NONE',  ( -9.525000000000000355, -11.15407434219244465, 26.95732780184198774 ) ) ;
#1967 = EDGE_CURVE ( 'NONE', #5680, #3614, #5308, .T. ) ;
#1968 = DIRECTION ( 'NONE',  ( 0.000000000000000000, 0.000000000000000000, 1.000000000000000000 ) ) ;
#1969 = VERTEX_POINT ( 'NONE', #5229 ) ;
#1970 = VERTEX_POINT ( 'NONE', #2392 ) ;
#1971 = EDGE_LOOP ( 'NONE', ( #4399, #4744, #6715, #837 ) ) ;
#1972 = CARTESIAN_POINT ( 'NONE',  ( 12.70000000000000107, 3.577867169202164632E-15, 88.90000000000000568 ) ) ;
#1973 = DIRECTION ( 'NONE',  ( 0.000000000000000000, 1.000000000000000000, 0.000000000000000000 ) ) ;
#1974 = DIRECTION ( 'NONE',  ( -0.000000000000000000, -0.000000000000000000, -1.000000000000000000 ) ) ;
#1975 = VERTEX_POINT ( 'NONE', #7930 ) ;
#1976 = CARTESIAN_POINT ( 'NONE',  ( -12.69999999999999751, 0.000000000000000000, 63.50000000000000000 ) ) ;
#1977 = ORIENTED_EDGE ( 'NONE', *, *, #5343, .F. ) ;
#1978 = EDGE_CURVE ( 'NONE', #7598, #487, #63, .T. ) ;
#1979 = EDGE_CURVE ( 'NONE', #7862, #8481, #5098, .T. ) ;
#1980 = CIRCLE ( 'NONE', #5376, 2.499999999999995115 ) ;
#1981 = CARTESIAN_POINT ( 'NONE',  ( 1.080765552152139773E-15, -22.22499999999999787, 48.30000000000001137 ) ) ;
#1982 = ORIENTED_EDGE ( 'NONE', *, *, #4484, .T. ) ;
#1983 = ORIENTED_EDGE ( 'NONE', *, *, #1721, .F. ) ;
#1985 = FACE_OUTER_BOUND ( 'NONE', #3048, .T. ) ;
#1984 = AXIS2_PLACEMENT_3D ( 'NONE', #4287, #8280, #4158 ) ;
#1986 = CARTESIAN_POINT ( 'NONE',  ( -9.525000000000000355, 8.791741348502393194, 49.37808867056088502 ) ) ;
#1987 = CARTESIAN_POINT ( 'NONE',  ( -9.525000000000000355, -6.152699789198520897, 53.28107590238573010 ) ) ;
#1988 = EDGE_LOOP ( 'NONE', ( #6678, #7340, #2510, #1221 ) ) ;
#1989 = FACE_OUTER_BOUND ( 'NONE', #8157, .T. ) ;
#1990 = EDGE_CURVE ( 'NONE', #2335, #592, #3149, .T. ) ;
#1991 = EDGE_CURVE ( 'NONE', #4504, #7653, #3190, .T. ) ;
#1992 = EDGE_CURVE ( 'NONE', #3400, #8516, #4562, .T. ) ;
#1993 = VERTEX_POINT ( 'NONE', #6560 ) ;
#1994 = ORIENTED_EDGE ( 'NONE', *, *, #5621, .T. ) ;
#1995 = CARTESIAN_POINT ( 'NONE',  ( 12.70000000000000107, 6.152699789198528002, 22.91892409761429406 ) ) ;
#1996 = CIRCLE ( 'NONE', #2556, 2.080499999999998906 ) ;
#1997 = APPROVAL_PERSON_ORGANIZATION ( #165, #7566, #4877 ) ;
#1998 = FACE_OUTER_BOUND ( 'NONE', #5228, .T. ) ;
#1999 = CIRCLE ( 'NONE', #10, 2.270999999999995467 ) ;
#2000 = CARTESIAN_POINT ( 'NONE',  ( -12.69999999999999751, -14.13894155320104851, 32.01817428684736200 ) ) ;
#2001 = ORIENTED_EDGE ( 'NONE', *, *, #3554, .T. ) ;
#2002 = LINE ( 'NONE', #1199, #3403 ) ;
#2003 = CARTESIAN_POINT ( 'NONE',  ( 12.70000000000000107, 12.33648634557998314, 98.10376971111941202 ) ) ;
#2004 = ORIENTED_EDGE ( 'NONE', *, *, #2526, .T. ) ;
#2005 = AXIS2_PLACEMENT_3D ( 'NONE', #1690, #2394, #4394 ) ;
#2006 = DIRECTION ( 'NONE',  ( 0.000000000000000000, 0.000000000000000000, 1.000000000000000000 ) ) ;
#2007 = DIRECTION ( 'NONE',  ( -1.000000000000000000, -0.000000000000000000, -0.000000000000000000 ) ) ;
#2008 = CARTESIAN_POINT ( 'NONE',  ( 12.70000000000000107, -4.072800018551144596, 104.1310478351178972 ) ) ;
#2009 = VECTOR ( 'NONE', #5450, 1000.000000000000000 ) ;
#2010 = DIRECTION ( 'NONE',  ( 0.000000000000000000, 0.000000000000000000, -1.000000000000000000 ) ) ;
#2011 = DIRECTION ( 'NONE',  ( 1.000000000000000000, -0.000000000000000000, -0.000000000000000000 ) ) ;
#2012 = FACE_OUTER_BOUND ( 'NONE', #1348, .T. ) ;
#2013 = ORIENTED_EDGE ( 'NONE', *, *, #5549, .F. ) ;
#2014 = ORIENTED_EDGE ( 'NONE', *, *, #8338, .T. ) ;
#2015 = AXIS2_PLACEMENT_3D ( 'NONE', #871, #7572, #1498 ) ;
#2016 = EDGE_CURVE ( 'NONE', #4673, #8367, #4604, .T. ) ;
#2017 = ORIENTED_EDGE ( 'NONE', *, *, #1272, .F. ) ;
#2018 = CARTESIAN_POINT ( 'NONE',  ( -12.69999999999999751, -12.69999999999999929, 61.00000000000000711 ) ) ;
#2019 = DIRECTION ( 'NONE',  ( -0.000000000000000000, 1.000000000000000000, -0.000000000000000000 ) ) ;
#2020 = CARTESIAN_POINT ( 'NONE',  ( -9.525000000000002132, 22.22500000000000142, 127.0000000000000000 ) ) ;
#2021 = VERTEX_POINT ( 'NONE', #2433 ) ;
#2022 = CYLINDRICAL_SURFACE ( 'NONE', #8746, 2.499999999999988454 ) ;
#2023 = ORIENTED_EDGE ( 'NONE', *, *, #6758, .T. ) ;
#2024 = AXIS2_PLACEMENT_3D ( 'NONE', #3244, #6417, #8418 ) ;
#2025 = AXIS2_PLACEMENT_3D ( 'NONE', #7296, #1217, #3928 ) ;
#2026 = CARTESIAN_POINT ( 'NONE',  ( 9.525000000000000355, 0.000000000000000000, 114.2999999999999972 ) ) ;
#2027 = ORIENTED_EDGE ( 'NONE', *, *, #3023, .T. ) ;
#2028 = ORIENTED_EDGE ( 'NONE', *, *, #4160, .F. ) ;
#2029 = EDGE_CURVE ( 'NONE', #1075, #4771, #5460, .T. ) ;
#2030 = CIRCLE ( 'NONE', #8122, 2.271000000000002128 ) ;
#2031 = CIRCLE ( 'NONE', #5285, 17.66249999999999787 ) ;
#2032 = DIRECTION ( 'NONE',  ( 0.000000000000000000, 0.000000000000000000, 1.000000000000000000 ) ) ;
#2033 = CARTESIAN_POINT ( 'NONE',  ( 9.525000000000000355, -10.07084749364648069, 78.06156772950203049 ) ) ;
#2034 = CALENDAR_DATE ( 2024, 18, 9 ) ;
#2035 = ORIENTED_EDGE ( 'NONE', *, *, #98, .T. ) ;
#2036 = LINE ( 'NONE', #5363, #3775 ) ;
#2037 = ORIENTED_EDGE ( 'NONE', *, *, #6533, .T. ) ;
#2038 = CARTESIAN_POINT ( 'NONE',  ( -9.525000000000000355, -4.072800018551144596, 22.86895216488212412 ) ) ;
#2039 = ORIENTED_EDGE ( 'NONE', *, *, #2416, .T. ) ;
#2040 = VECTOR ( 'NONE', #723, 1000.000000000000000 ) ;
#2041 = VERTEX_POINT ( 'NONE', #3059 ) ;
#2042 = CARTESIAN_POINT ( 'NONE',  ( 12.70000000000000107, 5.371240620587829362, 24.84708431341438839 ) ) ;
#2043 = EDGE_CURVE ( 'NONE', #7299, #8720, #2345, .T. ) ;
#2044 = EDGE_CURVE ( 'NONE', #2066, #6539, #4187, .T. ) ;
#2045 = EDGE_CURVE ( 'NONE', #8021, #7931, #1636, .T. ) ;
#2046 = CARTESIAN_POINT ( 'NONE',  ( 12.70000000000000107, -8.791741348502467801, 77.62191132943921446 ) ) ;
#2047 = EDGE_CURVE ( 'NONE', #1759, #8452, #5975, .T. ) ;
#2048 = CIRCLE ( 'NONE', #3174, 2.499999999999988454 ) ;
#2049 = CARTESIAN_POINT ( 'NONE',  ( 12.70000000000000107, 3.577867169202164632E-15, 38.10000000000001563 ) ) ;
#2050 = DIRECTION ( 'NONE',  ( -1.000000000000000000, 0.000000000000000000, 0.000000000000000000 ) ) ;
#2051 = CYLINDRICAL_SURFACE ( 'NONE', #7284, 2.499999999999992006 ) ;
#2052 = ORIENTED_EDGE ( 'NONE', *, *, #6117, .T. ) ;
#2053 = CARTESIAN_POINT ( 'NONE',  ( 9.525000000000000355, -12.69999999999999929, 15.19999999999999218 ) ) ;
#2054 = CARTESIAN_POINT ( 'NONE',  ( 12.70000000000000107, -10.07084749364656950, 101.8189322704979247 ) ) ;
#2055 = AXIS2_PLACEMENT_3D ( 'NONE', #6348, #3550, #8210 ) ;
#2056 = EDGE_LOOP ( 'NONE', ( #4509, #7870, #1994, #2406 ) ) ;
#2057 = EDGE_CURVE ( 'NONE', #795, #7167, #5271, .T. ) ;
#2058 = DIRECTION ( 'NONE',  ( 0.000000000000000000, 0.000000000000000000, 1.000000000000000000 ) ) ;
#2059 = CARTESIAN_POINT ( 'NONE',  ( 12.70000000000000107, 12.33648634557998314, 100.3747697111193986 ) ) ;
#2061 = DIRECTION ( 'NONE',  ( -1.000000000000000000, 0.000000000000000000, 0.000000000000000000 ) ) ;
#2060 = CIRCLE ( 'NONE', #7857, 2.499999999999988454 ) ;
#2062 = CARTESIAN_POINT ( 'NONE',  ( 12.70000000000000107, 4.072800018551152590, 73.66895216488211418 ) ) ;
#2063 = CARTESIAN_POINT ( 'NONE',  ( 9.525000000000000355, -8.791741348502467801, 77.62191132943921446 ) ) ;
#2064 = CARTESIAN_POINT ( 'NONE',  ( -9.525000000000002132, 0.000000000000000000, 15.19999999999992646 ) ) ;
#2065 = ORIENTED_EDGE ( 'NONE', *, *, #5340, .F. ) ;
#2066 = VERTEX_POINT ( 'NONE', #2038 ) ;
#2067 = AXIS2_PLACEMENT_3D ( 'NONE', #6218, #2809, #2766 ) ;
#2068 = ORIENTED_EDGE ( 'NONE', *, *, #741, .F. ) ;
#2069 = DIRECTION ( 'NONE',  ( 1.000000000000000000, -0.000000000000000000, -0.000000000000000000 ) ) ;
#2070 = DIRECTION ( 'NONE',  ( 0.000000000000000000, 0.000000000000000000, 1.000000000000000000 ) ) ;
#2071 = FACE_OUTER_BOUND ( 'NONE', #8012, .T. ) ;
#2072 = ORIENTED_EDGE ( 'NONE', *, *, #1492, .T. ) ;
#2073 = DIRECTION ( 'NONE',  ( 0.000000000000000000, 0.000000000000000000, 1.000000000000000000 ) ) ;
#2074 = EDGE_LOOP ( 'NONE', ( #3976, #3406, #1685, #6515 ) ) ;
#2075 = VECTOR ( 'NONE', #4319, 1000.000000000000000 ) ;
#2076 = CARTESIAN_POINT ( 'NONE',  ( -9.525000000000000355, -16.22512784221253312, 45.07919284400851723 ) ) ;
#2077 = VERTEX_POINT ( 'NONE', #2696 ) ;
#2078 = ORIENTED_EDGE ( 'NONE', *, *, #8202, .F. ) ;
#2079 = VECTOR ( 'NONE', #3765, 1000.000000000000000 ) ;
#2080 = AXIS2_PLACEMENT_3D ( 'NONE', #1316, #7525, #1411 ) ;
#2081 = CARTESIAN_POINT ( 'NONE',  ( 12.70000000000000107, 10.07084749364666365, 78.06156772950215839 ) ) ;
#2082 = DIRECTION ( 'NONE',  ( -1.000000000000000000, -0.000000000000000000, -0.000000000000000000 ) ) ;
#2083 = DIRECTION ( 'NONE',  ( -1.000000000000000000, -0.000000000000000000, -0.000000000000000000 ) ) ;
#2084 = ORIENTED_EDGE ( 'NONE', *, *, #4645, .F. ) ;
#2085 = CARTESIAN_POINT ( 'NONE',  ( 12.70000000000000107, -11.15407434219252103, 49.24267219815796182 ) ) ;
#2086 = ORIENTED_EDGE ( 'NONE', *, *, #2350, .T. ) ;
#2087 = VECTOR ( 'NONE', #7831, 1000.000000000000000 ) ;
#2088 = EDGE_CURVE ( 'NONE', #1089, #4939, #7013, .T. ) ;
#2089 = VECTOR ( 'NONE', #1006, 1000.000000000000000 ) ;
#2090 = EDGE_LOOP ( 'NONE', ( #5119, #325, #3278, #8063 ) ) ;
#2091 = DIRECTION ( 'NONE',  ( 0.000000000000000000, 0.000000000000000000, 1.000000000000000000 ) ) ;
#2092 = CARTESIAN_POINT ( 'NONE',  ( 12.70000000000000107, 10.07084749364639542, 51.01893227049807678 ) ) ;
#2093 = AXIS2_PLACEMENT_3D ( 'NONE', #5925, #2549, #5442 ) ;
#2094 = CIRCLE ( 'NONE', #2795, 2.080499999999998906 ) ;
#2095 = CARTESIAN_POINT ( 'NONE',  ( 12.70000000000000107, 6.152699789198528002, 53.28107590238573010 ) ) ;
#2096 = CARTESIAN_POINT ( 'NONE',  ( -9.525000000000002132, 0.000000000000000000, 12.69999999999993356 ) ) ;
#2097 = VERTEX_POINT ( 'NONE', #5316 ) ;
#2098 = LINE ( 'NONE', #4801, #4823 ) ;
#2099 = EDGE_CURVE ( 'NONE', #1796, #3127, #6584, .T. ) ;
#2100 = EDGE_CURVE ( 'NONE', #3203, #7939, #2764, .T. ) ;
#2101 = DIRECTION ( 'NONE',  ( -1.000000000000000000, -0.000000000000000000, -0.000000000000000000 ) ) ;
#2102 = CIRCLE ( 'NONE', #8608, 14.30000000000000071 ) ;
#2103 = AXIS2_PLACEMENT_3D ( 'NONE', #8255, #3598, #310 ) ;
#2104 = EDGE_LOOP ( 'NONE', ( #5480, #735 ) ) ;
#2105 = CARTESIAN_POINT ( 'NONE',  ( 1.555301434917138433E-15, 25.40000000000000213, 63.50000000000000000 ) ) ;
#2106 = CARTESIAN_POINT ( 'NONE',  ( -12.69999999999999929, 0.000000000000000000, 116.7999999999999829 ) ) ;
#2107 = DIRECTION ( 'NONE',  ( -1.000000000000000000, -0.000000000000000000, -0.000000000000000000 ) ) ;
#2108 = FACE_OUTER_BOUND ( 'NONE', #6773, .T. ) ;
#2109 = DIRECTION ( 'NONE',  ( 0.000000000000000000, 0.000000000000000000, -1.000000000000000000 ) ) ;
#2110 = EDGE_CURVE ( 'NONE', #5858, #3940, #784, .T. ) ;
#2111 = ADVANCED_FACE ( 'NONE', ( #7976 ), #4742, .F. ) ;
#2112 = DIRECTION ( 'NONE',  ( -0.000000000000000000, 1.000000000000000000, -0.000000000000000000 ) ) ;
#2113 = ORIENTED_EDGE ( 'NONE', *, *, #1771, .F. ) ;
#2114 = EDGE_LOOP ( 'NONE', ( #7582, #7301 ) ) ;
#2115 = ORIENTED_EDGE ( 'NONE', *, *, #3934, .F. ) ;
#2116 = DIRECTION ( 'NONE',  ( 0.000000000000000000, 0.000000000000000000, -1.000000000000000000 ) ) ;
#2117 = DIRECTION ( 'NONE',  ( -0.000000000000000000, 1.000000000000000000, -0.000000000000000000 ) ) ;
#2118 = FACE_OUTER_BOUND ( 'NONE', #1357, .T. ) ;
#2119 = ORIENTED_EDGE ( 'NONE', *, *, #6429, .T. ) ;
#2120 = CARTESIAN_POINT ( 'NONE',  ( 1.555301434917138433E-15, -22.22499999999999787, 114.2999999999999972 ) ) ;
#2121 = DIRECTION ( 'NONE',  ( -1.000000000000000000, -0.000000000000000000, -0.000000000000000000 ) ) ;
#2122 = ORIENTED_EDGE ( 'NONE', *, *, #2564, .F. ) ;
#2123 = ORIENTED_EDGE ( 'NONE', *, *, #195, .F. ) ;
#2124 = FACE_OUTER_BOUND ( 'NONE', #3785, .T. ) ;
#2125 = CARTESIAN_POINT ( 'NONE',  ( 12.70000000000000107, -12.69999999999999929, 10.20000000000000284 ) ) ;
#2126 = EDGE_LOOP ( 'NONE', ( #3721, #6948, #7823, #1225 ) ) ;
#2127 = CYLINDRICAL_SURFACE ( 'NONE', #1657, 2.499999999999988454 ) ;
#2128 = ORIENTED_EDGE ( 'NONE', *, *, #3565, .F. ) ;
#2129 = DIRECTION ( 'NONE',  ( -1.000000000000000000, -0.000000000000000000, -0.000000000000000000 ) ) ;
#2130 = ORIENTED_EDGE ( 'NONE', *, *, #876, .T. ) ;
#2131 = ORIENTED_EDGE ( 'NONE', *, *, #5407, .T. ) ;
#2132 = CIRCLE ( 'NONE', #8065, 2.080499999999998906 ) ;
#2133 = CARTESIAN_POINT ( 'NONE',  ( 12.70000000000000107, -12.33648634558004353, 28.89623028888070877 ) ) ;
#2134 = ADVANCED_FACE ( 'NONE', ( #1416 ), #5935, .T. ) ;
#2135 = DIRECTION ( 'NONE',  ( 1.000000000000000000, 0.000000000000000000, 0.000000000000000000 ) ) ;
#2136 = FACE_BOUND ( 'NONE', #2720, .T. ) ;
#2137 = AXIS2_PLACEMENT_3D ( 'NONE', #6452, #7911, #5163 ) ;
#2138 = ORIENTED_EDGE ( 'NONE', *, *, #7187, .T. ) ;
#2139 = LINE ( 'NONE', #5420, #8495 ) ;
#2140 = DIRECTION ( 'NONE',  ( 0.000000000000000000, 0.000000000000000000, 1.000000000000000000 ) ) ;
#2141 = AXIS2_PLACEMENT_3D ( 'NONE', #2937, #3559, #5685 ) ;
#2142 = ADVANCED_FACE ( 'NONE', ( #1989 ), #7488, .F. ) ;
#2143 = CARTESIAN_POINT ( 'NONE',  ( -12.69999999999999751, -15.22687436074362388, 84.81162436304001062 ) ) ;
#2144 = CARTESIAN_POINT ( 'NONE',  ( -12.69999999999999751, 14.16298196909033003, 40.07482701602503994 ) ) ;
#2145 = CARTESIAN_POINT ( 'NONE',  ( -12.69999999999999929, 0.000000000000000000, 114.2999999999999972 ) ) ;
#2146 = DIRECTION ( 'NONE',  ( 0.000000000000000000, 0.000000000000000000, 1.000000000000000000 ) ) ;
#2147 = CARTESIAN_POINT ( 'NONE',  ( 7.746038523653021987E-16, 25.40000000000000213, 104.0999999999999801 ) ) ;
#2148 = AXIS2_PLACEMENT_3D ( 'NONE', #4491, #3738, #4403 ) ;
#2149 = CARTESIAN_POINT ( 'NONE',  ( 1.080765552152139379E-15, 25.40000000000000213, 35.60000000000000853 ) ) ;
#2150 = VERTEX_POINT ( 'NONE', #35 ) ;
#2151 = VERTEX_POINT ( 'NONE', #8061 ) ;
#2152 = EDGE_CURVE ( 'NONE', #5482, #2964, #359, .T. ) ;
#2153 = ADVANCED_FACE ( 'NONE', ( #531 ), #1950, .F. ) ;
#2154 = EDGE_CURVE ( 'NONE', #3867, #7391, #4031, .T. ) ;
#2156 = ORIENTED_EDGE ( 'NONE', *, *, #6037, .T. ) ;
#2155 = VECTOR ( 'NONE', #5681, 1000.000000000000000 ) ;
#2157 = DIRECTION ( 'NONE',  ( 0.000000000000000000, 0.000000000000000000, 1.000000000000000000 ) ) ;
#2158 = CARTESIAN_POINT ( 'NONE',  ( 1.555301434917138038E-15, 25.40000000000000213, 27.89999999999999147 ) ) ;
#2159 = CYLINDRICAL_SURFACE ( 'NONE', #105, 2.270999999999995467 ) ;
#2160 = FACE_BOUND ( 'NONE', #3844, .T. ) ;
#2161 = DIRECTION ( 'NONE',  ( 1.000000000000000000, 0.000000000000000000, 0.000000000000000000 ) ) ;
#2162 = EDGE_LOOP ( 'NONE', ( #4383, #8069, #5136, #874 ) ) ;
#2163 = AXIS2_PLACEMENT_3D ( 'NONE', #4138, #767, #4356 ) ;
#2164 = ORIENTED_EDGE ( 'NONE', *, *, #8368, .T. ) ;
#2165 = VECTOR ( 'NONE', #5389, 1000.000000000000000 ) ;
#2166 = CARTESIAN_POINT ( 'NONE',  ( 12.70000000000000107, 3.577867169202164632E-15, 38.10000000000001563 ) ) ;
#2167 = DIRECTION ( 'NONE',  ( 0.000000000000000000, 0.000000000000000000, 1.000000000000000000 ) ) ;
#2168 = AXIS2_PLACEMENT_3D ( 'NONE', #7145, #2357, #5771 ) ;
#2169 = CALENDAR_DATE ( 2024, 18, 9 ) ;
#2170 = ORIENTED_EDGE ( 'NONE', *, *, #2467, .T. ) ;
#2171 = DIRECTION ( 'NONE',  ( 0.000000000000000000, 0.000000000000000000, 1.000000000000000000 ) ) ;
#2172 = CARTESIAN_POINT ( 'NONE',  ( -12.69999999999999929, 12.69999999999999929, 12.69999999999999929 ) ) ;
#2173 = VERTEX_POINT ( 'NONE', #569 ) ;
#2174 = ORIENTED_EDGE ( 'NONE', *, *, #6050, .T. ) ;
#2175 = AXIS2_PLACEMENT_3D ( 'NONE', #5347, #3176, #425 ) ;
#2176 = DIRECTION ( 'NONE',  ( -1.000000000000000000, -0.000000000000000000, -0.000000000000000000 ) ) ;
#2177 = CARTESIAN_POINT ( 'NONE',  ( 9.525000000000000355, -16.22512784221249404, 31.12080715599139324 ) ) ;
#2178 = CARTESIAN_POINT ( 'NONE',  ( -9.525000000000000355, 3.577867169202164632E-15, 88.90000000000000568 ) ) ;
#2179 = AXIS2_PLACEMENT_3D ( 'NONE', #6770, #3354, #693 ) ;
#2180 = VECTOR ( 'NONE', #6753, 1000.000000000000000 ) ;
#2181 = ORIENTED_EDGE ( 'NONE', *, *, #2636, .F. ) ;
#2182 = FACE_OUTER_BOUND ( 'NONE', #672, .T. ) ;
#2183 = DIRECTION ( 'NONE',  ( 0.000000000000000000, 0.000000000000000000, 1.000000000000000000 ) ) ;
#2184 = EDGE_CURVE ( 'NONE', #4779, #6700, #5311, .T. ) ;
#2185 = ADVANCED_BREP_SHAPE_REPRESENTATION ( 'REV-21-3559', ( #2365, #5682 ), #7511 ) ;
#2186 = CARTESIAN_POINT ( 'NONE',  ( 9.525000000000000355, 12.33648634557998314, 49.57476971111940856 ) ) ;
#2187 = CARTESIAN_POINT ( 'NONE',  ( -12.69999999999999751, 10.07084749364666365, 78.06156772950215839 ) ) ;
#2188 = CARTESIAN_POINT ( 'NONE',  ( -12.69999999999999751, 12.33648634558017676, 79.69623028888086935 ) ) ;
#2189 = CARTESIAN_POINT ( 'NONE',  ( 12.70000000000000107, 3.577867169202164632E-15, 88.90000000000000568 ) ) ;
#2190 = FACE_OUTER_BOUND ( 'NONE', #1369, .T. ) ;
#2191 = CIRCLE ( 'NONE', #3325, 2.270999999999995467 ) ;
#2192 = CARTESIAN_POINT ( 'NONE',  ( 12.70000000000000107, -14.16298196909033535, 36.12517298397507659 ) ) ;
#2193 = ORIENTED_EDGE ( 'NONE', *, *, #2637, .T. ) ;
#2194 = EDGE_CURVE ( 'NONE', #5374, #3320, #72, .T. ) ;
#2195 = VERTEX_POINT ( 'NONE', #4652 ) ;
#2196 = AXIS2_PLACEMENT_3D ( 'NONE', #5639, #6925, #804 ) ;
#2197 = ORIENTED_EDGE ( 'NONE', *, *, #4485, .T. ) ;
#2198 = DIRECTION ( 'NONE',  ( 0.000000000000000000, 0.000000000000000000, -1.000000000000000000 ) ) ;
#2199 = PLANE ( 'NONE',  #8410 ) ;
#2200 = DIRECTION ( 'NONE',  ( 0.000000000000000000, 0.000000000000000000, -1.000000000000000000 ) ) ;
#2201 = FACE_BOUND ( 'NONE', #962, .T. ) ;
#2202 = CARTESIAN_POINT ( 'NONE',  ( 7.746038523653021987E-16, -25.39999999999999503, 101.5999999999999943 ) ) ;
#2203 = ORIENTED_EDGE ( 'NONE', *, *, #5029, .T. ) ;
#2204 = EDGE_CURVE ( 'NONE', #5818, #1247, #7349, .T. ) ;
#2205 = EDGE_CURVE ( 'NONE', #2676, #5948, #1549, .T. ) ;
#2206 = EDGE_CURVE ( 'NONE', #2964, #7732, #4299, .T. ) ;
#2207 = ORIENTED_EDGE ( 'NONE', *, *, #2291, .F. ) ;
#2208 = EDGE_CURVE ( 'NONE', #1002, #4255, #752, .T. ) ;
#2209 = CARTESIAN_POINT ( 'NONE',  ( 3.061616997868371801E-16, 25.40000000000000213, 10.20000000000000817 ) ) ;
#2210 = FACE_OUTER_BOUND ( 'NONE', #2548, .T. ) ;
#2211 = DIRECTION ( 'NONE',  ( 0.000000000000000000, 0.000000000000000000, -1.000000000000000000 ) ) ;
#2212 = PERSON_AND_ORGANIZATION ( #2922, #5816 ) ;
#2213 = ORIENTED_EDGE ( 'NONE', *, *, #5967, .T. ) ;
#2214 = DIRECTION ( 'NONE',  ( 0.000000000000000000, 0.000000000000000000, 1.000000000000000000 ) ) ;
#2215 = VERTEX_POINT ( 'NONE', #2876 ) ;
#2216 = DIRECTION ( 'NONE',  ( 0.000000000000000000, 0.000000000000000000, 1.000000000000000000 ) ) ;
#2217 = ORIENTED_EDGE ( 'NONE', *, *, #5939, .F. ) ;
#2218 = ADVANCED_FACE ( 'NONE', ( #5631 ), #6958, .F. ) ;
#2219 = ADVANCED_FACE ( 'NONE', ( #7001 ), #8336, .T. ) ;
#2220 = ORIENTED_EDGE ( 'NONE', *, *, #4355, .F. ) ;
#2221 = CARTESIAN_POINT ( 'NONE',  ( -12.69999999999999751, -12.69999999999999929, 114.2999999999999972 ) ) ;
#2222 = CARTESIAN_POINT ( 'NONE',  ( -9.525000000000000355, 3.577867169202164632E-15, 88.90000000000000568 ) ) ;
#2224 = CARTESIAN_POINT ( 'NONE',  ( 12.70000000000000107, -10.07084749364656950, 101.8189322704979247 ) ) ;
#2223 = AXIS2_PLACEMENT_3D ( 'NONE', #830, #8057, #8775 ) ;
#2225 = ORIENTED_EDGE ( 'NONE', *, *, #4033, .T. ) ;
#2226 = CARTESIAN_POINT ( 'NONE',  ( 9.525000000000000355, -4.072800018551144596, 73.66895216488211418 ) ) ;
#2227 = CARTESIAN_POINT ( 'NONE',  ( -12.69999999999999751, -4.072800018551144596, 53.33104783511790714 ) ) ;
#2228 = VECTOR ( 'NONE', #6548, 1000.000000000000000 ) ;
#2229 = DIRECTION ( 'NONE',  ( 0.000000000000000000, 0.000000000000000000, -1.000000000000000000 ) ) ;
#2230 = CYLINDRICAL_SURFACE ( 'NONE', #1004, 2.271000000000002128 ) ;
#2231 = DIRECTION ( 'NONE',  ( 1.000000000000000000, 0.000000000000000000, 0.000000000000000000 ) ) ;
#2232 = VERTEX_POINT ( 'NONE', #5670 ) ;
#2234 = CARTESIAN_POINT ( 'NONE',  ( 9.525000000000000355, -16.22512784221253312, 95.87919284400851438 ) ) ;
#2233 = AXIS2_PLACEMENT_3D ( 'NONE', #1537, #781, #824 ) ;
#2235 = CARTESIAN_POINT ( 'NONE',  ( 1.861463134703976303E-15, 22.22500000000000142, 61.00000000000001421 ) ) ;
#2236 = AXIS2_PLACEMENT_3D ( 'NONE', #4538, #4039, #760 ) ;
#2237 = CARTESIAN_POINT ( 'NONE',  ( 12.70000000000000107, -14.13894155320104851, 82.81817428684736626 ) ) ;
#2238 = ORIENTED_EDGE ( 'NONE', *, *, #1338, .F. ) ;
#2239 = VERTEX_POINT ( 'NONE', #4173 ) ;
#2240 = AXIS2_PLACEMENT_3D ( 'NONE', #8310, #7550, #4100 ) ;
#2241 = ORIENTED_EDGE ( 'NONE', *, *, #2206, .F. ) ;
#2242 = EDGE_CURVE ( 'NONE', #2041, #1121, #6729, .T. ) ;
#2243 = LINE ( 'NONE', #5696, #5145 ) ;
#2244 = CARTESIAN_POINT ( 'NONE',  ( 1.555301434917138433E-15, 22.22500000000000142, 63.50000000000000000 ) ) ;
#2245 = DIRECTION ( 'NONE',  ( -1.000000000000000000, -0.000000000000000000, -0.000000000000000000 ) ) ;
#2246 = ORIENTED_EDGE ( 'NONE', *, *, #1271, .F. ) ;
#2247 = CARTESIAN_POINT ( 'NONE',  ( -9.525000000000000355, 5.371240620587830250, 102.1529156865856294 ) ) ;
#2248 = DIRECTION ( 'NONE',  ( 0.000000000000000000, 0.000000000000000000, 1.000000000000000000 ) ) ;
#2249 = ORIENTED_EDGE ( 'NONE', *, *, #3896, .T. ) ;
#2250 = ORIENTED_EDGE ( 'NONE', *, *, #2208, .T. ) ;
#2251 = FACE_OUTER_BOUND ( 'NONE', #481, .T. ) ;
#2252 = ADVANCED_FACE ( 'NONE', ( #2830 ), #927, .F. ) ;
#2253 = DIRECTION ( 'NONE',  ( 0.000000000000000000, 0.000000000000000000, 1.000000000000000000 ) ) ;
#2254 = DIRECTION ( 'NONE',  ( 0.000000000000000000, 0.000000000000000000, 1.000000000000000000 ) ) ;
#2255 = EDGE_CURVE ( 'NONE', #2512, #691, #8715, .T. ) ;
#2256 = EDGE_LOOP ( 'NONE', ( #2649, #838 ) ) ;
#2257 = LINE ( 'NONE', #7661, #6331 ) ;
#2258 = ORIENTED_EDGE ( 'NONE', *, *, #3120, .F. ) ;
#2259 = CARTESIAN_POINT ( 'NONE',  ( -12.69999999999999751, -12.33648634558010748, 98.10376971111922728 ) ) ;
#2260 = EDGE_LOOP ( 'NONE', ( #1346, #5608, #4369, #373 ) ) ;
#2261 = ORIENTED_EDGE ( 'NONE', *, *, #5291, .F. ) ;
#2262 = CARTESIAN_POINT ( 'NONE',  ( 1.080765552152139379E-15, 25.40000000000000213, 99.10000000000000853 ) ) ;
#2263 = EDGE_CURVE ( 'NONE', #7133, #3867, #8296, .T. ) ;
#2264 = EDGE_CURVE ( 'NONE', #8530, #1617, #7861, .T. ) ;
#2265 = ADVANCED_FACE ( 'NONE', ( #6242 ), #3636, .F. ) ;
#2266 = CARTESIAN_POINT ( 'NONE',  ( -12.69999999999999751, 0.000000000000000000, 114.2999999999999972 ) ) ;
#2267 = DIRECTION ( 'NONE',  ( 0.000000000000000000, 0.000000000000000000, 1.000000000000000000 ) ) ;
#2268 = ORIENTED_EDGE ( 'NONE', *, *, #2850, .F. ) ;
#2269 = DIRECTION ( 'NONE',  ( 0.000000000000000000, 0.000000000000000000, 1.000000000000000000 ) ) ;
#2270 = DIRECTION ( 'NONE',  ( -1.000000000000000000, -0.000000000000000000, -0.000000000000000000 ) ) ;
#2271 = CIRCLE ( 'NONE', #7217, 17.66250000000000142 ) ;
#2272 = CARTESIAN_POINT ( 'NONE',  ( -9.525000000000000355, -1.802455207620986100, 104.1855954242718525 ) ) ;
#2273 = CIRCLE ( 'NONE', #427, 17.66250000000000497 ) ;
#2274 = CYLINDRICAL_SURFACE ( 'NONE', #2141, 2.080499999999998906 ) ;
#2275 = CARTESIAN_POINT ( 'NONE',  ( -12.69999999999999751, 14.13894155320100943, 44.18182571315276874 ) ) ;
#2276 = EDGE_LOOP ( 'NONE', ( #2542, #7086 ) ) ;
#2277 = LINE ( 'NONE', #6357, #1922 ) ;
#2278 = DIRECTION ( 'NONE',  ( -1.000000000000000000, -0.000000000000000000, -0.000000000000000000 ) ) ;
#2279 = LINE ( 'NONE', #4987, #7803 ) ;
#2280 = EDGE_LOOP ( 'NONE', ( #6768, #3390 ) ) ;
#2281 = ORIENTED_EDGE ( 'NONE', *, *, #2724, .T. ) ;
#2282 = CIRCLE ( 'NONE', #6103, 17.66249999999999787 ) ;
#2283 = VERTEX_POINT ( 'NONE', #81 ) ;
#2284 = DIRECTION ( 'NONE',  ( -1.000000000000000000, -0.000000000000000000, -0.000000000000000000 ) ) ;
#2285 = DIRECTION ( 'NONE',  ( 0.000000000000000000, 0.000000000000000000, -1.000000000000000000 ) ) ;
#2286 = DIRECTION ( 'NONE',  ( 0.000000000000000000, 0.000000000000000000, 1.000000000000000000 ) ) ;
#2287 = CARTESIAN_POINT ( 'NONE',  ( 12.70000000000000107, 10.07084749364666365, 25.18106772950216765 ) ) ;
#2288 = CARTESIAN_POINT ( 'NONE',  ( 9.525000000000000355, 10.07084749364666365, 27.26156772950216833 ) ) ;
#2289 = ORIENTED_EDGE ( 'NONE', *, *, #2099, .T. ) ;
#2290 = EDGE_LOOP ( 'NONE', ( #7610, #7555 ) ) ;
#2291 = EDGE_CURVE ( 'NONE', #4067, #7646, #2060, .T. ) ;
#2292 = AXIS2_PLACEMENT_3D ( 'NONE', #716, #6127, #7635 ) ;
#2293 = CARTESIAN_POINT ( 'NONE',  ( 12.70000000000000107, -16.22354728284505399, 86.63785636811216762 ) ) ;
#2294 = LINE ( 'NONE', #5124, #4003 ) ;
#2295 = CARTESIAN_POINT ( 'NONE',  ( 12.70000000000000107, -14.13894155320108759, 44.18182571315256268 ) ) ;
#2296 = ORIENTED_EDGE ( 'NONE', *, *, #2358, .T. ) ;
#2297 = CARTESIAN_POINT ( 'NONE',  ( 9.525000000000000355, 16.22354728284504333, 40.36214363188798160 ) ) ;
#2298 = EDGE_LOOP ( 'NONE', ( #4061, #604, #2386, #699 ) ) ;
#2299 = DIRECTION ( 'NONE',  ( 0.000000000000000000, 0.000000000000000000, 1.000000000000000000 ) ) ;
#2300 = ORIENTED_EDGE ( 'NONE', *, *, #5512, .T. ) ;
#2301 = ORIENTED_EDGE ( 'NONE', *, *, #1158, .T. ) ;
#2302 = ADVANCED_FACE ( 'NONE', ( #3500 ), #125, .F. ) ;
#2303 = AXIS2_PLACEMENT_3D ( 'NONE', #2272, #6885, #2229 ) ;
#2304 = DIRECTION ( 'NONE',  ( -0.000000000000000000, 1.000000000000000000, -0.000000000000000000 ) ) ;
#2305 = CARTESIAN_POINT ( 'NONE',  ( 9.525000000000000355, -16.22512784221249404, 81.92080715599139751 ) ) ;
#2306 = CARTESIAN_POINT ( 'NONE',  ( 9.525000000000000355, 14.16298196909037088, 86.92517298397528691 ) ) ;
#2307 = EDGE_LOOP ( 'NONE', ( #7077, #826, #614, #6853 ) ) ;
#2308 = AXIS2_PLACEMENT_3D ( 'NONE', #6997, #7705, #8458 ) ;
#2309 = AXIS2_PLACEMENT_3D ( 'NONE', #5654, #7604, #909 ) ;
#2310 = DIRECTION ( 'NONE',  ( 0.000000000000000000, 0.000000000000000000, 1.000000000000000000 ) ) ;
#2311 = EDGE_CURVE ( 'NONE', #3933, #1425, #6303, .T. ) ;
#2312 = EDGE_CURVE ( 'NONE', #7625, #6561, #218, .T. ) ;
#2313 = EDGE_CURVE ( 'NONE', #478, #2077, #7435, .T. ) ;
#2314 = EDGE_CURVE ( 'NONE', #828, #853, #6883, .T. ) ;
#2315 = CIRCLE ( 'NONE', #4011, 2.499999999999988454 ) ;
#2317 = CARTESIAN_POINT ( 'NONE',  ( -12.69999999999999751, -14.15672222192817387, 27.53822353099798192 ) ) ;
#2316 = AXIS2_PLACEMENT_3D ( 'NONE', #3743, #3872, #6491 ) ;
#2318 = DIRECTION ( 'NONE',  ( -1.000000000000000000, -0.000000000000000000, -0.000000000000000000 ) ) ;
#2319 = DIRECTION ( 'NONE',  ( 0.000000000000000000, 0.000000000000000000, 1.000000000000000000 ) ) ;
#2320 = ORIENTED_EDGE ( 'NONE', *, *, #3243, .F. ) ;
#2321 = DIRECTION ( 'NONE',  ( -1.000000000000000000, -0.000000000000000000, -0.000000000000000000 ) ) ;
#2322 = DIRECTION ( 'NONE',  ( -1.000000000000000000, -0.000000000000000000, -0.000000000000000000 ) ) ;
#2323 = DIRECTION ( 'NONE',  ( 0.000000000000000000, 0.000000000000000000, -1.000000000000000000 ) ) ;
#2324 = ORIENTED_EDGE ( 'NONE', *, *, #6330, .F. ) ;
#2325 = CIRCLE ( 'NONE', #5016, 2.080499999999998906 ) ;
#2326 = ORIENTED_EDGE ( 'NONE', *, *, #1507, .F. ) ;
#2327 = EDGE_CURVE ( 'NONE', #6603, #5703, #5174, .T. ) ;
#2328 = VERTEX_POINT ( 'NONE', #6423 ) ;
#2329 = DIRECTION ( 'NONE',  ( 0.000000000000000000, 0.000000000000000000, 1.000000000000000000 ) ) ;
#2331 = FACE_BOUND ( 'NONE', #5840, .T. ) ;
#2330 = CIRCLE ( 'NONE', #7003, 14.30000000000000071 ) ;
#2332 = DIRECTION ( 'NONE',  ( 0.000000000000000000, 0.000000000000000000, 1.000000000000000000 ) ) ;
#2333 = CARTESIAN_POINT ( 'NONE',  ( 12.70000000000000107, 12.69999999999999929, 12.69999999999999929 ) ) ;
#2334 = DIRECTION ( 'NONE',  ( 0.000000000000000000, 0.000000000000000000, -1.000000000000000000 ) ) ;
#2335 = VERTEX_POINT ( 'NONE', #1719 ) ;
#2336 = ORIENTED_EDGE ( 'NONE', *, *, #2205, .F. ) ;
#2337 = CIRCLE ( 'NONE', #3185, 14.30000000000000071 ) ;
#2338 = FACE_OUTER_BOUND ( 'NONE', #708, .T. ) ;
#2339 = DIRECTION ( 'NONE',  ( -1.000000000000000000, -0.000000000000000000, -0.000000000000000000 ) ) ;
#2340 = DIRECTION ( 'NONE',  ( -1.000000000000000000, 0.000000000000000000, 0.000000000000000000 ) ) ;
#2341 = ORIENTED_EDGE ( 'NONE', *, *, #7272, .F. ) ;
#2342 = DIRECTION ( 'NONE',  ( 0.000000000000000000, 1.000000000000000000, 0.000000000000000000 ) ) ;
#2343 = EDGE_LOOP ( 'NONE', ( #8494, #6731, #3074, #7672 ) ) ;
#2344 = CARTESIAN_POINT ( 'NONE',  ( 9.525000000000000355, 4.072800018551153478, 53.33104783511791425 ) ) ;
#2345 = CIRCLE ( 'NONE', #6162, 2.080499999999998906 ) ;
#2346 = EDGE_LOOP ( 'NONE', ( #6327, #1844, #3225, #7922 ) ) ;
#2347 = ORIENTED_EDGE ( 'NONE', *, *, #1602, .T. ) ;
#2348 = CARTESIAN_POINT ( 'NONE',  ( 12.70000000000000107, 0.000000000000000000, 66.00000000000000000 ) ) ;
#2349 = CARTESIAN_POINT ( 'NONE',  ( 7.746038523653021987E-16, -22.22499999999999787, 91.39999999999997726 ) ) ;
#2350 = EDGE_CURVE ( 'NONE', #2924, #6070, #224, .T. ) ;
#2351 = DIRECTION ( 'NONE',  ( 1.000000000000000000, 0.000000000000000000, 0.000000000000000000 ) ) ;
#2352 = ORIENTED_EDGE ( 'NONE', *, *, #741, .T. ) ;
#2353 = AXIS2_PLACEMENT_3D ( 'NONE', #7757, #4258, #5096 ) ;
#2354 = LINE ( 'NONE', #7850, #4696 ) ;
#2355 = CIRCLE ( 'NONE', #7312, 2.500000000000002220 ) ;
#2356 = CIRCLE ( 'NONE', #3353, 2.080499999999998906 ) ;
#2357 = DIRECTION ( 'NONE',  ( -0.000000000000000000, 1.000000000000000000, -0.000000000000000000 ) ) ;
#2358 = EDGE_CURVE ( 'NONE', #1627, #211, #790, .T. ) ;
#2359 = DIRECTION ( 'NONE',  ( 0.000000000000000000, 0.000000000000000000, 1.000000000000000000 ) ) ;
#2360 = EDGE_CURVE ( 'NONE', #795, #6309, #4756, .T. ) ;
#2361 = EDGE_LOOP ( 'NONE', ( #6222, #3458, #3709, #7948 ) ) ;
#2362 = CARTESIAN_POINT ( 'NONE',  ( 12.70000000000000107, 3.577867169202164632E-15, 38.10000000000001563 ) ) ;
#2363 = CARTESIAN_POINT ( 'NONE',  ( 9.525000000000000355, 0.000000000000000000, 116.7999999999999829 ) ) ;
#2364 = ORIENTED_EDGE ( 'NONE', *, *, #5919, .F. ) ;
#2365 = MANIFOLD_SOLID_BREP ( 'LPattern1', #1299 ) ;
#2366 = CIRCLE ( 'NONE', #7316, 2.080499999999998906 ) ;
#2367 = ORIENTED_EDGE ( 'NONE', *, *, #628, .T. ) ;
#2368 = ORIENTED_EDGE ( 'NONE', *, *, #2016, .T. ) ;
#2369 = CIRCLE ( 'NONE', #2503, 2.271000000000002128 ) ;
#2370 = DIRECTION ( 'NONE',  ( 0.000000000000000000, 0.000000000000000000, 1.000000000000000000 ) ) ;
#2371 = CARTESIAN_POINT ( 'NONE',  ( 12.70000000000000107, 14.13894155320113555, 32.01817428684756095 ) ) ;
#2372 = DIRECTION ( 'NONE',  ( -1.000000000000000000, 0.000000000000000000, 0.000000000000000000 ) ) ;
#2373 = EDGE_CURVE ( 'NONE', #4671, #5947, #5178, .T. ) ;
#2374 = EDGE_CURVE ( 'NONE', #612, #5818, #1914, .T. ) ;
#2375 = DIRECTION ( 'NONE',  ( 0.000000000000000000, 0.000000000000000000, -1.000000000000000000 ) ) ;
#2376 = DIRECTION ( 'NONE',  ( -1.000000000000000000, -0.000000000000000000, -0.000000000000000000 ) ) ;
#2377 = VERTEX_POINT ( 'NONE', #7087 ) ;
#2378 = VERTEX_POINT ( 'NONE', #8422 ) ;
#2379 = VECTOR ( 'NONE', #7741, 1000.000000000000000 ) ;
#2380 = CYLINDRICAL_SURFACE ( 'NONE', #5765, 2.080499999999998906 ) ;
#2381 = DIRECTION ( 'NONE',  ( -1.000000000000000000, -0.000000000000000000, -0.000000000000000000 ) ) ;
#2382 = CARTESIAN_POINT ( 'NONE',  ( -12.69999999999999751, -14.16298196909033535, 86.92517298397507375 ) ) ;
#2383 = CIRCLE ( 'NONE', #258, 2.080499999999998906 ) ;
#2384 = VERTEX_POINT ( 'NONE', #2344 ) ;
#2385 = CYLINDRICAL_SURFACE ( 'NONE', #3217, 2.499999999999992006 ) ;
#2386 = ORIENTED_EDGE ( 'NONE', *, *, #3374, .T. ) ;
#2387 = DIRECTION ( 'NONE',  ( -1.000000000000000000, 0.000000000000000000, 0.000000000000000000 ) ) ;
#2388 = VERTEX_POINT ( 'NONE', #5756 ) ;
#2389 = VERTEX_POINT ( 'NONE', #431 ) ;
#2390 = CYLINDRICAL_SURFACE ( 'NONE', #1644, 2.499999999999988454 ) ;
#2391 = LINE ( 'NONE', #5891, #2079 ) ;
#2392 = CARTESIAN_POINT ( 'NONE',  ( 12.70000000000000107, -14.15672222192825025, 48.66177646900194276 ) ) ;
#2393 = ORIENTED_EDGE ( 'NONE', *, *, #4748, .T. ) ;
#2394 = DIRECTION ( 'NONE',  ( 1.000000000000000000, 0.000000000000000000, 0.000000000000000000 ) ) ;
#2395 = EDGE_CURVE ( 'NONE', #3396, #1486, #3056, .T. ) ;
#2396 = DIRECTION ( 'NONE',  ( -0.000000000000000000, 1.000000000000000000, -0.000000000000000000 ) ) ;
#2397 = CARTESIAN_POINT ( 'NONE',  ( 12.70000000000000107, 14.13894155320100943, 44.18182571315276874 ) ) ;
#2398 = AXIS2_PLACEMENT_3D ( 'NONE', #4182, #844, #3471 ) ;
#2399 = ORIENTED_EDGE ( 'NONE', *, *, #1819, .F. ) ;
#2400 = LINE ( 'NONE', #6442, #8197 ) ;
#2401 = DIRECTION ( 'NONE',  ( 0.000000000000000000, -6.670409905222044891E-15, -1.000000000000000000 ) ) ;
#2402 = ORIENTED_EDGE ( 'NONE', *, *, #6695, .T. ) ;
#2403 = ORIENTED_EDGE ( 'NONE', *, *, #1879, .T. ) ;
#2404 = EDGE_CURVE ( 'NONE', #8772, #7574, #3482, .T. ) ;
#2405 = AXIS2_PLACEMENT_3D ( 'NONE', #158, #2121, #3490 ) ;
#2406 = ORIENTED_EDGE ( 'NONE', *, *, #4798, .F. ) ;
#2407 = LINE ( 'NONE', #7815, #5853 ) ;
#2408 = LINE ( 'NONE', #1747, #4175 ) ;
#2409 = CYLINDRICAL_SURFACE ( 'NONE', #3368, 2.271000000000002128 ) ;
#2410 = CARTESIAN_POINT ( 'NONE',  ( 9.525000000000000355, 3.577867169202164632E-15, 38.10000000000001563 ) ) ;
#2411 = AXIS2_PLACEMENT_3D ( 'NONE', #815, #726, #6851 ) ;
#2412 = CARTESIAN_POINT ( 'NONE',  ( -12.69999999999999751, 0.000000000000000000, 12.69999999999993356 ) ) ;
#2413 = ORIENTED_EDGE ( 'NONE', *, *, #3322, .T. ) ;
#2414 = VERTEX_POINT ( 'NONE', #8663 ) ;
#2415 = EDGE_CURVE ( 'NONE', #1961, #1970, #77, .T. ) ;
#2416 = EDGE_CURVE ( 'NONE', #4901, #8112, #7161, .T. ) ;
#2417 = EDGE_CURVE ( 'NONE', #8782, #3570, #4194, .T. ) ;
#2419 = DIRECTION ( 'NONE',  ( -1.000000000000000000, -0.000000000000000000, -0.000000000000000000 ) ) ;
#2418 = CIRCLE ( 'NONE', #8515, 2.499999999999988454 ) ;
#2420 = FACE_OUTER_BOUND ( 'NONE', #3987, .T. ) ;
#2421 = DIRECTION ( 'NONE',  ( 0.000000000000000000, 0.000000000000000000, 1.000000000000000000 ) ) ;
#2422 = ORIENTED_EDGE ( 'NONE', *, *, #6315, .T. ) ;
#2423 = LINE ( 'NONE', #8460, #5762 ) ;
#2424 = ORIENTED_EDGE ( 'NONE', *, *, #6164, .T. ) ;
#2425 = CARTESIAN_POINT ( 'NONE',  ( 9.525000000000000355, -14.15672222192825025, 99.46177646900194702 ) ) ;
#2426 = DIRECTION ( 'NONE',  ( -1.000000000000000000, -0.000000000000000000, -0.000000000000000000 ) ) ;
#2427 = ORIENTED_EDGE ( 'NONE', *, *, #7330, .F. ) ;
#2428 = ORIENTED_EDGE ( 'NONE', *, *, #8774, .F. ) ;
#2429 = AXIS2_PLACEMENT_3D ( 'NONE', #3688, #2933, #2310 ) ;
#2430 = DIRECTION ( 'NONE',  ( 1.000000000000000000, 0.000000000000000000, 0.000000000000000000 ) ) ;
#2431 = CARTESIAN_POINT ( 'NONE',  ( -9.525000000000002132, 12.69999999999999929, 12.69999999999999929 ) ) ;
#2432 = ORIENTED_EDGE ( 'NONE', *, *, #7896, .F. ) ;
#2433 = CARTESIAN_POINT ( 'NONE',  ( -9.525000000000002132, -22.22499999999999787, 127.0000000000000000 ) ) ;
#2434 = VERTEX_POINT ( 'NONE', #2425 ) ;
#2435 = CYLINDRICAL_SURFACE ( 'NONE', #5414, 2.270999999999995467 ) ;
#2436 = VECTOR ( 'NONE', #8215, 1000.000000000000000 ) ;
#2437 = AXIS2_PLACEMENT_3D ( 'NONE', #2785, #6111, #746 ) ;
#2438 = DIRECTION ( 'NONE',  ( -1.000000000000000000, -0.000000000000000000, -0.000000000000000000 ) ) ;
#2439 = DIRECTION ( 'NONE',  ( -1.000000000000000000, 0.000000000000000000, 0.000000000000000000 ) ) ;
#2440 = CIRCLE ( 'NONE', #7396, 2.499999999999992006 ) ;
#2441 = VECTOR ( 'NONE', #6545, 1000.000000000000000 ) ;
#2442 = VERTEX_POINT ( 'NONE', #390 ) ;
#2443 = CARTESIAN_POINT ( 'NONE',  ( 1.080765552152139773E-15, -22.22499999999999787, 35.60000000000000853 ) ) ;
#2444 = ADVANCED_FACE ( 'NONE', ( #3139 ), #5798, .F. ) ;
#2445 = CARTESIAN_POINT ( 'NONE',  ( 12.70000000000000107, 14.13894155320113555, 82.81817428684756521 ) ) ;
#2446 = ORIENTED_EDGE ( 'NONE', *, *, #1821, .T. ) ;
#2447 = ORIENTED_EDGE ( 'NONE', *, *, #3061, .F. ) ;
#2448 = VECTOR ( 'NONE', #1802, 1000.000000000000000 ) ;
#2449 = VERTEX_POINT ( 'NONE', #1762 ) ;
#2450 = CARTESIAN_POINT ( 'NONE',  ( -12.69999999999999751, 3.577867169202164632E-15, 88.90000000000000568 ) ) ;
#2451 = CYLINDRICAL_SURFACE ( 'NONE', #3168, 2.080499999999998906 ) ;
#2452 = CARTESIAN_POINT ( 'NONE',  ( 12.70000000000000107, 15.22687436074360257, 92.98837563696011443 ) ) ;
#2453 = CARTESIAN_POINT ( 'NONE',  ( 12.70000000000000107, 14.13894155320113555, 32.01817428684756095 ) ) ;
#2454 = EDGE_CURVE ( 'NONE', #440, #7380, #5883, .T. ) ;
#2455 = DIRECTION ( 'NONE',  ( -1.000000000000000000, -0.000000000000000000, -0.000000000000000000 ) ) ;
#2456 = ORIENTED_EDGE ( 'NONE', *, *, #2739, .T. ) ;
#2457 = ORIENTED_EDGE ( 'NONE', *, *, #7430, .F. ) ;
#2458 = AXIS2_PLACEMENT_3D ( 'NONE', #4398, #2530, #7767 ) ;
#2459 = DIRECTION ( 'NONE',  ( 0.000000000000000000, 0.000000000000000000, 1.000000000000000000 ) ) ;
#2460 = DIRECTION ( 'NONE',  ( 0.000000000000000000, 0.000000000000000000, -1.000000000000000000 ) ) ;
#2461 = CARTESIAN_POINT ( 'NONE',  ( -9.525000000000000355, -16.22354728284505399, 86.63785636811216762 ) ) ;
#2462 = VERTEX_POINT ( 'NONE', #6665 ) ;
#2463 = FACE_OUTER_BOUND ( 'NONE', #3741, .T. ) ;
#2464 = ORIENTED_EDGE ( 'NONE', *, *, #5728, .F. ) ;
#2465 = EDGE_CURVE ( 'NONE', #6581, #8346, #6307, .T. ) ;
#2466 = EDGE_CURVE ( 'NONE', #252, #8666, #7994, .T. ) ;
#2467 = EDGE_CURVE ( 'NONE', #1129, #2748, #3960, .T. ) ;
#2468 = CARTESIAN_POINT ( 'NONE',  ( -9.525000000000000355, 11.15407434219260630, 26.95732780184214405 ) ) ;
#2469 = EDGE_CURVE ( 'NONE', #8021, #1386, #2629, .T. ) ;
#2470 = ORIENTED_EDGE ( 'NONE', *, *, #8261, .F. ) ;
#2471 = CIRCLE ( 'NONE', #8427, 2.499999999999992006 ) ;
#2472 = EDGE_LOOP ( 'NONE', ( #7487, #394, #858, #2052 ) ) ;
#2473 = CARTESIAN_POINT ( 'NONE',  ( 12.70000000000000107, 11.15407434219237004, 100.0426721981581153 ) ) ;
#2474 = AXIS2_PLACEMENT_3D ( 'NONE', #7392, #4791, #5406 ) ;
#2475 = FACE_OUTER_BOUND ( 'NONE', #4730, .T. ) ;
#2476 = DIRECTION ( 'NONE',  ( 0.000000000000000000, 0.000000000000000000, 1.000000000000000000 ) ) ;
#2477 = ORIENTED_EDGE ( 'NONE', *, *, #3291, .T. ) ;
#2478 = CARTESIAN_POINT ( 'NONE',  ( -12.69999999999999751, -12.33648634558010748, 47.30376971111923723 ) ) ;
#2479 = ADVANCED_FACE ( 'NONE', ( #7414 ), #4099, .F. ) ;
#2480 = EDGE_CURVE ( 'NONE', #4642, #3179, #1342, .T. ) ;
#2481 = EDGE_LOOP ( 'NONE', ( #7010, #7442, #5252, #8250 ) ) ;
#2482 = DIRECTION ( 'NONE',  ( -1.000000000000000000, -0.000000000000000000, -0.000000000000000000 ) ) ;
#2483 = VECTOR ( 'NONE', #4625, 1000.000000000000000 ) ;
#2484 = LINE ( 'NONE', #7804, #3439 ) ;
#2486 = DIRECTION ( 'NONE',  ( 1.000000000000000000, -0.000000000000000000, -0.000000000000000000 ) ) ;
#2485 = AXIS2_PLACEMENT_3D ( 'NONE', #7065, #4361, #5562 ) ;
#2487 = ORIENTED_EDGE ( 'NONE', *, *, #2358, .F. ) ;
#2488 = DIRECTION ( 'NONE',  ( 0.000000000000000000, 0.000000000000000000, 1.000000000000000000 ) ) ;
#2489 = DIRECTION ( 'NONE',  ( -1.000000000000000000, 0.000000000000000000, 0.000000000000000000 ) ) ;
#2490 = VERTEX_POINT ( 'NONE', #5428 ) ;
#2491 = CIRCLE ( 'NONE', #7599, 2.080499999999998906 ) ;
#2492 = AXIS2_PLACEMENT_3D ( 'NONE', #5537, #5401, #5359 ) ;
#2493 = ORIENTED_EDGE ( 'NONE', *, *, #7836, .T. ) ;
#2494 = CARTESIAN_POINT ( 'NONE',  ( 9.525000000000000355, 10.07084749364666365, 78.06156772950215839 ) ) ;
#2495 = DIRECTION ( 'NONE',  ( 1.000000000000000000, 0.000000000000000000, 0.000000000000000000 ) ) ;
#2496 = DIRECTION ( 'NONE',  ( 0.000000000000000000, 0.000000000000000000, 1.000000000000000000 ) ) ;
#2497 = AXIS2_PLACEMENT_3D ( 'NONE', #5006, #7707, #3049 ) ;
#2498 = DIRECTION ( 'NONE',  ( 0.000000000000000000, 0.000000000000000000, 1.000000000000000000 ) ) ;
#2499 = CIRCLE ( 'NONE', #4620, 2.270999999999995467 ) ;
#2500 = CARTESIAN_POINT ( 'NONE',  ( -9.525000000000000355, 16.22354728284508951, 35.83785636811239073 ) ) ;
#2501 = ORIENTED_EDGE ( 'NONE', *, *, #4922, .T. ) ;
#2502 = ORIENTED_EDGE ( 'NONE', *, *, #7835, .T. ) ;
#2503 = AXIS2_PLACEMENT_3D ( 'NONE', #3005, #5839, #1804 ) ;
#2504 = ADVANCED_FACE ( 'NONE', ( #56 ), #6086, .F. ) ;
#2505 = VECTOR ( 'NONE', #3531, 1000.000000000000000 ) ;
#2506 = DIRECTION ( 'NONE',  ( 0.000000000000000000, 0.000000000000000000, 1.000000000000000000 ) ) ;
#2507 = DIRECTION ( 'NONE',  ( 0.000000000000000000, 0.000000000000000000, 1.000000000000000000 ) ) ;
#2508 = DIRECTION ( 'NONE',  ( 0.000000000000000000, 0.000000000000000000, 1.000000000000000000 ) ) ;
#2509 = DIRECTION ( 'NONE',  ( -1.000000000000000000, -0.000000000000000000, -0.000000000000000000 ) ) ;
#2510 = ORIENTED_EDGE ( 'NONE', *, *, #2206, .T. ) ;
#2511 = CARTESIAN_POINT ( 'NONE',  ( 12.70000000000000107, -4.072800018551144596, 53.33104783511790714 ) ) ;
#2512 = VERTEX_POINT ( 'NONE', #6760 ) ;
#2513 = DIRECTION ( 'NONE',  ( -1.000000000000000000, 0.000000000000000000, 0.000000000000000000 ) ) ;
#2514 = VERTEX_POINT ( 'NONE', #4852 ) ;
#2515 = CIRCLE ( 'NONE', #3081, 2.271000000000002128 ) ;
#2516 = ORIENTED_EDGE ( 'NONE', *, *, #2194, .T. ) ;
#2517 = ADVANCED_FACE ( 'NONE', ( #2108 ), #4811, .T. ) ;
#2518 = DIRECTION ( 'NONE',  ( 0.000000000000000000, 0.000000000000000000, -1.000000000000000000 ) ) ;
#2519 = VECTOR ( 'NONE', #449, 1000.000000000000000 ) ;
#2520 = DIRECTION ( 'NONE',  ( 0.000000000000000000, 0.000000000000000000, 1.000000000000000000 ) ) ;
#2521 = DIRECTION ( 'NONE',  ( 0.000000000000000000, 0.000000000000000000, -1.000000000000000000 ) ) ;
#2522 = ORIENTED_EDGE ( 'NONE', *, *, #7186, .T. ) ;
#2523 = CARTESIAN_POINT ( 'NONE',  ( -9.525000000000000355, 2.068405620284300195, 71.35903068698951301 ) ) ;
#2524 = ORIENTED_EDGE ( 'NONE', *, *, #6257, .T. ) ;
#2525 = CARTESIAN_POINT ( 'NONE',  ( -12.69999999999999929, -12.69999999999999929, 116.7999999999999829 ) ) ;
#2526 = EDGE_CURVE ( 'NONE', #4999, #4861, #8571, .T. ) ;
#2527 = ADVANCED_FACE ( 'NONE', ( #6848 ), #5518, .F. ) ;
#2528 = EDGE_CURVE ( 'NONE', #8367, #6670, #7017, .T. ) ;
#2529 = FACE_BOUND ( 'NONE', #5523, .T. ) ;
#2530 = DIRECTION ( 'NONE',  ( -1.000000000000000000, 0.000000000000000000, 0.000000000000000000 ) ) ;
#2531 = ORIENTED_EDGE ( 'NONE', *, *, #3670, .T. ) ;
#2532 = CARTESIAN_POINT ( 'NONE',  ( -9.525000000000000355, -12.33648634558010748, 47.30376971111923723 ) ) ;
#2533 = CARTESIAN_POINT ( 'NONE',  ( -12.69999999999999751, -11.15407434219252103, 49.24267219815796182 ) ) ;
#2534 = ORIENTED_EDGE ( 'NONE', *, *, #1015, .F. ) ;
#2535 = ORIENTED_EDGE ( 'NONE', *, *, #6141, .T. ) ;
#2536 = DIRECTION ( 'NONE',  ( 0.000000000000000000, 0.000000000000000000, 1.000000000000000000 ) ) ;
#2537 = DIRECTION ( 'NONE',  ( 0.000000000000000000, 0.000000000000000000, 1.000000000000000000 ) ) ;
#2538 = DIRECTION ( 'NONE',  ( -1.000000000000000000, 0.000000000000000000, 0.000000000000000000 ) ) ;
#2539 = LINE ( 'NONE', #8577, #6345 ) ;
#2540 = CARTESIAN_POINT ( 'NONE',  ( 9.525000000000000355, -16.22354728284506820, 40.36214363188775422 ) ) ;
#2541 = ORIENTED_EDGE ( 'NONE', *, *, #2528, .F. ) ;
#2542 = ORIENTED_EDGE ( 'NONE', *, *, #8172, .F. ) ;
#2543 = CARTESIAN_POINT ( 'NONE',  ( 12.70000000000000107, -6.152699789198520897, 53.28107590238573010 ) ) ;
#2544 = DIRECTION ( 'NONE',  ( 1.000000000000000000, 0.000000000000000000, 0.000000000000000000 ) ) ;
#2545 = FACE_BOUND ( 'NONE', #2991, .T. ) ;
#2546 = CARTESIAN_POINT ( 'NONE',  ( 7.746038523653021987E-16, 25.40000000000000213, 101.5999999999999943 ) ) ;
#2547 = AXIS2_PLACEMENT_3D ( 'NONE', #5617, #2161, #6862 ) ;
#2548 = EDGE_LOOP ( 'NONE', ( #4960, #4243, #7373, #7483 ) ) ;
#2549 = DIRECTION ( 'NONE',  ( 1.000000000000000000, 0.000000000000000000, 0.000000000000000000 ) ) ;
#2550 = ORIENTED_EDGE ( 'NONE', *, *, #1325, .T. ) ;
#2551 = CARTESIAN_POINT ( 'NONE',  ( -9.525000000000002132, 12.69999999999999929, 61.00000000000000711 ) ) ;
#2552 = ORIENTED_EDGE ( 'NONE', *, *, #7272, .T. ) ;
#2553 = AXIS2_PLACEMENT_3D ( 'NONE', #5361, #8639, #4028 ) ;
#2554 = EDGE_CURVE ( 'NONE', #2719, #2983, #6454, .T. ) ;
#2555 = ORIENTED_EDGE ( 'NONE', *, *, #6240, .F. ) ;
#2556 = AXIS2_PLACEMENT_3D ( 'NONE', #2540, #5250, #6044 ) ;
#2557 = DIRECTION ( 'NONE',  ( -0.000000000000000000, 1.000000000000000000, -0.000000000000000000 ) ) ;
#2558 = DIRECTION ( 'NONE',  ( -1.000000000000000000, 0.000000000000000000, 0.000000000000000000 ) ) ;
#2559 = CARTESIAN_POINT ( 'NONE',  ( -12.69999999999999751, -15.22687436074365230, 92.98837563695990127 ) ) ;
#2560 = EDGE_LOOP ( 'NONE', ( #1047, #326, #4694, #1584 ) ) ;
#2561 = DIRECTION ( 'NONE',  ( -1.000000000000000000, -0.000000000000000000, -0.000000000000000000 ) ) ;
#2562 = AXIS2_PLACEMENT_3D ( 'NONE', #5107, #5031, #5861 ) ;
#2563 = VERTEX_POINT ( 'NONE', #1965 ) ;
#2564 = EDGE_CURVE ( 'NONE', #1089, #6716, #4189, .T. ) ;
#2565 = CARTESIAN_POINT ( 'NONE',  ( -12.69999999999999751, 10.07084749364639542, 101.8189322704980668 ) ) ;
#2566 = CIRCLE ( 'NONE', #1021, 2.080499999999998906 ) ;
#2567 = CARTESIAN_POINT ( 'NONE',  ( -12.69999999999999751, -12.69999999999999929, 12.69999999999999929 ) ) ;
#2568 = LINE ( 'NONE', #1030, #1059 ) ;
#2569 = VERTEX_POINT ( 'NONE', #3387 ) ;
#2570 = CARTESIAN_POINT ( 'NONE',  ( -12.69999999999999751, 12.33648634557998314, 49.57476971111940856 ) ) ;
#2571 = EDGE_CURVE ( 'NONE', #773, #2490, #1204, .T. ) ;
#2572 = AXIS2_PLACEMENT_3D ( 'NONE', #3789, #3121, #2582 ) ;
#2573 = CC_DESIGN_DATE_AND_TIME_ASSIGNMENT ( #8244, #4959, ( #4689 ) ) ;
#2574 = ADVANCED_FACE ( 'NONE', ( #4716 ), #8223, .F. ) ;
#2575 = AXIS2_PLACEMENT_3D ( 'NONE', #5257, #1932, #8090 ) ;
#2576 = CARTESIAN_POINT ( 'NONE',  ( 9.525000000000000355, -6.152699789198520897, 104.0810759023857344 ) ) ;
#2577 = EDGE_CURVE ( 'NONE', #8203, #1624, #6134, .T. ) ;
#2578 = ORIENTED_EDGE ( 'NONE', *, *, #1441, .F. ) ;
#2579 = AXIS2_PLACEMENT_3D ( 'NONE', #7546, #8305, #1475 ) ;
#2581 = LINE ( 'NONE', #1915, #7109 ) ;
#2580 = AXIS2_PLACEMENT_3D ( 'NONE', #1972, #4635, #512 ) ;
#2582 = DIRECTION ( 'NONE',  ( 0.000000000000000000, 0.000000000000000000, 1.000000000000000000 ) ) ;
#2583 = CARTESIAN_POINT ( 'NONE',  ( -9.525000000000000355, -10.07084749364648069, 27.26156772950202267 ) ) ;
#2584 = CARTESIAN_POINT ( 'NONE',  ( 12.70000000000000107, 3.577867169202164632E-15, 38.10000000000001563 ) ) ;
#2585 = CARTESIAN_POINT ( 'NONE',  ( 12.70000000000000107, -25.39999999999999503, 127.0000000000000000 ) ) ;
#2586 = EDGE_CURVE ( 'NONE', #8189, #6340, #5611, .T. ) ;
#2587 = CARTESIAN_POINT ( 'NONE',  ( 12.70000000000000107, -14.16298196909033535, 86.92517298397507375 ) ) ;
#2588 = ORIENTED_EDGE ( 'NONE', *, *, #2264, .F. ) ;
#2589 = AXIS2_PLACEMENT_3D ( 'NONE', #1678, #1631, #923 ) ;
#2590 = ORIENTED_EDGE ( 'NONE', *, *, #3566, .T. ) ;
#2591 = AXIS2_PLACEMENT_3D ( 'NONE', #8088, #3529, #2815 ) ;
#2592 = DIRECTION ( 'NONE',  ( -1.000000000000000000, 0.000000000000000000, 0.000000000000000000 ) ) ;
#2593 = DIRECTION ( 'NONE',  ( 0.000000000000000000, 0.000000000000000000, 1.000000000000000000 ) ) ;
#2595 = AXIS2_PLACEMENT_3D ( 'NONE', #8371, #5003, #5707 ) ;
#2594 = CARTESIAN_POINT ( 'NONE',  ( 12.70000000000000107, 15.22687436074368783, 84.81162436304023799 ) ) ;
#2596 = DIRECTION ( 'NONE',  ( 0.000000000000000000, 0.000000000000000000, 1.000000000000000000 ) ) ;
#2597 = CIRCLE ( 'NONE', #1868, 2.499999999999996891 ) ;
#2598 = ORIENTED_EDGE ( 'NONE', *, *, #2029, .F. ) ;
#2599 = LINE ( 'NONE', #20, #2794 ) ;
#2600 = ORIENTED_EDGE ( 'NONE', *, *, #6743, .F. ) ;
#2601 = CARTESIAN_POINT ( 'NONE',  ( 1.080765552152139379E-15, 25.40000000000000213, 48.30000000000001137 ) ) ;
#2602 = ORIENTED_EDGE ( 'NONE', *, *, #6329, .F. ) ;
#2603 = ORIENTED_EDGE ( 'NONE', *, *, #5521, .T. ) ;
#2604 = AXIS2_PLACEMENT_3D ( 'NONE', #5333, #8078, #1341 ) ;
#2605 = CARTESIAN_POINT ( 'NONE',  ( -12.69999999999999751, -5.371240620587823145, 102.1529156865856294 ) ) ;
#2606 = APPLICATION_PROTOCOL_DEFINITION ( 'international standard', 'config_control_design', 1994, #329 ) ;
#2607 = DIRECTION ( 'NONE',  ( 0.000000000000000000, 0.000000000000000000, 1.000000000000000000 ) ) ;
#2608 = ORIENTED_EDGE ( 'NONE', *, *, #3992, .F. ) ;
#2609 = DIRECTION ( 'NONE',  ( 1.000000000000000000, -0.000000000000000000, -0.000000000000000000 ) ) ;
#2610 = CIRCLE ( 'NONE', #7279, 2.270999999999995467 ) ;
#2611 = ORIENTED_EDGE ( 'NONE', *, *, #574, .F. ) ;
#2612 = VERTEX_POINT ( 'NONE', #6175 ) ;
#2613 = FACE_BOUND ( 'NONE', #8149, .T. ) ;
#2614 = VECTOR ( 'NONE', #3423, 1000.000000000000000 ) ;
#2615 = EDGE_CURVE ( 'NONE', #7385, #8127, #4667, .T. ) ;
#2616 = DIRECTION ( 'NONE',  ( -1.000000000000000000, -0.000000000000000000, -0.000000000000000000 ) ) ;
#2617 = DIRECTION ( 'NONE',  ( 1.000000000000000000, 0.000000000000000000, 0.000000000000000000 ) ) ;
#2618 = ORIENTED_EDGE ( 'NONE', *, *, #4747, .F. ) ;
#2619 = LINE ( 'NONE', #7320, #8614 ) ;
#2620 = AXIS2_PLACEMENT_3D ( 'NONE', #6473, #2351, #355 ) ;
#2621 = CARTESIAN_POINT ( 'NONE',  ( 12.70000000000000107, 15.22687436074360257, 42.18837563696011017 ) ) ;
#2622 = EDGE_LOOP ( 'NONE', ( #1912, #5197 ) ) ;
#2623 = ADVANCED_FACE ( 'NONE', ( #103 ), #7368, .F. ) ;
#2624 = AXIS2_PLACEMENT_3D ( 'NONE', #2851, #1478, #6802 ) ;
#2625 = ADVANCED_FACE ( 'NONE', ( #322 ), #189, .F. ) ;
#2626 = DIRECTION ( 'NONE',  ( -0.000000000000000000, 1.000000000000000000, -0.000000000000000000 ) ) ;
#2627 = LINE ( 'NONE', #5332, #7270 ) ;
#2628 = CARTESIAN_POINT ( 'NONE',  ( 12.70000000000000107, -12.33648634558010748, 98.10376971111922728 ) ) ;
#2629 = LINE ( 'NONE', #683, #3626 ) ;
#2630 = DIRECTION ( 'NONE',  ( -0.000000000000000000, 1.000000000000000000, -0.000000000000000000 ) ) ;
#2631 = DIRECTION ( 'NONE',  ( 1.000000000000000000, -0.000000000000000000, -0.000000000000000000 ) ) ;
#2632 = VERTEX_POINT ( 'NONE', #233 ) ;
#2633 = CIRCLE ( 'NONE', #7591, 2.499999999999988454 ) ;
#2634 = ORIENTED_EDGE ( 'NONE', *, *, #3946, .F. ) ;
#2635 = EDGE_CURVE ( 'NONE', #3006, #2867, #3029, .T. ) ;
#2636 = EDGE_CURVE ( 'NONE', #3912, #4670, #946, .T. ) ;
#2637 = EDGE_CURVE ( 'NONE', #2173, #1277, #4274, .T. ) ;
#2638 = ORIENTED_EDGE ( 'NONE', *, *, #5860, .F. ) ;
#2639 = AXIS2_PLACEMENT_3D ( 'NONE', #5849, #397, #3102 ) ;
#2640 = DIRECTION ( 'NONE',  ( 0.000000000000000000, 0.000000000000000000, 1.000000000000000000 ) ) ;
#2641 = CIRCLE ( 'NONE', #7459, 2.271000000000002128 ) ;
#2642 = FACE_BOUND ( 'NONE', #3625, .T. ) ;
#2643 = CARTESIAN_POINT ( 'NONE',  ( -12.69999999999999751, -12.69999999999999929, 116.7999999999999829 ) ) ;
#2644 = EDGE_LOOP ( 'NONE', ( #2181, #2770, #3672, #7111 ) ) ;
#2645 = DIRECTION ( 'NONE',  ( -1.000000000000000000, -0.000000000000000000, -0.000000000000000000 ) ) ;
#2646 = EDGE_LOOP ( 'NONE', ( #507, #7643, #4563, #369 ) ) ;
#2647 = DIRECTION ( 'NONE',  ( 0.000000000000000000, 0.000000000000000000, -1.000000000000000000 ) ) ;
#2648 = ORIENTED_EDGE ( 'NONE', *, *, #7629, .F. ) ;
#2649 = ORIENTED_EDGE ( 'NONE', *, *, #7030, .F. ) ;
#2650 = CIRCLE ( 'NONE', #6469, 2.080499999999998906 ) ;
#2651 = CARTESIAN_POINT ( 'NONE',  ( -12.69999999999999751, 4.072800018551152590, 73.66895216488211418 ) ) ;
#2652 = VECTOR ( 'NONE', #7965, 1000.000000000000000 ) ;
#2653 = DIRECTION ( 'NONE',  ( -1.000000000000000000, -0.000000000000000000, -0.000000000000000000 ) ) ;
#2654 = ORIENTED_EDGE ( 'NONE', *, *, #4476, .F. ) ;
#2656 = DIRECTION ( 'NONE',  ( 0.000000000000000000, 1.667602476305511223E-15, 1.000000000000000000 ) ) ;
#2655 = AXIS2_PLACEMENT_3D ( 'NONE', #4131, #2755, #8576 ) ;
#2657 = VERTEX_POINT ( 'NONE', #3655 ) ;
#2658 = ORIENTED_EDGE ( 'NONE', *, *, #339, .F. ) ;
#2659 = DIRECTION ( 'NONE',  ( 0.000000000000000000, 0.000000000000000000, 1.000000000000000000 ) ) ;
#2660 = DIRECTION ( 'NONE',  ( -1.000000000000000000, -0.000000000000000000, -0.000000000000000000 ) ) ;
#2661 = DIRECTION ( 'NONE',  ( -1.000000000000000000, 0.000000000000000000, 0.000000000000000000 ) ) ;
#2662 = ORIENTED_EDGE ( 'NONE', *, *, #7782, .F. ) ;
#2663 = AXIS2_PLACEMENT_3D ( 'NONE', #2532, #5859, #1154 ) ;
#2664 = LINE ( 'NONE', #6701, #8043 ) ;
#2665 = DIRECTION ( 'NONE',  ( 0.000000000000000000, 0.000000000000000000, 1.000000000000000000 ) ) ;
#2666 = EDGE_CURVE ( 'NONE', #5090, #6725, #3062, .T. ) ;
#2667 = ORIENTED_EDGE ( 'NONE', *, *, #8175, .F. ) ;
#2668 = CARTESIAN_POINT ( 'NONE',  ( -9.525000000000000355, -14.16298196909034779, 40.07482701602484099 ) ) ;
#2669 = LINE ( 'NONE', #1389, #7698 ) ;
#2670 = CARTESIAN_POINT ( 'NONE',  ( -12.69999999999999751, 0.000000000000000000, 114.2999999999999972 ) ) ;
#2671 = DIRECTION ( 'NONE',  ( 0.000000000000000000, 0.000000000000000000, 1.000000000000000000 ) ) ;
#2672 = DIRECTION ( 'NONE',  ( -1.000000000000000000, -0.000000000000000000, -0.000000000000000000 ) ) ;
#2673 = CARTESIAN_POINT ( 'NONE',  ( 9.525000000000000355, 10.07084749364639542, 101.8189322704980668 ) ) ;
#2674 = VERTEX_POINT ( 'NONE', #2941 ) ;
#2675 = EDGE_CURVE ( 'NONE', #8008, #1121, #6974, .T. ) ;
#2676 = VERTEX_POINT ( 'NONE', #6396 ) ;
#2677 = ORIENTED_EDGE ( 'NONE', *, *, #2615, .F. ) ;
#2678 = DIRECTION ( 'NONE',  ( 1.000000000000000000, -0.000000000000000000, -0.000000000000000000 ) ) ;
#2679 = CARTESIAN_POINT ( 'NONE',  ( 9.525000000000000355, -14.15672222192817387, 27.53822353099798192 ) ) ;
#2680 = DIRECTION ( 'NONE',  ( 0.000000000000000000, 0.000000000000000000, 1.000000000000000000 ) ) ;
#2681 = ORIENTED_EDGE ( 'NONE', *, *, #5394, .F. ) ;
#2682 = CARTESIAN_POINT ( 'NONE',  ( 12.70000000000000107, -2.068405620284295310, 55.64096931301052251 ) ) ;
#2683 = ORIENTED_EDGE ( 'NONE', *, *, #5358, .F. ) ;
#2684 = CARTESIAN_POINT ( 'NONE',  ( 1.555301434917138433E-15, -22.22499999999999787, 114.2999999999999972 ) ) ;
#2685 = ORIENTED_EDGE ( 'NONE', *, *, #4087, .T. ) ;
#2686 = EDGE_CURVE ( 'NONE', #5090, #6160, #987, .T. ) ;
#2687 = EDGE_CURVE ( 'NONE', #1121, #1627, #937, .T. ) ;
#2688 = EDGE_CURVE ( 'NONE', #2377, #4932, #5322, .T. ) ;
#2689 = ORIENTED_EDGE ( 'NONE', *, *, #2312, .F. ) ;
#2691 = CARTESIAN_POINT ( 'NONE',  ( -9.525000000000000355, -15.22687436074365230, 42.18837563695990411 ) ) ;
#2690 = VECTOR ( 'NONE', #248, 1000.000000000000000 ) ;
#2692 = CARTESIAN_POINT ( 'NONE',  ( 9.525000000000000355, 6.152699789198528002, 22.91892409761429406 ) ) ;
#2693 = DIRECTION ( 'NONE',  ( 1.000000000000000000, 0.000000000000000000, 0.000000000000000000 ) ) ;
#2694 = CARTESIAN_POINT ( 'NONE',  ( -12.69999999999999751, 12.69999999999999929, 63.50000000000000000 ) ) ;
#2695 = ORIENTED_EDGE ( 'NONE', *, *, #4220, .T. ) ;
#2696 = CARTESIAN_POINT ( 'NONE',  ( -12.69999999999999751, 15.22687436074368783, 34.01162436304024084 ) ) ;
#2697 = ORIENTED_EDGE ( 'NONE', *, *, #4206, .F. ) ;
#2698 = ADVANCED_FACE ( 'NONE', ( #8437 ), #8398, .F. ) ;
#2699 = ORIENTED_EDGE ( 'NONE', *, *, #7400, .F. ) ;
#2700 = CARTESIAN_POINT ( 'NONE',  ( -12.69999999999999751, -14.13894155320108759, 44.18182571315256268 ) ) ;
#2701 = VECTOR ( 'NONE', #5430, 1000.000000000000000 ) ;
#2702 = CARTESIAN_POINT ( 'NONE',  ( 7.746038523653021987E-16, -25.39999999999999503, 38.09999999999999432 ) ) ;
#2703 = CARTESIAN_POINT ( 'NONE',  ( -12.69999999999999751, 16.22512784221258997, 31.12080715599162417 ) ) ;
#2704 = AXIS2_PLACEMENT_3D ( 'NONE', #6748, #1246, #7278 ) ;
#2705 = DIRECTION ( 'NONE',  ( -1.000000000000000000, 0.000000000000000000, 0.000000000000000000 ) ) ;
#2706 = DIRECTION ( 'NONE',  ( -1.000000000000000000, -0.000000000000000000, -0.000000000000000000 ) ) ;
#2707 = ORIENTED_EDGE ( 'NONE', *, *, #2047, .F. ) ;
#2708 = CARTESIAN_POINT ( 'NONE',  ( -9.525000000000000355, 3.577867169202164632E-15, 88.90000000000000568 ) ) ;
#2709 = CYLINDRICAL_SURFACE ( 'NONE', #4416, 2.080499999999998906 ) ;
#2710 = VERTEX_POINT ( 'NONE', #2234 ) ;
#2711 = AXIS2_PLACEMENT_3D ( 'NONE', #8126, #4093, #3426 ) ;
#2712 = EDGE_LOOP ( 'NONE', ( #6765, #8227, #494, #1983 ) ) ;
#2713 = LINE ( 'NONE', #6084, #6402 ) ;
#2714 = CARTESIAN_POINT ( 'NONE',  ( 12.70000000000000107, -2.068405620284290425, 20.55903068698950520 ) ) ;
#2715 = AXIS2_PLACEMENT_3D ( 'NONE', #7143, #1068, #3770 ) ;
#2716 = DIRECTION ( 'NONE',  ( -1.000000000000000000, -0.000000000000000000, -0.000000000000000000 ) ) ;
#2717 = DIRECTION ( 'NONE',  ( 0.000000000000000000, -8.338012381527556114E-16, -1.000000000000000000 ) ) ;
#2718 = CARTESIAN_POINT ( 'NONE',  ( 12.70000000000000107, 2.068405620284300195, 20.55903068698950520 ) ) ;
#2719 = VERTEX_POINT ( 'NONE', #854 ) ;
#2720 = EDGE_LOOP ( 'NONE', ( #4235, #8702 ) ) ;
#2721 = CIRCLE ( 'NONE', #6411, 2.080499999999998906 ) ;
#2722 = AXIS2_PLACEMENT_3D ( 'NONE', #1412, #4120, #3455 ) ;
#2723 = ORIENTED_EDGE ( 'NONE', *, *, #4087, .F. ) ;
#2724 = EDGE_CURVE ( 'NONE', #3708, #8413, #2277, .T. ) ;
#2725 = CARTESIAN_POINT ( 'NONE',  ( 9.525000000000000355, -12.69999999999999929, 12.69999999999999929 ) ) ;
#2726 = LINE ( 'NONE', #5528, #5577 ) ;
#2727 = DIRECTION ( 'NONE',  ( 0.000000000000000000, 0.000000000000000000, 1.000000000000000000 ) ) ;
#2728 = ORIENTED_EDGE ( 'NONE', *, *, #3832, .T. ) ;
#2729 = CARTESIAN_POINT ( 'NONE',  ( -12.69999999999999751, 10.07084749364639542, 51.01893227049807678 ) ) ;
#2730 = VERTEX_POINT ( 'NONE', #7640 ) ;
#2731 = CIRCLE ( 'NONE', #4570, 2.270999999999995467 ) ;
#2732 = VECTOR ( 'NONE', #4724, 1000.000000000000000 ) ;
#2733 = DIRECTION ( 'NONE',  ( -0.000000000000000000, 1.000000000000000000, -0.000000000000000000 ) ) ;
#2734 = ORIENTED_EDGE ( 'NONE', *, *, #351, .F. ) ;
#2735 = ORIENTED_EDGE ( 'NONE', *, *, #1061, .F. ) ;
#2736 = AXIS2_PLACEMENT_3D ( 'NONE', #7297, #1219, #3260 ) ;
#2737 = VECTOR ( 'NONE', #8704, 1000.000000000000000 ) ;
#2738 = CARTESIAN_POINT ( 'NONE',  ( 12.70000000000000107, -6.152699789198520897, 73.71892409761429121 ) ) ;
#2739 = EDGE_CURVE ( 'NONE', #7893, #6404, #1080, .T. ) ;
#2740 = CARTESIAN_POINT ( 'NONE',  ( -12.69999999999999751, -12.33648634558010748, 49.57476971111923802 ) ) ;
#2741 = APPROVAL ( #5312, 'UNSPECIFIED' ) ;
#2742 = EDGE_CURVE ( 'NONE', #8274, #7348, #5025, .T. ) ;
#2743 = APPROVAL_DATE_TIME ( #1500, #7566 ) ;
#2744 = ORIENTED_EDGE ( 'NONE', *, *, #1366, .T. ) ;
#2745 = CYLINDRICAL_SURFACE ( 'NONE', #2789, 2.499999999999992006 ) ;
#2746 = EDGE_LOOP ( 'NONE', ( #8236, #3534 ) ) ;
#2747 = DIRECTION ( 'NONE',  ( 0.000000000000000000, 0.000000000000000000, 1.000000000000000000 ) ) ;
#2748 = VERTEX_POINT ( 'NONE', #7685 ) ;
#2749 = ORIENTED_EDGE ( 'NONE', *, *, #2264, .T. ) ;
#2750 = DIRECTION ( 'NONE',  ( 1.000000000000000000, 0.000000000000000000, 0.000000000000000000 ) ) ;
#2751 = CARTESIAN_POINT ( 'NONE',  ( 1.555301434917138038E-15, 22.22500000000000142, 76.19999999999998863 ) ) ;
#2752 = VECTOR ( 'NONE', #1651, 1000.000000000000000 ) ;
#2753 = ADVANCED_FACE ( 'NONE', ( #7728 ), #1653, .F. ) ;
#2754 = EDGE_CURVE ( 'NONE', #5132, #5712, #2925, .T. ) ;
#2755 = DIRECTION ( 'NONE',  ( 1.000000000000000000, 0.000000000000000000, 0.000000000000000000 ) ) ;
#2756 = DIRECTION ( 'NONE',  ( 0.000000000000000000, 0.000000000000000000, -1.000000000000000000 ) ) ;
#2757 = ORIENTED_EDGE ( 'NONE', *, *, #717, .T. ) ;
#2758 = CARTESIAN_POINT ( 'NONE',  ( 1.555301434917138433E-15, 25.40000000000000213, 114.2999999999999972 ) ) ;
#2759 = FACE_OUTER_BOUND ( 'NONE', #5714, .T. ) ;
#2760 = VECTOR ( 'NONE', #4392, 1000.000000000000000 ) ;
#2761 = VERTEX_POINT ( 'NONE', #665 ) ;
#2762 = CARTESIAN_POINT ( 'NONE',  ( 12.70000000000000107, -8.791741348502467801, 26.82191132943921019 ) ) ;
#2763 = LINE ( 'NONE', #4805, #2180 ) ;
#2765 = DIRECTION ( 'NONE',  ( -1.000000000000000000, -0.000000000000000000, -0.000000000000000000 ) ) ;
#2764 = CIRCLE ( 'NONE', #3475, 17.66249999999999787 ) ;
#2766 = DIRECTION ( 'NONE',  ( 0.000000000000000000, 0.000000000000000000, 1.000000000000000000 ) ) ;
#2767 = CARTESIAN_POINT ( 'NONE',  ( -12.69999999999999929, 12.69999999999999929, 114.2999999999999972 ) ) ;
#2768 = DIRECTION ( 'NONE',  ( -1.000000000000000000, -0.000000000000000000, -0.000000000000000000 ) ) ;
#2769 = ORIENTED_EDGE ( 'NONE', *, *, #3072, .F. ) ;
#2770 = ORIENTED_EDGE ( 'NONE', *, *, #7341, .F. ) ;
#2771 = AXIS2_PLACEMENT_3D ( 'NONE', #7048, #4386, #347 ) ;
#2772 = ORIENTED_EDGE ( 'NONE', *, *, #38, .T. ) ;
#2773 = DIRECTION ( 'NONE',  ( -1.000000000000000000, 0.000000000000000000, 0.000000000000000000 ) ) ;
#2774 = LINE ( 'NONE', #2816, #7269 ) ;
#2775 = CYLINDRICAL_SURFACE ( 'NONE', #7605, 17.66250000000000497 ) ;
#2776 = EDGE_LOOP ( 'NONE', ( #3608, #651, #8478, #3050 ) ) ;
#2777 = FACE_OUTER_BOUND ( 'NONE', #6605, .T. ) ;
#2778 = VECTOR ( 'NONE', #7535, 1000.000000000000000 ) ;
#2779 = DIRECTION ( 'NONE',  ( -1.000000000000000000, -0.000000000000000000, -0.000000000000000000 ) ) ;
#2780 = EDGE_LOOP ( 'NONE', ( #7756, #5483, #8748, #6779 ) ) ;
#2781 = ORIENTED_EDGE ( 'NONE', *, *, #5109, .T. ) ;
#2782 = ADVANCED_FACE ( 'NONE', ( #7584 ), #1327, .T. ) ;
#2783 = VECTOR ( 'NONE', #884, 1000.000000000000000 ) ;
#2784 = CARTESIAN_POINT ( 'NONE',  ( -12.69999999999999751, 6.152699789198528002, 73.71892409761429121 ) ) ;
#2785 = CARTESIAN_POINT ( 'NONE',  ( 1.555301434917138433E-15, 25.40000000000000213, 114.2999999999999972 ) ) ;
#2786 = DIRECTION ( 'NONE',  ( 1.000000000000000000, 0.000000000000000000, 0.000000000000000000 ) ) ;
#2787 = CARTESIAN_POINT ( 'NONE',  ( 1.555301434917138038E-15, 25.40000000000000213, 78.69999999999997442 ) ) ;
#2788 = VERTEX_POINT ( 'NONE', #6163 ) ;
#2789 = AXIS2_PLACEMENT_3D ( 'NONE', #4650, #4605, #6687 ) ;
#2790 = AXIS2_PLACEMENT_3D ( 'NONE', #510, #5792, #7295 ) ;
#2791 = EDGE_LOOP ( 'NONE', ( #4662, #7103 ) ) ;
#2792 = ADVANCED_FACE ( 'NONE', ( #7445 ), #4885, .F. ) ;
#2793 = DIRECTION ( 'NONE',  ( 0.000000000000000000, 0.000000000000000000, 1.000000000000000000 ) ) ;
#2794 = VECTOR ( 'NONE', #3264, 1000.000000000000000 ) ;
#2795 = AXIS2_PLACEMENT_3D ( 'NONE', #8408, #5038, #8533 ) ;
#2796 = FACE_OUTER_BOUND ( 'NONE', #2074, .T. ) ;
#2797 = CARTESIAN_POINT ( 'NONE',  ( 1.555301434917138433E-15, 25.40000000000000213, 65.99999999999998579 ) ) ;
#2798 = ORIENTED_EDGE ( 'NONE', *, *, #7667, .F. ) ;
#2799 = DIRECTION ( 'NONE',  ( 0.000000000000000000, 0.000000000000000000, -1.000000000000000000 ) ) ;
#2800 = DIRECTION ( 'NONE',  ( 1.000000000000000000, 0.000000000000000000, 0.000000000000000000 ) ) ;
#2801 = AXIS2_PLACEMENT_3D ( 'NONE', #1209, #3875, #2498 ) ;
#2802 = EDGE_CURVE ( 'NONE', #7215, #591, #7444, .T. ) ;
#2803 = EDGE_CURVE ( 'NONE', #1624, #2041, #4612, .T. ) ;
#2804 = ADVANCED_FACE ( 'NONE', ( #2881 ), #4700, .F. ) ;
#2805 = LINE ( 'NONE', #6172, #6840 ) ;
#2806 = VECTOR ( 'NONE', #5070, 1000.000000000000000 ) ;
#2807 = DIRECTION ( 'NONE',  ( 0.000000000000000000, 0.000000000000000000, 1.000000000000000000 ) ) ;
#2808 = DIRECTION ( 'NONE',  ( 0.000000000000000000, 0.000000000000000000, 1.000000000000000000 ) ) ;
#2809 = DIRECTION ( 'NONE',  ( -0.000000000000000000, 1.000000000000000000, -0.000000000000000000 ) ) ;
#2810 = CARTESIAN_POINT ( 'NONE',  ( 12.70000000000000107, 3.577867169202164632E-15, 88.90000000000000568 ) ) ;
#2811 = FACE_OUTER_BOUND ( 'NONE', #1267, .T. ) ;
#2812 = ORIENTED_EDGE ( 'NONE', *, *, #2849, .F. ) ;
#2813 = EDGE_LOOP ( 'NONE', ( #4322, #3043 ) ) ;
#2814 = ORIENTED_EDGE ( 'NONE', *, *, #2045, .F. ) ;
#2815 = DIRECTION ( 'NONE',  ( 0.000000000000000000, 0.000000000000000000, 1.000000000000000000 ) ) ;
#2816 = CARTESIAN_POINT ( 'NONE',  ( -12.69999999999999751, 12.69999999999999929, 116.7999999999999829 ) ) ;
#2817 = DIRECTION ( 'NONE',  ( 0.000000000000000000, 0.000000000000000000, 1.000000000000000000 ) ) ;
#2818 = ORIENTED_EDGE ( 'NONE', *, *, #2327, .F. ) ;
#2819 = FACE_BOUND ( 'NONE', #3402, .T. ) ;
#2820 = CYLINDRICAL_SURFACE ( 'NONE', #7651, 2.499999999999992006 ) ;
#2821 = ORIENTED_EDGE ( 'NONE', *, *, #4617, .T. ) ;
#2822 = ORIENTED_EDGE ( 'NONE', *, *, #8749, .F. ) ;
#2823 = FACE_OUTER_BOUND ( 'NONE', #1900, .T. ) ;
#2824 = CYLINDRICAL_SURFACE ( 'NONE', #2722, 17.66249999999999787 ) ;
#2825 = VECTOR ( 'NONE', #6839, 1000.000000000000000 ) ;
#2826 = VERTEX_POINT ( 'NONE', #6246 ) ;
#2827 = DIRECTION ( 'NONE',  ( 1.000000000000000000, 0.000000000000000000, 0.000000000000000000 ) ) ;
#2828 = EDGE_CURVE ( 'NONE', #4067, #287, #6740, .T. ) ;
#2829 = ORIENTED_EDGE ( 'NONE', *, *, #1797, .T. ) ;
#2830 = FACE_OUTER_BOUND ( 'NONE', #686, .T. ) ;
#2831 = ORIENTED_EDGE ( 'NONE', *, *, #4734, .F. ) ;
#2832 = ORIENTED_EDGE ( 'NONE', *, *, #2686, .T. ) ;
#2833 = CIRCLE ( 'NONE', #8645, 2.499999999999988454 ) ;
#2834 = LINE ( 'NONE', #2046, #7733 ) ;
#2835 = DIRECTION ( 'NONE',  ( 0.000000000000000000, 0.000000000000000000, 1.000000000000000000 ) ) ;
#2836 = EDGE_CURVE ( 'NONE', #2150, #5286, #2834, .T. ) ;
#2837 = DIRECTION ( 'NONE',  ( 0.000000000000000000, 0.000000000000000000, 1.000000000000000000 ) ) ;
#2838 = CIRCLE ( 'NONE', #859, 2.080499999999998906 ) ;
#2839 = EDGE_LOOP ( 'NONE', ( #1893, #2857, #2634, #8561 ) ) ;
#2840 = CARTESIAN_POINT ( 'NONE',  ( -9.525000000000000355, 16.22512784221258997, 81.92080715599162488 ) ) ;
#2841 = DIRECTION ( 'NONE',  ( -1.000000000000000000, -0.000000000000000000, -0.000000000000000000 ) ) ;
#2842 = LOCAL_TIME ( 14, 50, 0.000000000000000000, #121 ) ;
#2843 = CIRCLE ( 'NONE', #8081, 2.080499999999998906 ) ;
#2844 = LINE ( 'NONE', #3558, #2436 ) ;
#2845 = CARTESIAN_POINT ( 'NONE',  ( 12.70000000000000107, 14.15672222192832841, 78.33822353099817803 ) ) ;
#2846 = ADVANCED_FACE ( 'NONE', ( #6206 ), #3420, .F. ) ;
#2847 = CARTESIAN_POINT ( 'NONE',  ( -12.69999999999999751, 5.371240620587830250, 102.1529156865856294 ) ) ;
#2848 = EDGE_CURVE ( 'NONE', #4837, #3396, #4839, .T. ) ;
#2849 = EDGE_CURVE ( 'NONE', #5374, #4345, #8254, .T. ) ;
#2850 = EDGE_CURVE ( 'NONE', #6198, #656, #7874, .T. ) ;
#2851 = CARTESIAN_POINT ( 'NONE',  ( 0.000000000000000000, 25.40000000000000213, 12.69999999999999929 ) ) ;
#2852 = CYLINDRICAL_SURFACE ( 'NONE', #6918, 2.080499999999998906 ) ;
#2853 = CARTESIAN_POINT ( 'NONE',  ( -9.525000000000000355, -2.068405620284290425, 20.55903068698950520 ) ) ;
#2854 = EDGE_LOOP ( 'NONE', ( #2013, #3142, #8169, #6736 ) ) ;
#2855 = ORIENTED_EDGE ( 'NONE', *, *, #3171, .T. ) ;
#2857 = ORIENTED_EDGE ( 'NONE', *, *, #7243, .F. ) ;
#2856 = AXIS2_PLACEMENT_3D ( 'NONE', #7099, #1730, #5768 ) ;
#2858 = DIRECTION ( 'NONE',  ( -1.000000000000000000, -0.000000000000000000, -0.000000000000000000 ) ) ;
#2859 = CARTESIAN_POINT ( 'NONE',  ( -9.525000000000000355, 14.15672222192832841, 78.33822353099817803 ) ) ;
#2860 = DIRECTION ( 'NONE',  ( -1.000000000000000000, -0.000000000000000000, -0.000000000000000000 ) ) ;
#2861 = EDGE_CURVE ( 'NONE', #6539, #6271, #840, .T. ) ;
#2862 = EDGE_CURVE ( 'NONE', #8466, #298, #3907, .T. ) ;
#2863 = CARTESIAN_POINT ( 'NONE',  ( -12.69999999999999751, 14.15672222192832841, 27.53822353099818443 ) ) ;
#2864 = DIRECTION ( 'NONE',  ( 1.000000000000000000, 0.000000000000000000, 0.000000000000000000 ) ) ;
#2865 = ORIENTED_EDGE ( 'NONE', *, *, #8286, .T. ) ;
#2866 = AXIS2_PLACEMENT_3D ( 'NONE', #4270, #5515, #8349 ) ;
#2867 = VERTEX_POINT ( 'NONE', #8297 ) ;
#2868 = DIRECTION ( 'NONE',  ( 1.000000000000000000, -0.000000000000000000, -0.000000000000000000 ) ) ;
#2869 = CARTESIAN_POINT ( 'NONE',  ( 12.70000000000000107, 16.22512784221244786, 95.87919284400875597 ) ) ;
#2871 = DIRECTION ( 'NONE',  ( -1.000000000000000000, -0.000000000000000000, -0.000000000000000000 ) ) ;
#2870 = CIRCLE ( 'NONE', #2308, 2.270999999999995467 ) ;
#2872 = AXIS2_PLACEMENT_3D ( 'NONE', #4292, #3674, #6996 ) ;
#2873 = EDGE_LOOP ( 'NONE', ( #4920, #2413, #49, #1139 ) ) ;
#2874 = CARTESIAN_POINT ( 'NONE',  ( 12.70000000000000107, -14.13894155320104851, 32.01817428684736200 ) ) ;
#2875 = ORIENTED_EDGE ( 'NONE', *, *, #7138, .T. ) ;
#2876 = CARTESIAN_POINT ( 'NONE',  ( -12.69999999999999751, -11.15407434219244465, 77.75732780184198134 ) ) ;
#2877 = ORIENTED_EDGE ( 'NONE', *, *, #7291, .F. ) ;
#2878 = EDGE_LOOP ( 'NONE', ( #5822, #3379 ) ) ;
#2879 = VECTOR ( 'NONE', #1177, 1000.000000000000000 ) ;
#2880 = AXIS2_PLACEMENT_3D ( 'NONE', #6094, #6856, #3352 ) ;
#2881 = FACE_OUTER_BOUND ( 'NONE', #8763, .T. ) ;
#2882 = DIRECTION ( 'NONE',  ( 0.000000000000000000, 0.000000000000000000, 1.000000000000000000 ) ) ;
#2883 = CARTESIAN_POINT ( 'NONE',  ( 1.555301434917138433E-15, 25.40000000000000213, 65.99999999999998579 ) ) ;
#2884 = CIRCLE ( 'NONE', #7273, 2.080499999999998906 ) ;
#2885 = VERTEX_POINT ( 'NONE', #5463 ) ;
#2886 = CARTESIAN_POINT ( 'NONE',  ( -12.69999999999999751, -12.33648634558004353, 79.69623028888069882 ) ) ;
#2887 = CARTESIAN_POINT ( 'NONE',  ( 12.70000000000000107, -14.15672222192817387, 27.53822353099798192 ) ) ;
#2888 = ADVANCED_FACE ( 'NONE', ( #7492 ), #8164, .T. ) ;
#2889 = CIRCLE ( 'NONE', #4735, 2.499999999999988454 ) ;
#2890 = FACE_OUTER_BOUND ( 'NONE', #2780, .T. ) ;
#2891 = DIRECTION ( 'NONE',  ( 1.000000000000000000, 0.000000000000000000, 0.000000000000000000 ) ) ;
#2892 = CARTESIAN_POINT ( 'NONE',  ( 12.70000000000000107, 12.33648634557998314, 47.30376971111940776 ) ) ;
#2893 = EDGE_LOOP ( 'NONE', ( #695, #2735, #5541, #7576 ) ) ;
#2894 = DIRECTION ( 'NONE',  ( -1.000000000000000000, -0.000000000000000000, -0.000000000000000000 ) ) ;
#2895 = DIRECTION ( 'NONE',  ( -1.000000000000000000, -0.000000000000000000, -0.000000000000000000 ) ) ;
#2896 = CIRCLE ( 'NONE', #7578, 2.499999999999988454 ) ;
#2897 = CARTESIAN_POINT ( 'NONE',  ( 12.70000000000000107, -12.33648634558010748, 98.10376971111922728 ) ) ;
#2898 = ORIENTED_EDGE ( 'NONE', *, *, #1379, .T. ) ;
#2899 = ORIENTED_EDGE ( 'NONE', *, *, #6976, .F. ) ;
#2900 = ADVANCED_FACE ( 'NONE', ( #4129 ), #1639, .F. ) ;
#2901 = ADVANCED_FACE ( 'NONE', ( #5636 ), #305, .F. ) ;
#2902 = AXIS2_PLACEMENT_3D ( 'NONE', #6880, #7671, #5679 ) ;
#2903 = ORIENTED_EDGE ( 'NONE', *, *, #899, .T. ) ;
#2904 = DIRECTION ( 'NONE',  ( 0.000000000000000000, 0.000000000000000000, 1.000000000000000000 ) ) ;
#2905 = FACE_BOUND ( 'NONE', #3714, .T. ) ;
#2906 = DIRECTION ( 'NONE',  ( 0.000000000000000000, 0.000000000000000000, 1.000000000000000000 ) ) ;
#2907 = CARTESIAN_POINT ( 'NONE',  ( -12.69999999999999751, 25.40000000000000213, 127.0000000000000000 ) ) ;
#2908 = CARTESIAN_POINT ( 'NONE',  ( -9.525000000000000355, 14.16298196909037088, 36.12517298397528975 ) ) ;
#2909 = ORIENTED_EDGE ( 'NONE', *, *, #1326, .F. ) ;
#2910 = VERTEX_POINT ( 'NONE', #3684 ) ;
#2911 = ADVANCED_FACE ( 'NONE', ( #219 ), #2390, .F. ) ;
#2912 = ADVANCED_FACE ( 'NONE', ( #6962 ), #3016, .F. ) ;
#2913 = EDGE_CURVE ( 'NONE', #4642, #2232, #1213, .T. ) ;
#2914 = CARTESIAN_POINT ( 'NONE',  ( -9.525000000000000355, -14.16298196909034779, 90.87482701602483814 ) ) ;
#2915 = DIRECTION ( 'NONE',  ( 0.000000000000000000, 0.000000000000000000, -1.000000000000000000 ) ) ;
#2916 = VECTOR ( 'NONE', #8710, 1000.000000000000000 ) ;
#2917 = DIRECTION ( 'NONE',  ( -1.000000000000000000, -0.000000000000000000, -0.000000000000000000 ) ) ;
#2918 = ORIENTED_EDGE ( 'NONE', *, *, #6428, .F. ) ;
#2919 = FACE_OUTER_BOUND ( 'NONE', #5105, .T. ) ;
#2920 = ORIENTED_EDGE ( 'NONE', *, *, #5276, .T. ) ;
#2921 = DIRECTION ( 'NONE',  ( 1.000000000000000000, 0.000000000000000000, 0.000000000000000000 ) ) ;
#2922 = PERSON ( 'UNSPECIFIED', 'UNSPECIFIED', 'UNSPECIFIED', ('UNSPECIFIED'), ('UNSPECIFIED'), ('UNSPECIFIED') ) ;
#2923 = VERTEX_POINT ( 'NONE', #5056 ) ;
#2924 = VERTEX_POINT ( 'NONE', #2262 ) ;
#2925 = CIRCLE ( 'NONE', #3769, 2.499999999999988454 ) ;
#2926 = DIRECTION ( 'NONE',  ( -1.000000000000000000, -0.000000000000000000, -0.000000000000000000 ) ) ;
#2927 = AXIS2_PLACEMENT_3D ( 'NONE', #4341, #1588, #6999 ) ;
#2928 = LINE ( 'NONE', #5014, #5328 ) ;
#2930 = CARTESIAN_POINT ( 'NONE',  ( 12.70000000000000107, 3.577867169202164632E-15, 38.10000000000001563 ) ) ;
#2929 = CIRCLE ( 'NONE', #8735, 2.080499999999998906 ) ;
#2931 = ORIENTED_EDGE ( 'NONE', *, *, #5882, .T. ) ;
#2932 = CARTESIAN_POINT ( 'NONE',  ( -9.525000000000002132, -12.69999999999999929, 15.19999999999999218 ) ) ;
#2933 = DIRECTION ( 'NONE',  ( -0.000000000000000000, 1.000000000000000000, -0.000000000000000000 ) ) ;
#2934 = AXIS2_PLACEMENT_3D ( 'NONE', #3576, #8279, #6816 ) ;
#2935 = CIRCLE ( 'NONE', #3076, 2.499999999999992006 ) ;
#2936 = DIRECTION ( 'NONE',  ( 1.000000000000000000, 0.000000000000000000, 0.000000000000000000 ) ) ;
#2937 = CARTESIAN_POINT ( 'NONE',  ( 12.70000000000000107, -16.22354728284505399, 35.83785636811216335 ) ) ;
#2938 = CARTESIAN_POINT ( 'NONE',  ( 12.70000000000000107, 10.07084749364666365, 27.26156772950216833 ) ) ;
#2939 = VERTEX_POINT ( 'NONE', #6430 ) ;
#2941 = CARTESIAN_POINT ( 'NONE',  ( 0.000000000000000000, -25.39999999999999503, 15.19999999999999218 ) ) ;
#2940 = AXIS2_PLACEMENT_3D ( 'NONE', #8664, #636, #7953 ) ;
#2942 = DIRECTION ( 'NONE',  ( 1.000000000000000000, 0.000000000000000000, 0.000000000000000000 ) ) ;
#2943 = EDGE_CURVE ( 'NONE', #7523, #7998, #5190, .T. ) ;
#2944 = CIRCLE ( 'NONE', #6617, 14.30000000000000071 ) ;
#2945 = DIRECTION ( 'NONE',  ( 0.000000000000000000, 0.000000000000000000, 1.000000000000000000 ) ) ;
#2946 = VERTEX_POINT ( 'NONE', #4969 ) ;
#2947 = ORIENTED_EDGE ( 'NONE', *, *, #505, .F. ) ;
#2948 = VECTOR ( 'NONE', #6266, 1000.000000000000000 ) ;
#2949 = ORIENTED_EDGE ( 'NONE', *, *, #7291, .T. ) ;
#2950 = CARTESIAN_POINT ( 'NONE',  ( -9.525000000000000355, -8.791741348502544184, 100.1780886705607543 ) ) ;
#2951 = FACE_OUTER_BOUND ( 'NONE', #4145, .T. ) ;
#2952 = FACE_OUTER_BOUND ( 'NONE', #6819, .T. ) ;
#2953 = VERTEX_POINT ( 'NONE', #2348 ) ;
#2954 = CARTESIAN_POINT ( 'NONE',  ( 1.861463134703976697E-15, -25.39999999999999503, 111.8000000000000114 ) ) ;
#2955 = EDGE_CURVE ( 'NONE', #5934, #7259, #6171, .T. ) ;
#2956 = CARTESIAN_POINT ( 'NONE',  ( 12.70000000000000107, 3.577867169202164632E-15, 88.90000000000000568 ) ) ;
#2957 = ORIENTED_EDGE ( 'NONE', *, *, #2242, .F. ) ;
#2958 = ORIENTED_EDGE ( 'NONE', *, *, #7726, .T. ) ;
#2959 = DIRECTION ( 'NONE',  ( -1.000000000000000000, -0.000000000000000000, -0.000000000000000000 ) ) ;
#2960 = CARTESIAN_POINT ( 'NONE',  ( -12.69999999999999751, 25.40000000000000213, 127.0000000000000000 ) ) ;
#2961 = CARTESIAN_POINT ( 'NONE',  ( 9.525000000000000355, 8.791741348502393194, 100.1780886705608822 ) ) ;
#2962 = ORIENTED_EDGE ( 'NONE', *, *, #5938, .F. ) ;
#2963 = FACE_OUTER_BOUND ( 'NONE', #7801, .T. ) ;
#2964 = VERTEX_POINT ( 'NONE', #4434 ) ;
#2965 = DIRECTION ( 'NONE',  ( 0.000000000000000000, 0.000000000000000000, 1.000000000000000000 ) ) ;
#2966 = EDGE_CURVE ( 'NONE', #6961, #3241, #2633, .T. ) ;
#2967 = EDGE_CURVE ( 'NONE', #6098, #3891, #3100, .T. ) ;
#2968 = ADVANCED_FACE ( 'NONE', ( #978 ), #1555, .F. ) ;
#2969 = ADVANCED_FACE ( 'NONE', ( #2972 ), #932, .F. ) ;
#2970 = ORIENTED_EDGE ( 'NONE', *, *, #2849, .T. ) ;
#2971 = ORIENTED_EDGE ( 'NONE', *, *, #7163, .T. ) ;
#2972 = FACE_OUTER_BOUND ( 'NONE', #7024, .T. ) ;
#2973 = DIRECTION ( 'NONE',  ( 0.000000000000000000, 0.000000000000000000, 1.000000000000000000 ) ) ;
#2974 = CARTESIAN_POINT ( 'NONE',  ( 12.70000000000000107, 14.15672222192832841, 27.53822353099818443 ) ) ;
#2975 = ADVANCED_FACE ( 'NONE', ( #7135 ), #352, .F. ) ;
#2976 = EDGE_LOOP ( 'NONE', ( #1541, #2757, #2039, #8313 ) ) ;
#2977 = CARTESIAN_POINT ( 'NONE',  ( -9.525000000000000355, 6.152699789198528002, 22.91892409761429406 ) ) ;
#2978 = VECTOR ( 'NONE', #5799, 1000.000000000000000 ) ;
#2979 = DIRECTION ( 'NONE',  ( 0.000000000000000000, 0.000000000000000000, 1.000000000000000000 ) ) ;
#2980 = AXIS2_PLACEMENT_3D ( 'NONE', #115, #1538, #3533 ) ;
#2981 = LINE ( 'NONE', #1567, #1849 ) ;
#2982 = FACE_OUTER_BOUND ( 'NONE', #5791, .T. ) ;
#2983 = VERTEX_POINT ( 'NONE', #3057 ) ;
#2984 = CARTESIAN_POINT ( 'NONE',  ( -12.69999999999999751, -25.39999999999999503, 127.0000000000000000 ) ) ;
#2985 = CARTESIAN_POINT ( 'NONE',  ( -12.69999999999999751, 3.577867169202164632E-15, 88.90000000000000568 ) ) ;
#2986 = AXIS2_PLACEMENT_3D ( 'NONE', #6511, #6216, #6932 ) ;
#2987 = LINE ( 'NONE', #7810, #155 ) ;
#2988 = EDGE_LOOP ( 'NONE', ( #7147, #4452 ) ) ;
#2989 = EDGE_LOOP ( 'NONE', ( #5552, #1701 ) ) ;
#2990 = CIRCLE ( 'NONE', #6097, 2.080499999999998906 ) ;
#2991 = EDGE_LOOP ( 'NONE', ( #5710, #5807 ) ) ;
#2992 = DIRECTION ( 'NONE',  ( -1.000000000000000000, -0.000000000000000000, -0.000000000000000000 ) ) ;
#2993 = DIRECTION ( 'NONE',  ( -0.000000000000000000, 1.000000000000000000, -0.000000000000000000 ) ) ;
#2994 = DIRECTION ( 'NONE',  ( 0.000000000000000000, 0.000000000000000000, 1.000000000000000000 ) ) ;
#2995 = AXIS2_PLACEMENT_3D ( 'NONE', #368, #1616, #3073 ) ;
#2996 = CARTESIAN_POINT ( 'NONE',  ( 9.525000000000000355, -16.22354728284505399, 86.63785636811216762 ) ) ;
#2997 = CYLINDRICAL_SURFACE ( 'NONE', #2137, 17.66250000000000497 ) ;
#2998 = ORIENTED_EDGE ( 'NONE', *, *, #1820, .T. ) ;
#2999 = ORIENTED_EDGE ( 'NONE', *, *, #3868, .T. ) ;
#3000 = EDGE_CURVE ( 'NONE', #8590, #116, #4914, .T. ) ;
#3001 = CARTESIAN_POINT ( 'NONE',  ( -12.69999999999999751, 3.577867169202164632E-15, 88.90000000000000568 ) ) ;
#3002 = DIRECTION ( 'NONE',  ( 0.000000000000000000, 0.000000000000000000, 1.000000000000000000 ) ) ;
#3003 = DIRECTION ( 'NONE',  ( 0.000000000000000000, 0.000000000000000000, 1.000000000000000000 ) ) ;
#3004 = ORIENTED_EDGE ( 'NONE', *, *, #2255, .F. ) ;
#3005 = CARTESIAN_POINT ( 'NONE',  ( 9.525000000000000355, 1.802455207620993427, 53.38559542427184823 ) ) ;
#3006 = VERTEX_POINT ( 'NONE', #5761 ) ;
#3007 = CARTESIAN_POINT ( 'NONE',  ( 9.525000000000000355, -12.33648634558010748, 98.10376971111922728 ) ) ;
#3008 = CIRCLE ( 'NONE', #1450, 14.30000000000000071 ) ;
#3009 = CIRCLE ( 'NONE', #1300, 2.080499999999998906 ) ;
#3010 = ORIENTED_EDGE ( 'NONE', *, *, #5065, .F. ) ;
#3011 = ORIENTED_EDGE ( 'NONE', *, *, #3882, .F. ) ;
#3012 = EDGE_CURVE ( 'NONE', #7876, #5782, #8450, .T. ) ;
#3013 = VECTOR ( 'NONE', #5195, 1000.000000000000000 ) ;
#3014 = EDGE_CURVE ( 'NONE', #8300, #6137, #525, .T. ) ;
#3015 = CIRCLE ( 'NONE', #1596, 2.270999999999995467 ) ;
#3016 = CYLINDRICAL_SURFACE ( 'NONE', #5473, 14.30000000000000071 ) ;
#3017 = FACE_OUTER_BOUND ( 'NONE', #7966, .T. ) ;
#3018 = DIRECTION ( 'NONE',  ( -1.000000000000000000, -0.000000000000000000, -0.000000000000000000 ) ) ;
#3019 = ORIENTED_EDGE ( 'NONE', *, *, #22, .F. ) ;
#3020 = CIRCLE ( 'NONE', #7971, 2.270999999999995467 ) ;
#3021 = CARTESIAN_POINT ( 'NONE',  ( 7.746038523653021987E-16, -25.39999999999999503, 40.59999999999998721 ) ) ;
#3022 = EDGE_CURVE ( 'NONE', #2632, #8482, #4516, .T. ) ;
#3023 = EDGE_CURVE ( 'NONE', #1503, #4870, #5624, .T. ) ;
#3024 = VECTOR ( 'NONE', #555, 1000.000000000000000 ) ;
#3026 = LINE ( 'NONE', #446, #8395 ) ;
#3025 = AXIS2_PLACEMENT_3D ( 'NONE', #4581, #5995, #1123 ) ;
#3027 = CARTESIAN_POINT ( 'NONE',  ( -12.69999999999999751, -16.22512784221253312, 45.07919284400851723 ) ) ;
#3028 = ORIENTED_EDGE ( 'NONE', *, *, #7954, .F. ) ;
#3029 = LINE ( 'NONE', #8266, #5616 ) ;
#3030 = CARTESIAN_POINT ( 'NONE',  ( 9.525000000000000355, 3.577867169202164632E-15, 106.5625000000000000 ) ) ;
#3031 = DIRECTION ( 'NONE',  ( -1.000000000000000000, -0.000000000000000000, -0.000000000000000000 ) ) ;
#3032 = VERTEX_POINT ( 'NONE', #2605 ) ;
#3033 = CIRCLE ( 'NONE', #2604, 17.66250000000000497 ) ;
#3034 = ORIENTED_EDGE ( 'NONE', *, *, #7030, .T. ) ;
#3035 = VERTEX_POINT ( 'NONE', #7307 ) ;
#3036 = FACE_OUTER_BOUND ( 'NONE', #8340, .T. ) ;
#3038 = DIRECTION ( 'NONE',  ( -0.000000000000000000, 1.000000000000000000, -0.000000000000000000 ) ) ;
#3037 = CIRCLE ( 'NONE', #7987, 2.499999999999988454 ) ;
#3039 = DIRECTION ( 'NONE',  ( 0.000000000000000000, 0.000000000000000000, -1.000000000000000000 ) ) ;
#3040 = CARTESIAN_POINT ( 'NONE',  ( 9.525000000000000355, 15.22687436074360257, 92.98837563696011443 ) ) ;
#3041 = DIRECTION ( 'NONE',  ( 1.000000000000000000, 0.000000000000000000, 0.000000000000000000 ) ) ;
#3042 = VERTEX_POINT ( 'NONE', #7926 ) ;
#3043 = ORIENTED_EDGE ( 'NONE', *, *, #1828, .T. ) ;
#3044 = AXIS2_PLACEMENT_3D ( 'NONE', #3813, #3856, #5142 ) ;
#3045 = DIRECTION ( 'NONE',  ( 0.000000000000000000, 1.667602476305511223E-15, -1.000000000000000000 ) ) ;
#3046 = FACE_OUTER_BOUND ( 'NONE', #8757, .T. ) ;
#3047 = CARTESIAN_POINT ( 'NONE',  ( 12.70000000000000107, -10.07084749364648069, 25.18106772950202199 ) ) ;
#3048 = EDGE_LOOP ( 'NONE', ( #1718, #8335, #8659, #261 ) ) ;
#3049 = DIRECTION ( 'NONE',  ( 0.000000000000000000, 0.000000000000000000, 1.000000000000000000 ) ) ;
#3050 = ORIENTED_EDGE ( 'NONE', *, *, #7500, .F. ) ;
#3051 = CARTESIAN_POINT ( 'NONE',  ( -12.69999999999999751, 3.577867169202164632E-15, 88.90000000000000568 ) ) ;
#3052 = VECTOR ( 'NONE', #1901, 1000.000000000000000 ) ;
#3053 = VERTEX_POINT ( 'NONE', #1898 ) ;
#3054 = EDGE_CURVE ( 'NONE', #2923, #6894, #3914, .T. ) ;
#3055 = ORIENTED_EDGE ( 'NONE', *, *, #1925, .F. ) ;
#3056 = CIRCLE ( 'NONE', #7589, 2.080499999999998906 ) ;
#3057 = CARTESIAN_POINT ( 'NONE',  ( -9.525000000000000355, -2.068405620284295310, 55.64096931301052251 ) ) ;
#3058 = DIRECTION ( 'NONE',  ( 1.000000000000000000, 0.000000000000000000, 0.000000000000000000 ) ) ;
#3059 = CARTESIAN_POINT ( 'NONE',  ( -12.69999999999999751, -11.15407434219252103, 100.0426721981579590 ) ) ;
#3060 = EDGE_LOOP ( 'NONE', ( #2697, #3645, #1551, #6640 ) ) ;
#3061 = EDGE_CURVE ( 'NONE', #6690, #8421, #6893, .T. ) ;
#3062 = CIRCLE ( 'NONE', #2485, 2.080499999999998906 ) ;
#3063 = CARTESIAN_POINT ( 'NONE',  ( -9.525000000000000355, -10.07084749364648069, 75.98106772950202981 ) ) ;
#3064 = AXIS2_PLACEMENT_3D ( 'NONE', #2266, #4971, #7670 ) ;
#3065 = VECTOR ( 'NONE', #1361, 1000.000000000000000 ) ;
#3066 = DIRECTION ( 'NONE',  ( -1.000000000000000000, 0.000000000000000000, 0.000000000000000000 ) ) ;
#3067 = DIRECTION ( 'NONE',  ( 0.000000000000000000, 0.000000000000000000, 1.000000000000000000 ) ) ;
#3068 = ORIENTED_EDGE ( 'NONE', *, *, #846, .T. ) ;
#3069 = CARTESIAN_POINT ( 'NONE',  ( 12.70000000000000107, 14.15672222192832841, 27.53822353099818443 ) ) ;
#3070 = ADVANCED_FACE ( 'NONE', ( #436 ), #6641, .F. ) ;
#3071 = EDGE_CURVE ( 'NONE', #2676, #1002, #7313, .T. ) ;
#3072 = EDGE_CURVE ( 'NONE', #7939, #2414, #1371, .T. ) ;
#3073 = DIRECTION ( 'NONE',  ( 0.000000000000000000, 0.000000000000000000, -1.000000000000000000 ) ) ;
#3074 = ORIENTED_EDGE ( 'NONE', *, *, #7123, .T. ) ;
#3075 = CIRCLE ( 'NONE', #8023, 17.66250000000000497 ) ;
#3076 = AXIS2_PLACEMENT_3D ( 'NONE', #3175, #1174, #6456 ) ;
#3077 = ORIENTED_EDGE ( 'NONE', *, *, #8087, .T. ) ;
#3078 = ORIENTED_EDGE ( 'NONE', *, *, #7808, .T. ) ;
#3079 = CIRCLE ( 'NONE', #4227, 2.080499999999998906 ) ;
#3080 = DIRECTION ( 'NONE',  ( -1.000000000000000000, -0.000000000000000000, -0.000000000000000000 ) ) ;
#3081 = AXIS2_PLACEMENT_3D ( 'NONE', #7865, #6493, #912 ) ;
#3082 = CYLINDRICAL_SURFACE ( 'NONE', #7410, 14.30000000000000071 ) ;
#3083 = FACE_OUTER_BOUND ( 'NONE', #1484, .T. ) ;
#3084 = CARTESIAN_POINT ( 'NONE',  ( 12.70000000000000107, 3.061616997868385113E-16, 111.7999999999999972 ) ) ;
#3085 = DIRECTION ( 'NONE',  ( -1.000000000000000000, -0.000000000000000000, -0.000000000000000000 ) ) ;
#3086 = ORIENTED_EDGE ( 'NONE', *, *, #7188, .F. ) ;
#3087 = EDGE_LOOP ( 'NONE', ( #6004, #7457, #3680, #3391 ) ) ;
#3088 = VECTOR ( 'NONE', #3919, 1000.000000000000000 ) ;
#3089 = DIRECTION ( 'NONE',  ( 0.000000000000000000, 0.000000000000000000, 1.000000000000000000 ) ) ;
#3090 = CARTESIAN_POINT ( 'NONE',  ( -12.69999999999999751, -2.068405620284295310, 55.64096931301052251 ) ) ;
#3091 = CARTESIAN_POINT ( 'NONE',  ( 1.080765552152140168E-15, -25.39999999999999503, 35.60000000000000142 ) ) ;
#3092 = AXIS2_PLACEMENT_3D ( 'NONE', #8653, #3247, #2488 ) ;
#3093 = VERTEX_POINT ( 'NONE', #8013 ) ;
#3094 = CARTESIAN_POINT ( 'NONE',  ( -9.525000000000002132, -22.22499999999999787, 127.0000000000000000 ) ) ;
#3095 = ORIENTED_EDGE ( 'NONE', *, *, #7679, .F. ) ;
#3096 = CARTESIAN_POINT ( 'NONE',  ( -12.69999999999999751, 10.07084749364666365, 25.18106772950216765 ) ) ;
#3097 = CYLINDRICAL_SURFACE ( 'NONE', #8216, 2.080499999999998906 ) ;
#3098 = EDGE_LOOP ( 'NONE', ( #2203, #166, #3194, #3347 ) ) ;
#3099 = ORIENTED_EDGE ( 'NONE', *, *, #5677, .T. ) ;
#3100 = LINE ( 'NONE', #4303, #6324 ) ;
#3101 = EDGE_CURVE ( 'NONE', #8056, #5604, #3640, .T. ) ;
#3102 = DIRECTION ( 'NONE',  ( 0.000000000000000000, 0.000000000000000000, 1.000000000000000000 ) ) ;
#3103 = ORIENTED_EDGE ( 'NONE', *, *, #1991, .T. ) ;
#3104 = FACE_OUTER_BOUND ( 'NONE', #6589, .T. ) ;
#3105 = ORIENTED_EDGE ( 'NONE', *, *, #3184, .T. ) ;
#3106 = FACE_OUTER_BOUND ( 'NONE', #2126, .T. ) ;
#3107 = EDGE_CURVE ( 'NONE', #4602, #1075, #662, .T. ) ;
#3108 = LINE ( 'NONE', #3152, #3293 ) ;
#3109 = CARTESIAN_POINT ( 'NONE',  ( 12.70000000000000107, 3.577867169202164632E-15, 55.76250000000001705 ) ) ;
#3110 = ORIENTED_EDGE ( 'NONE', *, *, #2044, .F. ) ;
#3111 = CARTESIAN_POINT ( 'NONE',  ( 12.70000000000000107, -10.07084749364648069, 25.18106772950202199 ) ) ;
#3112 = CARTESIAN_POINT ( 'NONE',  ( -9.525000000000000355, -16.22354728284506820, 91.16214363188775849 ) ) ;
#3113 = EDGE_LOOP ( 'NONE', ( #8159, #7840, #6619, #5237 ) ) ;
#3114 = ORIENTED_EDGE ( 'NONE', *, *, #8773, .F. ) ;
#3115 = CIRCLE ( 'NONE', #3262, 2.499999999999988454 ) ;
#3116 = EDGE_CURVE ( 'NONE', #7734, #5659, #2499, .T. ) ;
#3117 = EDGE_CURVE ( 'NONE', #8294, #7167, #2929, .T. ) ;
#3118 = EDGE_CURVE ( 'NONE', #8139, #5858, #5760, .T. ) ;
#3119 = EDGE_LOOP ( 'NONE', ( #4598, #4308, #19, #3361 ) ) ;
#3120 = EDGE_CURVE ( 'NONE', #4236, #583, #1767, .T. ) ;
#3121 = DIRECTION ( 'NONE',  ( -1.000000000000000000, 0.000000000000000000, 0.000000000000000000 ) ) ;
#3122 = CARTESIAN_POINT ( 'NONE',  ( 12.70000000000000107, -12.69999999999999929, 12.69999999999999929 ) ) ;
#3123 = CARTESIAN_POINT ( 'NONE',  ( -12.69999999999999751, 11.15407434219237004, 49.24267219815811814 ) ) ;
#3124 = DIRECTION ( 'NONE',  ( 0.000000000000000000, 6.670409905222044891E-15, 1.000000000000000000 ) ) ;
#3125 = CIRCLE ( 'NONE', #435, 14.30000000000000071 ) ;
#3126 = CARTESIAN_POINT ( 'NONE',  ( -9.525000000000000355, -16.22354728284505399, 35.83785636811216335 ) ) ;
#3127 = VERTEX_POINT ( 'NONE', #5225 ) ;
#3128 = ORIENTED_EDGE ( 'NONE', *, *, #1334, .F. ) ;
#3129 = CC_DESIGN_SECURITY_CLASSIFICATION ( #4, ( #5540 ) ) ;
#3130 = EDGE_CURVE ( 'NONE', #7345, #4318, #1852, .T. ) ;
#3131 = EDGE_CURVE ( 'NONE', #5986, #8461, #2641, .T. ) ;
#3133 = DIRECTION ( 'NONE',  ( -1.000000000000000000, 0.000000000000000000, 0.000000000000000000 ) ) ;
#3132 = AXIS2_PLACEMENT_3D ( 'NONE', #2237, #7597, #6312 ) ;
#3134 = CYLINDRICAL_SURFACE ( 'NONE', #2025, 2.080499999999998906 ) ;
#3135 = DIRECTION ( 'NONE',  ( 1.000000000000000000, 0.000000000000000000, 0.000000000000000000 ) ) ;
#3136 = ORIENTED_EDGE ( 'NONE', *, *, #7293, .F. ) ;
#3137 = FACE_BOUND ( 'NONE', #8373, .T. ) ;
#3138 = ORIENTED_EDGE ( 'NONE', *, *, #5157, .F. ) ;
#3139 = FACE_OUTER_BOUND ( 'NONE', #1255, .T. ) ;
#3140 = FACE_OUTER_BOUND ( 'NONE', #4385, .T. ) ;
#3141 = EDGE_LOOP ( 'NONE', ( #4030, #1764 ) ) ;
#3142 = ORIENTED_EDGE ( 'NONE', *, *, #4426, .T. ) ;
#3143 = CIRCLE ( 'NONE', #7375, 2.499999999999995115 ) ;
#3144 = CARTESIAN_POINT ( 'NONE',  ( 1.555301434917138038E-15, -25.39999999999999503, 76.19999999999998863 ) ) ;
#3145 = CIRCLE ( 'NONE', #6262, 17.66250000000000142 ) ;
#3146 = CARTESIAN_POINT ( 'NONE',  ( 9.525000000000000355, 3.577867169202164632E-15, 88.90000000000000568 ) ) ;
#3147 = CARTESIAN_POINT ( 'NONE',  ( 9.525000000000000355, -1.802455207620986100, 104.1855954242718525 ) ) ;
#3148 = VERTEX_POINT ( 'NONE', #5970 ) ;
#3149 = LINE ( 'NONE', #311, #6018 ) ;
#3150 = ORIENTED_EDGE ( 'NONE', *, *, #4977, .T. ) ;
#3151 = DIRECTION ( 'NONE',  ( 0.000000000000000000, 0.000000000000000000, 1.000000000000000000 ) ) ;
#3152 = CARTESIAN_POINT ( 'NONE',  ( 12.70000000000000107, 14.15672222192810992, 99.46177646900214597 ) ) ;
#3153 = CARTESIAN_POINT ( 'NONE',  ( -9.525000000000002132, -12.69999999999999929, 114.2999999999999972 ) ) ;
#3154 = AXIS2_PLACEMENT_3D ( 'NONE', #3047, #4382, #3003 ) ;
#3155 = CIRCLE ( 'NONE', #2591, 2.499999999999988454 ) ;
#3156 = EDGE_LOOP ( 'NONE', ( #1058, #742 ) ) ;
#3157 = DIRECTION ( 'NONE',  ( 0.000000000000000000, 0.000000000000000000, 1.000000000000000000 ) ) ;
#3158 = DIRECTION ( 'NONE',  ( 0.000000000000000000, 0.000000000000000000, 1.000000000000000000 ) ) ;
#3159 = EDGE_CURVE ( 'NONE', #7098, #7574, #7346, .T. ) ;
#3160 = ORIENTED_EDGE ( 'NONE', *, *, #2636, .T. ) ;
#3161 = AXIS2_PLACEMENT_3D ( 'NONE', #7736, #3621, #7032 ) ;
#3162 = CIRCLE ( 'NONE', #6563, 2.271000000000002128 ) ;
#3163 = VERTEX_POINT ( 'NONE', #7842 ) ;
#3164 = CARTESIAN_POINT ( 'NONE',  ( 12.70000000000000107, -16.22512784221249404, 31.12080715599139324 ) ) ;
#3165 = DIRECTION ( 'NONE',  ( 1.000000000000000000, 0.000000000000000000, 0.000000000000000000 ) ) ;
#3166 = CARTESIAN_POINT ( 'NONE',  ( 9.525000000000000355, 1.802455207620993427, 104.1855954242718525 ) ) ;
#3167 = CARTESIAN_POINT ( 'NONE',  ( -9.525000000000002132, 22.22500000000000142, 127.0000000000000000 ) ) ;
#3168 = AXIS2_PLACEMENT_3D ( 'NONE', #1165, #1832, #5784 ) ;
#3169 = CARTESIAN_POINT ( 'NONE',  ( -9.525000000000002132, -22.22499999999999787, 127.0000000000000000 ) ) ;
#3170 = EDGE_LOOP ( 'NONE', ( #2078, #5926 ) ) ;
#3171 = EDGE_CURVE ( 'NONE', #1443, #5492, #1218, .T. ) ;
#3172 = ADVANCED_FACE ( 'NONE', ( #2823 ), #4167, .F. ) ;
#3173 = ORIENTED_EDGE ( 'NONE', *, *, #5241, .F. ) ;
#3174 = AXIS2_PLACEMENT_3D ( 'NONE', #3153, #7275, #4569 ) ;
#3175 = CARTESIAN_POINT ( 'NONE',  ( 1.555301434917138038E-15, 22.22500000000000142, 25.39999999999999858 ) ) ;
#3176 = DIRECTION ( 'NONE',  ( 1.000000000000000000, 0.000000000000000000, 0.000000000000000000 ) ) ;
#3177 = FACE_BOUND ( 'NONE', #6496, .T. ) ;
#3178 = CYLINDRICAL_SURFACE ( 'NONE', #7250, 2.499999999999988454 ) ;
#3179 = VERTEX_POINT ( 'NONE', #2651 ) ;
#3180 = DIRECTION ( 'NONE',  ( 0.000000000000000000, 0.000000000000000000, 1.000000000000000000 ) ) ;
#3181 = ORIENTED_EDGE ( 'NONE', *, *, #8221, .T. ) ;
#3182 = CARTESIAN_POINT ( 'NONE',  ( 9.525000000000000355, 3.577867169202164632E-15, 38.10000000000001563 ) ) ;
#3183 = ORIENTED_EDGE ( 'NONE', *, *, #2016, .F. ) ;
#3184 = EDGE_CURVE ( 'NONE', #7931, #8593, #4687, .T. ) ;
#3185 = AXIS2_PLACEMENT_3D ( 'NONE', #6031, #2661, #2837 ) ;
#3186 = EDGE_CURVE ( 'NONE', #7653, #6209, #4828, .T. ) ;
#3187 = ADVANCED_FACE ( 'NONE', ( #28 ), #119, .F. ) ;
#3188 = VERTEX_POINT ( 'NONE', #8728 ) ;
#3189 = DIRECTION ( 'NONE',  ( 1.000000000000000000, -0.000000000000000000, -0.000000000000000000 ) ) ;
#3190 = CIRCLE ( 'NONE', #1069, 2.499999999999996891 ) ;
#3191 = CARTESIAN_POINT ( 'NONE',  ( 1.080765552152139379E-15, 25.40000000000000213, 48.30000000000001137 ) ) ;
#3192 = VERTEX_POINT ( 'NONE', #4027 ) ;
#3193 = CARTESIAN_POINT ( 'NONE',  ( 12.70000000000000107, -15.22687436074362388, 84.81162436304001062 ) ) ;
#3194 = ORIENTED_EDGE ( 'NONE', *, *, #8054, .F. ) ;
#3195 = FACE_BOUND ( 'NONE', #3846, .T. ) ;
#3196 = AXIS2_PLACEMENT_3D ( 'NONE', #1635, #3759, #6463 ) ;
#3197 = FACE_BOUND ( 'NONE', #7409, .T. ) ;
#3199 = LINE ( 'NONE', #3109, #4886 ) ;
#3198 = AXIS2_PLACEMENT_3D ( 'NONE', #88, #4037, #6878 ) ;
#3200 = ORIENTED_EDGE ( 'NONE', *, *, #3554, .F. ) ;
#3201 = FACE_OUTER_BOUND ( 'NONE', #3326, .T. ) ;
#3202 = CYLINDRICAL_SURFACE ( 'NONE', #5826, 2.270999999999995467 ) ;
#3203 = VERTEX_POINT ( 'NONE', #8098 ) ;
#3204 = AXIS2_PLACEMENT_3D ( 'NONE', #2095, #712, #5508 ) ;
#3205 = VECTOR ( 'NONE', #2557, 1000.000000000000000 ) ;
#3206 = EDGE_LOOP ( 'NONE', ( #2261, #7311, #7789, #1103 ) ) ;
#3207 = EDGE_CURVE ( 'NONE', #2826, #2563, #7449, .T. ) ;
#3208 = LINE ( 'NONE', #5287, #7958 ) ;
#3209 = CARTESIAN_POINT ( 'NONE',  ( -12.69999999999999751, 11.15407434219260630, 77.75732780184213766 ) ) ;
#3210 = CARTESIAN_POINT ( 'NONE',  ( 12.70000000000000107, 3.577867169202164632E-15, 88.90000000000000568 ) ) ;
#3211 = AXIS2_PLACEMENT_3D ( 'NONE', #3634, #7575, #6337 ) ;
#3212 = LINE ( 'NONE', #1881, #3088 ) ;
#3213 = CIRCLE ( 'NONE', #6899, 17.66249999999999787 ) ;
#3214 = CYLINDRICAL_SURFACE ( 'NONE', #7228, 2.499999999999988454 ) ;
#3215 = ORIENTED_EDGE ( 'NONE', *, *, #7884, .T. ) ;
#3216 = ORIENTED_EDGE ( 'NONE', *, *, #7885, .F. ) ;
#3217 = AXIS2_PLACEMENT_3D ( 'NONE', #1010, #299, #3180 ) ;
#3218 = FACE_OUTER_BOUND ( 'NONE', #5586, .T. ) ;
#3219 = EDGE_CURVE ( 'NONE', #2150, #6917, #4770, .T. ) ;
#3220 = DIRECTION ( 'NONE',  ( -1.000000000000000000, 0.000000000000000000, 0.000000000000000000 ) ) ;
#3221 = CARTESIAN_POINT ( 'NONE',  ( 1.555301434917138433E-15, 25.40000000000000213, 65.99999999999998579 ) ) ;
#3222 = DIRECTION ( 'NONE',  ( -1.000000000000000000, -0.000000000000000000, -0.000000000000000000 ) ) ;
#3223 = VERTEX_POINT ( 'NONE', #701 ) ;
#3224 = CARTESIAN_POINT ( 'NONE',  ( 9.525000000000000355, 12.69999999999999929, 12.69999999999999929 ) ) ;
#3225 = ORIENTED_EDGE ( 'NONE', *, *, #6106, .T. ) ;
#3226 = CARTESIAN_POINT ( 'NONE',  ( 12.70000000000000107, -16.22354728284506820, 91.16214363188775849 ) ) ;
#3227 = VERTEX_POINT ( 'NONE', #8151 ) ;
#3228 = CIRCLE ( 'NONE', #1808, 17.66249999999999787 ) ;
#3229 = CIRCLE ( 'NONE', #4346, 14.30000000000000071 ) ;
#3230 = ORIENTED_EDGE ( 'NONE', *, *, #2637, .F. ) ;
#3231 = CARTESIAN_POINT ( 'NONE',  ( -9.525000000000000355, -12.33648634558004353, 79.69623028888069882 ) ) ;
#3232 = VECTOR ( 'NONE', #1654, 1000.000000000000000 ) ;
#3233 = ADVANCED_FACE ( 'NONE', ( #1985 ), #4785, .F. ) ;
#3234 = EDGE_CURVE ( 'NONE', #7207, #7876, #7387, .T. ) ;
#3235 = EDGE_CURVE ( 'NONE', #116, #8590, #8020, .T. ) ;
#3236 = ADVANCED_FACE ( 'NONE', ( #7571 ), #3363, .F. ) ;
#3237 = CARTESIAN_POINT ( 'NONE',  ( 9.525000000000000355, 3.577867169202164632E-15, 88.90000000000000568 ) ) ;
#3238 = LINE ( 'NONE', #486, #1929 ) ;
#3239 = VERTEX_POINT ( 'NONE', #2691 ) ;
#3240 = DIRECTION ( 'NONE',  ( -1.000000000000000000, -0.000000000000000000, -0.000000000000000000 ) ) ;
#3241 = VERTEX_POINT ( 'NONE', #7433 ) ;
#3242 = CARTESIAN_POINT ( 'NONE',  ( 9.525000000000000355, 5.371240620587829362, 75.64708431341438200 ) ) ;
#3243 = EDGE_CURVE ( 'NONE', #7692, #6690, #1497, .T. ) ;
#3244 = CARTESIAN_POINT ( 'NONE',  ( 9.525000000000000355, -10.07084749364648069, 75.98106772950202981 ) ) ;
#3245 = DIRECTION ( 'NONE',  ( -1.000000000000000000, -0.000000000000000000, -0.000000000000000000 ) ) ;
#3246 = VERTEX_POINT ( 'NONE', #6909 ) ;
#3247 = DIRECTION ( 'NONE',  ( 1.000000000000000000, -0.000000000000000000, -0.000000000000000000 ) ) ;
#3248 = CYLINDRICAL_SURFACE ( 'NONE', #1724, 2.080499999999998906 ) ;
#3249 = EDGE_LOOP ( 'NONE', ( #356, #4580, #8736, #2970 ) ) ;
#3250 = ORIENTED_EDGE ( 'NONE', *, *, #6475, .F. ) ;
#3251 = LINE ( 'NONE', #6575, #48 ) ;
#3252 = CARTESIAN_POINT ( 'NONE',  ( 12.70000000000000107, 0.000000000000000000, 116.7999999999999972 ) ) ;
#3253 = CARTESIAN_POINT ( 'NONE',  ( 9.525000000000000355, -22.22499999999999787, 127.0000000000000000 ) ) ;
#3254 = FACE_OUTER_BOUND ( 'NONE', #5588, .T. ) ;
#3255 = ORIENTED_EDGE ( 'NONE', *, *, #8539, .T. ) ;
#3256 = ORIENTED_EDGE ( 'NONE', *, *, #176, .T. ) ;
#3257 = VECTOR ( 'NONE', #4263, 1000.000000000000000 ) ;
#3258 = DIRECTION ( 'NONE',  ( -0.000000000000000000, 1.000000000000000000, -0.000000000000000000 ) ) ;
#3259 = CARTESIAN_POINT ( 'NONE',  ( 12.70000000000000107, -16.22512784221249404, 81.92080715599139751 ) ) ;
#3260 = DIRECTION ( 'NONE',  ( 0.000000000000000000, 0.000000000000000000, 1.000000000000000000 ) ) ;
#3261 = CARTESIAN_POINT ( 'NONE',  ( 12.70000000000000107, 3.577867169202164632E-15, 88.90000000000000568 ) ) ;
#3262 = AXIS2_PLACEMENT_3D ( 'NONE', #2026, #5353, #3359 ) ;
#3263 = VERTEX_POINT ( 'NONE', #745 ) ;
#3264 = DIRECTION ( 'NONE',  ( -1.000000000000000000, -0.000000000000000000, -0.000000000000000000 ) ) ;
#3265 = EDGE_LOOP ( 'NONE', ( #8173, #4733 ) ) ;
#3266 = DIRECTION ( 'NONE',  ( 0.000000000000000000, 0.000000000000000000, -1.000000000000000000 ) ) ;
#3267 = VERTEX_POINT ( 'NONE', #6780 ) ;
#3268 = CC_DESIGN_APPROVAL ( #2741, ( #4689 ) ) ;
#3269 = ORIENTED_EDGE ( 'NONE', *, *, #3991, .F. ) ;
#3270 = EDGE_CURVE ( 'NONE', #4884, #3570, #3410, .T. ) ;
#3271 = VECTOR ( 'NONE', #506, 1000.000000000000000 ) ;
#3272 = DIRECTION ( 'NONE',  ( -1.000000000000000000, -0.000000000000000000, -0.000000000000000000 ) ) ;
#3273 = CARTESIAN_POINT ( 'NONE',  ( -12.69999999999999751, 3.577867169202164632E-15, 88.90000000000000568 ) ) ;
#3274 = CARTESIAN_POINT ( 'NONE',  ( 12.70000000000000107, -8.791741348502544184, 49.37808867056075712 ) ) ;
#3275 = VERTEX_POINT ( 'NONE', #75 ) ;
#3276 = DIRECTION ( 'NONE',  ( 0.000000000000000000, 0.000000000000000000, 1.000000000000000000 ) ) ;
#3277 = AXIS2_PLACEMENT_3D ( 'NONE', #2003, #3381, #4616 ) ;
#3278 = ORIENTED_EDGE ( 'NONE', *, *, #6631, .F. ) ;
#3279 = ORIENTED_EDGE ( 'NONE', *, *, #3292, .T. ) ;
#3280 = LINE ( 'NONE', #5979, #27 ) ;
#3281 = EDGE_CURVE ( 'NONE', #3179, #4503, #2356, .T. ) ;
#3282 = ADVANCED_FACE ( 'NONE', ( #2124 ), #787, .T. ) ;
#3283 = AXIS2_PLACEMENT_3D ( 'NONE', #4709, #7408, #1333 ) ;
#3284 = CARTESIAN_POINT ( 'NONE',  ( 9.525000000000000355, 1.802455207620993427, 22.81440457572818303 ) ) ;
#3285 = DIRECTION ( 'NONE',  ( 0.000000000000000000, 0.000000000000000000, -1.000000000000000000 ) ) ;
#3286 = ORIENTED_EDGE ( 'NONE', *, *, #1564, .F. ) ;
#3287 = DIRECTION ( 'NONE',  ( 1.000000000000000000, 0.000000000000000000, 0.000000000000000000 ) ) ;
#3288 = VECTOR ( 'NONE', #1521, 1000.000000000000000 ) ;
#3289 = CARTESIAN_POINT ( 'NONE',  ( 12.70000000000000107, -10.07084749364648069, 75.98106772950202981 ) ) ;
#3290 = ORIENTED_EDGE ( 'NONE', *, *, #1990, .F. ) ;
#3291 = EDGE_CURVE ( 'NONE', #2151, #1993, #8315, .T. ) ;
#3292 = EDGE_CURVE ( 'NONE', #6098, #6688, #3643, .T. ) ;
#3293 = VECTOR ( 'NONE', #6439, 1000.000000000000000 ) ;
#3295 = DIRECTION ( 'NONE',  ( -0.000000000000000000, 1.000000000000000000, -0.000000000000000000 ) ) ;
#3294 = AXIS2_PLACEMENT_3D ( 'NONE', #8457, #296, #1007 ) ;
#3296 = CARTESIAN_POINT ( 'NONE',  ( -9.525000000000002132, 12.69999999999999929, 63.50000000000000000 ) ) ;
#3297 = DIRECTION ( 'NONE',  ( -1.000000000000000000, -0.000000000000000000, -0.000000000000000000 ) ) ;
#3298 = DIRECTION ( 'NONE',  ( 0.000000000000000000, 0.000000000000000000, 1.000000000000000000 ) ) ;
#3299 = CARTESIAN_POINT ( 'NONE',  ( 12.70000000000000107, 3.577867169202164632E-15, 38.10000000000001563 ) ) ;
#3300 = CARTESIAN_POINT ( 'NONE',  ( 12.70000000000000107, 10.07084749364666365, 78.06156772950215839 ) ) ;
#3301 = ORIENTED_EDGE ( 'NONE', *, *, #839, .T. ) ;
#3302 = VECTOR ( 'NONE', #8004, 1000.000000000000000 ) ;
#3303 = ORIENTED_EDGE ( 'NONE', *, *, #3883, .F. ) ;
#3304 = VECTOR ( 'NONE', #8190, 1000.000000000000000 ) ;
#3305 = EDGE_LOOP ( 'NONE', ( #5309, #4082, #1409, #422 ) ) ;
#3306 = CARTESIAN_POINT ( 'NONE',  ( -9.525000000000000355, -14.15672222192817387, 78.33822353099797908 ) ) ;
#3308 = FACE_BOUND ( 'NONE', #3265, .T. ) ;
#3307 = AXIS2_PLACEMENT_3D ( 'NONE', #5081, #3038, #153 ) ;
#3309 = CARTESIAN_POINT ( 'NONE',  ( 9.525000000000000355, 3.577867169202164632E-15, 38.10000000000001563 ) ) ;
#3310 = AXIS2_PLACEMENT_3D ( 'NONE', #4051, #722, #7461 ) ;
#3311 = ORIENTED_EDGE ( 'NONE', *, *, #7493, .T. ) ;
#3312 = LINE ( 'NONE', #4068, #955 ) ;
#3313 = ORIENTED_EDGE ( 'NONE', *, *, #3947, .F. ) ;
#3314 = LINE ( 'NONE', #4070, #1843 ) ;
#3315 = ORIENTED_EDGE ( 'NONE', *, *, #23, .T. ) ;
#3316 = ORIENTED_EDGE ( 'NONE', *, *, #5598, .T. ) ;
#3317 = AXIS2_PLACEMENT_3D ( 'NONE', #5246, #4582, #7285 ) ;
#3318 = CARTESIAN_POINT ( 'NONE',  ( 12.70000000000000107, 16.22354728284508951, 86.63785636811238078 ) ) ;
#3319 = COORDINATED_UNIVERSAL_TIME_OFFSET ( 6, 0, .BEHIND. ) ;
#3320 = VERTEX_POINT ( 'NONE', #7747 ) ;
#3321 = DIRECTION ( 'NONE',  ( 0.000000000000000000, 0.000000000000000000, 1.000000000000000000 ) ) ;
#3322 = EDGE_CURVE ( 'NONE', #2983, #3360, #524, .T. ) ;
#3323 = ORIENTED_EDGE ( 'NONE', *, *, #3946, .T. ) ;
#3324 = CARTESIAN_POINT ( 'NONE',  ( 12.70000000000000107, 16.22354728284504333, 40.36214363188798160 ) ) ;
#3325 = AXIS2_PLACEMENT_3D ( 'NONE', #6837, #4704, #7983 ) ;
#3326 = EDGE_LOOP ( 'NONE', ( #1, #6904, #6383, #6912 ) ) ;
#3327 = ORIENTED_EDGE ( 'NONE', *, *, #6330, .T. ) ;
#3328 = CARTESIAN_POINT ( 'NONE',  ( -12.69999999999999751, -6.152699789198520897, 104.0810759023857344 ) ) ;
#3329 = AXIS2_PLACEMENT_3D ( 'NONE', #3686, #178, #3513 ) ;
#3330 = DIRECTION ( 'NONE',  ( 0.000000000000000000, -8.338012381527556114E-16, -1.000000000000000000 ) ) ;
#3331 = ADVANCED_FACE ( 'NONE', ( #2251 ), #4336, .F. ) ;
#3332 = DIRECTION ( 'NONE',  ( -1.000000000000000000, -0.000000000000000000, -0.000000000000000000 ) ) ;
#3333 = EDGE_LOOP ( 'NONE', ( #1494, #8366, #7509, #6370, #7880, #366, #6635, #1009, #5317, #5303, #1060, #4768, #1620, #1501, #4943, #1107, #1741, #3114, #704, #7913, #4300, #7718, #2028, #697, #8579, #3661, #4083, #945, #6777, #7249, #5156, #7552, #1574, #1775, #3901, #8444, #3878, #2128, #3762, #5805, #8062 ) ) ;
#3334 = DIRECTION ( 'NONE',  ( -1.000000000000000000, -0.000000000000000000, -0.000000000000000000 ) ) ;
#3335 = DIRECTION ( 'NONE',  ( -1.000000000000000000, -0.000000000000000000, -0.000000000000000000 ) ) ;
#3336 = ORIENTED_EDGE ( 'NONE', *, *, #5772, .T. ) ;
#3337 = AXIS2_PLACEMENT_3D ( 'NONE', #2172, #4253, #4881 ) ;
#3338 = CARTESIAN_POINT ( 'NONE',  ( 9.525000000000000355, 12.33648634558017676, 79.69623028888086935 ) ) ;
#3339 = DIRECTION ( 'NONE',  ( 0.000000000000000000, 0.000000000000000000, -1.000000000000000000 ) ) ;
#3340 = ADVANCED_FACE ( 'NONE', ( #2338 ), #7614, .F. ) ;
#3341 = CARTESIAN_POINT ( 'NONE',  ( -9.525000000000000355, 16.22354728284504333, 40.36214363188798160 ) ) ;
#3342 = ADVANCED_FACE ( 'NONE', ( #162 ), #3673, .T. ) ;
#3343 = EDGE_CURVE ( 'NONE', #2077, #7481, #5486, .T. ) ;
#3344 = DIRECTION ( 'NONE',  ( 0.000000000000000000, 0.000000000000000000, 1.000000000000000000 ) ) ;
#3345 = CARTESIAN_POINT ( 'NONE',  ( 12.70000000000000107, -12.33648634558010748, 47.30376971111923723 ) ) ;
#3346 = DIRECTION ( 'NONE',  ( -1.000000000000000000, -0.000000000000000000, -0.000000000000000000 ) ) ;
#3347 = ORIENTED_EDGE ( 'NONE', *, *, #677, .T. ) ;
#3348 = VECTOR ( 'NONE', #1570, 1000.000000000000000 ) ;
#3349 = ORIENTED_EDGE ( 'NONE', *, *, #7543, .T. ) ;
#3350 = ORIENTED_EDGE ( 'NONE', *, *, #5520, .F. ) ;
#3351 = VECTOR ( 'NONE', #2083, 1000.000000000000000 ) ;
#3352 = DIRECTION ( 'NONE',  ( 0.000000000000000000, 0.000000000000000000, 1.000000000000000000 ) ) ;
#3353 = AXIS2_PLACEMENT_3D ( 'NONE', #2784, #6866, #8199 ) ;
#3354 = DIRECTION ( 'NONE',  ( -1.000000000000000000, -0.000000000000000000, -0.000000000000000000 ) ) ;
#3355 = FACE_OUTER_BOUND ( 'NONE', #5456, .T. ) ;
#3356 = ORIENTED_EDGE ( 'NONE', *, *, #4857, .T. ) ;
#3357 = DIRECTION ( 'NONE',  ( 0.000000000000000000, 0.000000000000000000, 1.000000000000000000 ) ) ;
#3358 = EDGE_LOOP ( 'NONE', ( #5976, #3669, #1592, #5433 ) ) ;
#3359 = DIRECTION ( 'NONE',  ( 0.000000000000000000, 0.000000000000000000, 1.000000000000000000 ) ) ;
#3360 = VERTEX_POINT ( 'NONE', #7657 ) ;
#3361 = ORIENTED_EDGE ( 'NONE', *, *, #5930, .F. ) ;
#3362 = AXIS2_PLACEMENT_3D ( 'NONE', #5711, #1760, #4510 ) ;
#3363 = CYLINDRICAL_SURFACE ( 'NONE', #6180, 17.66249999999999787 ) ;
#3364 = VECTOR ( 'NONE', #5219, 1000.000000000000000 ) ;
#3365 = ORIENTED_EDGE ( 'NONE', *, *, #6597, .F. ) ;
#3366 = DIRECTION ( 'NONE',  ( -1.000000000000000000, -0.000000000000000000, -0.000000000000000000 ) ) ;
#3367 = VERTEX_POINT ( 'NONE', #870 ) ;
#3369 = CARTESIAN_POINT ( 'NONE',  ( 9.525000000000000355, 16.22354728284508951, 86.63785636811238078 ) ) ;
#3368 = AXIS2_PLACEMENT_3D ( 'NONE', #376, #5785, #332 ) ;
#3370 = ORIENTED_EDGE ( 'NONE', *, *, #6428, .T. ) ;
#3371 = ORIENTED_EDGE ( 'NONE', *, *, #6304, .F. ) ;
#3372 = DIRECTION ( 'NONE',  ( -1.000000000000000000, -0.000000000000000000, -0.000000000000000000 ) ) ;
#3373 = CIRCLE ( 'NONE', #1954, 2.271000000000002128 ) ;
#3374 = EDGE_CURVE ( 'NONE', #147, #2239, #7081, .T. ) ;
#3375 = DIRECTION ( 'NONE',  ( -1.000000000000000000, -0.000000000000000000, -0.000000000000000000 ) ) ;
#3376 = CARTESIAN_POINT ( 'NONE',  ( 7.746038523653021987E-16, -22.22499999999999787, 50.79999999999999716 ) ) ;
#3377 = FACE_OUTER_BOUND ( 'NONE', #6300, .T. ) ;
#3378 = DIRECTION ( 'NONE',  ( 1.000000000000000000, 0.000000000000000000, 0.000000000000000000 ) ) ;
#3379 = ORIENTED_EDGE ( 'NONE', *, *, #8041, .F. ) ;
#3380 = DIRECTION ( 'NONE',  ( -0.000000000000000000, 1.000000000000000000, -0.000000000000000000 ) ) ;
#3381 = DIRECTION ( 'NONE',  ( -1.000000000000000000, -0.000000000000000000, -0.000000000000000000 ) ) ;
#3382 = ORIENTED_EDGE ( 'NONE', *, *, #351, .T. ) ;
#3383 = ADVANCED_FACE ( 'NONE', ( #6333 ), #2380, .T. ) ;
#3384 = ORIENTED_EDGE ( 'NONE', *, *, #2313, .F. ) ;
#3385 = DIRECTION ( 'NONE',  ( -1.000000000000000000, -0.000000000000000000, -0.000000000000000000 ) ) ;
#3386 = CARTESIAN_POINT ( 'NONE',  ( 1.555301434917138433E-15, -22.22499999999999787, 63.50000000000000000 ) ) ;
#3387 = CARTESIAN_POINT ( 'NONE',  ( 12.70000000000000107, 12.69999999999999929, 10.20000000000000284 ) ) ;
#3388 = CARTESIAN_POINT ( 'NONE',  ( 12.70000000000000107, -16.22512784221253312, 95.87919284400851438 ) ) ;
#3389 = CARTESIAN_POINT ( 'NONE',  ( 1.861463134703975514E-15, 25.40000000000000213, 22.90000000000000924 ) ) ;
#3390 = ORIENTED_EDGE ( 'NONE', *, *, #4702, .F. ) ;
#3391 = ORIENTED_EDGE ( 'NONE', *, *, #7342, .T. ) ;
#3392 = EDGE_CURVE ( 'NONE', #3974, #3795, #3710, .T. ) ;
#3393 = EDGE_CURVE ( 'NONE', #298, #2512, #5582, .T. ) ;
#3394 = EDGE_CURVE ( 'NONE', #6020, #5669, #6762, .T. ) ;
#3395 = EDGE_CURVE ( 'NONE', #2462, #918, #3213, .T. ) ;
#3396 = VERTEX_POINT ( 'NONE', #208 ) ;
#3397 = LINE ( 'NONE', #1444, #8541 ) ;
#3398 = DIRECTION ( 'NONE',  ( -0.000000000000000000, 1.000000000000000000, -0.000000000000000000 ) ) ;
#3399 = LINE ( 'NONE', #8278, #7613 ) ;
#3400 = VERTEX_POINT ( 'NONE', #2914 ) ;
#3401 = CARTESIAN_POINT ( 'NONE',  ( 12.70000000000000107, 14.15672222192832841, 27.53822353099818443 ) ) ;
#3402 = EDGE_LOOP ( 'NONE', ( #8027, #5524 ) ) ;
#3403 = VECTOR ( 'NONE', #7903, 1000.000000000000000 ) ;
#3404 = DIRECTION ( 'NONE',  ( 0.000000000000000000, -6.670409905222044891E-15, -1.000000000000000000 ) ) ;
#3405 = ORIENTED_EDGE ( 'NONE', *, *, #1553, .T. ) ;
#3406 = ORIENTED_EDGE ( 'NONE', *, *, #8483, .F. ) ;
#3407 = ADVANCED_FACE ( 'NONE', ( #5625 ), #8329, .F. ) ;
#3408 = ADVANCED_FACE ( 'NONE', ( #6630 ), #8582, .T. ) ;
#3410 = LINE ( 'NONE', #3454, #7176 ) ;
#3409 = AXIS2_PLACEMENT_3D ( 'NONE', #5965, #2733, #698 ) ;
#3411 = CYLINDRICAL_SURFACE ( 'NONE', #2437, 2.499999999999988454 ) ;
#3412 = CARTESIAN_POINT ( 'NONE',  ( 9.525000000000000355, 14.15672222192832841, 27.53822353099818443 ) ) ;
#3413 = ORIENTED_EDGE ( 'NONE', *, *, #3461, .F. ) ;
#3414 = DIRECTION ( 'NONE',  ( -1.000000000000000000, -0.000000000000000000, -0.000000000000000000 ) ) ;
#3415 = ORIENTED_EDGE ( 'NONE', *, *, #7198, .F. ) ;
#3416 = ORIENTED_EDGE ( 'NONE', *, *, #8099, .T. ) ;
#3417 = CARTESIAN_POINT ( 'NONE',  ( 7.746038523653021987E-16, 22.22500000000000142, 50.79999999999999716 ) ) ;
#3418 = CIRCLE ( 'NONE', #293, 14.30000000000000071 ) ;
#3419 = CIRCLE ( 'NONE', #2986, 2.499999999999988454 ) ;
#3420 = CYLINDRICAL_SURFACE ( 'NONE', #8304, 2.271000000000002128 ) ;
#3421 = CIRCLE ( 'NONE', #6245, 2.080499999999998906 ) ;
#3422 = CARTESIAN_POINT ( 'NONE',  ( 12.70000000000000107, 1.802455207620993427, 104.1855954242718525 ) ) ;
#3423 = DIRECTION ( 'NONE',  ( -1.000000000000000000, -0.000000000000000000, -0.000000000000000000 ) ) ;
#3424 = ORIENTED_EDGE ( 'NONE', *, *, #1979, .F. ) ;
#3425 = DIRECTION ( 'NONE',  ( 0.000000000000000000, -1.000000000000000000, 0.000000000000000000 ) ) ;
#3426 = DIRECTION ( 'NONE',  ( 0.000000000000000000, 0.000000000000000000, 1.000000000000000000 ) ) ;
#3427 = ORIENTED_EDGE ( 'NONE', *, *, #7341, .T. ) ;
#3428 = VECTOR ( 'NONE', #6253, 1000.000000000000000 ) ;
#3429 = CARTESIAN_POINT ( 'NONE',  ( 1.555301434917138433E-15, -25.39999999999999503, 65.99999999999998579 ) ) ;
#3430 = LINE ( 'NONE', #632, #8692 ) ;
#3431 = FACE_OUTER_BOUND ( 'NONE', #60, .T. ) ;
#3432 = AXIS2_PLACEMENT_3D ( 'NONE', #3309, #4637, #3888 ) ;
#3433 = CARTESIAN_POINT ( 'NONE',  ( 12.70000000000000107, 16.22354728284504333, 91.16214363188798586 ) ) ;
#3434 = CARTESIAN_POINT ( 'NONE',  ( 12.70000000000000107, 10.07084749364666365, 25.18106772950216765 ) ) ;
#3435 = EDGE_CURVE ( 'NONE', #5944, #8316, #4774, .T. ) ;
#3436 = CARTESIAN_POINT ( 'NONE',  ( 12.70000000000000107, 16.22512784221258997, 81.92080715599162488 ) ) ;
#3437 = VERTEX_POINT ( 'NONE', #5167 ) ;
#3438 = EDGE_LOOP ( 'NONE', ( #8136, #776 ) ) ;
#3439 = VECTOR ( 'NONE', #2438, 1000.000000000000000 ) ;
#3440 = ORIENTED_EDGE ( 'NONE', *, *, #6164, .F. ) ;
#3441 = CARTESIAN_POINT ( 'NONE',  ( 1.555301434917138038E-15, -25.39999999999999503, 25.39999999999999858 ) ) ;
#3442 = CARTESIAN_POINT ( 'NONE',  ( 1.555301434917138038E-15, -22.22499999999999787, 76.19999999999998863 ) ) ;
#3443 = FACE_OUTER_BOUND ( 'NONE', #3305, .T. ) ;
#3444 = EDGE_LOOP ( 'NONE', ( #7418, #1114, #1256, #5505 ) ) ;
#3445 = CARTESIAN_POINT ( 'NONE',  ( 12.70000000000000107, 15.22687436074368783, 84.81162436304023799 ) ) ;
#3446 = ADVANCED_FACE ( 'NONE', ( #7825 ), #424, .F. ) ;
#3447 = AXIS2_PLACEMENT_3D ( 'NONE', #3376, #6697, #8649 ) ;
#3448 = AXIS2_PLACEMENT_3D ( 'NONE', #8488, #2284, #1621 ) ;
#3449 = CARTESIAN_POINT ( 'NONE',  ( -12.69999999999999751, 14.15672222192810992, 99.46177646900214597 ) ) ;
#3450 = EDGE_LOOP ( 'NONE', ( #6998, #5546, #8405, #5691 ) ) ;
#3451 = ORIENTED_EDGE ( 'NONE', *, *, #3234, .F. ) ;
#3452 = CIRCLE ( 'NONE', #5432, 2.080499999999998906 ) ;
#3453 = AXIS2_PLACEMENT_3D ( 'NONE', #6886, #768, #3474 ) ;
#3454 = CARTESIAN_POINT ( 'NONE',  ( -12.69999999999999751, -12.69999999999999929, 61.00000000000000711 ) ) ;
#3455 = DIRECTION ( 'NONE',  ( 0.000000000000000000, 0.000000000000000000, 1.000000000000000000 ) ) ;
#3456 = PERSON_AND_ORGANIZATION_ROLE ( 'creator' ) ;
#3457 = DIRECTION ( 'NONE',  ( -1.000000000000000000, -0.000000000000000000, -0.000000000000000000 ) ) ;
#3458 = ORIENTED_EDGE ( 'NONE', *, *, #3545, .T. ) ;
#3459 = CARTESIAN_POINT ( 'NONE',  ( 12.70000000000000107, 3.577867169202164632E-15, 38.10000000000001563 ) ) ;
#3460 = EDGE_CURVE ( 'NONE', #591, #5492, #5123, .T. ) ;
#3461 = EDGE_CURVE ( 'NONE', #6691, #8206, #7891, .T. ) ;
#3462 = EDGE_CURVE ( 'NONE', #440, #5307, #384, .T. ) ;
#3463 = ORIENTED_EDGE ( 'NONE', *, *, #791, .T. ) ;
#3464 = VECTOR ( 'NONE', #5996, 1000.000000000000000 ) ;
#3465 = ORIENTED_EDGE ( 'NONE', *, *, #3711, .T. ) ;
#3466 = DIRECTION ( 'NONE',  ( -1.000000000000000000, -0.000000000000000000, -0.000000000000000000 ) ) ;
#3467 = AXIS2_PLACEMENT_3D ( 'NONE', #4445, #1152, #8651 ) ;
#3468 = CYLINDRICAL_SURFACE ( 'NONE', #530, 2.499999999999988454 ) ;
#3469 = DIRECTION ( 'NONE',  ( 0.000000000000000000, 0.000000000000000000, 1.000000000000000000 ) ) ;
#3470 = ORIENTED_EDGE ( 'NONE', *, *, #2263, .F. ) ;
#3471 = DIRECTION ( 'NONE',  ( 0.000000000000000000, 0.000000000000000000, 1.000000000000000000 ) ) ;
#3472 = DIRECTION ( 'NONE',  ( 0.000000000000000000, 0.000000000000000000, -1.000000000000000000 ) ) ;
#3473 = ORIENTED_EDGE ( 'NONE', *, *, #519, .T. ) ;
#3474 = DIRECTION ( 'NONE',  ( 0.000000000000000000, 0.000000000000000000, 1.000000000000000000 ) ) ;
#3476 = DIRECTION ( 'NONE',  ( 0.000000000000000000, 0.000000000000000000, 1.000000000000000000 ) ) ;
#3475 = AXIS2_PLACEMENT_3D ( 'NONE', #6689, #1238, #707 ) ;
#3477 = CARTESIAN_POINT ( 'NONE',  ( -9.525000000000000355, 3.577867169202164632E-15, 38.10000000000001563 ) ) ;
#3478 = DIRECTION ( 'NONE',  ( 1.000000000000000000, 0.000000000000000000, 0.000000000000000000 ) ) ;
#3479 = CARTESIAN_POINT ( 'NONE',  ( 1.555301434917138038E-15, 25.40000000000000213, 25.39999999999999858 ) ) ;
#3480 = ORIENTED_EDGE ( 'NONE', *, *, #2057, .T. ) ;
#3481 = VERTEX_POINT ( 'NONE', #5299 ) ;
#3482 = CIRCLE ( 'NONE', #8009, 2.270999999999995467 ) ;
#3483 = EDGE_CURVE ( 'NONE', #4861, #1796, #951, .T. ) ;
#3484 = ORIENTED_EDGE ( 'NONE', *, *, #5065, .T. ) ;
#3485 = CARTESIAN_POINT ( 'NONE',  ( -12.69999999999999751, 11.15407434219237004, 100.0426721981581153 ) ) ;
#3486 = DIRECTION ( 'NONE',  ( -0.000000000000000000, 1.000000000000000000, -0.000000000000000000 ) ) ;
#3487 = CARTESIAN_POINT ( 'NONE',  ( 12.70000000000000107, -1.802455207620986100, 53.38559542427184823 ) ) ;
#3488 = CYLINDRICAL_SURFACE ( 'NONE', #2233, 2.271000000000009234 ) ;
#3489 = AXIS2_PLACEMENT_3D ( 'NONE', #2702, #5507, #129 ) ;
#3490 = DIRECTION ( 'NONE',  ( 0.000000000000000000, 0.000000000000000000, 1.000000000000000000 ) ) ;
#3491 = VERTEX_POINT ( 'NONE', #8542 ) ;
#3492 = ORIENTED_EDGE ( 'NONE', *, *, #1756, .T. ) ;
#3493 = EDGE_CURVE ( 'NONE', #2021, #3148, #3841, .T. ) ;
#3494 = CARTESIAN_POINT ( 'NONE',  ( 12.70000000000000107, 6.152699789198528002, 104.0810759023857344 ) ) ;
#3495 = CYLINDRICAL_SURFACE ( 'NONE', #2015, 2.080499999999998906 ) ;
#3496 = CALENDAR_DATE ( 2024, 18, 9 ) ;
#3497 = EDGE_LOOP ( 'NONE', ( #2534, #3160, #3463, #7266 ) ) ;
#3498 = DIRECTION ( 'NONE',  ( 0.000000000000000000, 0.000000000000000000, -1.000000000000000000 ) ) ;
#3499 = ORIENTED_EDGE ( 'NONE', *, *, #4045, .F. ) ;
#3500 = FACE_OUTER_BOUND ( 'NONE', #1903, .T. ) ;
#3501 = EDGE_LOOP ( 'NONE', ( #1198, #3499, #7344, #3593 ) ) ;
#3502 = CIRCLE ( 'NONE', #8594, 2.271000000000009234 ) ;
#3503 = AXIS2_PLACEMENT_3D ( 'NONE', #5045, #6415, #3629 ) ;
#3504 = ORIENTED_EDGE ( 'NONE', *, *, #7981, .F. ) ;
#3505 = EDGE_CURVE ( 'NONE', #1205, #2514, #2935, .T. ) ;
#3506 = PRODUCT_RELATED_PRODUCT_CATEGORY ( 'detail', '', ( #1661 ) ) ;
#3507 = EDGE_CURVE ( 'NONE', #5545, #4388, #243, .T. ) ;
#3508 = DIRECTION ( 'NONE',  ( 0.000000000000000000, 0.000000000000000000, -1.000000000000000000 ) ) ;
#3509 = EDGE_CURVE ( 'NONE', #4551, #118, #1376, .T. ) ;
#3510 = AXIS2_PLACEMENT_3D ( 'NONE', #6461, #6502, #1136 ) ;
#3511 = CIRCLE ( 'NONE', #5064, 2.499999999999988454 ) ;
#3512 = LINE ( 'NONE', #1598, #6623 ) ;
#3513 = DIRECTION ( 'NONE',  ( 0.000000000000000000, 1.500842228674960179E-14, -1.000000000000000000 ) ) ;
#3514 = VERTEX_POINT ( 'NONE', #7164 ) ;
#3515 = CARTESIAN_POINT ( 'NONE',  ( 1.555301434917138038E-15, 22.22500000000000142, 78.69999999999997442 ) ) ;
#3516 = CARTESIAN_POINT ( 'NONE',  ( -9.525000000000002132, 0.000000000000000000, 63.50000000000000000 ) ) ;
#3517 = AXIS2_PLACEMENT_3D ( 'NONE', #6579, #4054, #5952 ) ;
#3518 = ADVANCED_FACE ( 'NONE', ( #7872 ), #4547, .T. ) ;
#3519 = DIRECTION ( 'NONE',  ( 0.000000000000000000, 0.000000000000000000, 1.000000000000000000 ) ) ;
#3520 = CIRCLE ( 'NONE', #827, 2.499999999999992006 ) ;
#3521 = CARTESIAN_POINT ( 'NONE',  ( 0.000000000000000000, 22.22500000000000142, 15.19999999999999218 ) ) ;
#3522 = DIRECTION ( 'NONE',  ( 0.000000000000000000, 0.000000000000000000, 1.000000000000000000 ) ) ;
#3523 = DIRECTION ( 'NONE',  ( 1.000000000000000000, 0.000000000000000000, 0.000000000000000000 ) ) ;
#3524 = CARTESIAN_POINT ( 'NONE',  ( 9.525000000000000355, -5.371240620587821368, 51.35291568658563932 ) ) ;
#3525 = DIRECTION ( 'NONE',  ( -1.000000000000000000, 0.000000000000000000, 0.000000000000000000 ) ) ;
#3526 = ORIENTED_EDGE ( 'NONE', *, *, #7186, .F. ) ;
#3527 = ORIENTED_EDGE ( 'NONE', *, *, #3616, .F. ) ;
#3528 = ORIENTED_EDGE ( 'NONE', *, *, #2686, .F. ) ;
#3529 = DIRECTION ( 'NONE',  ( -1.000000000000000000, 0.000000000000000000, 0.000000000000000000 ) ) ;
#3530 = CARTESIAN_POINT ( 'NONE',  ( 1.555301434917138038E-15, -22.22499999999999787, 25.39999999999999858 ) ) ;
#3531 = DIRECTION ( 'NONE',  ( -1.000000000000000000, -0.000000000000000000, -0.000000000000000000 ) ) ;
#3532 = DIRECTION ( 'NONE',  ( 0.000000000000000000, 1.000000000000000000, 0.000000000000000000 ) ) ;
#3533 = DIRECTION ( 'NONE',  ( 0.000000000000000000, 0.000000000000000000, -1.000000000000000000 ) ) ;
#3534 = ORIENTED_EDGE ( 'NONE', *, *, #307, .F. ) ;
#3535 = VERTEX_POINT ( 'NONE', #7208 ) ;
#3536 = DIRECTION ( 'NONE',  ( 0.000000000000000000, 0.000000000000000000, 1.000000000000000000 ) ) ;
#3537 = DIRECTION ( 'NONE',  ( 0.000000000000000000, 0.000000000000000000, 1.000000000000000000 ) ) ;
#3538 = DIRECTION ( 'NONE',  ( -1.000000000000000000, -0.000000000000000000, -0.000000000000000000 ) ) ;
#3539 = AXIS2_PLACEMENT_3D ( 'NONE', #6033, #7940, #495 ) ;
#3540 = ORIENTED_EDGE ( 'NONE', *, *, #8323, .F. ) ;
#3541 = CARTESIAN_POINT ( 'NONE',  ( 9.525000000000000355, 14.16298196909037088, 36.12517298397528975 ) ) ;
#3542 = EDGE_LOOP ( 'NONE', ( #399, #3739, #6447, #7587 ) ) ;
#3543 = DIRECTION ( 'NONE',  ( 0.000000000000000000, 0.000000000000000000, 1.000000000000000000 ) ) ;
#3544 = ORIENTED_EDGE ( 'NONE', *, *, #7231, .T. ) ;
#3545 = EDGE_CURVE ( 'NONE', #2195, #6669, #5875, .T. ) ;
#3546 = ORIENTED_EDGE ( 'NONE', *, *, #8174, .T. ) ;
#3547 = AXIS2_PLACEMENT_3D ( 'NONE', #4731, #6724, #3404 ) ;
#3548 = CARTESIAN_POINT ( 'NONE',  ( 12.70000000000000107, -2.068405620284290425, 20.55903068698950520 ) ) ;
#3549 = CARTESIAN_POINT ( 'NONE',  ( -9.525000000000002132, 12.69999999999999929, 111.8000000000000114 ) ) ;
#3550 = DIRECTION ( 'NONE',  ( -0.000000000000000000, 1.000000000000000000, -0.000000000000000000 ) ) ;
#3551 = EDGE_LOOP ( 'NONE', ( #877, #5928, #1773, #6362 ) ) ;
#3552 = DIRECTION ( 'NONE',  ( -0.000000000000000000, 1.000000000000000000, -0.000000000000000000 ) ) ;
#3553 = EDGE_CURVE ( 'NONE', #2434, #8772, #8024, .T. ) ;
#3554 = EDGE_CURVE ( 'NONE', #3006, #6161, #3921, .T. ) ;
#3555 = CARTESIAN_POINT ( 'NONE',  ( 9.525000000000000355, 12.69999999999999929, 116.7999999999999829 ) ) ;
#3556 = AXIS2_PLACEMENT_3D ( 'NONE', #485, #655, #2520 ) ;
#3557 = CIRCLE ( 'NONE', #6824, 2.080499999999998906 ) ;
#3558 = CARTESIAN_POINT ( 'NONE',  ( 7.746038523653021987E-16, 25.40000000000000213, 53.29999999999998295 ) ) ;
#3559 = DIRECTION ( 'NONE',  ( -1.000000000000000000, -0.000000000000000000, -0.000000000000000000 ) ) ;
#3560 = CYLINDRICAL_SURFACE ( 'NONE', #7144, 17.66249999999999787 ) ;
#3561 = ORIENTED_EDGE ( 'NONE', *, *, #6596, .T. ) ;
#3562 = DIRECTION ( 'NONE',  ( 1.000000000000000000, 0.000000000000000000, 0.000000000000000000 ) ) ;
#3563 = CARTESIAN_POINT ( 'NONE',  ( 12.70000000000000107, -5.371240620587816927, 75.64708431341438200 ) ) ;
#3564 = ADVANCED_FACE ( 'NONE', ( #3218, #4634 ), #8626, .F. ) ;
#3565 = EDGE_CURVE ( 'NONE', #5352, #8666, #6185, .T. ) ;
#3566 = EDGE_CURVE ( 'NONE', #2335, #2632, #2366, .T. ) ;
#3567 = CIRCLE ( 'NONE', #6247, 2.080499999999998906 ) ;
#3568 = DIRECTION ( 'NONE',  ( 0.000000000000000000, 0.000000000000000000, -1.000000000000000000 ) ) ;
#3569 = ORIENTED_EDGE ( 'NONE', *, *, #5870, .T. ) ;
#3570 = VERTEX_POINT ( 'NONE', #7649 ) ;
#3572 = ORIENTED_EDGE ( 'NONE', *, *, #1563, .F. ) ;
#3571 = VECTOR ( 'NONE', #1974, 1000.000000000000000 ) ;
#3573 = CARTESIAN_POINT ( 'NONE',  ( 12.70000000000000107, -16.22354728284505399, 86.63785636811216762 ) ) ;
#3574 = CARTESIAN_POINT ( 'NONE',  ( 12.70000000000000107, 12.69999999999999929, 114.2999999999999972 ) ) ;
#3575 = CARTESIAN_POINT ( 'NONE',  ( -12.69999999999999751, -12.69999999999999929, 15.19999999999999218 ) ) ;
#3576 = CARTESIAN_POINT ( 'NONE',  ( -9.525000000000000355, 3.577867169202164632E-15, 88.90000000000000568 ) ) ;
#3577 = FACE_OUTER_BOUND ( 'NONE', #7906, .T. ) ;
#3578 = ORIENTED_EDGE ( 'NONE', *, *, #638, .T. ) ;
#3579 = VECTOR ( 'NONE', #8519, 1000.000000000000000 ) ;
#3580 = ORIENTED_EDGE ( 'NONE', *, *, #5772, .F. ) ;
#3581 = AXIS2_PLACEMENT_3D ( 'NONE', #5046, #6334, #7124 ) ;
#3582 = DIRECTION ( 'NONE',  ( -0.000000000000000000, 1.000000000000000000, -0.000000000000000000 ) ) ;
#3583 = CYLINDRICAL_SURFACE ( 'NONE', #3581, 17.66249999999999787 ) ;
#3585 = AXIS2_PLACEMENT_3D ( 'NONE', #2049, #7446, #1377 ) ;
#3584 = DIRECTION ( 'NONE',  ( 0.000000000000000000, 0.000000000000000000, 1.000000000000000000 ) ) ;
#3586 = CIRCLE ( 'NONE', #2880, 2.499999999999988454 ) ;
#3587 = PERSON_AND_ORGANIZATION ( #2922, #5816 ) ;
#3588 = ORIENTED_EDGE ( 'NONE', *, *, #552, .F. ) ;
#3589 = CARTESIAN_POINT ( 'NONE',  ( 12.70000000000000107, 3.577867169202164632E-15, 38.10000000000001563 ) ) ;
#3590 = ORIENTED_EDGE ( 'NONE', *, *, #3022, .F. ) ;
#3591 = DIRECTION ( 'NONE',  ( -1.000000000000000000, 0.000000000000000000, 0.000000000000000000 ) ) ;
#3592 = VERTEX_POINT ( 'NONE', #8142 ) ;
#3593 = ORIENTED_EDGE ( 'NONE', *, *, #8439, .T. ) ;
#3594 = CIRCLE ( 'NONE', #6426, 2.271000000000002128 ) ;
#3595 = AXIS2_PLACEMENT_3D ( 'NONE', #7252, #6184, #152 ) ;
#3596 = DIRECTION ( 'NONE',  ( -1.000000000000000000, -0.000000000000000000, -0.000000000000000000 ) ) ;
#3597 = EDGE_CURVE ( 'NONE', #5801, #392, #5529, .T. ) ;
#3598 = DIRECTION ( 'NONE',  ( -1.000000000000000000, -0.000000000000000000, -0.000000000000000000 ) ) ;
#3599 = CARTESIAN_POINT ( 'NONE',  ( -12.69999999999999751, -25.39999999999999503, 0.000000000000000000 ) ) ;
#3600 = EDGE_LOOP ( 'NONE', ( #1785, #4404, #8052, #1170 ) ) ;
#3601 = FACE_OUTER_BOUND ( 'NONE', #3788, .T. ) ;
#3602 = DIRECTION ( 'NONE',  ( 1.000000000000000000, 0.000000000000000000, 0.000000000000000000 ) ) ;
#3603 = AXIS2_PLACEMENT_3D ( 'NONE', #7146, #1074, #3778 ) ;
#3604 = EDGE_CURVE ( 'NONE', #5907, #8112, #780, .T. ) ;
#3605 = DIRECTION ( 'NONE',  ( 0.000000000000000000, 0.000000000000000000, 1.000000000000000000 ) ) ;
#3606 = DIRECTION ( 'NONE',  ( -1.000000000000000000, -0.000000000000000000, -0.000000000000000000 ) ) ;
#3607 = CARTESIAN_POINT ( 'NONE',  ( 12.70000000000000107, -8.791741348502467801, 26.82191132943921019 ) ) ;
#3608 = ORIENTED_EDGE ( 'NONE', *, *, #3772, .F. ) ;
#3609 = DIRECTION ( 'NONE',  ( 0.000000000000000000, 0.000000000000000000, -1.000000000000000000 ) ) ;
#3610 = DIRECTION ( 'NONE',  ( 0.000000000000000000, 0.000000000000000000, 1.000000000000000000 ) ) ;
#3611 = AXIS2_PLACEMENT_3D ( 'NONE', #7267, #7892, #1108 ) ;
#3612 = DIRECTION ( 'NONE',  ( 0.000000000000000000, 0.000000000000000000, 1.000000000000000000 ) ) ;
#3613 = ORIENTED_EDGE ( 'NONE', *, *, #1118, .F. ) ;
#3614 = VERTEX_POINT ( 'NONE', #4285 ) ;
#3615 = ADVANCED_FACE ( 'NONE', ( #2118 ), #2775, .F. ) ;
#3616 = EDGE_CURVE ( 'NONE', #3360, #6981, #4864, .T. ) ;
#3617 = EDGE_CURVE ( 'NONE', #5790, #1759, #7465, .T. ) ;
#3618 = ORIENTED_EDGE ( 'NONE', *, *, #6807, .T. ) ;
#3619 = ADVANCED_FACE ( 'NONE', ( #2071 ), #6813, .F. ) ;
#3620 = CARTESIAN_POINT ( 'NONE',  ( -12.69999999999999929, 0.000000000000000000, 63.50000000000000000 ) ) ;
#3621 = DIRECTION ( 'NONE',  ( -1.000000000000000000, -0.000000000000000000, -0.000000000000000000 ) ) ;
#3622 = CARTESIAN_POINT ( 'NONE',  ( 1.555301434917138038E-15, 25.40000000000000213, 76.19999999999998863 ) ) ;
#3623 = FACE_OUTER_BOUND ( 'NONE', #5263, .T. ) ;
#3624 = DIRECTION ( 'NONE',  ( 0.000000000000000000, 0.000000000000000000, 1.000000000000000000 ) ) ;
#3625 = EDGE_LOOP ( 'NONE', ( #7108, #7821, #8271, #7047, #4732, #599, #6831, #1619, #1122, #1643, #2017, #6444, #7997, #7946, #5630, #3827, #7522, #5917, #6881, #8525, #4777, #2268, #5757, #1067, #7780, #2689, #6148, #3303, #1184, #7750, #4468, #1723, #348, #4912, #6395, #2638, #2084, #4946, #6628, #7519, #6338 ) ) ;
#3626 = VECTOR ( 'NONE', #770, 1000.000000000000000 ) ;
#3627 = ORIENTED_EDGE ( 'NONE', *, *, #4645, .T. ) ;
#3628 = ADVANCED_FACE ( 'NONE', ( #5488 ), #1536, .F. ) ;
#3629 = DIRECTION ( 'NONE',  ( 0.000000000000000000, 0.000000000000000000, 1.000000000000000000 ) ) ;
#3630 = CARTESIAN_POINT ( 'NONE',  ( -12.69999999999999751, 0.000000000000000000, 15.19999999999992468 ) ) ;
#3631 = VECTOR ( 'NONE', #2894, 1000.000000000000000 ) ;
#3632 = CARTESIAN_POINT ( 'NONE',  ( -9.525000000000000355, -1.802455207620986100, 73.61440457572818730 ) ) ;
#3633 = EDGE_LOOP ( 'NONE', ( #6318, #1707, #380, #2170 ) ) ;
#3634 = CARTESIAN_POINT ( 'NONE',  ( 9.525000000000000355, 12.33648634557998314, 47.30376971111940776 ) ) ;
#3635 = VERTEX_POINT ( 'NONE', #6187 ) ;
#3636 = CYLINDRICAL_SURFACE ( 'NONE', #4036, 2.271000000000002128 ) ;
#3637 = ORIENTED_EDGE ( 'NONE', *, *, #2739, .F. ) ;
#3638 = ORIENTED_EDGE ( 'NONE', *, *, #2184, .T. ) ;
#3639 = AXIS2_PLACEMENT_3D ( 'NONE', #2222, #5593, #5550 ) ;
#3640 = CIRCLE ( 'NONE', #6332, 2.271000000000002128 ) ;
#3641 = DIRECTION ( 'NONE',  ( 1.000000000000000000, 0.000000000000000000, 0.000000000000000000 ) ) ;
#3642 = DIRECTION ( 'NONE',  ( 0.000000000000000000, 0.000000000000000000, 1.000000000000000000 ) ) ;
#3644 = DIRECTION ( 'NONE',  ( -1.000000000000000000, -0.000000000000000000, -0.000000000000000000 ) ) ;
#3643 = CIRCLE ( 'NONE', #3503, 14.30000000000000782 ) ;
#3645 = ORIENTED_EDGE ( 'NONE', *, *, #5665, .T. ) ;
#3646 = LINE ( 'NONE', #1806, #7645 ) ;
#3647 = CARTESIAN_POINT ( 'NONE',  ( 12.70000000000000107, 12.33648634557998314, 49.57476971111940856 ) ) ;
#3648 = AXIS2_PLACEMENT_3D ( 'NONE', #647, #8721, #8092 ) ;
#3649 = AXIS2_PLACEMENT_3D ( 'NONE', #4955, #6234, #969 ) ;
#3650 = FACE_OUTER_BOUND ( 'NONE', #2307, .T. ) ;
#3651 = DIRECTION ( 'NONE',  ( 0.000000000000000000, 0.000000000000000000, -1.000000000000000000 ) ) ;
#3652 = DIRECTION ( 'NONE',  ( 0.000000000000000000, 0.000000000000000000, -1.000000000000000000 ) ) ;
#3653 = ORIENTED_EDGE ( 'NONE', *, *, #6038, .T. ) ;
#3655 = CARTESIAN_POINT ( 'NONE',  ( -12.69999999999999751, 4.072800018551153478, 53.33104783511791425 ) ) ;
#3654 = AXIS2_PLACEMENT_3D ( 'NONE', #5788, #998, #8491 ) ;
#3656 = FACE_OUTER_BOUND ( 'NONE', #763, .T. ) ;
#3657 = VECTOR ( 'NONE', #4372, 1000.000000000000000 ) ;
#3658 = DIRECTION ( 'NONE',  ( -1.000000000000000000, 0.000000000000000000, 0.000000000000000000 ) ) ;
#3659 = ORIENTED_EDGE ( 'NONE', *, *, #38, .F. ) ;
#3660 = EDGE_CURVE ( 'NONE', #1036, #5701, #7755, .T. ) ;
#3661 = ORIENTED_EDGE ( 'NONE', *, *, #8696, .F. ) ;
#3662 = VECTOR ( 'NONE', #4400, 1000.000000000000000 ) ;
#3663 = ORIENTED_EDGE ( 'NONE', *, *, #6368, .F. ) ;
#3664 = CYLINDRICAL_SURFACE ( 'NONE', #4867, 2.080499999999998906 ) ;
#3665 = DIRECTION ( 'NONE',  ( -1.000000000000000000, -0.000000000000000000, -0.000000000000000000 ) ) ;
#3666 = DIRECTION ( 'NONE',  ( 0.000000000000000000, 0.000000000000000000, 1.000000000000000000 ) ) ;
#3667 = CARTESIAN_POINT ( 'NONE',  ( 12.70000000000000107, -11.15407434219252103, 49.24267219815796182 ) ) ;
#3668 = DIRECTION ( 'NONE',  ( 0.000000000000000000, 0.000000000000000000, 1.000000000000000000 ) ) ;
#3669 = ORIENTED_EDGE ( 'NONE', *, *, #2635, .F. ) ;
#3670 = EDGE_CURVE ( 'NONE', #3867, #4289, #1949, .T. ) ;
#3671 = ADVANCED_FACE ( 'NONE', ( #3443 ), #5575, .F. ) ;
#3672 = ORIENTED_EDGE ( 'NONE', *, *, #896, .T. ) ;
#3673 = CYLINDRICAL_SURFACE ( 'NONE', #4215, 2.080499999999998906 ) ;
#3674 = DIRECTION ( 'NONE',  ( -1.000000000000000000, -0.000000000000000000, -0.000000000000000000 ) ) ;
#3675 = DIRECTION ( 'NONE',  ( 0.000000000000000000, 1.000000000000000000, 0.000000000000000000 ) ) ;
#3676 = ORIENTED_EDGE ( 'NONE', *, *, #5288, .T. ) ;
#3677 = FACE_OUTER_BOUND ( 'NONE', #2646, .T. ) ;
#3678 = ORIENTED_EDGE ( 'NONE', *, *, #5571, .F. ) ;
#3679 = DIRECTION ( 'NONE',  ( 0.000000000000000000, 0.000000000000000000, 1.000000000000000000 ) ) ;
#3680 = ORIENTED_EDGE ( 'NONE', *, *, #8760, .F. ) ;
#3681 = EDGE_CURVE ( 'NONE', #8590, #4172, #3399, .T. ) ;
#3682 = ADVANCED_FACE ( 'NONE', ( #4153 ), #2159, .F. ) ;
#3683 = ORIENTED_EDGE ( 'NONE', *, *, #6772, .F. ) ;
#3684 = CARTESIAN_POINT ( 'NONE',  ( 12.70000000000000107, 14.15672222192810992, 48.66177646900214881 ) ) ;
#3685 = DIRECTION ( 'NONE',  ( -1.000000000000000000, -0.000000000000000000, -0.000000000000000000 ) ) ;
#3686 = CARTESIAN_POINT ( 'NONE',  ( -12.69999999999999751, -10.07084749364648069, 75.98106772950202981 ) ) ;
#3687 = EDGE_LOOP ( 'NONE', ( #1610, #2156, #4252, #2122 ) ) ;
#3688 = CARTESIAN_POINT ( 'NONE',  ( 7.746038523653021987E-16, 25.40000000000000213, 88.89999999999999147 ) ) ;
#3689 = DIRECTION ( 'NONE',  ( 0.000000000000000000, -1.000000000000000000, 0.000000000000000000 ) ) ;
#3690 = VECTOR ( 'NONE', #5658, 1000.000000000000000 ) ;
#3691 = DIRECTION ( 'NONE',  ( -1.000000000000000000, -0.000000000000000000, -0.000000000000000000 ) ) ;
#3692 = DIRECTION ( 'NONE',  ( 0.000000000000000000, -1.667602476305511223E-15, 1.000000000000000000 ) ) ;
#3693 = ORIENTED_EDGE ( 'NONE', *, *, #4945, .T. ) ;
#3694 = DIRECTION ( 'NONE',  ( 1.000000000000000000, 0.000000000000000000, 0.000000000000000000 ) ) ;
#3695 = DIRECTION ( 'NONE',  ( 0.000000000000000000, 0.000000000000000000, -1.000000000000000000 ) ) ;
#3696 = DIRECTION ( 'NONE',  ( 0.000000000000000000, 0.000000000000000000, 1.000000000000000000 ) ) ;
#3697 = ORIENTED_EDGE ( 'NONE', *, *, #6808, .F. ) ;
#3698 = ORIENTED_EDGE ( 'NONE', *, *, #6978, .T. ) ;
#3699 = CIRCLE ( 'NONE', #8650, 2.499999999999995115 ) ;
#3700 = ORIENTED_EDGE ( 'NONE', *, *, #6037, .F. ) ;
#3701 = EDGE_CURVE ( 'NONE', #4513, #7391, #1102, .T. ) ;
#3702 = CARTESIAN_POINT ( 'NONE',  ( 9.525000000000000355, 3.577867169202164632E-15, 38.10000000000001563 ) ) ;
#3703 = CYLINDRICAL_SURFACE ( 'NONE', #766, 2.499999999999988454 ) ;
#3704 = DIRECTION ( 'NONE',  ( 0.000000000000000000, 0.000000000000000000, -1.000000000000000000 ) ) ;
#3705 = AXIS2_PLACEMENT_3D ( 'NONE', #7904, #3911, #4660 ) ;
#3706 = DIRECTION ( 'NONE',  ( -1.000000000000000000, -0.000000000000000000, -0.000000000000000000 ) ) ;
#3707 = LINE ( 'NONE', #3169, #7656 ) ;
#3708 = VERTEX_POINT ( 'NONE', #4199 ) ;
#3709 = ORIENTED_EDGE ( 'NONE', *, *, #4176, .T. ) ;
#3710 = LINE ( 'NONE', #7122, #6342 ) ;
#3711 = EDGE_CURVE ( 'NONE', #7282, #4535, #4949, .T. ) ;
#3712 = DIRECTION ( 'NONE',  ( -0.000000000000000000, 1.000000000000000000, -0.000000000000000000 ) ) ;
#3713 = CARTESIAN_POINT ( 'NONE',  ( 12.70000000000000107, -4.072800018551144596, 73.66895216488211418 ) ) ;
#3714 = EDGE_LOOP ( 'NONE', ( #4344, #7432 ) ) ;
#3715 = DIRECTION ( 'NONE',  ( 0.000000000000000000, -0.000000000000000000, 1.000000000000000000 ) ) ;
#3716 = ORIENTED_EDGE ( 'NONE', *, *, #1602, .F. ) ;
#3717 = CARTESIAN_POINT ( 'NONE',  ( 12.70000000000000107, 3.577867169202164632E-15, 88.90000000000000568 ) ) ;
#3718 = CIRCLE ( 'NONE', #8668, 14.30000000000000071 ) ;
#3719 = VECTOR ( 'NONE', #4066, 1000.000000000000000 ) ;
#3720 = EDGE_LOOP ( 'NONE', ( #8459, #2207 ) ) ;
#3721 = ORIENTED_EDGE ( 'NONE', *, *, #4267, .T. ) ;
#3722 = DIRECTION ( 'NONE',  ( -1.000000000000000000, -0.000000000000000000, -0.000000000000000000 ) ) ;
#3723 = ADVANCED_FACE ( 'NONE', ( #7607 ), #286, .F. ) ;
#3724 = EDGE_CURVE ( 'NONE', #1993, #592, #6194, .T. ) ;
#3725 = ADVANCED_FACE ( 'NONE', ( #3083 ), #7033, .F. ) ;
#3726 = DIRECTION ( 'NONE',  ( -1.000000000000000000, -0.000000000000000000, -0.000000000000000000 ) ) ;
#3727 = CARTESIAN_POINT ( 'NONE',  ( 9.525000000000000355, -6.152699789198520897, 73.71892409761429121 ) ) ;
#3728 = ORIENTED_EDGE ( 'NONE', *, *, #6682, .T. ) ;
#3729 = CIRCLE ( 'NONE', #8682, 2.271000000000002128 ) ;
#3730 = AXIS2_PLACEMENT_3D ( 'NONE', #2725, #7377, #2157 ) ;
#3731 = DIRECTION ( 'NONE',  ( 0.000000000000000000, 0.000000000000000000, -1.000000000000000000 ) ) ;
#3732 = AXIS2_PLACEMENT_3D ( 'NONE', #1931, #5125, #8718 ) ;
#3734 = CYLINDRICAL_SURFACE ( 'NONE', #8538, 2.270999999999995467 ) ;
#3733 = AXIS2_PLACEMENT_3D ( 'NONE', #7863, #1916, #5205 ) ;
#3735 = CARTESIAN_POINT ( 'NONE',  ( 9.525000000000000355, 3.577867169202164632E-15, 38.10000000000001563 ) ) ;
#3736 = VERTEX_POINT ( 'NONE', #3123 ) ;
#3737 = CYLINDRICAL_SURFACE ( 'NONE', #4368, 2.499999999999988454 ) ;
#3738 = DIRECTION ( 'NONE',  ( -1.000000000000000000, 0.000000000000000000, 0.000000000000000000 ) ) ;
#3739 = ORIENTED_EDGE ( 'NONE', *, *, #4047, .F. ) ;
#3740 = VECTOR ( 'NONE', #8532, 1000.000000000000000 ) ;
#3741 = EDGE_LOOP ( 'NONE', ( #6672, #3028, #4466, #39 ) ) ;
#3742 = ORIENTED_EDGE ( 'NONE', *, *, #4427, .T. ) ;
#3743 = CARTESIAN_POINT ( 'NONE',  ( 12.70000000000000107, 10.07084749364666365, 25.18106772950216765 ) ) ;
#3745 = DIRECTION ( 'NONE',  ( -1.000000000000000000, -0.000000000000000000, -0.000000000000000000 ) ) ;
#3744 = CIRCLE ( 'NONE', #6436, 2.499999999999988454 ) ;
#3746 = CARTESIAN_POINT ( 'NONE',  ( 1.555301434917138433E-15, 25.40000000000000213, 114.2999999999999972 ) ) ;
#3747 = CARTESIAN_POINT ( 'NONE',  ( 9.525000000000000355, 3.577867169202164632E-15, 88.90000000000000568 ) ) ;
#3748 = CARTESIAN_POINT ( 'NONE',  ( 12.70000000000000107, -10.07084749364648069, 27.26156772950202267 ) ) ;
#3749 = VERTEX_POINT ( 'NONE', #5161 ) ;
#3750 = ORIENTED_EDGE ( 'NONE', *, *, #1061, .T. ) ;
#3751 = EDGE_CURVE ( 'NONE', #8767, #4673, #2944, .T. ) ;
#3752 = VECTOR ( 'NONE', #5509, 1000.000000000000000 ) ;
#3753 = DIRECTION ( 'NONE',  ( 0.000000000000000000, 0.000000000000000000, 1.000000000000000000 ) ) ;
#3754 = FACE_OUTER_BOUND ( 'NONE', #8378, .T. ) ;
#3755 = CARTESIAN_POINT ( 'NONE',  ( -12.69999999999999751, 12.69999999999999929, 61.00000000000000711 ) ) ;
#3756 = ORIENTED_EDGE ( 'NONE', *, *, #1313, .F. ) ;
#3757 = CARTESIAN_POINT ( 'NONE',  ( -12.69999999999999751, -10.07084749364648069, 27.26156772950202267 ) ) ;
#3758 = ORIENTED_EDGE ( 'NONE', *, *, #5010, .T. ) ;
#3759 = DIRECTION ( 'NONE',  ( -1.000000000000000000, 0.000000000000000000, 0.000000000000000000 ) ) ;
#3760 = VECTOR ( 'NONE', #4921, 1000.000000000000000 ) ;
#3761 = ORIENTED_EDGE ( 'NONE', *, *, #8381, .F. ) ;
#3762 = ORIENTED_EDGE ( 'NONE', *, *, #371, .F. ) ;
#3763 = EDGE_CURVE ( 'NONE', #7385, #1957, #4080, .T. ) ;
#3764 = DIRECTION ( 'NONE',  ( -1.000000000000000000, -0.000000000000000000, -0.000000000000000000 ) ) ;
#3765 = DIRECTION ( 'NONE',  ( -0.000000000000000000, 1.000000000000000000, -0.000000000000000000 ) ) ;
#3766 = EDGE_LOOP ( 'NONE', ( #2681, #2875, #2130, #7806 ) ) ;
#3767 = DIRECTION ( 'NONE',  ( 1.000000000000000000, 0.000000000000000000, 0.000000000000000000 ) ) ;
#3768 = VERTEX_POINT ( 'NONE', #6450 ) ;
#3769 = AXIS2_PLACEMENT_3D ( 'NONE', #2751, #4086, #798 ) ;
#3770 = DIRECTION ( 'NONE',  ( 0.000000000000000000, 0.000000000000000000, 1.000000000000000000 ) ) ;
#3771 = ADVANCED_FACE ( 'NONE', ( #2952 ), #7776, .F. ) ;
#3772 = EDGE_CURVE ( 'NONE', #4856, #232, #6907, .T. ) ;
#3773 = EDGE_CURVE ( 'NONE', #1486, #5173, #5906, .T. ) ;
#3774 = EDGE_CURVE ( 'NONE', #5451, #4555, #2094, .T. ) ;
#3775 = VECTOR ( 'NONE', #3366, 1000.000000000000000 ) ;
#3776 = AXIS2_PLACEMENT_3D ( 'NONE', #3231, #3851, #7177 ) ;
#3777 = CARTESIAN_POINT ( 'NONE',  ( 9.525000000000000355, 12.33648634558017676, 28.89623028888087930 ) ) ;
#3778 = DIRECTION ( 'NONE',  ( 0.000000000000000000, 0.000000000000000000, 1.000000000000000000 ) ) ;
#3779 = ORIENTED_EDGE ( 'NONE', *, *, #87, .T. ) ;
#3780 = DIRECTION ( 'NONE',  ( -1.000000000000000000, -0.000000000000000000, -0.000000000000000000 ) ) ;
#3781 = DIRECTION ( 'NONE',  ( 1.000000000000000000, 0.000000000000000000, 0.000000000000000000 ) ) ;
#3782 = EDGE_LOOP ( 'NONE', ( #179, #4359, #7859, #2877 ) ) ;
#3783 = AXIS2_PLACEMENT_3D ( 'NONE', #611, #5404, #3321 ) ;
#3784 = VECTOR ( 'NONE', #2860, 1000.000000000000000 ) ;
#3785 = EDGE_LOOP ( 'NONE', ( #2457, #5258, #880, #8386 ) ) ;
#3786 = ADVANCED_FACE ( 'NONE', ( #1623 ), #2409, .F. ) ;
#3787 = EDGE_CURVE ( 'NONE', #206, #270, #2515, .T. ) ;
#3788 = EDGE_LOOP ( 'NONE', ( #1358, #5262, #8734, #6093 ) ) ;
#3789 = CARTESIAN_POINT ( 'NONE',  ( 9.525000000000000355, 3.577867169202164632E-15, 38.10000000000001563 ) ) ;
#3790 = CIRCLE ( 'NONE', #6048, 14.30000000000000071 ) ;
#3791 = DIRECTION ( 'NONE',  ( -0.000000000000000000, 1.000000000000000000, -0.000000000000000000 ) ) ;
#3792 = DIRECTION ( 'NONE',  ( 1.000000000000000000, 0.000000000000000000, 0.000000000000000000 ) ) ;
#3793 = CARTESIAN_POINT ( 'NONE',  ( -12.69999999999999751, 12.69999999999999929, 15.19999999999999218 ) ) ;
#3794 = LINE ( 'NONE', #8412, #4973 ) ;
#3795 = VERTEX_POINT ( 'NONE', #8362 ) ;
#3796 = ORIENTED_EDGE ( 'NONE', *, *, #7726, .F. ) ;
#3797 = AXIS2_PLACEMENT_3D ( 'NONE', #5745, #5699, #2375 ) ;
#3798 = DIRECTION ( 'NONE',  ( 0.000000000000000000, 0.000000000000000000, 1.000000000000000000 ) ) ;
#3799 = LINE ( 'NONE', #596, #4571 ) ;
#3800 = LINE ( 'NONE', #6500, #2448 ) ;
#3801 = CIRCLE ( 'NONE', #4795, 14.30000000000000071 ) ;
#3802 = ORIENTED_EDGE ( 'NONE', *, *, #3660, .F. ) ;
#3803 = DIRECTION ( 'NONE',  ( -0.000000000000000000, 1.000000000000000000, -0.000000000000000000 ) ) ;
#3804 = ORIENTED_EDGE ( 'NONE', *, *, #4789, .F. ) ;
#3805 = DIRECTION ( 'NONE',  ( -1.000000000000000000, -0.000000000000000000, -0.000000000000000000 ) ) ;
#3806 = CARTESIAN_POINT ( 'NONE',  ( 12.70000000000000107, 25.40000000000000213, 127.0000000000000000 ) ) ;
#3807 = ORIENTED_EDGE ( 'NONE', *, *, #3322, .F. ) ;
#3808 = ORIENTED_EDGE ( 'NONE', *, *, #6380, .T. ) ;
#3809 = DIRECTION ( 'NONE',  ( -1.000000000000000000, -0.000000000000000000, -0.000000000000000000 ) ) ;
#3810 = DIRECTION ( 'NONE',  ( -1.000000000000000000, -0.000000000000000000, -0.000000000000000000 ) ) ;
#3811 = ADVANCED_FACE ( 'NONE', ( #8448 ), #7737, .F. ) ;
#3812 = ORIENTED_EDGE ( 'NONE', *, *, #144, .F. ) ;
#3813 = CARTESIAN_POINT ( 'NONE',  ( 12.70000000000000107, 14.13894155320113555, 32.01817428684756095 ) ) ;
#3814 = ORIENTED_EDGE ( 'NONE', *, *, #5513, .T. ) ;
#3815 = CYLINDRICAL_SURFACE ( 'NONE', #7952, 2.499999999999988454 ) ;
#3816 = DIRECTION ( 'NONE',  ( 0.000000000000000000, 0.000000000000000000, 1.000000000000000000 ) ) ;
#3817 = EDGE_CURVE ( 'NONE', #5032, #6691, #1237, .T. ) ;
#3818 = DIRECTION ( 'NONE',  ( 1.000000000000000000, -0.000000000000000000, -0.000000000000000000 ) ) ;
#3819 = EDGE_CURVE ( 'NONE', #3241, #6961, #3511, .T. ) ;
#3820 = CIRCLE ( 'NONE', #5802, 17.66249999999999787 ) ;
#3821 = VERTEX_POINT ( 'NONE', #416 ) ;
#3822 = LINE ( 'NONE', #6569, #4229 ) ;
#3823 = DIRECTION ( 'NONE',  ( -0.000000000000000000, 1.000000000000000000, -0.000000000000000000 ) ) ;
#3824 = ORIENTED_EDGE ( 'NONE', *, *, #800, .F. ) ;
#3825 = ORIENTED_EDGE ( 'NONE', *, *, #2666, .F. ) ;
#3826 = AXIS2_PLACEMENT_3D ( 'NONE', #24, #7968, #3266 ) ;
#3827 = ORIENTED_EDGE ( 'NONE', *, *, #5633, .F. ) ;
#3828 = CARTESIAN_POINT ( 'NONE',  ( -9.525000000000000355, 4.072800018551153478, 53.33104783511791425 ) ) ;
#3829 = EDGE_CURVE ( 'NONE', #8732, #6507, #7472, .T. ) ;
#3830 = CARTESIAN_POINT ( 'NONE',  ( -12.69999999999999751, -12.33648634558010748, 47.30376971111923723 ) ) ;
#3831 = CARTESIAN_POINT ( 'NONE',  ( -12.69999999999999929, 12.69999999999999929, 114.2999999999999972 ) ) ;
#3832 = EDGE_CURVE ( 'NONE', #8247, #4999, #7695, .T. ) ;
#3833 = EDGE_CURVE ( 'NONE', #7970, #8782, #7157, .T. ) ;
#3834 = LINE ( 'NONE', #3667, #5776 ) ;
#3835 = VECTOR ( 'NONE', #6538, 1000.000000000000000 ) ;
#3836 = CARTESIAN_POINT ( 'NONE',  ( -9.525000000000000355, 3.577867169202164632E-15, 38.10000000000001563 ) ) ;
#3837 = EDGE_LOOP ( 'NONE', ( #8445, #1817, #2428, #1952 ) ) ;
#3838 = ORIENTED_EDGE ( 'NONE', *, *, #1662, .F. ) ;
#3839 = VECTOR ( 'NONE', #3691, 1000.000000000000000 ) ;
#3841 = LINE ( 'NONE', #4463, #1520 ) ;
#3840 = CIRCLE ( 'NONE', #4979, 2.499999999999988454 ) ;
#3842 = DIRECTION ( 'NONE',  ( 0.000000000000000000, 0.000000000000000000, -1.000000000000000000 ) ) ;
#3843 = LINE ( 'NONE', #4465, #3024 ) ;
#3844 = EDGE_LOOP ( 'NONE', ( #3613, #4072 ) ) ;
#3845 = CARTESIAN_POINT ( 'NONE',  ( 9.525000000000000355, 8.791741348502393194, 49.37808867056088502 ) ) ;
#3846 = EDGE_LOOP ( 'NONE', ( #7000, #6547, #3807, #5924, #7289, #2541, #3183, #4556, #6746, #5737, #3313, #1193, #4325, #5095, #529, #1321, #7305, #1830, #7665, #7814, #8791, #4481, #7118, #2432, #2364, #3110, #8486, #4091, #280, #2600, #3824, #6291, #1130, #7890, #5916, #194, #8211, #1977, #5738, #7479, #5543 ) ) ;
#3847 = CARTESIAN_POINT ( 'NONE',  ( 12.70000000000000107, 4.072800018551153478, 104.1310478351179114 ) ) ;
#3848 = VERTEX_POINT ( 'NONE', #6536 ) ;
#3849 = ORIENTED_EDGE ( 'NONE', *, *, #3990, .T. ) ;
#3850 = AXIS2_PLACEMENT_3D ( 'NONE', #2054, #5470, #765 ) ;
#3851 = DIRECTION ( 'NONE',  ( 1.000000000000000000, 0.000000000000000000, 0.000000000000000000 ) ) ;
#3852 = CIRCLE ( 'NONE', #6685, 2.499999999999996891 ) ;
#3853 = DIRECTION ( 'NONE',  ( 0.000000000000000000, 0.000000000000000000, -1.000000000000000000 ) ) ;
#3854 = DIRECTION ( 'NONE',  ( 0.000000000000000000, -2.251263343012440111E-14, 1.000000000000000000 ) ) ;
#3855 = ORIENTED_EDGE ( 'NONE', *, *, #4567, .F. ) ;
#3856 = DIRECTION ( 'NONE',  ( -1.000000000000000000, -0.000000000000000000, -0.000000000000000000 ) ) ;
#3857 = ORIENTED_EDGE ( 'NONE', *, *, #4809, .T. ) ;
#3858 = DIRECTION ( 'NONE',  ( -1.000000000000000000, -0.000000000000000000, -0.000000000000000000 ) ) ;
#3859 = CIRCLE ( 'NONE', #5980, 2.080499999999998906 ) ;
#3860 = EDGE_CURVE ( 'NONE', #4843, #4640, #8031, .T. ) ;
#3861 = FACE_BOUND ( 'NONE', #5580, .T. ) ;
#3862 = CARTESIAN_POINT ( 'NONE',  ( -12.69999999999999751, -14.16298196909033535, 36.12517298397507659 ) ) ;
#3863 = CIRCLE ( 'NONE', #1743, 14.30000000000000782 ) ;
#3864 = ORIENTED_EDGE ( 'NONE', *, *, #2043, .T. ) ;
#3865 = CYLINDRICAL_SURFACE ( 'NONE', #4114, 17.66250000000000497 ) ;
#3866 = FACE_OUTER_BOUND ( 'NONE', #5024, .T. ) ;
#3867 = VERTEX_POINT ( 'NONE', #460 ) ;
#3868 = EDGE_CURVE ( 'NONE', #4728, #6424, #6122, .T. ) ;
#3869 = CIRCLE ( 'NONE', #2595, 2.080499999999998906 ) ;
#3870 = VECTOR ( 'NONE', #585, 1000.000000000000000 ) ;
#3871 = ORIENTED_EDGE ( 'NONE', *, *, #6465, .T. ) ;
#3872 = DIRECTION ( 'NONE',  ( -1.000000000000000000, -0.000000000000000000, -0.000000000000000000 ) ) ;
#3873 = LINE ( 'NONE', #8489, #7702 ) ;
#3874 = FACE_OUTER_BOUND ( 'NONE', #3206, .T. ) ;
#3875 = DIRECTION ( 'NONE',  ( -1.000000000000000000, 0.000000000000000000, 0.000000000000000000 ) ) ;
#3876 = VECTOR ( 'NONE', #5646, 1000.000000000000000 ) ;
#3877 = CARTESIAN_POINT ( 'NONE',  ( 9.525000000000000355, 3.061616997868375253E-16, 10.19999999999994067 ) ) ;
#3878 = ORIENTED_EDGE ( 'NONE', *, *, #3920, .F. ) ;
#3879 = VERTEX_POINT ( 'NONE', #6742 ) ;
#3880 = ADVANCED_FACE ( 'NONE', ( #3874 ), #3468, .F. ) ;
#3881 = ADVANCED_FACE ( 'NONE', ( #3377 ), #1422, .F. ) ;
#3882 = EDGE_CURVE ( 'NONE', #5780, #751, #4218, .T. ) ;
#3883 = EDGE_CURVE ( 'NONE', #2867, #4430, #3790, .T. ) ;
#3884 = CIRCLE ( 'NONE', #6294, 2.271000000000002128 ) ;
#3885 = CARTESIAN_POINT ( 'NONE',  ( 12.70000000000000107, -10.07084749364648069, 27.26156772950202267 ) ) ;
#3886 = CARTESIAN_POINT ( 'NONE',  ( 12.70000000000000107, 10.07084749364666365, 25.18106772950216765 ) ) ;
#3887 = FACE_BOUND ( 'NONE', #6656, .T. ) ;
#3888 = DIRECTION ( 'NONE',  ( 0.000000000000000000, 0.000000000000000000, 1.000000000000000000 ) ) ;
#3889 = ORIENTED_EDGE ( 'NONE', *, *, #1227, .F. ) ;
#3890 = FACE_OUTER_BOUND ( 'NONE', #642, .T. ) ;
#3891 = VERTEX_POINT ( 'NONE', #6165 ) ;
#3892 = DIRECTION ( 'NONE',  ( -0.000000000000000000, -1.000000000000000000, -0.000000000000000000 ) ) ;
#3893 = ORIENTED_EDGE ( 'NONE', *, *, #3130, .F. ) ;
#3894 = CIRCLE ( 'NONE', #1064, 14.30000000000000782 ) ;
#3895 = ORIENTED_EDGE ( 'NONE', *, *, #37, .F. ) ;
#3896 = EDGE_CURVE ( 'NONE', #4254, #6700, #7203, .T. ) ;
#3897 = CARTESIAN_POINT ( 'NONE',  ( 12.70000000000000107, 4.072800018551152590, 22.86895216488212412 ) ) ;
#3898 = AXIS2_PLACEMENT_3D ( 'NONE', #3324, #8158, #8110 ) ;
#3899 = CARTESIAN_POINT ( 'NONE',  ( 12.70000000000000107, 3.577867169202164632E-15, 38.10000000000001563 ) ) ;
#3900 = DIRECTION ( 'NONE',  ( 1.000000000000000000, -0.000000000000000000, -0.000000000000000000 ) ) ;
#3901 = ORIENTED_EDGE ( 'NONE', *, *, #3724, .F. ) ;
#3902 = DIRECTION ( 'NONE',  ( 1.000000000000000000, 0.000000000000000000, 0.000000000000000000 ) ) ;
#3903 = ORIENTED_EDGE ( 'NONE', *, *, #5194, .F. ) ;
#3904 = CARTESIAN_POINT ( 'NONE',  ( -12.69999999999999751, 12.33648634557998314, 98.10376971111941202 ) ) ;
#3905 = VECTOR ( 'NONE', #4053, 1000.000000000000000 ) ;
#3906 = FACE_OUTER_BOUND ( 'NONE', #7689, .T. ) ;
#3908 = DIRECTION ( 'NONE',  ( 0.000000000000000000, -3.335204952611022446E-15, 1.000000000000000000 ) ) ;
#3907 = CIRCLE ( 'NONE', #508, 2.499999999999992006 ) ;
#3909 = ORIENTED_EDGE ( 'NONE', *, *, #5183, .T. ) ;
#3910 = FACE_OUTER_BOUND ( 'NONE', #3098, .T. ) ;
#3911 = DIRECTION ( 'NONE',  ( -1.000000000000000000, -0.000000000000000000, -0.000000000000000000 ) ) ;
#3912 = VERTEX_POINT ( 'NONE', #7448 ) ;
#3913 = CIRCLE ( 'NONE', #6322, 2.500000000000002220 ) ;
#3914 = CIRCLE ( 'NONE', #5193, 2.080499999999998906 ) ;
#3915 = ORIENTED_EDGE ( 'NONE', *, *, #8234, .T. ) ;
#3916 = FACE_OUTER_BOUND ( 'NONE', #4216, .T. ) ;
#3917 = CARTESIAN_POINT ( 'NONE',  ( 7.746038523653021987E-16, 25.40000000000000213, 101.5999999999999943 ) ) ;
#3918 = CIRCLE ( 'NONE', #4062, 17.66249999999999787 ) ;
#3919 = DIRECTION ( 'NONE',  ( -1.000000000000000000, -0.000000000000000000, -0.000000000000000000 ) ) ;
#3920 = EDGE_CURVE ( 'NONE', #8666, #2151, #965, .T. ) ;
#3921 = CIRCLE ( 'NONE', #1231, 14.30000000000000071 ) ;
#3922 = CARTESIAN_POINT ( 'NONE',  ( -9.525000000000000355, -5.371240620587816927, 75.64708431341438200 ) ) ;
#3923 = ORIENTED_EDGE ( 'NONE', *, *, #2395, .F. ) ;
#3924 = ORIENTED_EDGE ( 'NONE', *, *, #6571, .T. ) ;
#3925 = AXIS2_PLACEMENT_3D ( 'NONE', #7116, #5827, #377 ) ;
#3926 = AXIS2_PLACEMENT_3D ( 'NONE', #67, #2245, #2727 ) ;
#3927 = DIRECTION ( 'NONE',  ( 1.000000000000000000, 0.000000000000000000, 0.000000000000000000 ) ) ;
#3928 = DIRECTION ( 'NONE',  ( 0.000000000000000000, 0.000000000000000000, 1.000000000000000000 ) ) ;
#3929 = FACE_BOUND ( 'NONE', #2290, .T. ) ;
#3930 = DIRECTION ( 'NONE',  ( -1.000000000000000000, -0.000000000000000000, -0.000000000000000000 ) ) ;
#3931 = ORIENTED_EDGE ( 'NONE', *, *, #4055, .F. ) ;
#3932 = DIRECTION ( 'NONE',  ( 1.000000000000000000, 0.000000000000000000, 0.000000000000000000 ) ) ;
#3933 = VERTEX_POINT ( 'NONE', #5868 ) ;
#3934 = EDGE_CURVE ( 'NONE', #4771, #4034, #4498, .T. ) ;
#3935 = ADVANCED_FACE ( 'NONE', ( #4583 ), #6791, .F. ) ;
#3936 = DIRECTION ( 'NONE',  ( -1.000000000000000000, 0.000000000000000000, 0.000000000000000000 ) ) ;
#3937 = ORIENTED_EDGE ( 'NONE', *, *, #1927, .F. ) ;
#3938 = AXIS2_PLACEMENT_3D ( 'NONE', #855, #6849, #2717 ) ;
#3939 = AXIS2_PLACEMENT_3D ( 'NONE', #3422, #8788, #5417 ) ;
#3940 = VERTEX_POINT ( 'NONE', #8166 ) ;
#3941 = CARTESIAN_POINT ( 'NONE',  ( -9.525000000000000355, 14.13894155320100943, 44.18182571315276874 ) ) ;
#3942 = VECTOR ( 'NONE', #5151, 1000.000000000000000 ) ;
#3943 = DIRECTION ( 'NONE',  ( 0.000000000000000000, 0.000000000000000000, 1.000000000000000000 ) ) ;
#3944 = VERTEX_POINT ( 'NONE', #8120 ) ;
#3945 = DIRECTION ( 'NONE',  ( 0.000000000000000000, 0.000000000000000000, -1.000000000000000000 ) ) ;
#3946 = EDGE_CURVE ( 'NONE', #1638, #4816, #1646, .T. ) ;
#3947 = EDGE_CURVE ( 'NONE', #8147, #3263, #227, .T. ) ;
#3948 = ORIENTED_EDGE ( 'NONE', *, *, #3817, .T. ) ;
#3949 = DIRECTION ( 'NONE',  ( 0.000000000000000000, 0.000000000000000000, 1.000000000000000000 ) ) ;
#3950 = DIRECTION ( 'NONE',  ( -1.000000000000000000, -0.000000000000000000, -0.000000000000000000 ) ) ;
#3951 = DIRECTION ( 'NONE',  ( -1.000000000000000000, -0.000000000000000000, -0.000000000000000000 ) ) ;
#3952 = ORIENTED_EDGE ( 'NONE', *, *, #1810, .F. ) ;
#3953 = DIRECTION ( 'NONE',  ( 1.000000000000000000, -0.000000000000000000, -0.000000000000000000 ) ) ;
#3954 = DIRECTION ( 'NONE',  ( 0.000000000000000000, 0.000000000000000000, 1.000000000000000000 ) ) ;
#3955 = VERTEX_POINT ( 'NONE', #1166 ) ;
#3956 = LINE ( 'NONE', #6845, #5702 ) ;
#3957 = AXIS2_PLACEMENT_3D ( 'NONE', #2758, #5468, #8170 ) ;
#3958 = DIRECTION ( 'NONE',  ( 0.000000000000000000, 0.000000000000000000, 1.000000000000000000 ) ) ;
#3959 = CYLINDRICAL_SURFACE ( 'NONE', #6707, 2.499999999999988454 ) ;
#3960 = LINE ( 'NONE', #5997, #2916 ) ;
#3961 = CARTESIAN_POINT ( 'NONE',  ( 12.70000000000000107, -14.16298196909033535, 36.12517298397507659 ) ) ;
#3962 = CARTESIAN_POINT ( 'NONE',  ( -12.69999999999999751, -16.22354728284506820, 40.36214363188775422 ) ) ;
#3963 = ORIENTED_EDGE ( 'NONE', *, *, #2913, .F. ) ;
#3964 = ORIENTED_EDGE ( 'NONE', *, *, #564, .F. ) ;
#3965 = AXIS2_PLACEMENT_3D ( 'NONE', #866, #7036, #3624 ) ;
#3966 = ADVANCED_FACE ( 'NONE', ( #2796 ), #4752, .T. ) ;
#3967 = ORIENTED_EDGE ( 'NONE', *, *, #3071, .F. ) ;
#3968 = CARTESIAN_POINT ( 'NONE',  ( 7.746038523653021987E-16, 25.40000000000000213, 101.5999999999999943 ) ) ;
#3969 = DIRECTION ( 'NONE',  ( 0.000000000000000000, 0.000000000000000000, -1.000000000000000000 ) ) ;
#3970 = CARTESIAN_POINT ( 'NONE',  ( 12.70000000000000107, 3.577867169202164632E-15, 88.90000000000000568 ) ) ;
#3971 = CIRCLE ( 'NONE', #6949, 2.270999999999995467 ) ;
#3972 = ORIENTED_EDGE ( 'NONE', *, *, #8381, .T. ) ;
#3973 = FACE_OUTER_BOUND ( 'NONE', #2976, .T. ) ;
#3974 = VERTEX_POINT ( 'NONE', #5208 ) ;
#3975 = CARTESIAN_POINT ( 'NONE',  ( -9.525000000000000355, -4.072800018551146373, 104.1310478351178972 ) ) ;
#3976 = ORIENTED_EDGE ( 'NONE', *, *, #5860, .T. ) ;
#3977 = CIRCLE ( 'NONE', #1428, 17.66249999999999787 ) ;
#3978 = EDGE_LOOP ( 'NONE', ( #433, #448, #706, #5850 ) ) ;
#3979 = CIRCLE ( 'NONE', #4130, 2.499999999999992006 ) ;
#3980 = EDGE_CURVE ( 'NONE', #5011, #976, #7740, .T. ) ;
#3981 = DIRECTION ( 'NONE',  ( -1.000000000000000000, -0.000000000000000000, -0.000000000000000000 ) ) ;
#3982 = CARTESIAN_POINT ( 'NONE',  ( 0.000000000000000000, 0.000000000000000000, 0.000000000000000000 ) ) ;
#3983 = CARTESIAN_POINT ( 'NONE',  ( 9.525000000000000355, 14.13894155320100943, 94.98182571315275879 ) ) ;
#3984 = ORIENTED_EDGE ( 'NONE', *, *, #4857, .F. ) ;
#3985 = DIRECTION ( 'NONE',  ( -1.000000000000000000, -0.000000000000000000, -0.000000000000000000 ) ) ;
#3986 = CIRCLE ( 'NONE', #3283, 2.499999999999988454 ) ;
#3987 = EDGE_LOOP ( 'NONE', ( #5572, #4224, #5741, #3812 ) ) ;
#3988 = ORIENTED_EDGE ( 'NONE', *, *, #2802, .F. ) ;
#3989 = DIRECTION ( 'NONE',  ( -1.000000000000000000, -0.000000000000000000, -0.000000000000000000 ) ) ;
#3990 = EDGE_CURVE ( 'NONE', #287, #2788, #1674, .T. ) ;
#3991 = EDGE_CURVE ( 'NONE', #4254, #7664, #6606, .T. ) ;
#3992 = EDGE_CURVE ( 'NONE', #8198, #4511, #6248, .T. ) ;
#3993 = AXIS2_PLACEMENT_3D ( 'NONE', #357, #7763, #8432 ) ;
#3994 = CARTESIAN_POINT ( 'NONE',  ( 12.70000000000000107, 5.371240620587829362, 24.84708431341438839 ) ) ;
#3995 = CARTESIAN_POINT ( 'NONE',  ( 12.70000000000000107, -2.068405620284290425, 71.35903068698951301 ) ) ;
#3996 = ORIENTED_EDGE ( 'NONE', *, *, #4970, .F. ) ;
#3997 = DIRECTION ( 'NONE',  ( 0.000000000000000000, 1.000000000000000000, 0.000000000000000000 ) ) ;
#3998 = AXIS2_PLACEMENT_3D ( 'NONE', #2105, #4713, #6039 ) ;
#3999 = CIRCLE ( 'NONE', #174, 2.270999999999995467 ) ;
#4000 = DIRECTION ( 'NONE',  ( 0.000000000000000000, -1.000000000000000000, 0.000000000000000000 ) ) ;
#4001 = VERTEX_POINT ( 'NONE', #7536 ) ;
#4002 = CIRCLE ( 'NONE', #7126, 2.270999999999998575 ) ;
#4004 = CARTESIAN_POINT ( 'NONE',  ( -12.69999999999999751, 12.33648634557998314, 100.3747697111193986 ) ) ;
#4003 = VECTOR ( 'NONE', #5002, 1000.000000000000000 ) ;
#4005 = DIRECTION ( 'NONE',  ( 0.000000000000000000, 0.000000000000000000, -1.000000000000000000 ) ) ;
#4006 = DIRECTION ( 'NONE',  ( 0.000000000000000000, 0.000000000000000000, -1.000000000000000000 ) ) ;
#4007 = DIRECTION ( 'NONE',  ( -1.000000000000000000, -0.000000000000000000, -0.000000000000000000 ) ) ;
#4008 = CYLINDRICAL_SURFACE ( 'NONE', #396, 17.66250000000000497 ) ;
#4009 = CARTESIAN_POINT ( 'NONE',  ( 12.70000000000000107, 3.577867169202164632E-15, 38.10000000000001563 ) ) ;
#4010 = EDGE_LOOP ( 'NONE', ( #6241, #3653, #4647, #5431 ) ) ;
#4011 = AXIS2_PLACEMENT_3D ( 'NONE', #3442, #1973, #7517 ) ;
#4012 = EDGE_LOOP ( 'NONE', ( #8137, #1766, #4472, #5044 ) ) ;
#4013 = AXIS2_PLACEMENT_3D ( 'NONE', #3620, #1666, #6985 ) ;
#4014 = ORIENTED_EDGE ( 'NONE', *, *, #7231, .F. ) ;
#4015 = CARTESIAN_POINT ( 'NONE',  ( -9.525000000000000355, 8.791741348502629450, 77.62191132943932814 ) ) ;
#4017 = DIRECTION ( 'NONE',  ( 0.000000000000000000, 0.000000000000000000, 1.000000000000000000 ) ) ;
#4016 = CIRCLE ( 'NONE', #6994, 2.499999999999988454 ) ;
#4018 = FACE_OUTER_BOUND ( 'NONE', #3501, .T. ) ;
#4019 = ORIENTED_EDGE ( 'NONE', *, *, #2242, .T. ) ;
#4020 = DIRECTION ( 'NONE',  ( 1.000000000000000000, 0.000000000000000000, 0.000000000000000000 ) ) ;
#4021 = ORIENTED_EDGE ( 'NONE', *, *, #6382, .T. ) ;
#4022 = FACE_BOUND ( 'NONE', #6973, .T. ) ;
#4023 = EDGE_LOOP ( 'NONE', ( #7860, #4974, #1203, #94 ) ) ;
#4024 = ADVANCED_FACE ( 'NONE', ( #177 ), #4930, .F. ) ;
#4025 = ORIENTED_EDGE ( 'NONE', *, *, #4967, .T. ) ;
#4026 = CIRCLE ( 'NONE', #6005, 2.271000000000009234 ) ;
#4027 = CARTESIAN_POINT ( 'NONE',  ( 9.525000000000000355, -2.068405620284295310, 106.4409693130105268 ) ) ;
#4028 = DIRECTION ( 'NONE',  ( 0.000000000000000000, 0.000000000000000000, 1.000000000000000000 ) ) ;
#4029 = DIRECTION ( 'NONE',  ( -1.000000000000000000, -0.000000000000000000, -0.000000000000000000 ) ) ;
#4030 = ORIENTED_EDGE ( 'NONE', *, *, #3829, .F. ) ;
#4031 = LINE ( 'NONE', #2085, #3052 ) ;
#4032 = ORIENTED_EDGE ( 'NONE', *, *, #3061, .T. ) ;
#4033 = EDGE_CURVE ( 'NONE', #8346, #4792, #537, .T. ) ;
#4034 = VERTEX_POINT ( 'NONE', #4179 ) ;
#4035 = CARTESIAN_POINT ( 'NONE',  ( 12.70000000000000107, 5.371240620587830250, 102.1529156865856294 ) ) ;
#4036 = AXIS2_PLACEMENT_3D ( 'NONE', #6201, #6158, #6339 ) ;
#4037 = DIRECTION ( 'NONE',  ( -1.000000000000000000, -0.000000000000000000, -0.000000000000000000 ) ) ;
#4038 = CARTESIAN_POINT ( 'NONE',  ( 12.70000000000000107, -12.33648634558010748, 98.10376971111922728 ) ) ;
#4039 = DIRECTION ( 'NONE',  ( -1.000000000000000000, 0.000000000000000000, 0.000000000000000000 ) ) ;
#4040 = DIRECTION ( 'NONE',  ( -1.000000000000000000, 0.000000000000000000, 0.000000000000000000 ) ) ;
#4041 = ORIENTED_EDGE ( 'NONE', *, *, #2850, .T. ) ;
#4042 = CARTESIAN_POINT ( 'NONE',  ( 1.555301434917138038E-15, 25.40000000000000213, 25.39999999999999858 ) ) ;
#4043 = ADVANCED_FACE ( 'NONE', ( #8298 ), #6347, .F. ) ;
#4044 = ADVANCED_FACE ( 'NONE', ( #3017 ), #1513, .T. ) ;
#4045 = EDGE_CURVE ( 'NONE', #6691, #4102, #2928, .T. ) ;
#4046 = FACE_OUTER_BOUND ( 'NONE', #2893, .T. ) ;
#4047 = EDGE_CURVE ( 'NONE', #7970, #4884, #3913, .T. ) ;
#4048 = ORIENTED_EDGE ( 'NONE', *, *, #8553, .T. ) ;
#4049 = AXIS2_PLACEMENT_3D ( 'NONE', #4343, #7328, #3679 ) ;
#4050 = DIRECTION ( 'NONE',  ( 1.000000000000000000, 0.000000000000000000, 0.000000000000000000 ) ) ;
#4051 = CARTESIAN_POINT ( 'NONE',  ( 12.70000000000000107, 3.577867169202164632E-15, 88.90000000000000568 ) ) ;
#4052 = CARTESIAN_POINT ( 'NONE',  ( 12.70000000000000107, 16.22354728284504333, 91.16214363188798586 ) ) ;
#4053 = DIRECTION ( 'NONE',  ( -1.000000000000000000, -0.000000000000000000, -0.000000000000000000 ) ) ;
#4054 = DIRECTION ( 'NONE',  ( -1.000000000000000000, 0.000000000000000000, 0.000000000000000000 ) ) ;
#4055 = EDGE_CURVE ( 'NONE', #6603, #1490, #841, .T. ) ;
#4056 = EDGE_CURVE ( 'NONE', #6309, #7299, #6924, .T. ) ;
#4057 = DIRECTION ( 'NONE',  ( 0.000000000000000000, 0.000000000000000000, -1.000000000000000000 ) ) ;
#4058 = VERTEX_POINT ( 'NONE', #5720 ) ;
#4059 = VECTOR ( 'NONE', #175, 1000.000000000000000 ) ;
#4060 = ORIENTED_EDGE ( 'NONE', *, *, #8774, .T. ) ;
#4061 = ORIENTED_EDGE ( 'NONE', *, *, #7028, .F. ) ;
#4062 = AXIS2_PLACEMENT_3D ( 'NONE', #1460, #260, #4919 ) ;
#4063 = DIRECTION ( 'NONE',  ( 0.000000000000000000, 0.000000000000000000, 1.000000000000000000 ) ) ;
#4064 = AXIS2_PLACEMENT_3D ( 'NONE', #5139, #5179, #2518 ) ;
#4065 = FACE_BOUND ( 'NONE', #5128, .T. ) ;
#4066 = DIRECTION ( 'NONE',  ( -1.000000000000000000, -0.000000000000000000, -0.000000000000000000 ) ) ;
#4067 = VERTEX_POINT ( 'NONE', #3549 ) ;
#4068 = CARTESIAN_POINT ( 'NONE',  ( 12.70000000000000107, -16.22512784221253312, 45.07919284400851723 ) ) ;
#4069 = VERTEX_POINT ( 'NONE', #7056 ) ;
#4070 = CARTESIAN_POINT ( 'NONE',  ( 12.70000000000000107, 11.15407434219260630, 77.75732780184213766 ) ) ;
#4071 = EDGE_LOOP ( 'NONE', ( #5112, #3424, #7633, #755 ) ) ;
#4072 = ORIENTED_EDGE ( 'NONE', *, *, #2350, .F. ) ;
#4073 = AXIS2_PLACEMENT_3D ( 'NONE', #3224, #6057, #7300 ) ;
#4074 = AXIS2_PLACEMENT_3D ( 'NONE', #8498, #7914, #2459 ) ;
#4075 = DIRECTION ( 'NONE',  ( -1.000000000000000000, -0.000000000000000000, -0.000000000000000000 ) ) ;
#4076 = FACE_OUTER_BOUND ( 'NONE', #3119, .T. ) ;
#4077 = VECTOR ( 'NONE', #5209, 1000.000000000000000 ) ;
#4078 = DIRECTION ( 'NONE',  ( 0.000000000000000000, 0.000000000000000000, 1.000000000000000000 ) ) ;
#4079 = ORIENTED_EDGE ( 'NONE', *, *, #739, .T. ) ;
#4081 = DIRECTION ( 'NONE',  ( 0.000000000000000000, -9.171813619680311331E-15, -1.000000000000000000 ) ) ;
#4080 = CIRCLE ( 'NONE', #5495, 2.080499999999998906 ) ;
#4082 = ORIENTED_EDGE ( 'NONE', *, *, #1532, .T. ) ;
#4083 = ORIENTED_EDGE ( 'NONE', *, *, #2099, .F. ) ;
#4084 = DIRECTION ( 'NONE',  ( 0.000000000000000000, 0.000000000000000000, -1.000000000000000000 ) ) ;
#4085 = VECTOR ( 'NONE', #3780, 1000.000000000000000 ) ;
#4086 = DIRECTION ( 'NONE',  ( 0.000000000000000000, -1.000000000000000000, 0.000000000000000000 ) ) ;
#4087 = EDGE_CURVE ( 'NONE', #6647, #3396, #3229, .T. ) ;
#4088 = CYLINDRICAL_SURFACE ( 'NONE', #5984, 2.080499999999998906 ) ;
#4089 = DIRECTION ( 'NONE',  ( -1.000000000000000000, -0.000000000000000000, -0.000000000000000000 ) ) ;
#4090 = CARTESIAN_POINT ( 'NONE',  ( 1.861463134703976303E-15, 22.22500000000000142, 111.8000000000000114 ) ) ;
#4091 = ORIENTED_EDGE ( 'NONE', *, *, #6317, .F. ) ;
#4092 = CARTESIAN_POINT ( 'NONE',  ( -12.69999999999999751, 3.577867169202164632E-15, 88.90000000000000568 ) ) ;
#4093 = DIRECTION ( 'NONE',  ( 1.000000000000000000, -0.000000000000000000, -0.000000000000000000 ) ) ;
#4094 = ORIENTED_EDGE ( 'NONE', *, *, #1454, .F. ) ;
#4095 = EDGE_CURVE ( 'NONE', #1331, #2388, #8343, .T. ) ;
#4096 = CARTESIAN_POINT ( 'NONE',  ( -9.525000000000000355, 3.577867169202164632E-15, 38.10000000000001563 ) ) ;
#4097 = CARTESIAN_POINT ( 'NONE',  ( -9.525000000000000355, -8.791741348502544184, 49.37808867056075712 ) ) ;
#4098 = DIRECTION ( 'NONE',  ( 0.000000000000000000, 0.000000000000000000, 1.000000000000000000 ) ) ;
#4099 = CYLINDRICAL_SURFACE ( 'NONE', #6592, 14.30000000000000782 ) ;
#4100 = DIRECTION ( 'NONE',  ( 0.000000000000000000, 0.000000000000000000, 1.000000000000000000 ) ) ;
#4101 = CARTESIAN_POINT ( 'NONE',  ( 7.746038523653021987E-16, 25.40000000000000213, 50.79999999999999716 ) ) ;
#4102 = VERTEX_POINT ( 'NONE', #2177 ) ;
#4103 = ORIENTED_EDGE ( 'NONE', *, *, #4221, .F. ) ;
#4104 = ADVANCED_FACE ( 'NONE', ( #4887 ), #4222, .F. ) ;
#4105 = EDGE_CURVE ( 'NONE', #5072, #4572, #3512, .T. ) ;
#4106 = EDGE_CURVE ( 'NONE', #5078, #8772, #268, .T. ) ;
#4107 = VERTEX_POINT ( 'NONE', #130 ) ;
#4108 = DIRECTION ( 'NONE',  ( -1.000000000000000000, -0.000000000000000000, -0.000000000000000000 ) ) ;
#4109 = CARTESIAN_POINT ( 'NONE',  ( 9.525000000000000355, -22.22499999999999787, 127.0000000000000000 ) ) ;
#4110 = CARTESIAN_POINT ( 'NONE',  ( -9.525000000000002132, 0.000000000000000000, 114.2999999999999972 ) ) ;
#4111 = EDGE_LOOP ( 'NONE', ( #1354, #3255, #4741, #7183 ) ) ;
#4112 = FACE_OUTER_BOUND ( 'NONE', #5610, .T. ) ;
#4113 = ORIENTED_EDGE ( 'NONE', *, *, #8053, .T. ) ;
#4114 = AXIS2_PLACEMENT_3D ( 'NONE', #7233, #8615, #6614 ) ;
#4115 = DIRECTION ( 'NONE',  ( -1.000000000000000000, 0.000000000000000000, -0.000000000000000000 ) ) ;
#4116 = ORIENTED_EDGE ( 'NONE', *, *, #7078, .F. ) ;
#4117 = VERTEX_POINT ( 'NONE', #1641 ) ;
#4119 = CARTESIAN_POINT ( 'NONE',  ( 12.70000000000000107, 3.577867169202164632E-15, 88.90000000000000568 ) ) ;
#4118 = CIRCLE ( 'NONE', #289, 2.271000000000009234 ) ;
#4120 = DIRECTION ( 'NONE',  ( -1.000000000000000000, -0.000000000000000000, -0.000000000000000000 ) ) ;
#4121 = CIRCLE ( 'NONE', #2553, 14.30000000000000782 ) ;
#4122 = DIRECTION ( 'NONE',  ( 0.000000000000000000, 0.000000000000000000, 1.000000000000000000 ) ) ;
#4123 = ORIENTED_EDGE ( 'NONE', *, *, #62, .F. ) ;
#4124 = CARTESIAN_POINT ( 'NONE',  ( 1.861463134703975514E-15, 25.40000000000000213, 73.70000000000000284 ) ) ;
#4125 = VERTEX_POINT ( 'NONE', #2305 ) ;
#4126 = ORIENTED_EDGE ( 'NONE', *, *, #5870, .F. ) ;
#4127 = DIRECTION ( 'NONE',  ( 0.000000000000000000, 0.000000000000000000, -1.000000000000000000 ) ) ;
#4128 = CIRCLE ( 'NONE', #5390, 2.270999999999995467 ) ;
#4129 = FACE_OUTER_BOUND ( 'NONE', #8618, .T. ) ;
#4130 = AXIS2_PLACEMENT_3D ( 'NONE', #324, #3781, #8400 ) ;
#4131 = CARTESIAN_POINT ( 'NONE',  ( -12.69999999999999751, 3.577867169202164632E-15, 88.90000000000000568 ) ) ;
#4132 = DIRECTION ( 'NONE',  ( 0.000000000000000000, 0.000000000000000000, 1.000000000000000000 ) ) ;
#4133 = ORIENTED_EDGE ( 'NONE', *, *, #7739, .F. ) ;
#4134 = FACE_OUTER_BOUND ( 'NONE', #3450, .T. ) ;
#4135 = CARTESIAN_POINT ( 'NONE',  ( 12.70000000000000107, 3.577867169202164632E-15, 88.90000000000000568 ) ) ;
#4136 = EDGE_CURVE ( 'NONE', #7752, #3246, #6467, .T. ) ;
#4137 = AXIS2_PLACEMENT_3D ( 'NONE', #1776, #7674, #3731 ) ;
#4138 = CARTESIAN_POINT ( 'NONE',  ( 12.70000000000000107, 6.152699789198528002, 73.71892409761429121 ) ) ;
#4139 = CARTESIAN_POINT ( 'NONE',  ( 12.70000000000000107, -5.371240620587821368, 102.1529156865856294 ) ) ;
#4140 = CARTESIAN_POINT ( 'NONE',  ( 12.70000000000000107, -10.07084749364656950, 101.8189322704979247 ) ) ;
#4141 = AXIS2_PLACEMENT_3D ( 'NONE', #5036, #6364, #1702 ) ;
#4142 = DIRECTION ( 'NONE',  ( 1.000000000000000000, 0.000000000000000000, 0.000000000000000000 ) ) ;
#4143 = CYLINDRICAL_SURFACE ( 'NONE', #5506, 2.499999999999992006 ) ;
#4144 = DIRECTION ( 'NONE',  ( -1.000000000000000000, 0.000000000000000000, 0.000000000000000000 ) ) ;
#4145 = EDGE_LOOP ( 'NONE', ( #222, #7731, #2249, #6231 ) ) ;
#4146 = EDGE_CURVE ( 'NONE', #3944, #478, #5059, .T. ) ;
#4147 = ORIENTED_EDGE ( 'NONE', *, *, #5634, .T. ) ;
#4148 = AXIS2_PLACEMENT_3D ( 'NONE', #1962, #4050, #8178 ) ;
#4149 = VECTOR ( 'NONE', #29, 1000.000000000000000 ) ;
#4150 = EDGE_LOOP ( 'NONE', ( #4451, #915, #6876, #5471 ) ) ;
#4151 = CARTESIAN_POINT ( 'NONE',  ( -12.69999999999999929, -12.69999999999999929, 15.19999999999998863 ) ) ;
#4152 = CARTESIAN_POINT ( 'NONE',  ( 7.746038523653021987E-16, 22.22500000000000142, 104.0999999999999801 ) ) ;
#4153 = FACE_OUTER_BOUND ( 'NONE', #1509, .T. ) ;
#4154 = ORIENTED_EDGE ( 'NONE', *, *, #5569, .T. ) ;
#4155 = DIRECTION ( 'NONE',  ( -1.000000000000000000, -0.000000000000000000, -0.000000000000000000 ) ) ;
#4156 = CIRCLE ( 'NONE', #3447, 2.499999999999988454 ) ;
#4157 = AXIS2_PLACEMENT_3D ( 'NONE', #3441, #6225, #8275 ) ;
#4158 = DIRECTION ( 'NONE',  ( 0.000000000000000000, 0.000000000000000000, 1.000000000000000000 ) ) ;
#4159 = ORIENTED_EDGE ( 'NONE', *, *, #8600, .F. ) ;
#4160 = EDGE_CURVE ( 'NONE', #6160, #8294, #2491, .T. ) ;
#4161 = EDGE_CURVE ( 'NONE', #7132, #3768, #8583, .T. ) ;
#4162 = ADVANCED_FACE ( 'NONE', ( #1189 ), #5227, .F. ) ;
#4163 = ORIENTED_EDGE ( 'NONE', *, *, #8380, .F. ) ;
#4164 = EDGE_CURVE ( 'NONE', #5153, #4790, #5054, .T. ) ;
#4165 = CIRCLE ( 'NONE', #334, 2.499999999999988454 ) ;
#4166 = CIRCLE ( 'NONE', #314, 2.499999999999992006 ) ;
#4167 = CYLINDRICAL_SURFACE ( 'NONE', #2080, 14.30000000000000782 ) ;
#4168 = CARTESIAN_POINT ( 'NONE',  ( 7.746038523653021987E-16, 25.40000000000000213, 101.5999999999999943 ) ) ;
#4169 = COORDINATED_UNIVERSAL_TIME_OFFSET ( 6, 0, .BEHIND. ) ;
#4170 = ORIENTED_EDGE ( 'NONE', *, *, #2943, .T. ) ;
#4171 = CARTESIAN_POINT ( 'NONE',  ( 9.525000000000000355, 16.22512784221244786, 45.07919284400875171 ) ) ;
#4172 = VERTEX_POINT ( 'NONE', #6602 ) ;
#4173 = CARTESIAN_POINT ( 'NONE',  ( -12.69999999999999751, -2.068405620284295310, 106.4409693130105268 ) ) ;
#4174 = ORIENTED_EDGE ( 'NONE', *, *, #7884, .F. ) ;
#4175 = VECTOR ( 'NONE', #8620, 1000.000000000000000 ) ;
#4176 = EDGE_CURVE ( 'NONE', #6669, #3635, #7759, .T. ) ;
#4177 = EDGE_LOOP ( 'NONE', ( #3838, #3637 ) ) ;
#4178 = DIRECTION ( 'NONE',  ( -1.000000000000000000, -0.000000000000000000, -0.000000000000000000 ) ) ;
#4179 = CARTESIAN_POINT ( 'NONE',  ( -12.69999999999999751, -4.072800018551144596, 22.86895216488212412 ) ) ;
#4180 = DIRECTION ( 'NONE',  ( 0.000000000000000000, 0.000000000000000000, 1.000000000000000000 ) ) ;
#4181 = VERTEX_POINT ( 'NONE', #2349 ) ;
#4182 = CARTESIAN_POINT ( 'NONE',  ( 9.525000000000000355, -14.13894155320108759, 44.18182571315256268 ) ) ;
#4183 = DIRECTION ( 'NONE',  ( -1.000000000000000000, -0.000000000000000000, -0.000000000000000000 ) ) ;
#4184 = AXIS2_PLACEMENT_3D ( 'NONE', #8605, #6514, #1728 ) ;
#4185 = DIRECTION ( 'NONE',  ( -1.000000000000000000, -0.000000000000000000, -0.000000000000000000 ) ) ;
#4186 = LINE ( 'NONE', #1963, #5266 ) ;
#4188 = DIRECTION ( 'NONE',  ( -1.000000000000000000, -0.000000000000000000, -0.000000000000000000 ) ) ;
#4187 = CIRCLE ( 'NONE', #496, 2.271000000000002128 ) ;
#4189 = LINE ( 'NONE', #1434, #3905 ) ;
#4190 = LINE ( 'NONE', #7464, #5909 ) ;
#4191 = CARTESIAN_POINT ( 'NONE',  ( 12.70000000000000107, -14.16298196909033535, 86.92517298397507375 ) ) ;
#4192 = ORIENTED_EDGE ( 'NONE', *, *, #7006, .F. ) ;
#4193 = ORIENTED_EDGE ( 'NONE', *, *, #6261, .T. ) ;
#4194 = CIRCLE ( 'NONE', #3196, 2.499999999999988454 ) ;
#4195 = EDGE_LOOP ( 'NONE', ( #7745, #2602 ) ) ;
#4196 = EDGE_CURVE ( 'NONE', #7523, #3592, #3238, .T. ) ;
#4197 = CARTESIAN_POINT ( 'NONE',  ( -9.525000000000000355, -16.22512784221249404, 31.12080715599139324 ) ) ;
#4198 = CARTESIAN_POINT ( 'NONE',  ( 1.555301434917138433E-15, -25.39999999999999503, 63.50000000000000000 ) ) ;
#4199 = CARTESIAN_POINT ( 'NONE',  ( -9.525000000000000355, -5.371240620587821368, 51.35291568658563932 ) ) ;
#4200 = CYLINDRICAL_SURFACE ( 'NONE', #6616, 2.499999999999992006 ) ;
#4201 = CARTESIAN_POINT ( 'NONE',  ( -12.69999999999999751, 12.69999999999999929, 12.69999999999999929 ) ) ;
#4202 = ORIENTED_EDGE ( 'NONE', *, *, #7292, .F. ) ;
#4203 = EDGE_LOOP ( 'NONE', ( #2531, #6024, #534, #5964, #3750, #2197, #4375, #7070, #3323, #3698, #1664, #350, #8722, #4681, #4721, #2001, #2138, #428, #4519, #817, #4880, #4600, #4965, #2552, #833, #8634, #1860, #4060, #338, #5364, #6022, #387, #3948, #6875, #1594, #7773, #2225, #4654, #1857, #5085, #6574 ) ) ;
#4204 = VECTOR ( 'NONE', #802, 1000.000000000000000 ) ;
#4205 = CARTESIAN_POINT ( 'NONE',  ( 12.70000000000000107, 2.068405620284300195, 20.55903068698950520 ) ) ;
#4206 = EDGE_CURVE ( 'NONE', #1957, #3223, #8428, .T. ) ;
#4207 = CARTESIAN_POINT ( 'NONE',  ( 12.70000000000000107, -1.802455207620986100, 73.61440457572818730 ) ) ;
#4208 = ADVANCED_FACE ( 'NONE', ( #1855 ), #1065, .T. ) ;
#4209 = ORIENTED_EDGE ( 'NONE', *, *, #7453, .F. ) ;
#4210 = DIRECTION ( 'NONE',  ( 0.000000000000000000, 0.000000000000000000, 1.000000000000000000 ) ) ;
#4211 = ORIENTED_EDGE ( 'NONE', *, *, #5224, .T. ) ;
#4212 = DIRECTION ( 'NONE',  ( -0.000000000000000000, 1.000000000000000000, -0.000000000000000000 ) ) ;
#4213 = ORIENTED_EDGE ( 'NONE', *, *, #2571, .F. ) ;
#4214 = AXIS2_PLACEMENT_3D ( 'NONE', #6290, #1502, #4210 ) ;
#4215 = AXIS2_PLACEMENT_3D ( 'NONE', #2293, #2959, #4915 ) ;
#4216 = EDGE_LOOP ( 'NONE', ( #83, #7255, #3849, #4723 ) ) ;
#4217 = CARTESIAN_POINT ( 'NONE',  ( 9.525000000000000355, 10.07084749364666365, 25.18106772950216765 ) ) ;
#4218 = CIRCLE ( 'NONE', #2655, 17.66249999999999787 ) ;
#4219 = EDGE_CURVE ( 'NONE', #5829, #275, #7843, .T. ) ;
#4220 = EDGE_CURVE ( 'NONE', #389, #487, #7265, .T. ) ;
#4221 = EDGE_CURVE ( 'NONE', #1710, #7353, #2391, .T. ) ;
#4222 = CYLINDRICAL_SURFACE ( 'NONE', #3064, 2.499999999999988454 ) ;
#4223 = DIRECTION ( 'NONE',  ( 0.000000000000000000, 0.000000000000000000, -1.000000000000000000 ) ) ;
#4224 = ORIENTED_EDGE ( 'NONE', *, *, #2528, .T. ) ;
#4225 = DIRECTION ( 'NONE',  ( 0.000000000000000000, 0.000000000000000000, 1.000000000000000000 ) ) ;
#4226 = DIRECTION ( 'NONE',  ( 0.000000000000000000, 0.000000000000000000, -1.000000000000000000 ) ) ;
#4227 = AXIS2_PLACEMENT_3D ( 'NONE', #419, #5040, #1625 ) ;
#4228 = CARTESIAN_POINT ( 'NONE',  ( 9.525000000000000355, -5.371240620587816927, 24.84708431341438839 ) ) ;
#4229 = VECTOR ( 'NONE', #1867, 1000.000000000000000 ) ;
#4230 = CARTESIAN_POINT ( 'NONE',  ( -9.525000000000000355, -4.072800018551144596, 73.66895216488211418 ) ) ;
#4231 = CARTESIAN_POINT ( 'NONE',  ( 0.000000000000000000, 25.40000000000000213, 15.19999999999999218 ) ) ;
#4232 = DIRECTION ( 'NONE',  ( -1.000000000000000000, -0.000000000000000000, -0.000000000000000000 ) ) ;
#4233 = DIRECTION ( 'NONE',  ( -0.000000000000000000, 1.000000000000000000, -0.000000000000000000 ) ) ;
#4234 = DIRECTION ( 'NONE',  ( 1.000000000000000000, 0.000000000000000000, 0.000000000000000000 ) ) ;
#4235 = ORIENTED_EDGE ( 'NONE', *, *, #8117, .T. ) ;
#4236 = VERTEX_POINT ( 'NONE', #5097 ) ;
#4237 = ORIENTED_EDGE ( 'NONE', *, *, #989, .T. ) ;
#4238 = DIRECTION ( 'NONE',  ( 0.000000000000000000, -1.000000000000000000, 0.000000000000000000 ) ) ;
#4239 = FACE_BOUND ( 'NONE', #1305, .T. ) ;
#4240 = DIRECTION ( 'NONE',  ( 0.000000000000000000, 0.000000000000000000, 1.000000000000000000 ) ) ;
#4241 = FACE_BOUND ( 'NONE', #580, .T. ) ;
#4242 = CARTESIAN_POINT ( 'NONE',  ( 9.525000000000000355, -14.13894155320104851, 82.81817428684736626 ) ) ;
#4243 = ORIENTED_EDGE ( 'NONE', *, *, #3660, .T. ) ;
#4244 = EDGE_LOOP ( 'NONE', ( #4174, #1896 ) ) ;
#4245 = EDGE_CURVE ( 'NONE', #2953, #3093, #2355, .T. ) ;
#4246 = CARTESIAN_POINT ( 'NONE',  ( 12.70000000000000107, -16.22354728284506820, 40.36214363188775422 ) ) ;
#4247 = CARTESIAN_POINT ( 'NONE',  ( 9.525000000000000355, 12.33648634557998314, 98.10376971111941202 ) ) ;
#4248 = AXIS2_PLACEMENT_3D ( 'NONE', #6350, #432, #7214 ) ;
#4249 = DATE_AND_TIME ( #1459, #6820 ) ;
#4250 = ORIENTED_EDGE ( 'NONE', *, *, #4056, .F. ) ;
#4251 = CARTESIAN_POINT ( 'NONE',  ( 1.555301434917138433E-15, 25.40000000000000213, 114.2999999999999972 ) ) ;
#4252 = ORIENTED_EDGE ( 'NONE', *, *, #7667, .T. ) ;
#4253 = DIRECTION ( 'NONE',  ( -1.000000000000000000, -0.000000000000000000, -0.000000000000000000 ) ) ;
#4254 = VERTEX_POINT ( 'NONE', #4478 ) ;
#4255 = VERTEX_POINT ( 'NONE', #7139 ) ;
#4256 = ADVANCED_FACE ( 'NONE', ( #6470 ), #1772, .F. ) ;
#4257 = AXIS2_PLACEMENT_3D ( 'NONE', #2684, #1356, #8146 ) ;
#4258 = DIRECTION ( 'NONE',  ( -1.000000000000000000, -0.000000000000000000, -0.000000000000000000 ) ) ;
#4259 = CARTESIAN_POINT ( 'NONE',  ( 12.70000000000000107, 16.22512784221244786, 95.87919284400875597 ) ) ;
#4260 = CARTESIAN_POINT ( 'NONE',  ( 12.70000000000000107, 0.000000000000000000, 63.50000000000000000 ) ) ;
#4261 = CIRCLE ( 'NONE', #1430, 17.66250000000000497 ) ;
#4262 = ORIENTED_EDGE ( 'NONE', *, *, #1281, .F. ) ;
#4263 = DIRECTION ( 'NONE',  ( -1.000000000000000000, -0.000000000000000000, -0.000000000000000000 ) ) ;
#4264 = LINE ( 'NONE', #7456, #1442 ) ;
#4265 = AXIS2_PLACEMENT_3D ( 'NONE', #4692, #526, #3853 ) ;
#4266 = ADVANCED_FACE ( 'NONE', ( #7889 ), #5804, .F. ) ;
#4267 = EDGE_CURVE ( 'NONE', #930, #3192, #801, .T. ) ;
#4268 = ADVANCED_FACE ( 'NONE', ( #4518 ), #5185, .F. ) ;
#4269 = CIRCLE ( 'NONE', #5111, 2.499999999999992006 ) ;
#4270 = CARTESIAN_POINT ( 'NONE',  ( -12.69999999999999929, -12.69999999999999929, 63.50000000000000000 ) ) ;
#4271 = DIRECTION ( 'NONE',  ( -1.000000000000000000, -0.000000000000000000, -0.000000000000000000 ) ) ;
#4272 = DIRECTION ( 'NONE',  ( -0.000000000000000000, 1.000000000000000000, -0.000000000000000000 ) ) ;
#4273 = ORIENTED_EDGE ( 'NONE', *, *, #8001, .F. ) ;
#4274 = LINE ( 'NONE', #2984, #653 ) ;
#4275 = FACE_OUTER_BOUND ( 'NONE', #346, .T. ) ;
#4276 = VECTOR ( 'NONE', #7059, 1000.000000000000000 ) ;
#4277 = LINE ( 'NONE', #4191, #6814 ) ;
#4278 = ORIENTED_EDGE ( 'NONE', *, *, #8337, .T. ) ;
#4279 = VERTEX_POINT ( 'NONE', #5933 ) ;
#4280 = EDGE_CURVE ( 'NONE', #8767, #172, #2036, .T. ) ;
#4282 = ORIENTED_EDGE ( 'NONE', *, *, #690, .T. ) ;
#4281 = AXIS2_PLACEMENT_3D ( 'NONE', #1842, #3930, #6771 ) ;
#4283 = LINE ( 'NONE', #5742, #5709 ) ;
#4284 = CARTESIAN_POINT ( 'NONE',  ( 3.061616997868370815E-16, -22.22499999999999787, 10.20000000000000817 ) ) ;
#4285 = CARTESIAN_POINT ( 'NONE',  ( 9.525000000000000355, -5.371240620587816927, 75.64708431341438200 ) ) ;
#4286 = CARTESIAN_POINT ( 'NONE',  ( 12.70000000000000107, -12.69999999999999929, 111.7999999999999972 ) ) ;
#4287 = CARTESIAN_POINT ( 'NONE',  ( 12.70000000000000107, 3.577867169202164632E-15, 88.90000000000000568 ) ) ;
#4288 = ORIENTED_EDGE ( 'NONE', *, *, #8368, .F. ) ;
#4289 = VERTEX_POINT ( 'NONE', #3274 ) ;
#4290 = AXIS2_PLACEMENT_3D ( 'NONE', #4207, #8200, #1456 ) ;
#4291 = CARTESIAN_POINT ( 'NONE',  ( 12.70000000000000107, 3.577867169202164632E-15, 88.90000000000000568 ) ) ;
#4292 = CARTESIAN_POINT ( 'NONE',  ( 12.70000000000000107, 16.22354728284508951, 35.83785636811239073 ) ) ;
#4294 = CARTESIAN_POINT ( 'NONE',  ( -9.525000000000000355, 14.15672222192832841, 27.53822353099818443 ) ) ;
#4293 = VECTOR ( 'NONE', #5627, 1000.000000000000000 ) ;
#4295 = AXIS2_PLACEMENT_3D ( 'NONE', #732, #8231, #5573 ) ;
#4296 = ORIENTED_EDGE ( 'NONE', *, *, #1014, .T. ) ;
#4297 = CARTESIAN_POINT ( 'NONE',  ( 7.746038523653021987E-16, 25.40000000000000213, 38.09999999999999432 ) ) ;
#4298 = EDGE_LOOP ( 'NONE', ( #3055, #5864, #4041, #5141 ) ) ;
#4299 = LINE ( 'NONE', #4835, #7999 ) ;
#4300 = ORIENTED_EDGE ( 'NONE', *, *, #8759, .F. ) ;
#4301 = ORIENTED_EDGE ( 'NONE', *, *, #1615, .F. ) ;
#4302 = CIRCLE ( 'NONE', #7559, 2.500000000000002220 ) ;
#4303 = CARTESIAN_POINT ( 'NONE',  ( 12.70000000000000107, -8.791741348502544184, 100.1780886705607543 ) ) ;
#4304 = CARTESIAN_POINT ( 'NONE',  ( 12.70000000000000107, -12.69999999999999929, 63.50000000000000000 ) ) ;
#4305 = EDGE_CURVE ( 'NONE', #4511, #4999, #3502, .T. ) ;
#4306 = FACE_OUTER_BOUND ( 'NONE', #550, .T. ) ;
#4307 = CIRCLE ( 'NONE', #4443, 2.499999999999988454 ) ;
#4308 = ORIENTED_EDGE ( 'NONE', *, *, #914, .T. ) ;
#4309 = DIRECTION ( 'NONE',  ( 1.000000000000000000, 0.000000000000000000, 0.000000000000000000 ) ) ;
#4310 = LINE ( 'NONE', #6391, #2155 ) ;
#4311 = VECTOR ( 'NONE', #811, 1000.000000000000000 ) ;
#4312 = CARTESIAN_POINT ( 'NONE',  ( 9.525000000000000355, 3.577867169202164632E-15, 38.10000000000001563 ) ) ;
#4313 = DIRECTION ( 'NONE',  ( -1.000000000000000000, -0.000000000000000000, -0.000000000000000000 ) ) ;
#4314 = EDGE_CURVE ( 'NONE', #7706, #1190, #1235, .T. ) ;
#4315 = CARTESIAN_POINT ( 'NONE',  ( 7.746038523653021987E-16, -22.22499999999999787, 40.59999999999998010 ) ) ;
#4316 = EDGE_CURVE ( 'NONE', #3360, #3708, #2650, .T. ) ;
#4317 = ADVANCED_FACE ( 'NONE', ( #7390 ), #4788, .F. ) ;
#4318 = VERTEX_POINT ( 'NONE', #2559 ) ;
#4319 = DIRECTION ( 'NONE',  ( -1.000000000000000000, -0.000000000000000000, -0.000000000000000000 ) ) ;
#4320 = CARTESIAN_POINT ( 'NONE',  ( 12.70000000000000107, -14.15672222192817387, 78.33822353099797908 ) ) ;
#4321 = FACE_OUTER_BOUND ( 'NONE', #7216, .T. ) ;
#4322 = ORIENTED_EDGE ( 'NONE', *, *, #4245, .T. ) ;
#4323 = ORIENTED_EDGE ( 'NONE', *, *, #5989, .T. ) ;
#4324 = VECTOR ( 'NONE', #5721, 1000.000000000000000 ) ;
#4325 = ORIENTED_EDGE ( 'NONE', *, *, #3131, .F. ) ;
#4326 = CARTESIAN_POINT ( 'NONE',  ( 1.555301434917138038E-15, 22.22500000000000142, 25.39999999999999858 ) ) ;
#4327 = DIRECTION ( 'NONE',  ( -1.000000000000000000, -0.000000000000000000, -0.000000000000000000 ) ) ;
#4328 = DIRECTION ( 'NONE',  ( 0.000000000000000000, 0.000000000000000000, 1.000000000000000000 ) ) ;
#4329 = EDGE_CURVE ( 'NONE', #4473, #8333, #4624, .T. ) ;
#4330 = ADVANCED_FACE ( 'NONE', ( #7347 ), #5268, .F. ) ;
#4331 = CARTESIAN_POINT ( 'NONE',  ( 12.70000000000000107, -4.072800018551146373, 104.1310478351178972 ) ) ;
#4332 = DIRECTION ( 'NONE',  ( 0.000000000000000000, 0.000000000000000000, 1.000000000000000000 ) ) ;
#4333 = EDGE_LOOP ( 'NONE', ( #4878, #7878 ) ) ;
#4334 = AXIS2_PLACEMENT_3D ( 'NONE', #975, #3805, #3298 ) ;
#4335 = ORIENTED_EDGE ( 'NONE', *, *, #8209, .T. ) ;
#4336 = CYLINDRICAL_SURFACE ( 'NONE', #3649, 2.499999999999992006 ) ;
#4337 = DIRECTION ( 'NONE',  ( -0.000000000000000000, 1.000000000000000000, -0.000000000000000000 ) ) ;
#4338 = AXIS2_PLACEMENT_3D ( 'NONE', #2092, #6835, #1421 ) ;
#4339 = CARTESIAN_POINT ( 'NONE',  ( 1.555301434917138433E-15, 25.40000000000000213, 116.7999999999999829 ) ) ;
#4340 = ORIENTED_EDGE ( 'NONE', *, *, #3101, .T. ) ;
#4341 = CARTESIAN_POINT ( 'NONE',  ( 1.555301434917138038E-15, -22.22499999999999787, 25.39999999999999858 ) ) ;
#4342 = VERTEX_POINT ( 'NONE', #1365 ) ;
#4343 = CARTESIAN_POINT ( 'NONE',  ( 12.70000000000000107, 3.577867169202164632E-15, 88.90000000000000568 ) ) ;
#4344 = ORIENTED_EDGE ( 'NONE', *, *, #5675, .F. ) ;
#4345 = VERTEX_POINT ( 'NONE', #5314 ) ;
#4346 = AXIS2_PLACEMENT_3D ( 'NONE', #7008, #2135, #1557 ) ;
#4347 = AXIS2_PLACEMENT_3D ( 'NONE', #3318, #8684, #1811 ) ;
#4348 = DIRECTION ( 'NONE',  ( -1.000000000000000000, -0.000000000000000000, -0.000000000000000000 ) ) ;
#4349 = CARTESIAN_POINT ( 'NONE',  ( -12.69999999999999929, 0.000000000000000000, 12.69999999999993356 ) ) ;
#4351 = CARTESIAN_POINT ( 'NONE',  ( -12.69999999999999751, -25.39999999999999503, 127.0000000000000000 ) ) ;
#4350 = AXIS2_PLACEMENT_3D ( 'NONE', #7703, #2868, #8416 ) ;
#4352 = ORIENTED_EDGE ( 'NONE', *, *, #7675, .F. ) ;
#4353 = DIRECTION ( 'NONE',  ( -1.000000000000000000, -0.000000000000000000, -0.000000000000000000 ) ) ;
#4354 = CIRCLE ( 'NONE', #7612, 14.30000000000000071 ) ;
#4355 = EDGE_CURVE ( 'NONE', #2490, #2434, #8015, .T. ) ;
#4356 = DIRECTION ( 'NONE',  ( 0.000000000000000000, 0.000000000000000000, 1.000000000000000000 ) ) ;
#4357 = DIRECTION ( 'NONE',  ( 0.000000000000000000, 0.000000000000000000, 1.000000000000000000 ) ) ;
#4358 = CYLINDRICAL_SURFACE ( 'NONE', #5298, 2.499999999999988454 ) ;
#4359 = ORIENTED_EDGE ( 'NONE', *, *, #3394, .T. ) ;
#4361 = DIRECTION ( 'NONE',  ( 1.000000000000000000, -0.000000000000000000, -0.000000000000000000 ) ) ;
#4360 = CIRCLE ( 'NONE', #680, 2.499999999999988454 ) ;
#4362 = LINE ( 'NONE', #3069, #4085 ) ;
#4363 = AXIS2_PLACEMENT_3D ( 'NONE', #3831, #7242, #1878 ) ;
#4364 = DIRECTION ( 'NONE',  ( -1.000000000000000000, -0.000000000000000000, -0.000000000000000000 ) ) ;
#4365 = ORIENTED_EDGE ( 'NONE', *, *, #3507, .T. ) ;
#4366 = ORIENTED_EDGE ( 'NONE', *, *, #6381, .T. ) ;
#4367 = ADVANCED_FACE ( 'NONE', ( #7437 ), #1947, .F. ) ;
#4368 = AXIS2_PLACEMENT_3D ( 'NONE', #947, #2278, #5689 ) ;
#4369 = ORIENTED_EDGE ( 'NONE', *, *, #8440, .T. ) ;
#4370 = CYLINDRICAL_SURFACE ( 'NONE', #5718, 14.30000000000000782 ) ;
#4371 = DIRECTION ( 'NONE',  ( 0.000000000000000000, 0.000000000000000000, 1.000000000000000000 ) ) ;
#4372 = DIRECTION ( 'NONE',  ( -1.000000000000000000, -0.000000000000000000, -0.000000000000000000 ) ) ;
#4373 = DIRECTION ( 'NONE',  ( -1.000000000000000000, -0.000000000000000000, -0.000000000000000000 ) ) ;
#4374 = CARTESIAN_POINT ( 'NONE',  ( 12.70000000000000107, 4.072800018551153478, 104.1310478351179114 ) ) ;
#4375 = ORIENTED_EDGE ( 'NONE', *, *, #7027, .T. ) ;
#4376 = ORIENTED_EDGE ( 'NONE', *, *, #3774, .T. ) ;
#4377 = ADVANCED_FACE ( 'NONE', ( #33 ), #2745, .F. ) ;
#4378 = EDGE_CURVE ( 'NONE', #6507, #8732, #97, .T. ) ;
#4379 = EDGE_CURVE ( 'NONE', #7353, #583, #1519, .T. ) ;
#4380 = CARTESIAN_POINT ( 'NONE',  ( -12.69999999999999751, 16.22354728284508951, 35.83785636811239073 ) ) ;
#4381 = DIRECTION ( 'NONE',  ( 1.000000000000000000, 0.000000000000000000, 0.000000000000000000 ) ) ;
#4382 = DIRECTION ( 'NONE',  ( 1.000000000000000000, -0.000000000000000000, -0.000000000000000000 ) ) ;
#4383 = ORIENTED_EDGE ( 'NONE', *, *, #7716, .F. ) ;
#4384 = CARTESIAN_POINT ( 'NONE',  ( 9.525000000000000355, 14.15672222192810992, 99.46177646900214597 ) ) ;
#4385 = EDGE_LOOP ( 'NONE', ( #3893, #521, #7929, #4123 ) ) ;
#4386 = DIRECTION ( 'NONE',  ( 1.000000000000000000, 0.000000000000000000, 0.000000000000000000 ) ) ;
#4387 = ORIENTED_EDGE ( 'NONE', *, *, #2480, .T. ) ;
#4388 = VERTEX_POINT ( 'NONE', #6732 ) ;
#4390 = DIRECTION ( 'NONE',  ( 0.000000000000000000, 0.000000000000000000, 1.000000000000000000 ) ) ;
#4389 = AXIS2_PLACEMENT_3D ( 'NONE', #8028, #5238, #1245 ) ;
#4391 = CARTESIAN_POINT ( 'NONE',  ( 12.70000000000000107, 10.07084749364639542, 101.8189322704980668 ) ) ;
#4392 = DIRECTION ( 'NONE',  ( -0.000000000000000000, -0.000000000000000000, -1.000000000000000000 ) ) ;
#4393 = EDGE_LOOP ( 'NONE', ( #2662, #5446, #1680, #8549 ) ) ;
#4394 = DIRECTION ( 'NONE',  ( 0.000000000000000000, 0.000000000000000000, -1.000000000000000000 ) ) ;
#4395 = AXIS2_PLACEMENT_3D ( 'NONE', #50, #95, #806 ) ;
#4396 = LINE ( 'NONE', #6393, #3013 ) ;
#4397 = CIRCLE ( 'NONE', #3409, 2.499999999999988454 ) ;
#4398 = CARTESIAN_POINT ( 'NONE',  ( 12.70000000000000107, -1.802455207620986100, 53.38559542427184823 ) ) ;
#4399 = ORIENTED_EDGE ( 'NONE', *, *, #6249, .T. ) ;
#4400 = DIRECTION ( 'NONE',  ( -1.000000000000000000, -0.000000000000000000, -0.000000000000000000 ) ) ;
#4401 = LOCAL_TIME ( 14, 50, 0.000000000000000000, #6953 ) ;
#4402 = EDGE_CURVE ( 'NONE', #4117, #3821, #8454, .T. ) ;
#4403 = DIRECTION ( 'NONE',  ( 0.000000000000000000, 0.000000000000000000, 1.000000000000000000 ) ) ;
#4404 = ORIENTED_EDGE ( 'NONE', *, *, #8553, .F. ) ;
#4405 = VERTEX_POINT ( 'NONE', #7486 ) ;
#4406 = AXIS2_PLACEMENT_3D ( 'NONE', #2500, #2455, #4502 ) ;
#4407 = ORIENTED_EDGE ( 'NONE', *, *, #2454, .F. ) ;
#4408 = FACE_OUTER_BOUND ( 'NONE', #1417, .T. ) ;
#4409 = DIRECTION ( 'NONE',  ( 0.000000000000000000, 0.000000000000000000, 1.000000000000000000 ) ) ;
#4410 = CARTESIAN_POINT ( 'NONE',  ( -9.525000000000000355, 10.07084749364639542, 101.8189322704980668 ) ) ;
#4411 = CARTESIAN_POINT ( 'NONE',  ( 12.70000000000000107, 14.15672222192832841, 78.33822353099817803 ) ) ;
#4412 = EDGE_CURVE ( 'NONE', #1307, #4254, #1791, .T. ) ;
#4413 = DIRECTION ( 'NONE',  ( -0.000000000000000000, -0.000000000000000000, -1.000000000000000000 ) ) ;
#4414 = ORIENTED_EDGE ( 'NONE', *, *, #3171, .F. ) ;
#4415 = ORIENTED_EDGE ( 'NONE', *, *, #8554, .T. ) ;
#4416 = AXIS2_PLACEMENT_3D ( 'NONE', #8303, #1383, #2140 ) ;
#4417 = DIRECTION ( 'NONE',  ( -1.000000000000000000, -0.000000000000000000, -0.000000000000000000 ) ) ;
#4418 = CARTESIAN_POINT ( 'NONE',  ( 12.70000000000000107, 12.33648634557998314, 100.3747697111193986 ) ) ;
#4419 = CARTESIAN_POINT ( 'NONE',  ( 7.746038523653021987E-16, -25.39999999999999503, 101.5999999999999943 ) ) ;
#4420 = VERTEX_POINT ( 'NONE', #3412 ) ;
#4421 = FACE_BOUND ( 'NONE', #5230, .T. ) ;
#4422 = VERTEX_POINT ( 'NONE', #1414 ) ;
#4423 = DIRECTION ( 'NONE',  ( 0.000000000000000000, 0.000000000000000000, 1.000000000000000000 ) ) ;
#4424 = EDGE_CURVE ( 'NONE', #4939, #1089, #6750, .T. ) ;
#4425 = CIRCLE ( 'NONE', #2303, 2.270999999999995467 ) ;
#4426 = EDGE_CURVE ( 'NONE', #5838, #522, #1370, .T. ) ;
#4427 = EDGE_CURVE ( 'NONE', #4932, #4069, #3918, .T. ) ;
#4428 = CIRCLE ( 'NONE', #1591, 2.270999999999995467 ) ;
#4429 = ADVANCED_FACE ( 'NONE', ( #5499 ), #1547, .F. ) ;
#4430 = VERTEX_POINT ( 'NONE', #3541 ) ;
#4431 = ORIENTED_EDGE ( 'NONE', *, *, #1049, .T. ) ;
#4432 = VECTOR ( 'NONE', #2660, 1000.000000000000000 ) ;
#4433 = CIRCLE ( 'NONE', #7824, 2.080499999999998906 ) ;
#4434 = CARTESIAN_POINT ( 'NONE',  ( -9.525000000000002132, 0.000000000000000000, 65.99999999999998579 ) ) ;
#4435 = DIRECTION ( 'NONE',  ( 0.000000000000000000, 0.000000000000000000, 1.000000000000000000 ) ) ;
#4436 = CARTESIAN_POINT ( 'NONE',  ( 12.70000000000000107, -15.22687436074365230, 92.98837563695990127 ) ) ;
#4437 = ADVANCED_FACE ( 'NONE', ( #2963 ), #2127, .F. ) ;
#4438 = EDGE_CURVE ( 'NONE', #2377, #8720, #2257, .T. ) ;
#4439 = VERTEX_POINT ( 'NONE', #6868 ) ;
#4440 = AXIS2_PLACEMENT_3D ( 'NONE', #597, #8628, #7210 ) ;
#4441 = CIRCLE ( 'NONE', #3595, 2.499999999999988454 ) ;
#4442 = DIRECTION ( 'NONE',  ( 0.000000000000000000, 0.000000000000000000, 1.000000000000000000 ) ) ;
#4443 = AXIS2_PLACEMENT_3D ( 'NONE', #3386, #6174, #2808 ) ;
#4444 = FACE_OUTER_BOUND ( 'NONE', #8750, .T. ) ;
#4445 = CARTESIAN_POINT ( 'NONE',  ( 12.70000000000000107, -14.13894155320104851, 82.81817428684736626 ) ) ;
#4446 = ORIENTED_EDGE ( 'NONE', *, *, #5521, .F. ) ;
#4447 = DIRECTION ( 'NONE',  ( -1.000000000000000000, -0.000000000000000000, -0.000000000000000000 ) ) ;
#4448 = DIRECTION ( 'NONE',  ( -1.000000000000000000, 0.000000000000000000, 0.000000000000000000 ) ) ;
#4449 = ORIENTED_EDGE ( 'NONE', *, *, #1271, .T. ) ;
#4450 = VECTOR ( 'NONE', #2765, 1000.000000000000000 ) ;
#4451 = ORIENTED_EDGE ( 'NONE', *, *, #4871, .T. ) ;
#4452 = ORIENTED_EDGE ( 'NONE', *, *, #6703, .F. ) ;
#4453 = CARTESIAN_POINT ( 'NONE',  ( 9.525000000000000355, 15.22687436074360257, 42.18837563696011017 ) ) ;
#4455 = DIRECTION ( 'NONE',  ( -1.000000000000000000, -0.000000000000000000, -0.000000000000000000 ) ) ;
#4454 = AXIS2_PLACEMENT_3D ( 'NONE', #274, #8394, #2319 ) ;
#4456 = DIRECTION ( 'NONE',  ( 0.000000000000000000, 0.000000000000000000, 1.000000000000000000 ) ) ;
#4457 = DIRECTION ( 'NONE',  ( -1.000000000000000000, 0.000000000000000000, 0.000000000000000000 ) ) ;
#4458 = CARTESIAN_POINT ( 'NONE',  ( -9.525000000000000355, 3.577867169202164632E-15, 38.10000000000001563 ) ) ;
#4459 = EDGE_LOOP ( 'NONE', ( #5457, #4193, #8325, #8290 ) ) ;
#4460 = EDGE_LOOP ( 'NONE', ( #2289, #2068, #4803, #3181 ) ) ;
#4461 = AXIS2_PLACEMENT_3D ( 'NONE', #3727, #1688, #7799 ) ;
#4462 = EDGE_CURVE ( 'NONE', #6598, #7348, #1230, .T. ) ;
#4463 = CARTESIAN_POINT ( 'NONE',  ( -9.525000000000002132, -22.22499999999999787, 127.0000000000000000 ) ) ;
#4464 = CARTESIAN_POINT ( 'NONE',  ( -12.69999999999999751, 12.33648634558017676, 28.89623028888087930 ) ) ;
#4465 = CARTESIAN_POINT ( 'NONE',  ( 12.70000000000000107, 14.16298196909037088, 36.12517298397528975 ) ) ;
#4466 = ORIENTED_EDGE ( 'NONE', *, *, #4402, .F. ) ;
#4467 = CARTESIAN_POINT ( 'NONE',  ( 12.70000000000000107, 3.577867169202164632E-15, 88.90000000000000568 ) ) ;
#4468 = ORIENTED_EDGE ( 'NONE', *, *, #5029, .F. ) ;
#4469 = CARTESIAN_POINT ( 'NONE',  ( 12.70000000000000107, -6.152699789198520897, 53.28107590238573010 ) ) ;
#4470 = AXIS2_PLACEMENT_3D ( 'NONE', #4963, #8204, #7663 ) ;
#4471 = CARTESIAN_POINT ( 'NONE',  ( -12.69999999999999929, -12.69999999999999929, 111.8000000000000114 ) ) ;
#4472 = ORIENTED_EDGE ( 'NONE', *, *, #7512, .T. ) ;
#4473 = VERTEX_POINT ( 'NONE', #4171 ) ;
#4474 = ADVANCED_FACE ( 'NONE', ( #123 ), #8334, .F. ) ;
#4475 = AXIS2_PLACEMENT_3D ( 'NONE', #3717, #1097, #6379 ) ;
#4476 = EDGE_CURVE ( 'NONE', #4342, #4826, #6183, .T. ) ;
#4477 = DIRECTION ( 'NONE',  ( 1.000000000000000000, 0.000000000000000000, 0.000000000000000000 ) ) ;
#4478 = CARTESIAN_POINT ( 'NONE',  ( -9.525000000000000355, 14.16298196909037088, 86.92517298397528691 ) ) ;
#4479 = ORIENTED_EDGE ( 'NONE', *, *, #1640, .T. ) ;
#4480 = CARTESIAN_POINT ( 'NONE',  ( 12.70000000000000107, 1.802455207620993427, 73.61440457572818730 ) ) ;
#4481 = ORIENTED_EDGE ( 'NONE', *, *, #5135, .F. ) ;
#4482 = DIRECTION ( 'NONE',  ( -1.000000000000000000, -0.000000000000000000, -0.000000000000000000 ) ) ;
#4483 = ADVANCED_FACE ( 'NONE', ( #8246 ), #6956, .F. ) ;
#4484 = EDGE_CURVE ( 'NONE', #5669, #8203, #7882, .T. ) ;
#4485 = EDGE_CURVE ( 'NONE', #7706, #1682, #3075, .T. ) ;
#4486 = AXIS2_PLACEMENT_3D ( 'NONE', #5452, #8156, #7308 ) ;
#4487 = CARTESIAN_POINT ( 'NONE',  ( 3.061616997868370815E-16, 22.22500000000000142, 10.20000000000000817 ) ) ;
#4488 = CARTESIAN_POINT ( 'NONE',  ( 1.555301434917138038E-15, -22.22499999999999787, 76.19999999999998863 ) ) ;
#4489 = ORIENTED_EDGE ( 'NONE', *, *, #1116, .F. ) ;
#4490 = CARTESIAN_POINT ( 'NONE',  ( 12.70000000000000107, -14.15672222192825025, 99.46177646900194702 ) ) ;
#4491 = CARTESIAN_POINT ( 'NONE',  ( 12.70000000000000107, 12.33648634558017676, 79.69623028888086935 ) ) ;
#4492 = ORIENTED_EDGE ( 'NONE', *, *, #182, .T. ) ;
#4493 = AXIS2_PLACEMENT_3D ( 'NONE', #4380, #7785, #3045 ) ;
#4494 = ORIENTED_EDGE ( 'NONE', *, *, #144, .T. ) ;
#4495 = EDGE_LOOP ( 'NONE', ( #5443, #3526, #5033, #4021 ) ) ;
#4496 = CIRCLE ( 'NONE', #527, 2.270999999999998575 ) ;
#4497 = DIRECTION ( 'NONE',  ( 0.000000000000000000, 0.000000000000000000, -1.000000000000000000 ) ) ;
#4498 = CIRCLE ( 'NONE', #5637, 2.080499999999998906 ) ;
#4499 = CARTESIAN_POINT ( 'NONE',  ( 12.70000000000000107, 3.577867169202164632E-15, 38.10000000000001563 ) ) ;
#4500 = DIRECTION ( 'NONE',  ( -1.000000000000000000, -0.000000000000000000, -0.000000000000000000 ) ) ;
#4501 = DIRECTION ( 'NONE',  ( 0.000000000000000000, 0.000000000000000000, 1.000000000000000000 ) ) ;
#4502 = DIRECTION ( 'NONE',  ( 0.000000000000000000, 1.667602476305511223E-15, -1.000000000000000000 ) ) ;
#4503 = VERTEX_POINT ( 'NONE', #7046 ) ;
#4504 = VERTEX_POINT ( 'NONE', #5587 ) ;
#4505 = CIRCLE ( 'NONE', #2801, 2.271000000000002128 ) ;
#4506 = DIRECTION ( 'NONE',  ( 1.000000000000000000, 0.000000000000000000, 0.000000000000000000 ) ) ;
#4507 = DIRECTION ( 'NONE',  ( -1.000000000000000000, 0.000000000000000000, 0.000000000000000000 ) ) ;
#4508 = CARTESIAN_POINT ( 'NONE',  ( -9.525000000000000355, -12.33648634558004353, 28.89623028888070877 ) ) ;
#4509 = ORIENTED_EDGE ( 'NONE', *, *, #23, .F. ) ;
#4510 = DIRECTION ( 'NONE',  ( 0.000000000000000000, 0.000000000000000000, 1.000000000000000000 ) ) ;
#4511 = VERTEX_POINT ( 'NONE', #6199 ) ;
#4512 = CARTESIAN_POINT ( 'NONE',  ( -9.525000000000002132, 0.000000000000000000, 116.7999999999999829 ) ) ;
#4513 = VERTEX_POINT ( 'NONE', #5542 ) ;
#4514 = EDGE_CURVE ( 'NONE', #192, #3749, #1090, .T. ) ;
#4515 = ORIENTED_EDGE ( 'NONE', *, *, #7941, .T. ) ;
#4516 = LINE ( 'NONE', #2473, #1514 ) ;
#4517 = CARTESIAN_POINT ( 'NONE',  ( 1.080765552152140168E-15, -25.39999999999999503, 86.40000000000000568 ) ) ;
#4518 = FACE_OUTER_BOUND ( 'NONE', #6583, .T. ) ;
#4519 = ORIENTED_EDGE ( 'NONE', *, *, #5157, .T. ) ;
#4520 = DIRECTION ( 'NONE',  ( -1.000000000000000000, -0.000000000000000000, -0.000000000000000000 ) ) ;
#4521 = EDGE_LOOP ( 'NONE', ( #5830, #8111, #1301, #8160 ) ) ;
#4522 = ADVANCED_FACE ( 'NONE', ( #6913 ), #5668, .F. ) ;
#4523 = FACE_BOUND ( 'NONE', #2256, .T. ) ;
#4524 = LINE ( 'NONE', #6519, #889 ) ;
#4525 = DIRECTION ( 'NONE',  ( 0.000000000000000000, 0.000000000000000000, -1.000000000000000000 ) ) ;
#4526 = ORIENTED_EDGE ( 'NONE', *, *, #6967, .T. ) ;
#4527 = DIRECTION ( 'NONE',  ( 0.000000000000000000, 0.000000000000000000, 1.000000000000000000 ) ) ;
#4528 = EDGE_CURVE ( 'NONE', #8333, #2867, #237, .T. ) ;
#4529 = CC_DESIGN_PERSON_AND_ORGANIZATION_ASSIGNMENT ( #6288, #6782, ( #4 ) ) ;
#4530 = ADVANCED_FACE ( 'NONE', ( #2919 ), #5629, .F. ) ;
#4531 = CARTESIAN_POINT ( 'NONE',  ( 12.70000000000000107, 3.577867169202164632E-15, 38.10000000000001563 ) ) ;
#4532 = EDGE_CURVE ( 'NONE', #5978, #3635, #5127, .T. ) ;
#4533 = ORIENTED_EDGE ( 'NONE', *, *, #8440, .F. ) ;
#4534 = CIRCLE ( 'NONE', #2547, 2.271000000000009234 ) ;
#4535 = VERTEX_POINT ( 'NONE', #8548 ) ;
#4536 = CARTESIAN_POINT ( 'NONE',  ( -12.69999999999999751, 12.69999999999999929, 114.2999999999999972 ) ) ;
#4537 = LINE ( 'NONE', #1207, #1322 ) ;
#4538 = CARTESIAN_POINT ( 'NONE',  ( 9.525000000000000355, 3.577867169202164632E-15, 38.10000000000001563 ) ) ;
#4539 = LINE ( 'NONE', #3253, #4077 ) ;
#4540 = EDGE_CURVE ( 'NONE', #1885, #2730, #7178, .T. ) ;
#4541 = CIRCLE ( 'NONE', #1851, 2.271000000000009234 ) ;
#4542 = DIRECTION ( 'NONE',  ( -1.000000000000000000, -0.000000000000000000, -0.000000000000000000 ) ) ;
#4543 = EDGE_LOOP ( 'NONE', ( #1298, #3484 ) ) ;
#4544 = VERTEX_POINT ( 'NONE', #7790 ) ;
#4545 = AXIS2_PLACEMENT_3D ( 'NONE', #6306, #984, #230 ) ;
#4547 = CYLINDRICAL_SURFACE ( 'NONE', #8455, 2.080499999999998906 ) ;
#4546 = CIRCLE ( 'NONE', #5820, 2.270999999999995467 ) ;
#4548 = CARTESIAN_POINT ( 'NONE',  ( 12.70000000000000107, -12.69999999999999929, 66.00000000000000000 ) ) ;
#4549 = DIRECTION ( 'NONE',  ( 0.000000000000000000, -3.335204952611022446E-15, 1.000000000000000000 ) ) ;
#4550 = LINE ( 'NONE', #2869, #2009 ) ;
#4551 = VERTEX_POINT ( 'NONE', #5049 ) ;
#4552 = DIRECTION ( 'NONE',  ( -1.000000000000000000, -0.000000000000000000, -0.000000000000000000 ) ) ;
#4553 = ORIENTED_EDGE ( 'NONE', *, *, #3235, .T. ) ;
#4554 = LINE ( 'NONE', #5175, #3257 ) ;
#4555 = VERTEX_POINT ( 'NONE', #1055 ) ;
#4556 = ORIENTED_EDGE ( 'NONE', *, *, #3751, .F. ) ;
#4557 = AXIS2_PLACEMENT_3D ( 'NONE', #5113, #5865, #7283 ) ;
#4558 = AXIS2_PLACEMENT_3D ( 'NONE', #3417, #6788, #4084 ) ;
#4559 = DIRECTION ( 'NONE',  ( 0.000000000000000000, 0.000000000000000000, -1.000000000000000000 ) ) ;
#4560 = DIRECTION ( 'NONE',  ( -0.000000000000000000, 1.000000000000000000, -0.000000000000000000 ) ) ;
#4561 = ORIENTED_EDGE ( 'NONE', *, *, #4280, .T. ) ;
#4562 = LINE ( 'NONE', #1146, #4324 ) ;
#4563 = ORIENTED_EDGE ( 'NONE', *, *, #3493, .T. ) ;
#4564 = CARTESIAN_POINT ( 'NONE',  ( 12.70000000000000107, -1.802455207620986100, 104.1855954242718525 ) ) ;
#4565 = AXIS2_PLACEMENT_3D ( 'NONE', #3338, #6752, #7411 ) ;
#4566 = AXIS2_PLACEMENT_3D ( 'NONE', #6235, #1544, #8370 ) ;
#4567 = EDGE_CURVE ( 'NONE', #7380, #2442, #7129, .T. ) ;
#4568 = DIRECTION ( 'NONE',  ( 0.000000000000000000, 0.000000000000000000, 1.000000000000000000 ) ) ;
#4569 = DIRECTION ( 'NONE',  ( 0.000000000000000000, 0.000000000000000000, -1.000000000000000000 ) ) ;
#4570 = AXIS2_PLACEMENT_3D ( 'NONE', #3632, #6374, #6459 ) ;
#4571 = VECTOR ( 'NONE', #554, 1000.000000000000000 ) ;
#4572 = VERTEX_POINT ( 'NONE', #388 ) ;
#4573 = DIRECTION ( 'NONE',  ( -1.000000000000000000, 0.000000000000000000, 0.000000000000000000 ) ) ;
#4574 = FACE_OUTER_BOUND ( 'NONE', #5035, .T. ) ;
#4575 = ORIENTED_EDGE ( 'NONE', *, *, #5135, .T. ) ;
#4576 = AXIS2_PLACEMENT_3D ( 'NONE', #5037, #3745, #7648 ) ;
#4577 = AXIS2_PLACEMENT_3D ( 'NONE', #54, #2007, #1291 ) ;
#4578 = ADVANCED_FACE ( 'NONE', ( #2463 ), #7212, .F. ) ;
#4579 = ADVANCED_FACE ( 'NONE', ( #5091, #5172, #1681, #7751, #4421, #5754, #973, #3137, #345, #3677 ), #8503, .T. ) ;
#4580 = ORIENTED_EDGE ( 'NONE', *, *, #7847, .F. ) ;
#4581 = CARTESIAN_POINT ( 'NONE',  ( 0.000000000000000000, -25.39999999999999503, 12.69999999999999929 ) ) ;
#4582 = DIRECTION ( 'NONE',  ( -1.000000000000000000, -0.000000000000000000, -0.000000000000000000 ) ) ;
#4583 = FACE_OUTER_BOUND ( 'NONE', #5493, .T. ) ;
#4584 = CARTESIAN_POINT ( 'NONE',  ( 12.70000000000000107, 11.15407434219260630, 77.75732780184213766 ) ) ;
#4585 = AXIS2_PLACEMENT_3D ( 'NONE', #2275, #5023, #6308 ) ;
#4586 = DIRECTION ( 'NONE',  ( -1.000000000000000000, -0.000000000000000000, -0.000000000000000000 ) ) ;
#4587 = ORIENTED_EDGE ( 'NONE', *, *, #3207, .T. ) ;
#4588 = VERTEX_POINT ( 'NONE', #4384 ) ;
#4589 = AXIS2_PLACEMENT_3D ( 'NONE', #7638, #7594, #3067 ) ;
#4590 = EDGE_CURVE ( 'NONE', #116, #4181, #2423, .T. ) ;
#4591 = EDGE_CURVE ( 'NONE', #4932, #4683, #8420, .T. ) ;
#4592 = CARTESIAN_POINT ( 'NONE',  ( 9.525000000000000355, 3.577867169202164632E-15, 88.90000000000000568 ) ) ;
#4593 = DIRECTION ( 'NONE',  ( 0.000000000000000000, 0.000000000000000000, 1.000000000000000000 ) ) ;
#4594 = CYLINDRICAL_SURFACE ( 'NONE', #2736, 2.499999999999988454 ) ;
#4595 = CARTESIAN_POINT ( 'NONE',  ( 12.70000000000000107, -6.152699789198520897, 22.91892409761429406 ) ) ;
#4596 = VERTEX_POINT ( 'NONE', #1095 ) ;
#4597 = DIRECTION ( 'NONE',  ( 0.000000000000000000, 1.667602476305511223E-15, -1.000000000000000000 ) ) ;
#4598 = ORIENTED_EDGE ( 'NONE', *, *, #3184, .F. ) ;
#4599 = CARTESIAN_POINT ( 'NONE',  ( -12.69999999999999751, 12.33648634557998314, 47.30376971111940776 ) ) ;
#4600 = ORIENTED_EDGE ( 'NONE', *, *, #1925, .T. ) ;
#4601 = AXIS2_PLACEMENT_3D ( 'NONE', #5418, #1423, #3469 ) ;
#4602 = VERTEX_POINT ( 'NONE', #3757 ) ;
#4603 = DIRECTION ( 'NONE',  ( -1.000000000000000000, -0.000000000000000000, -0.000000000000000000 ) ) ;
#4604 = CIRCLE ( 'NONE', #4749, 2.080499999999998906 ) ;
#4605 = DIRECTION ( 'NONE',  ( -0.000000000000000000, 1.000000000000000000, -0.000000000000000000 ) ) ;
#4606 = ORIENTED_EDGE ( 'NONE', *, *, #717, .F. ) ;
#4607 = DIRECTION ( 'NONE',  ( 1.000000000000000000, 0.000000000000000000, 0.000000000000000000 ) ) ;
#4608 = ORIENTED_EDGE ( 'NONE', *, *, #4591, .T. ) ;
#4609 = CARTESIAN_POINT ( 'NONE',  ( 12.70000000000000107, 12.69999999999999929, 114.2999999999999972 ) ) ;
#4610 = AXIS2_PLACEMENT_3D ( 'NONE', #5544, #262, #2965 ) ;
#4611 = CYLINDRICAL_SURFACE ( 'NONE', #3585, 17.66250000000000497 ) ;
#4613 = CARTESIAN_POINT ( 'NONE',  ( 12.70000000000000107, -6.152699789198520897, 104.0810759023857344 ) ) ;
#4612 = CIRCLE ( 'NONE', #6599, 2.080499999999998906 ) ;
#4614 = ORIENTED_EDGE ( 'NONE', *, *, #6240, .T. ) ;
#4615 = LINE ( 'NONE', #7277, #7925 ) ;
#4616 = DIRECTION ( 'NONE',  ( 0.000000000000000000, 0.000000000000000000, 1.000000000000000000 ) ) ;
#4617 = EDGE_CURVE ( 'NONE', #5581, #5755, #429, .T. ) ;
#4618 = ORIENTED_EDGE ( 'NONE', *, *, #1161, .T. ) ;
#4619 = AXIS2_PLACEMENT_3D ( 'NONE', #1106, #6431, #7928 ) ;
#4620 = AXIS2_PLACEMENT_3D ( 'NONE', #4648, #8510, #1232 ) ;
#4621 = CARTESIAN_POINT ( 'NONE',  ( 12.70000000000000107, 1.802455207620993427, 22.81440457572818303 ) ) ;
#4622 = CARTESIAN_POINT ( 'NONE',  ( 12.70000000000000107, -14.16298196909034779, 40.07482701602484099 ) ) ;
#4623 = CYLINDRICAL_SURFACE ( 'NONE', #3317, 2.080499999999998906 ) ;
#4625 = DIRECTION ( 'NONE',  ( -1.000000000000000000, -0.000000000000000000, -0.000000000000000000 ) ) ;
#4624 = CIRCLE ( 'NONE', #5192, 2.271000000000002128 ) ;
#4626 = FACE_OUTER_BOUND ( 'NONE', #7568, .T. ) ;
#4627 = VECTOR ( 'NONE', #1446, 1000.000000000000000 ) ;
#4628 = CARTESIAN_POINT ( 'NONE',  ( 12.70000000000000107, 8.791741348502629450, 26.82191132943933454 ) ) ;
#4629 = ORIENTED_EDGE ( 'NONE', *, *, #5725, .F. ) ;
#4630 = ADVANCED_FACE ( 'NONE', ( #7877 ), #2385, .F. ) ;
#4631 = VERTEX_POINT ( 'NONE', #7919 ) ;
#4632 = CIRCLE ( 'NONE', #8181, 2.270999999999995467 ) ;
#4633 = VECTOR ( 'NONE', #670, 1000.000000000000000 ) ;
#4634 = FACE_BOUND ( 'NONE', #6188, .T. ) ;
#4635 = DIRECTION ( 'NONE',  ( -1.000000000000000000, 0.000000000000000000, 0.000000000000000000 ) ) ;
#4636 = PLANE ( 'NONE',  #3732 ) ;
#4637 = DIRECTION ( 'NONE',  ( -1.000000000000000000, 0.000000000000000000, 0.000000000000000000 ) ) ;
#4638 = ORIENTED_EDGE ( 'NONE', *, *, #62, .T. ) ;
#4639 = CARTESIAN_POINT ( 'NONE',  ( -12.69999999999999751, 15.22687436074368783, 84.81162436304023799 ) ) ;
#4640 = VERTEX_POINT ( 'NONE', #3845 ) ;
#4641 = CARTESIAN_POINT ( 'NONE',  ( -9.525000000000000355, 15.22687436074360257, 42.18837563696011017 ) ) ;
#4642 = VERTEX_POINT ( 'NONE', #1717 ) ;
#4643 = AXIS2_PLACEMENT_3D ( 'NONE', #2996, #7204, #3124 ) ;
#4644 = EDGE_CURVE ( 'NONE', #8251, #8056, #241, .T. ) ;
#4645 = EDGE_CURVE ( 'NONE', #3955, #2384, #2369, .T. ) ;
#4646 = ADVANCED_FACE ( 'NONE', ( #5880 ), #8589, .F. ) ;
#4647 = ORIENTED_EDGE ( 'NONE', *, *, #1172, .F. ) ;
#4648 = CARTESIAN_POINT ( 'NONE',  ( 12.70000000000000107, 12.33648634557998314, 98.10376971111941202 ) ) ;
#4649 =( NAMED_UNIT ( * ) SI_UNIT ( $, .STERADIAN. ) SOLID_ANGLE_UNIT ( ) );
#4650 = CARTESIAN_POINT ( 'NONE',  ( 1.555301434917138038E-15, 25.40000000000000213, 25.39999999999999858 ) ) ;
#4651 = ORIENTED_EDGE ( 'NONE', *, *, #876, .F. ) ;
#4652 = CARTESIAN_POINT ( 'NONE',  ( 12.70000000000000107, -10.07084749364648069, 27.26156772950202267 ) ) ;
#4653 = ORIENTED_EDGE ( 'NONE', *, *, #4540, .F. ) ;
#4654 = ORIENTED_EDGE ( 'NONE', *, *, #1150, .T. ) ;
#4655 = DIRECTION ( 'NONE',  ( -1.000000000000000000, -0.000000000000000000, -0.000000000000000000 ) ) ;
#4656 = FACE_OUTER_BOUND ( 'NONE', #3551, .T. ) ;
#4657 = CARTESIAN_POINT ( 'NONE',  ( 12.70000000000000107, 2.068405620284298418, 55.64096931301052251 ) ) ;
#4658 = ORIENTED_EDGE ( 'NONE', *, *, #4105, .T. ) ;
#4659 = CARTESIAN_POINT ( 'NONE',  ( 9.525000000000000355, -6.152699789198520897, 22.91892409761429406 ) ) ;
#4660 = DIRECTION ( 'NONE',  ( 0.000000000000000000, 0.000000000000000000, 1.000000000000000000 ) ) ;
#4661 = EDGE_LOOP ( 'NONE', ( #727, #2798 ) ) ;
#4662 = ORIENTED_EDGE ( 'NONE', *, *, #7374, .F. ) ;
#4663 = AXIS2_PLACEMENT_3D ( 'NONE', #581, #3287, #8699 ) ;
#4664 = ADVANCED_FACE ( 'NONE', ( #3890 ), #5351, .F. ) ;
#4665 = DIRECTION ( 'NONE',  ( 1.000000000000000000, 0.000000000000000000, 0.000000000000000000 ) ) ;
#4666 = DIRECTION ( 'NONE',  ( -1.000000000000000000, -0.000000000000000000, -0.000000000000000000 ) ) ;
#4667 = LINE ( 'NONE', #142, #7869 ) ;
#4668 = CARTESIAN_POINT ( 'NONE',  ( 12.70000000000000107, 3.577867169202164632E-15, 38.10000000000001563 ) ) ;
#4669 = DIRECTION ( 'NONE',  ( 0.000000000000000000, 0.000000000000000000, 1.000000000000000000 ) ) ;
#4670 = VERTEX_POINT ( 'NONE', #5963 ) ;
#4671 = VERTEX_POINT ( 'NONE', #8049 ) ;
#4672 = VECTOR ( 'NONE', #6059, 1000.000000000000000 ) ;
#4673 = VERTEX_POINT ( 'NONE', #7339 ) ;
#4674 = EDGE_CURVE ( 'NONE', #6805, #5017, #1934, .T. ) ;
#4675 = FACE_OUTER_BOUND ( 'NONE', #6466, .T. ) ;
#4676 = DIRECTION ( 'NONE',  ( -1.000000000000000000, -0.000000000000000000, -0.000000000000000000 ) ) ;
#4677 = CARTESIAN_POINT ( 'NONE',  ( 1.555301434917138038E-15, 25.40000000000000213, 78.69999999999997442 ) ) ;
#4678 = CIRCLE ( 'NONE', #5103, 2.080499999999998906 ) ;
#4679 = ORIENTED_EDGE ( 'NONE', *, *, #5018, .F. ) ;
#4680 = DIRECTION ( 'NONE',  ( 0.000000000000000000, 0.000000000000000000, -1.000000000000000000 ) ) ;
#4681 = ORIENTED_EDGE ( 'NONE', *, *, #1613, .T. ) ;
#4682 = DIRECTION ( 'NONE',  ( 1.000000000000000000, 0.000000000000000000, 0.000000000000000000 ) ) ;
#4683 = VERTEX_POINT ( 'NONE', #7256 ) ;
#4684 = AXIS2_PLACEMENT_3D ( 'NONE', #1608, #273, #5601 ) ;
#4685 = EDGE_LOOP ( 'NONE', ( #7602, #6138, #7499, #1147 ) ) ;
#4686 = CIRCLE ( 'NONE', #6109, 2.499999999999988454 ) ;
#4687 = LINE ( 'NONE', #2081, #803 ) ;
#4688 = ADVANCED_FACE ( 'NONE', ( #8675 ), #2022, .F. ) ;
#4689 = PRODUCT_DEFINITION ( 'UNKNOWN', '', #5540, #1028 ) ;
#4690 = EDGE_CURVE ( 'NONE', #32, #8127, #4632, .T. ) ;
#4691 = EDGE_CURVE ( 'NONE', #5211, #4952, #5063, .T. ) ;
#4692 = CARTESIAN_POINT ( 'NONE',  ( -9.525000000000000355, -14.13894155320108759, 94.98182571315255984 ) ) ;
#4693 = DIRECTION ( 'NONE',  ( 0.000000000000000000, 0.000000000000000000, 1.000000000000000000 ) ) ;
#4694 = ORIENTED_EDGE ( 'NONE', *, *, #576, .F. ) ;
#4695 = DIRECTION ( 'NONE',  ( 0.000000000000000000, 0.000000000000000000, 1.000000000000000000 ) ) ;
#4696 = VECTOR ( 'NONE', #5062, 1000.000000000000000 ) ;
#4697 = ORIENTED_EDGE ( 'NONE', *, *, #2554, .T. ) ;
#4698 = ORIENTED_EDGE ( 'NONE', *, *, #1172, .T. ) ;
#4699 = DIRECTION ( 'NONE',  ( -1.000000000000000000, -0.000000000000000000, -0.000000000000000000 ) ) ;
#4700 = CYLINDRICAL_SURFACE ( 'NONE', #6744, 2.499999999999992006 ) ;
#4701 = ADVANCED_FACE ( 'NONE', ( #3973 ), #600, .F. ) ;
#4702 = EDGE_CURVE ( 'NONE', #3437, #13, #6759, .T. ) ;
#4703 = CARTESIAN_POINT ( 'NONE',  ( 12.70000000000000107, -10.07084749364648069, 25.18106772950202199 ) ) ;
#4704 = DIRECTION ( 'NONE',  ( 1.000000000000000000, 0.000000000000000000, 0.000000000000000000 ) ) ;
#4705 = ORIENTED_EDGE ( 'NONE', *, *, #8584, .T. ) ;
#4706 = DIRECTION ( 'NONE',  ( -1.000000000000000000, -0.000000000000000000, -0.000000000000000000 ) ) ;
#4707 = VECTOR ( 'NONE', #2396, 1000.000000000000000 ) ;
#4708 = CIRCLE ( 'NONE', #882, 2.271000000000002128 ) ;
#4709 = CARTESIAN_POINT ( 'NONE',  ( 7.746038523653021987E-16, 22.22500000000000142, 50.79999999999999716 ) ) ;
#4710 = ORIENTED_EDGE ( 'NONE', *, *, #4047, .T. ) ;
#4711 = CIRCLE ( 'NONE', #2024, 2.080499999999998906 ) ;
#4713 = DIRECTION ( 'NONE',  ( -0.000000000000000000, 1.000000000000000000, -0.000000000000000000 ) ) ;
#4712 = CIRCLE ( 'NONE', #758, 17.66250000000000497 ) ;
#4714 = DIRECTION ( 'NONE',  ( -0.000000000000000000, 1.000000000000000000, -0.000000000000000000 ) ) ;
#4715 = CARTESIAN_POINT ( 'NONE',  ( 9.525000000000000355, 12.69999999999999929, 61.00000000000000711 ) ) ;
#4716 = FACE_OUTER_BOUND ( 'NONE', #4772, .T. ) ;
#4717 = DIRECTION ( 'NONE',  ( -0.000000000000000000, 1.000000000000000000, -0.000000000000000000 ) ) ;
#4718 = DIRECTION ( 'NONE',  ( 0.000000000000000000, 0.000000000000000000, 1.000000000000000000 ) ) ;
#4719 = ORIENTED_EDGE ( 'NONE', *, *, #2577, .F. ) ;
#4720 = CIRCLE ( 'NONE', #4440, 14.30000000000000782 ) ;
#4721 = ORIENTED_EDGE ( 'NONE', *, *, #1542, .T. ) ;
#4722 = AXIS2_PLACEMENT_3D ( 'NONE', #3296, #1432, #3339 ) ;
#4723 = ORIENTED_EDGE ( 'NONE', *, *, #5075, .F. ) ;
#4724 = DIRECTION ( 'NONE',  ( -0.000000000000000000, 1.000000000000000000, -0.000000000000000000 ) ) ;
#4726 = CARTESIAN_POINT ( 'NONE',  ( 9.525000000000000355, -2.068405620284290425, 20.55903068698950520 ) ) ;
#4725 = AXIS2_PLACEMENT_3D ( 'NONE', #2371, #1703, #4409 ) ;
#4727 = CARTESIAN_POINT ( 'NONE',  ( 12.70000000000000107, 25.40000000000000213, 127.0000000000000000 ) ) ;
#4728 = VERTEX_POINT ( 'NONE', #7426 ) ;
#4729 = LINE ( 'NONE', #3401, #2652 ) ;
#4730 = EDGE_LOOP ( 'NONE', ( #5992, #5350, #6522, #4278 ) ) ;
#4731 = CARTESIAN_POINT ( 'NONE',  ( -9.525000000000000355, -16.22354728284506820, 40.36214363188775422 ) ) ;
#4732 = ORIENTED_EDGE ( 'NONE', *, *, #5882, .F. ) ;
#4733 = ORIENTED_EDGE ( 'NONE', *, *, #2754, .F. ) ;
#4734 = EDGE_CURVE ( 'NONE', #522, #4836, #4729, .T. ) ;
#4735 = AXIS2_PLACEMENT_3D ( 'NONE', #4488, #5942, #6567 ) ;
#4736 = DIRECTION ( 'NONE',  ( -0.000000000000000000, 1.000000000000000000, -0.000000000000000000 ) ) ;
#4737 = CYLINDRICAL_SURFACE ( 'NONE', #8097, 2.499999999999988454 ) ;
#4738 = APPROVAL_DATE_TIME ( #6019, #2741 ) ;
#4739 = ORIENTED_EDGE ( 'NONE', *, *, #4221, .T. ) ;
#4740 = CARTESIAN_POINT ( 'NONE',  ( 9.525000000000000355, 14.13894155320100943, 44.18182571315276874 ) ) ;
#4741 = ORIENTED_EDGE ( 'NONE', *, *, #4514, .T. ) ;
#4742 = CYLINDRICAL_SURFACE ( 'NONE', #7720, 2.271000000000002128 ) ;
#4743 = CIRCLE ( 'NONE', #3329, 2.080499999999998906 ) ;
#4744 = ORIENTED_EDGE ( 'NONE', *, *, #5570, .F. ) ;
#4745 = ORIENTED_EDGE ( 'NONE', *, *, #7306, .T. ) ;
#4746 = FACE_OUTER_BOUND ( 'NONE', #3600, .T. ) ;
#4747 = EDGE_CURVE ( 'NONE', #7939, #751, #2599, .T. ) ;
#4748 = EDGE_CURVE ( 'NONE', #3736, #172, #5200, .T. ) ;
#4749 = AXIS2_PLACEMENT_3D ( 'NONE', #6432, #8429, #488 ) ;
#4750 = CARTESIAN_POINT ( 'NONE',  ( 12.70000000000000107, 8.791741348502629450, 26.82191132943933454 ) ) ;
#4751 = DIRECTION ( 'NONE',  ( -1.000000000000000000, -0.000000000000000000, -0.000000000000000000 ) ) ;
#4752 = CYLINDRICAL_SURFACE ( 'NONE', #3204, 2.080499999999998906 ) ;
#4753 = DIRECTION ( 'NONE',  ( -1.000000000000000000, -0.000000000000000000, -0.000000000000000000 ) ) ;
#4754 = ORIENTED_EDGE ( 'NONE', *, *, #6108, .F. ) ;
#4755 = CARTESIAN_POINT ( 'NONE',  ( 12.70000000000000107, -10.07084749364648069, 25.18106772950202199 ) ) ;
#4756 = CIRCLE ( 'NONE', #4049, 14.30000000000000782 ) ;
#4757 = DIRECTION ( 'NONE',  ( 0.000000000000000000, 0.000000000000000000, 1.000000000000000000 ) ) ;
#4758 = EDGE_CURVE ( 'NONE', #6071, #1407, #3312, .T. ) ;
#4759 = ORIENTED_EDGE ( 'NONE', *, *, #7112, .F. ) ;
#4760 = EDGE_CURVE ( 'NONE', #8112, #4901, #1234, .T. ) ;
#4761 = EDGE_CURVE ( 'NONE', #8413, #2923, #4354, .T. ) ;
#4762 = CARTESIAN_POINT ( 'NONE',  ( 12.70000000000000107, 14.16298196909037088, 36.12517298397528975 ) ) ;
#4763 = CARTESIAN_POINT ( 'NONE',  ( -9.525000000000000355, 16.22512784221244786, 45.07919284400875171 ) ) ;
#4764 = LINE ( 'NONE', #2008, #619 ) ;
#4765 = DIRECTION ( 'NONE',  ( 1.000000000000000000, -0.000000000000000000, -0.000000000000000000 ) ) ;
#4766 = FACE_OUTER_BOUND ( 'NONE', #6420, .T. ) ;
#4767 = DIRECTION ( 'NONE',  ( 0.000000000000000000, -6.670409905222044891E-15, -1.000000000000000000 ) ) ;
#4768 = ORIENTED_EDGE ( 'NONE', *, *, #4923, .F. ) ;
#4769 = AXIS2_PLACEMENT_3D ( 'NONE', #5140, #3900, #7220 ) ;
#4770 = CIRCLE ( 'NONE', #2223, 2.080499999999998906 ) ;
#4771 = VERTEX_POINT ( 'NONE', #6590 ) ;
#4772 = EDGE_LOOP ( 'NONE', ( #7710, #8006, #5313, #6192 ) ) ;
#4773 = CARTESIAN_POINT ( 'NONE',  ( 12.70000000000000107, -16.22512784221253312, 45.07919284400851723 ) ) ;
#4774 = CIRCLE ( 'NONE', #6610, 2.499999999999995115 ) ;
#4775 = FACE_OUTER_BOUND ( 'NONE', #8048, .T. ) ;
#4776 = CARTESIAN_POINT ( 'NONE',  ( 12.70000000000000107, -1.802455207620986100, 22.81440457572818303 ) ) ;
#4777 = ORIENTED_EDGE ( 'NONE', *, *, #1770, .F. ) ;
#4778 = CARTESIAN_POINT ( 'NONE',  ( 12.70000000000000107, 3.577867169202164632E-15, 38.10000000000001563 ) ) ;
#4779 = VERTEX_POINT ( 'NONE', #4639 ) ;
#4780 = CARTESIAN_POINT ( 'NONE',  ( 12.70000000000000107, 10.07084749364666365, 27.26156772950216833 ) ) ;
#4781 = ORIENTED_EDGE ( 'NONE', *, *, #2100, .F. ) ;
#4782 = EDGE_LOOP ( 'NONE', ( #3350, #2603, #3473, #4352 ) ) ;
#4783 = AXIS2_PLACEMENT_3D ( 'NONE', #1181, #558, #3357 ) ;
#4784 = AXIS2_PLACEMENT_3D ( 'NONE', #6096, #18, #2200 ) ;
#4785 = CYLINDRICAL_SURFACE ( 'NONE', #6607, 17.66250000000000497 ) ;
#4786 = DIRECTION ( 'NONE',  ( -1.000000000000000000, -0.000000000000000000, -0.000000000000000000 ) ) ;
#4787 = AXIS2_PLACEMENT_3D ( 'NONE', #8711, #2630, #5335 ) ;
#4788 = CYLINDRICAL_SURFACE ( 'NONE', #8314, 14.30000000000000071 ) ;
#4789 = EDGE_CURVE ( 'NONE', #6725, #795, #7322, .T. ) ;
#4790 = VERTEX_POINT ( 'NONE', #696 ) ;
#4791 = DIRECTION ( 'NONE',  ( -1.000000000000000000, -0.000000000000000000, -0.000000000000000000 ) ) ;
#4792 = VERTEX_POINT ( 'NONE', #6099 ) ;
#4793 = ORIENTED_EDGE ( 'NONE', *, *, #1118, .T. ) ;
#4794 = CARTESIAN_POINT ( 'NONE',  ( -9.525000000000000355, 11.15407434219237004, 100.0426721981581153 ) ) ;
#4795 = AXIS2_PLACEMENT_3D ( 'NONE', #6935, #814, #2109 ) ;
#4796 = DIRECTION ( 'NONE',  ( 0.000000000000000000, 0.000000000000000000, 1.000000000000000000 ) ) ;
#4797 = DIRECTION ( 'NONE',  ( -1.000000000000000000, -0.000000000000000000, -0.000000000000000000 ) ) ;
#4798 = EDGE_CURVE ( 'NONE', #7481, #8530, #5905, .T. ) ;
#4799 = FACE_OUTER_BOUND ( 'NONE', #5671, .T. ) ;
#4800 = ORIENTED_EDGE ( 'NONE', *, *, #6705, .T. ) ;
#4801 = CARTESIAN_POINT ( 'NONE',  ( -12.69999999999999751, -25.39999999999999503, 127.0000000000000000 ) ) ;
#4802 = CARTESIAN_POINT ( 'NONE',  ( -12.69999999999999751, 3.577867169202164632E-15, 38.10000000000001563 ) ) ;
#4803 = ORIENTED_EDGE ( 'NONE', *, *, #3023, .F. ) ;
#4804 = CARTESIAN_POINT ( 'NONE',  ( 1.555301434917138038E-15, 25.40000000000000213, 27.89999999999999147 ) ) ;
#4805 = CARTESIAN_POINT ( 'NONE',  ( 12.70000000000000107, 12.33648634557998314, 49.57476971111940856 ) ) ;
#4806 = EDGE_CURVE ( 'NONE', #1837, #8613, #4496, .T. ) ;
#4807 = CARTESIAN_POINT ( 'NONE',  ( -12.69999999999999751, 3.577867169202164632E-15, 55.76250000000001705 ) ) ;
#4808 = ADVANCED_FACE ( 'NONE', ( #2777 ), #4822, .F. ) ;
#4809 = EDGE_CURVE ( 'NONE', #5122, #5844, #8464, .T. ) ;
#4810 = ADVANCED_FACE ( 'NONE', ( #6146 ), #3488, .F. ) ;
#4811 = CYLINDRICAL_SURFACE ( 'NONE', #7724, 2.080499999999998906 ) ;
#4812 = DIRECTION ( 'NONE',  ( -1.000000000000000000, -0.000000000000000000, -0.000000000000000000 ) ) ;
#4813 = CARTESIAN_POINT ( 'NONE',  ( -12.69999999999999751, 12.69999999999999929, 114.2999999999999972 ) ) ;
#4814 = ORIENTED_EDGE ( 'NONE', *, *, #1440, .T. ) ;
#4815 = ORIENTED_EDGE ( 'NONE', *, *, #7112, .T. ) ;
#4816 = VERTEX_POINT ( 'NONE', #1581 ) ;
#4817 = CARTESIAN_POINT ( 'NONE',  ( -12.69999999999999751, -1.802455207620986100, 53.38559542427184823 ) ) ;
#4818 = DIRECTION ( 'NONE',  ( 0.000000000000000000, 0.000000000000000000, -1.000000000000000000 ) ) ;
#4819 = DIRECTION ( 'NONE',  ( -1.000000000000000000, -0.000000000000000000, -0.000000000000000000 ) ) ;
#4820 = EDGE_CURVE ( 'NONE', #5755, #816, #5494, .T. ) ;
#4821 = EDGE_LOOP ( 'NONE', ( #2618, #6526, #5186, #3580 ) ) ;
#4822 = CYLINDRICAL_SURFACE ( 'NONE', #666, 14.30000000000000071 ) ;
#4823 = VECTOR ( 'NONE', #4309, 1000.000000000000000 ) ;
#4824 = DIRECTION ( 'NONE',  ( -1.000000000000000000, -0.000000000000000000, -0.000000000000000000 ) ) ;
#4825 = ORIENTED_EDGE ( 'NONE', *, *, #2466, .T. ) ;
#4826 = VERTEX_POINT ( 'NONE', #6228 ) ;
#4828 = LINE ( 'NONE', #1455, #5481 ) ;
#4827 = CIRCLE ( 'NONE', #8364, 2.271000000000002128 ) ;
#4829 = CYLINDRICAL_SURFACE ( 'NONE', #5568, 2.080499999999998906 ) ;
#4830 = DATE_AND_TIME ( #2169, #6662 ) ;
#4831 = CIRCLE ( 'NONE', #6809, 2.270999999999995467 ) ;
#4832 = EDGE_LOOP ( 'NONE', ( #5956, #4739, #1744, #2258 ) ) ;
#4833 = DIRECTION ( 'NONE',  ( -1.000000000000000000, -0.000000000000000000, -0.000000000000000000 ) ) ;
#4834 = EDGE_LOOP ( 'NONE', ( #4414, #5595 ) ) ;
#4835 = CARTESIAN_POINT ( 'NONE',  ( -12.69999999999999751, 0.000000000000000000, 65.99999999999998579 ) ) ;
#4836 = VERTEX_POINT ( 'NONE', #2863 ) ;
#4837 = VERTEX_POINT ( 'NONE', #736 ) ;
#4838 = VECTOR ( 'NONE', #4586, 1000.000000000000000 ) ;
#4839 = LINE ( 'NONE', #4750, #2778 ) ;
#4840 = CIRCLE ( 'NONE', #2995, 17.66250000000000142 ) ;
#4841 = CARTESIAN_POINT ( 'NONE',  ( 12.70000000000000107, -8.791741348502467801, 26.82191132943921019 ) ) ;
#4842 = CYLINDRICAL_SURFACE ( 'NONE', #7420, 2.080499999999998906 ) ;
#4843 = VERTEX_POINT ( 'NONE', #157 ) ;
#4844 = CARTESIAN_POINT ( 'NONE',  ( 12.70000000000000107, 14.15672222192810992, 99.46177646900214597 ) ) ;
#4845 = CARTESIAN_POINT ( 'NONE',  ( 12.70000000000000107, -11.15407434219252103, 100.0426721981579590 ) ) ;
#4846 = VECTOR ( 'NONE', #1473, 1000.000000000000000 ) ;
#4847 = ADVANCED_FACE ( 'NONE', ( #4112 ), #4200, .F. ) ;
#4848 = DIRECTION ( 'NONE',  ( 1.000000000000000000, -0.000000000000000000, -0.000000000000000000 ) ) ;
#4849 = DIRECTION ( 'NONE',  ( -1.000000000000000000, -0.000000000000000000, -0.000000000000000000 ) ) ;
#4850 = DIRECTION ( 'NONE',  ( 0.000000000000000000, 1.500842228674960179E-14, -1.000000000000000000 ) ) ;
#4851 = CIRCLE ( 'NONE', #4684, 2.080499999999998906 ) ;
#4852 = CARTESIAN_POINT ( 'NONE',  ( 1.555301434917138038E-15, 22.22500000000000142, 27.89999999999999147 ) ) ;
#4853 = CARTESIAN_POINT ( 'NONE',  ( 12.70000000000000107, 15.22687436074368783, 34.01162436304024084 ) ) ;
#4854 = DIRECTION ( 'NONE',  ( 0.000000000000000000, 0.000000000000000000, 1.000000000000000000 ) ) ;
#4855 = ORIENTED_EDGE ( 'NONE', *, *, #8762, .T. ) ;
#4856 = VERTEX_POINT ( 'NONE', #4286 ) ;
#4857 = EDGE_CURVE ( 'NONE', #4181, #4172, #812, .T. ) ;
#4858 = CIRCLE ( 'NONE', #8677, 2.270999999999995467 ) ;
#4859 = ADVANCED_FACE ( 'NONE', ( #3623 ), #6902, .F. ) ;
#4860 = CIRCLE ( 'NONE', #748, 2.499999999999995115 ) ;
#4861 = VERTEX_POINT ( 'NONE', #5576 ) ;
#4862 = CARTESIAN_POINT ( 'NONE',  ( 9.525000000000000355, -15.22687436074362388, 34.01162436304002767 ) ) ;
#4863 = DIRECTION ( 'NONE',  ( -0.000000000000000000, -0.000000000000000000, -1.000000000000000000 ) ) ;
#4864 = LINE ( 'NONE', #6144, #3784 ) ;
#4865 = DIRECTION ( 'NONE',  ( 0.000000000000000000, 0.000000000000000000, 1.000000000000000000 ) ) ;
#4866 = CIRCLE ( 'NONE', #5278, 2.080499999999998906 ) ;
#4867 = AXIS2_PLACEMENT_3D ( 'NONE', #3573, #2992, #1534 ) ;
#4868 = CARTESIAN_POINT ( 'NONE',  ( 12.70000000000000107, -25.39999999999999503, 0.000000000000000000 ) ) ;
#4869 = ORIENTED_EDGE ( 'NONE', *, *, #3460, .F. ) ;
#4870 = VERTEX_POINT ( 'NONE', #3445 ) ;
#4871 = EDGE_CURVE ( 'NONE', #5732, #2378, #1798, .T. ) ;
#4872 = EDGE_CURVE ( 'NONE', #6863, #32, #8194, .T. ) ;
#4873 = VECTOR ( 'NONE', #3486, 1000.000000000000000 ) ;
#4874 = VECTOR ( 'NONE', #6534, 1000.000000000000000 ) ;
#4875 = DIRECTION ( 'NONE',  ( -1.000000000000000000, -0.000000000000000000, -0.000000000000000000 ) ) ;
#4876 = CARTESIAN_POINT ( 'NONE',  ( -12.69999999999999751, 3.577867169202164632E-15, 38.10000000000001563 ) ) ;
#4877 = APPROVAL_ROLE ( '' ) ;
#4878 = ORIENTED_EDGE ( 'NONE', *, *, #3071, .T. ) ;
#4879 = DIRECTION ( 'NONE',  ( 0.000000000000000000, 0.000000000000000000, 1.000000000000000000 ) ) ;
#4880 = ORIENTED_EDGE ( 'NONE', *, *, #8272, .T. ) ;
#4881 = DIRECTION ( 'NONE',  ( 0.000000000000000000, 0.000000000000000000, 1.000000000000000000 ) ) ;
#4882 = VERTEX_POINT ( 'NONE', #7608 ) ;
#4883 = CIRCLE ( 'NONE', #1050, 2.270999999999995467 ) ;
#4884 = VERTEX_POINT ( 'NONE', #8237 ) ;
#4885 = CYLINDRICAL_SURFACE ( 'NONE', #8163, 2.271000000000002128 ) ;
#4886 = VECTOR ( 'NONE', #1823, 1000.000000000000000 ) ;
#4887 = FACE_OUTER_BOUND ( 'NONE', #7406, .T. ) ;
#4888 = DIRECTION ( 'NONE',  ( 0.000000000000000000, 0.000000000000000000, -1.000000000000000000 ) ) ;
#4889 = ORIENTED_EDGE ( 'NONE', *, *, #8001, .T. ) ;
#4890 = DIRECTION ( 'NONE',  ( 0.000000000000000000, 0.000000000000000000, 1.000000000000000000 ) ) ;
#4891 = DIRECTION ( 'NONE',  ( 0.000000000000000000, 0.000000000000000000, 1.000000000000000000 ) ) ;
#4892 = AXIS2_PLACEMENT_3D ( 'NONE', #4613, #2706, #8026 ) ;
#4893 = CARTESIAN_POINT ( 'NONE',  ( -9.525000000000000355, -2.068405620284295310, 106.4409693130105268 ) ) ;
#4894 = CARTESIAN_POINT ( 'NONE',  ( 12.70000000000000107, 14.13894155320100943, 44.18182571315276874 ) ) ;
#4896 = DIRECTION ( 'NONE',  ( 0.000000000000000000, 0.000000000000000000, -1.000000000000000000 ) ) ;
#4895 = AXIS2_PLACEMENT_3D ( 'NONE', #1504, #8376, #2216 ) ;
#4897 = DIRECTION ( 'NONE',  ( -1.000000000000000000, -0.000000000000000000, -0.000000000000000000 ) ) ;
#4898 = CARTESIAN_POINT ( 'NONE',  ( -12.69999999999999751, 3.061616997868373773E-16, 61.00000000000000711 ) ) ;
#4899 = ADVANCED_FACE ( 'NONE', ( #114, #2819, #2160, #7562, #2201, #6944, #4908, #4241, #865, #7650 ), #6278, .F. ) ;
#4900 = CYLINDRICAL_SURFACE ( 'NONE', #3132, 2.271000000000009234 ) ;
#4901 = VERTEX_POINT ( 'NONE', #8322 ) ;
#4902 = VERTEX_POINT ( 'NONE', #2247 ) ;
#4903 = AXIS2_PLACEMENT_3D ( 'NONE', #7753, #2387, #6504 ) ;
#4904 = VERTEX_POINT ( 'NONE', #2954 ) ;
#4905 = DIRECTION ( 'NONE',  ( -0.000000000000000000, 1.000000000000000000, -0.000000000000000000 ) ) ;
#4906 = FACE_BOUND ( 'NONE', #156, .T. ) ;
#4907 = CARTESIAN_POINT ( 'NONE',  ( 12.70000000000000107, -12.33648634558010748, 98.10376971111922728 ) ) ;
#4908 = FACE_BOUND ( 'NONE', #7688, .T. ) ;
#4909 = ADVANCED_FACE ( 'NONE', ( #5657 ), #8363, .T. ) ;
#4910 = CARTESIAN_POINT ( 'NONE',  ( -12.69999999999999751, 12.69999999999999929, 15.19999999999999218 ) ) ;
#4911 = ORIENTED_EDGE ( 'NONE', *, *, #4761, .F. ) ;
#4912 = ORIENTED_EDGE ( 'NONE', *, *, #8345, .F. ) ;
#4913 = VECTOR ( 'NONE', #3685, 1000.000000000000000 ) ;
#4914 = CIRCLE ( 'NONE', #5330, 2.499999999999988454 ) ;
#4915 = DIRECTION ( 'NONE',  ( 0.000000000000000000, 0.000000000000000000, 1.000000000000000000 ) ) ;
#4916 = CARTESIAN_POINT ( 'NONE',  ( 12.70000000000000107, 4.072800018551153478, 53.33104783511791425 ) ) ;
#4917 = DIRECTION ( 'NONE',  ( -1.000000000000000000, -0.000000000000000000, -0.000000000000000000 ) ) ;
#4918 = EDGE_LOOP ( 'NONE', ( #2899, #6460 ) ) ;
#4919 = DIRECTION ( 'NONE',  ( 0.000000000000000000, 0.000000000000000000, 1.000000000000000000 ) ) ;
#4920 = ORIENTED_EDGE ( 'NONE', *, *, #8487, .F. ) ;
#4921 = DIRECTION ( 'NONE',  ( -0.000000000000000000, 1.000000000000000000, -0.000000000000000000 ) ) ;
#4922 = EDGE_CURVE ( 'NONE', #128, #2569, #7888, .T. ) ;
#4923 = EDGE_CURVE ( 'NONE', #6793, #4345, #1375, .T. ) ;
#4924 = EDGE_CURVE ( 'NONE', #4790, #6340, #960, .T. ) ;
#4925 = ORIENTED_EDGE ( 'NONE', *, *, #8696, .T. ) ;
#4926 = AXIS2_PLACEMENT_3D ( 'NONE', #793, #4833, #2171 ) ;
#4927 = ORIENTED_EDGE ( 'NONE', *, *, #7679, .T. ) ;
#4928 = CARTESIAN_POINT ( 'NONE',  ( 7.746038523653021987E-16, 25.40000000000000213, 38.09999999999999432 ) ) ;
#4929 = AXIS2_PLACEMENT_3D ( 'NONE', #6988, #3532, #1491 ) ;
#4930 = CYLINDRICAL_SURFACE ( 'NONE', #5911, 17.66249999999999787 ) ;
#4931 = FACE_BOUND ( 'NONE', #8072, .T. ) ;
#4932 = VERTEX_POINT ( 'NONE', #6408 ) ;
#4933 = DIRECTION ( 'NONE',  ( -1.000000000000000000, -0.000000000000000000, -0.000000000000000000 ) ) ;
#4934 = CARTESIAN_POINT ( 'NONE',  ( -9.525000000000002132, 12.69999999999999929, 15.19999999999999218 ) ) ;
#4935 = VECTOR ( 'NONE', #1343, 1000.000000000000000 ) ;
#4936 = FACE_OUTER_BOUND ( 'NONE', #6855, .T. ) ;
#4937 = CARTESIAN_POINT ( 'NONE',  ( 9.525000000000000355, -15.22687436074365230, 42.18837563695990411 ) ) ;
#4938 = CYLINDRICAL_SURFACE ( 'NONE', #4589, 2.499999999999988454 ) ;
#4939 = VERTEX_POINT ( 'NONE', #3084 ) ;
#4940 = CARTESIAN_POINT ( 'NONE',  ( -12.69999999999999751, 12.69999999999999929, 111.8000000000000114 ) ) ;
#4941 = DIRECTION ( 'NONE',  ( 0.000000000000000000, 0.000000000000000000, 1.000000000000000000 ) ) ;
#4942 = CARTESIAN_POINT ( 'NONE',  ( -12.69999999999999751, 5.371240620587829362, 24.84708431341438839 ) ) ;
#4943 = ORIENTED_EDGE ( 'NONE', *, *, #7945, .F. ) ;
#4944 = EDGE_LOOP ( 'NONE', ( #249, #4170, #3972, #498 ) ) ;
#4945 = EDGE_CURVE ( 'NONE', #3367, #2066, #3079, .T. ) ;
#4946 = ORIENTED_EDGE ( 'NONE', *, *, #1593, .F. ) ;
#4947 = DIRECTION ( 'NONE',  ( -1.000000000000000000, 0.000000000000000000, 0.000000000000000000 ) ) ;
#4948 = CARTESIAN_POINT ( 'NONE',  ( 12.70000000000000107, 6.152699789198528002, 53.28107590238573010 ) ) ;
#4949 = LINE ( 'NONE', #6901, #7051 ) ;
#4950 = DIRECTION ( 'NONE',  ( -1.000000000000000000, -0.000000000000000000, -0.000000000000000000 ) ) ;
#4951 = CARTESIAN_POINT ( 'NONE',  ( 12.70000000000000107, -2.068405620284295310, 106.4409693130105268 ) ) ;
#4952 = VERTEX_POINT ( 'NONE', #461 ) ;
#4953 = VERTEX_POINT ( 'NONE', #8534 ) ;
#4954 = EDGE_CURVE ( 'NONE', #7132, #3933, #7035, .T. ) ;
#4955 = CARTESIAN_POINT ( 'NONE',  ( -12.69999999999999751, 12.69999999999999929, 12.69999999999999929 ) ) ;
#4956 = FACE_OUTER_BOUND ( 'NONE', #1672, .T. ) ;
#4957 = CYLINDRICAL_SURFACE ( 'NONE', #8403, 2.270999999999995467 ) ;
#4958 = VECTOR ( 'NONE', #3892, 1000.000000000000000 ) ;
#4959 = DATE_TIME_ROLE ( 'creation_date' ) ;
#4960 = ORIENTED_EDGE ( 'NONE', *, *, #4977, .F. ) ;
#4961 = CARTESIAN_POINT ( 'NONE',  ( 7.746038523653021987E-16, 25.40000000000000213, 38.09999999999999432 ) ) ;
#4962 = ORIENTED_EDGE ( 'NONE', *, *, #3393, .F. ) ;
#4963 = CARTESIAN_POINT ( 'NONE',  ( 12.70000000000000107, -12.33648634558010748, 47.30376971111923723 ) ) ;
#4964 = ORIENTED_EDGE ( 'NONE', *, *, #4591, .F. ) ;
#4965 = ORIENTED_EDGE ( 'NONE', *, *, #8760, .T. ) ;
#4966 = EDGE_CURVE ( 'NONE', #1490, #6376, #3228, .T. ) ;
#4967 = EDGE_CURVE ( 'NONE', #6167, #6894, #3834, .T. ) ;
#4968 = EDGE_CURVE ( 'NONE', #3481, #7984, #5204, .T. ) ;
#4969 = CARTESIAN_POINT ( 'NONE',  ( 9.525000000000000355, -14.16298196909034779, 90.87482701602483814 ) ) ;
#4970 = EDGE_CURVE ( 'NONE', #7029, #3179, #6620, .T. ) ;
#4971 = DIRECTION ( 'NONE',  ( -1.000000000000000000, -0.000000000000000000, -0.000000000000000000 ) ) ;
#4972 = DIRECTION ( 'NONE',  ( -1.000000000000000000, -0.000000000000000000, -0.000000000000000000 ) ) ;
#4973 = VECTOR ( 'NONE', #462, 1000.000000000000000 ) ;
#4974 = ORIENTED_EDGE ( 'NONE', *, *, #6204, .F. ) ;
#4975 = CARTESIAN_POINT ( 'NONE',  ( -12.69999999999999751, 10.07084749364666365, 75.98106772950217191 ) ) ;
#4976 = DIRECTION ( 'NONE',  ( 0.000000000000000000, 0.000000000000000000, -1.000000000000000000 ) ) ;
#4977 = EDGE_CURVE ( 'NONE', #1036, #2462, #333, .T. ) ;
#4978 = EDGE_CURVE ( 'NONE', #1759, #5790, #4360, .T. ) ;
#4979 = AXIS2_PLACEMENT_3D ( 'NONE', #8071, #5199, #6702 ) ;
#4980 = CARTESIAN_POINT ( 'NONE',  ( 12.70000000000000107, 2.068405620284298418, 106.4409693130105268 ) ) ;
#4981 = CARTESIAN_POINT ( 'NONE',  ( -12.69999999999999751, 2.068405620284298418, 55.64096931301052251 ) ) ;
#4982 = CARTESIAN_POINT ( 'NONE',  ( 12.70000000000000107, 3.577867169202164632E-15, 88.90000000000000568 ) ) ;
#4983 = ORIENTED_EDGE ( 'NONE', *, *, #8475, .F. ) ;
#4984 = CARTESIAN_POINT ( 'NONE',  ( -9.525000000000002132, 0.000000000000000000, 12.69999999999993356 ) ) ;
#4985 = CYLINDRICAL_SURFACE ( 'NONE', #541, 14.30000000000000071 ) ;
#4986 = AXIS2_PLACEMENT_3D ( 'NONE', #6884, #2841, #5514 ) ;
#4987 = CARTESIAN_POINT ( 'NONE',  ( 12.70000000000000107, -11.15407434219252103, 100.0426721981579590 ) ) ;
#4988 = ORIENTED_EDGE ( 'NONE', *, *, #1992, .F. ) ;
#4989 = ORIENTED_EDGE ( 'NONE', *, *, #3130, .T. ) ;
#4991 = ORIENTED_EDGE ( 'NONE', *, *, #6808, .T. ) ;
#4990 = AXIS2_PLACEMENT_3D ( 'NONE', #8161, #3372, #2091 ) ;
#4992 = FACE_OUTER_BOUND ( 'NONE', #5240, .T. ) ;
#4993 = DIRECTION ( 'NONE',  ( 0.000000000000000000, 0.000000000000000000, -1.000000000000000000 ) ) ;
#4994 = DIRECTION ( 'NONE',  ( 0.000000000000000000, 0.000000000000000000, 1.000000000000000000 ) ) ;
#4995 = DIRECTION ( 'NONE',  ( -1.000000000000000000, -0.000000000000000000, -0.000000000000000000 ) ) ;
#4996 = DIRECTION ( 'NONE',  ( 0.000000000000000000, 0.000000000000000000, -1.000000000000000000 ) ) ;
#4997 = ORIENTED_EDGE ( 'NONE', *, *, #4462, .F. ) ;
#4998 = CIRCLE ( 'NONE', #2866, 2.499999999999988454 ) ;
#4999 = VERTEX_POINT ( 'NONE', #3040 ) ;
#5000 = AXIS2_PLACEMENT_3D ( 'NONE', #1630, #1585, #256 ) ;
#5001 = DIRECTION ( 'NONE',  ( -1.000000000000000000, -0.000000000000000000, -0.000000000000000000 ) ) ;
#5002 = DIRECTION ( 'NONE',  ( -0.000000000000000000, -1.000000000000000000, -0.000000000000000000 ) ) ;
#5003 = DIRECTION ( 'NONE',  ( -1.000000000000000000, -0.000000000000000000, -0.000000000000000000 ) ) ;
#5004 = AXIS2_PLACEMENT_3D ( 'NONE', #7474, #2069, #4063 ) ;
#5005 = ORIENTED_EDGE ( 'NONE', *, *, #7943, .T. ) ;
#5006 = CARTESIAN_POINT ( 'NONE',  ( -12.69999999999999751, -12.69999999999999929, 114.2999999999999972 ) ) ;
#5007 = ORIENTED_EDGE ( 'NONE', *, *, #8705, .F. ) ;
#5008 = DIRECTION ( 'NONE',  ( 0.000000000000000000, 0.000000000000000000, -1.000000000000000000 ) ) ;
#5009 = ORIENTED_EDGE ( 'NONE', *, *, #145, .F. ) ;
#5010 = EDGE_CURVE ( 'NONE', #6700, #6723, #7325, .T. ) ;
#5011 = VERTEX_POINT ( 'NONE', #4331 ) ;
#5012 = VECTOR ( 'NONE', #210, 1000.000000000000000 ) ;
#5013 = DIRECTION ( 'NONE',  ( 0.000000000000000000, 0.000000000000000000, 1.000000000000000000 ) ) ;
#5014 = CARTESIAN_POINT ( 'NONE',  ( 12.70000000000000107, -16.22512784221249404, 31.12080715599139324 ) ) ;
#5015 = FACE_BOUND ( 'NONE', #658, .T. ) ;
#5016 = AXIS2_PLACEMENT_3D ( 'NONE', #5207, #5867, #7816 ) ;
#5017 = VERTEX_POINT ( 'NONE', #7818 ) ;
#5018 = EDGE_CURVE ( 'NONE', #7664, #6506, #5643, .T. ) ;
#5019 = DIRECTION ( 'NONE',  ( 0.000000000000000000, 0.000000000000000000, 1.000000000000000000 ) ) ;
#5020 = AXIS2_PLACEMENT_3D ( 'NONE', #8697, #8742, #713 ) ;
#5021 = DIRECTION ( 'NONE',  ( 0.000000000000000000, 0.000000000000000000, 1.000000000000000000 ) ) ;
#5022 = CARTESIAN_POINT ( 'NONE',  ( 12.70000000000000107, -4.072800018551144596, 22.86895216488212412 ) ) ;
#5023 = DIRECTION ( 'NONE',  ( 1.000000000000000000, 0.000000000000000000, 0.000000000000000000 ) ) ;
#5024 = EDGE_LOOP ( 'NONE', ( #7172, #907, #1883, #2367 ) ) ;
#5025 = LINE ( 'NONE', #6265, #3348 ) ;
#5026 = CARTESIAN_POINT ( 'NONE',  ( 12.70000000000000107, 4.072800018551153478, 104.1310478351179114 ) ) ;
#5027 = ADVANCED_FACE ( 'NONE', ( #288 ), #1705, .F. ) ;
#5028 = AXIS2_PLACEMENT_3D ( 'NONE', #2478, #3902, #7182 ) ;
#5029 = EDGE_CURVE ( 'NONE', #3749, #4473, #8034, .T. ) ;
#5030 = EDGE_CURVE ( 'NONE', #5220, #3275, #3373, .T. ) ;
#5031 = DIRECTION ( 'NONE',  ( -1.000000000000000000, -0.000000000000000000, -0.000000000000000000 ) ) ;
#5032 = VERTEX_POINT ( 'NONE', #1126 ) ;
#5033 = ORIENTED_EDGE ( 'NONE', *, *, #4033, .F. ) ;
#5034 = AXIS2_PLACEMENT_3D ( 'NONE', #6069, #2561, #4081 ) ;
#5035 = EDGE_LOOP ( 'NONE', ( #2446, #8436, #4116, #3678 ) ) ;
#5036 = CARTESIAN_POINT ( 'NONE',  ( 12.70000000000000107, 10.07084749364666365, 25.18106772950216765 ) ) ;
#5037 = CARTESIAN_POINT ( 'NONE',  ( 12.70000000000000107, 16.22354728284508951, 86.63785636811238078 ) ) ;
#5038 = DIRECTION ( 'NONE',  ( 1.000000000000000000, -0.000000000000000000, -0.000000000000000000 ) ) ;
#5039 = ORIENTED_EDGE ( 'NONE', *, *, #6695, .F. ) ;
#5040 = DIRECTION ( 'NONE',  ( -1.000000000000000000, -0.000000000000000000, -0.000000000000000000 ) ) ;
#5041 = LINE ( 'NONE', #5118, #3835 ) ;
#5042 = VERTEX_POINT ( 'NONE', #6537 ) ;
#5043 = AXIS2_PLACEMENT_3D ( 'NONE', #3477, #4142, #8079 ) ;
#5044 = ORIENTED_EDGE ( 'NONE', *, *, #847, .T. ) ;
#5045 = CARTESIAN_POINT ( 'NONE',  ( 12.70000000000000107, 3.577867169202164632E-15, 88.90000000000000568 ) ) ;
#5046 = CARTESIAN_POINT ( 'NONE',  ( 12.70000000000000107, 3.577867169202164632E-15, 88.90000000000000568 ) ) ;
#5047 = CYLINDRICAL_SURFACE ( 'NONE', #757, 2.499999999999988454 ) ;
#5048 = VERTEX_POINT ( 'NONE', #3167 ) ;
#5049 = CARTESIAN_POINT ( 'NONE',  ( 1.861463134703976697E-15, -25.39999999999999503, 61.00000000000000711 ) ) ;
#5050 = ORIENTED_EDGE ( 'NONE', *, *, #7400, .T. ) ;
#5051 = DIRECTION ( 'NONE',  ( -1.000000000000000000, -0.000000000000000000, -0.000000000000000000 ) ) ;
#5052 = ORIENTED_EDGE ( 'NONE', *, *, #5787, .F. ) ;
#5053 = VERTEX_POINT ( 'NONE', #5869 ) ;
#5054 = CIRCLE ( 'NONE', #4619, 2.499999999999995115 ) ;
#5055 = AXIS2_PLACEMENT_3D ( 'NONE', #2738, #6063, #5449 ) ;
#5056 = CARTESIAN_POINT ( 'NONE',  ( -12.69999999999999751, -8.791741348502544184, 49.37808867056075712 ) ) ;
#5057 = ADVANCED_FACE ( 'NONE', ( #4626 ), #5248, .F. ) ;
#5058 = AXIS2_PLACEMENT_3D ( 'NONE', #6828, #750, #8291 ) ;
#5059 = LINE ( 'NONE', #8602, #7055 ) ;
#5060 = CYLINDRICAL_SURFACE ( 'NONE', #3044, 2.271000000000002128 ) ;
#5061 = ORIENTED_EDGE ( 'NONE', *, *, #3787, .F. ) ;
#5062 = DIRECTION ( 'NONE',  ( -0.000000000000000000, 1.000000000000000000, -0.000000000000000000 ) ) ;
#5063 = CIRCLE ( 'NONE', #3648, 2.499999999999988454 ) ;
#5064 = AXIS2_PLACEMENT_3D ( 'NONE', #5656, #959, #2286 ) ;
#5065 = EDGE_CURVE ( 'NONE', #1145, #2674, #1384, .T. ) ;
#5066 = FACE_BOUND ( 'NONE', #7319, .T. ) ;
#5067 = DIRECTION ( 'NONE',  ( 0.000000000000000000, 0.000000000000000000, 1.000000000000000000 ) ) ;
#5068 = EDGE_LOOP ( 'NONE', ( #2023, #1895, #1003, #5126 ) ) ;
#5069 = VECTOR ( 'NONE', #4233, 1000.000000000000000 ) ;
#5070 = DIRECTION ( 'NONE',  ( -1.000000000000000000, -0.000000000000000000, -0.000000000000000000 ) ) ;
#5071 = CARTESIAN_POINT ( 'NONE',  ( 12.70000000000000107, -14.13894155320104851, 82.81817428684736626 ) ) ;
#5072 = VERTEX_POINT ( 'NONE', #589 ) ;
#5073 = ORIENTED_EDGE ( 'NONE', *, *, #8055, .F. ) ;
#5074 = CIRCLE ( 'NONE', #6629, 17.66249999999999787 ) ;
#5075 = EDGE_CURVE ( 'NONE', #7646, #2788, #3212, .T. ) ;
#5076 = APPROVAL ( #5539, 'UNSPECIFIED' ) ;
#5077 = ADVANCED_FACE ( 'NONE', ( #8754 ), #4008, .F. ) ;
#5078 = VERTEX_POINT ( 'NONE', #5293 ) ;
#5079 = EDGE_CURVE ( 'NONE', #6581, #5858, #7287, .T. ) ;
#5080 = CYLINDRICAL_SURFACE ( 'NONE', #8683, 2.499999999999988454 ) ;
#5081 = CARTESIAN_POINT ( 'NONE',  ( 1.555301434917138433E-15, -25.39999999999999503, 114.2999999999999972 ) ) ;
#5082 = CARTESIAN_POINT ( 'NONE',  ( -9.525000000000000355, 3.577867169202164632E-15, 38.10000000000001563 ) ) ;
#5083 = DIRECTION ( 'NONE',  ( 0.000000000000000000, 1.667602476305511223E-15, -1.000000000000000000 ) ) ;
#5084 = CARTESIAN_POINT ( 'NONE',  ( -12.69999999999999751, -2.068405620284290425, 20.55903068698950520 ) ) ;
#5085 = ORIENTED_EDGE ( 'NONE', *, *, #8431, .T. ) ;
#5086 = ORIENTED_EDGE ( 'NONE', *, *, #4702, .T. ) ;
#5087 = EDGE_CURVE ( 'NONE', #6981, #8413, #5355, .T. ) ;
#5088 = DIRECTION ( 'NONE',  ( 0.000000000000000000, 0.000000000000000000, 1.000000000000000000 ) ) ;
#5089 = CARTESIAN_POINT ( 'NONE',  ( 12.70000000000000107, 3.577867169202164632E-15, 38.10000000000001563 ) ) ;
#5090 = VERTEX_POINT ( 'NONE', #4584 ) ;
#5091 = FACE_BOUND ( 'NONE', #8356, .T. ) ;
#5092 = ORIENTED_EDGE ( 'NONE', *, *, #5787, .T. ) ;
#5093 = CARTESIAN_POINT ( 'NONE',  ( -12.69999999999999929, -12.69999999999999929, 12.69999999999999929 ) ) ;
#5094 = ORIENTED_EDGE ( 'NONE', *, *, #5895, .T. ) ;
#5095 = ORIENTED_EDGE ( 'NONE', *, *, #1270, .F. ) ;
#5096 = DIRECTION ( 'NONE',  ( 0.000000000000000000, 0.000000000000000000, 1.000000000000000000 ) ) ;
#5097 = CARTESIAN_POINT ( 'NONE',  ( 1.555301434917138433E-15, 22.22500000000000142, 116.7999999999999829 ) ) ;
#5098 = LINE ( 'NONE', #4436, #8568 ) ;
#5099 = ORIENTED_EDGE ( 'NONE', *, *, #1880, .F. ) ;
#5100 = CYLINDRICAL_SURFACE ( 'NONE', #2715, 2.499999999999988454 ) ;
#5101 = AXIS2_PLACEMENT_3D ( 'NONE', #7303, #2647, #4115 ) ;
#5102 = CARTESIAN_POINT ( 'NONE',  ( 7.746038523653021987E-16, 22.22500000000000142, 91.39999999999997726 ) ) ;
#5103 = AXIS2_PLACEMENT_3D ( 'NONE', #6002, #11, #4057 ) ;
#5104 = DIRECTION ( 'NONE',  ( 1.000000000000000000, 0.000000000000000000, 0.000000000000000000 ) ) ;
#5105 = EDGE_LOOP ( 'NONE', ( #2072, #5692, #6016, #4533 ) ) ;
#5106 = CARTESIAN_POINT ( 'NONE',  ( 1.555301434917138433E-15, -25.39999999999999503, 114.2999999999999972 ) ) ;
#5107 = CARTESIAN_POINT ( 'NONE',  ( -12.69999999999999929, 0.000000000000000000, 114.2999999999999972 ) ) ;
#5108 = ORIENTED_EDGE ( 'NONE', *, *, #6328, .F. ) ;
#5109 = EDGE_CURVE ( 'NONE', #2328, #4513, #4505, .T. ) ;
#5110 = ORIENTED_EDGE ( 'NONE', *, *, #6080, .F. ) ;
#5111 = AXIS2_PLACEMENT_3D ( 'NONE', #451, #6443, #990 ) ;
#5112 = ORIENTED_EDGE ( 'NONE', *, *, #1393, .T. ) ;
#5113 = CARTESIAN_POINT ( 'NONE',  ( -12.69999999999999929, 0.000000000000000000, 63.50000000000000000 ) ) ;
#5114 = CARTESIAN_POINT ( 'NONE',  ( -12.69999999999999751, -8.791741348502467801, 26.82191132943921019 ) ) ;
#5115 = CARTESIAN_POINT ( 'NONE',  ( 12.70000000000000107, 3.577867169202164632E-15, 38.10000000000001563 ) ) ;
#5116 = CIRCLE ( 'NONE', #7105, 17.66250000000000142 ) ;
#5117 = DIRECTION ( 'NONE',  ( -1.000000000000000000, 0.000000000000000000, 0.000000000000000000 ) ) ;
#5118 = CARTESIAN_POINT ( 'NONE',  ( -12.69999999999999751, 25.40000000000000213, 0.000000000000000000 ) ) ;
#5119 = ORIENTED_EDGE ( 'NONE', *, *, #4305, .T. ) ;
#5120 = EDGE_CURVE ( 'NONE', #5177, #270, #2539, .T. ) ;
#5121 = EDGE_CURVE ( 'NONE', #3148, #3974, #4539, .T. ) ;
#5122 = VERTEX_POINT ( 'NONE', #7910 ) ;
#5123 = LINE ( 'NONE', #8002, #7181 ) ;
#5124 = CARTESIAN_POINT ( 'NONE',  ( -9.525000000000002132, -22.22499999999999787, 127.0000000000000000 ) ) ;
#5125 = DIRECTION ( 'NONE',  ( 0.000000000000000000, -1.000000000000000000, 0.000000000000000000 ) ) ;
#5126 = ORIENTED_EDGE ( 'NONE', *, *, #5276, .F. ) ;
#5127 = LINE ( 'NONE', #6377, #2228 ) ;
#5128 = EDGE_LOOP ( 'NONE', ( #3216, #8547 ) ) ;
#5129 = DIRECTION ( 'NONE',  ( -1.000000000000000000, -0.000000000000000000, -0.000000000000000000 ) ) ;
#5130 = AXIS2_PLACEMENT_3D ( 'NONE', #363, #5856, #4568 ) ;
#5131 = CYLINDRICAL_SURFACE ( 'NONE', #1838, 2.080499999999998906 ) ;
#5132 = VERTEX_POINT ( 'NONE', #6043 ) ;
#5133 = EDGE_CURVE ( 'NONE', #3635, #924, #253, .T. ) ;
#5134 = EDGE_CURVE ( 'NONE', #1129, #5801, #1253, .T. ) ;
#5135 = EDGE_CURVE ( 'NONE', #3042, #4837, #2102, .T. ) ;
#5136 = ORIENTED_EDGE ( 'NONE', *, *, #1556, .T. ) ;
#5137 = AXIS2_PLACEMENT_3D ( 'NONE', #3284, #1955, #5584 ) ;
#5138 = CIRCLE ( 'NONE', #1309, 2.270999999999998575 ) ;
#5139 = CARTESIAN_POINT ( 'NONE',  ( -12.69999999999999751, -10.07084749364648069, 25.18106772950202199 ) ) ;
#5140 = CARTESIAN_POINT ( 'NONE',  ( 9.525000000000000355, -10.07084749364648069, 25.18106772950202199 ) ) ;
#5141 = ORIENTED_EDGE ( 'NONE', *, *, #7342, .F. ) ;
#5142 = DIRECTION ( 'NONE',  ( 0.000000000000000000, 0.000000000000000000, 1.000000000000000000 ) ) ;
#5143 = ORIENTED_EDGE ( 'NONE', *, *, #1856, .T. ) ;
#5144 = AXIS2_PLACEMENT_3D ( 'NONE', #2244, #8407, #2285 ) ;
#5145 = VECTOR ( 'NONE', #7774, 1000.000000000000000 ) ;
#5146 = CARTESIAN_POINT ( 'NONE',  ( 12.70000000000000107, -15.22687436074365230, 42.18837563695990411 ) ) ;
#5147 = AXIS2_PLACEMENT_3D ( 'NONE', #6577, #2495, #459 ) ;
#5148 = FACE_BOUND ( 'NONE', #6221, .T. ) ;
#5149 = CARTESIAN_POINT ( 'NONE',  ( 12.70000000000000107, -12.33648634558010748, 98.10376971111922728 ) ) ;
#5150 = EDGE_LOOP ( 'NONE', ( #4209, #6116, #5305, #7905 ) ) ;
#5151 = DIRECTION ( 'NONE',  ( -1.000000000000000000, -0.000000000000000000, -0.000000000000000000 ) ) ;
#5152 = CARTESIAN_POINT ( 'NONE',  ( 1.555301434917138038E-15, 25.40000000000000213, 76.19999999999998863 ) ) ;
#5153 = VERTEX_POINT ( 'NONE', #6666 ) ;
#5154 = CIRCLE ( 'NONE', #1328, 2.271000000000002128 ) ;
#5155 = EDGE_LOOP ( 'NONE', ( #5962, #4250, #8566, #3480 ) ) ;
#5156 = ORIENTED_EDGE ( 'NONE', *, *, #6967, .F. ) ;
#5157 = EDGE_CURVE ( 'NONE', #3275, #1837, #1531, .T. ) ;
#5158 = DIRECTION ( 'NONE',  ( -1.000000000000000000, -0.000000000000000000, -0.000000000000000000 ) ) ;
#5160 = CARTESIAN_POINT ( 'NONE',  ( 12.70000000000000107, 3.577867169202164632E-15, 38.10000000000001563 ) ) ;
#5159 = CIRCLE ( 'NONE', #2196, 2.499999999999988454 ) ;
#5161 = CARTESIAN_POINT ( 'NONE',  ( 9.525000000000000355, 14.15672222192810992, 48.66177646900214881 ) ) ;
#5162 = DIRECTION ( 'NONE',  ( -1.000000000000000000, 0.000000000000000000, 0.000000000000000000 ) ) ;
#5163 = DIRECTION ( 'NONE',  ( 0.000000000000000000, 0.000000000000000000, 1.000000000000000000 ) ) ;
#5164 = ORIENTED_EDGE ( 'NONE', *, *, #7989, .F. ) ;
#5165 = ORIENTED_EDGE ( 'NONE', *, *, #2861, .T. ) ;
#5166 = VECTOR ( 'NONE', #3985, 1000.000000000000000 ) ;
#5167 = CARTESIAN_POINT ( 'NONE',  ( 9.525000000000000355, 12.69999999999999929, 10.20000000000000639 ) ) ;
#5168 = EDGE_CURVE ( 'NONE', #1002, #2676, #8468, .T. ) ;
#5169 = DIRECTION ( 'NONE',  ( 0.000000000000000000, 0.000000000000000000, 1.000000000000000000 ) ) ;
#5170 = DIRECTION ( 'NONE',  ( 1.000000000000000000, -0.000000000000000000, -0.000000000000000000 ) ) ;
#5171 = ORIENTED_EDGE ( 'NONE', *, *, #7041, .F. ) ;
#5172 = FACE_BOUND ( 'NONE', #5419, .T. ) ;
#5173 = VERTEX_POINT ( 'NONE', #8038 ) ;
#5174 = CIRCLE ( 'NONE', #4475, 17.66249999999999787 ) ;
#5175 = CARTESIAN_POINT ( 'NONE',  ( 12.70000000000000107, 14.16298196909033003, 90.87482701602503710 ) ) ;
#5176 = ORIENTED_EDGE ( 'NONE', *, *, #847, .F. ) ;
#5177 = VERTEX_POINT ( 'NONE', #1966 ) ;
#5178 = CIRCLE ( 'NONE', #2771, 17.66249999999999787 ) ;
#5179 = DIRECTION ( 'NONE',  ( -1.000000000000000000, -0.000000000000000000, -0.000000000000000000 ) ) ;
#5180 = ADVANCED_FACE ( 'NONE', ( #7369 ), #6712, .F. ) ;
#5181 = EDGE_CURVE ( 'NONE', #3821, #7862, #7054, .T. ) ;
#5182 = EDGE_CURVE ( 'NONE', #773, #2710, #684, .T. ) ;
#5183 = EDGE_CURVE ( 'NONE', #2788, #287, #1105, .T. ) ;
#5184 = DIRECTION ( 'NONE',  ( -1.000000000000000000, -0.000000000000000000, -0.000000000000000000 ) ) ;
#5185 = CYLINDRICAL_SURFACE ( 'NONE', #1939, 2.270999999999995467 ) ;
#5186 = ORIENTED_EDGE ( 'NONE', *, *, #6923, .T. ) ;
#5187 = DIRECTION ( 'NONE',  ( 0.000000000000000000, 0.000000000000000000, 1.000000000000000000 ) ) ;
#5188 = VERTEX_POINT ( 'NONE', #5606 ) ;
#5189 = AXIS2_PLACEMENT_3D ( 'NONE', #7715, #7631, #2882 ) ;
#5190 = CIRCLE ( 'NONE', #1360, 2.271000000000002128 ) ;
#5191 = DIRECTION ( 'NONE',  ( 0.000000000000000000, 0.000000000000000000, 1.000000000000000000 ) ) ;
#5192 = AXIS2_PLACEMENT_3D ( 'NONE', #4740, #8059, #4693 ) ;
#5193 = AXIS2_PLACEMENT_3D ( 'NONE', #5310, #7218, #5265 ) ;
#5194 = EDGE_CURVE ( 'NONE', #691, #2512, #964, .T. ) ;
#5195 = DIRECTION ( 'NONE',  ( -1.000000000000000000, -0.000000000000000000, -0.000000000000000000 ) ) ;
#5196 = DIRECTION ( 'NONE',  ( -1.000000000000000000, 0.000000000000000000, 0.000000000000000000 ) ) ;
#5197 = ORIENTED_EDGE ( 'NONE', *, *, #8000, .F. ) ;
#5198 = CARTESIAN_POINT ( 'NONE',  ( 12.70000000000000107, 2.068405620284298418, 55.64096931301052251 ) ) ;
#5199 = DIRECTION ( 'NONE',  ( -1.000000000000000000, 0.000000000000000000, 0.000000000000000000 ) ) ;
#5200 = CIRCLE ( 'NONE', #8327, 2.080499999999998906 ) ;
#5201 = AXIS2_PLACEMENT_3D ( 'NONE', #553, #3133, #3089 ) ;
#5202 = ORIENTED_EDGE ( 'NONE', *, *, #4484, .F. ) ;
#5203 = ORIENTED_EDGE ( 'NONE', *, *, #5168, .F. ) ;
#5204 = CIRCLE ( 'NONE', #4643, 2.080499999999998906 ) ;
#5205 = DIRECTION ( 'NONE',  ( 0.000000000000000000, 1.667602476305511223E-15, 1.000000000000000000 ) ) ;
#5206 = AXIS2_PLACEMENT_3D ( 'NONE', #245, #7115, #4328 ) ;
#5207 = CARTESIAN_POINT ( 'NONE',  ( -12.69999999999999751, -10.07084749364648069, 25.18106772950202199 ) ) ;
#5208 = CARTESIAN_POINT ( 'NONE',  ( 9.525000000000000355, -22.22499999999999787, 0.000000000000000000 ) ) ;
#5209 = DIRECTION ( 'NONE',  ( -0.000000000000000000, -0.000000000000000000, -1.000000000000000000 ) ) ;
#5210 = DIRECTION ( 'NONE',  ( 0.000000000000000000, 0.000000000000000000, -1.000000000000000000 ) ) ;
#5211 = VERTEX_POINT ( 'NONE', #2235 ) ;
#5212 = ORIENTED_EDGE ( 'NONE', *, *, #3505, .T. ) ;
#5213 = AXIS2_PLACEMENT_3D ( 'NONE', #5429, #8224, #1571 ) ;
#5214 = DIRECTION ( 'NONE',  ( 0.000000000000000000, 0.000000000000000000, 1.000000000000000000 ) ) ;
#5215 = LINE ( 'NONE', #7209, #1604 ) ;
#5216 = CARTESIAN_POINT ( 'NONE',  ( 9.525000000000000355, -10.07084749364648069, 25.18106772950202199 ) ) ;
#5217 = DIRECTION ( 'NONE',  ( -1.000000000000000000, -0.000000000000000000, -0.000000000000000000 ) ) ;
#5218 = ORIENTED_EDGE ( 'NONE', *, *, #5087, .T. ) ;
#5219 = DIRECTION ( 'NONE',  ( -1.000000000000000000, -0.000000000000000000, -0.000000000000000000 ) ) ;
#5220 = VERTEX_POINT ( 'NONE', #4853 ) ;
#5221 = DIRECTION ( 'NONE',  ( 0.000000000000000000, 0.000000000000000000, 1.000000000000000000 ) ) ;
#5222 = ORIENTED_EDGE ( 'NONE', *, *, #6908, .T. ) ;
#5223 = ORIENTED_EDGE ( 'NONE', *, *, #89, .T. ) ;
#5224 = EDGE_CURVE ( 'NONE', #853, #6070, #143, .T. ) ;
#5225 = CARTESIAN_POINT ( 'NONE',  ( 9.525000000000000355, 15.22687436074368783, 84.81162436304023799 ) ) ;
#5226 = DIRECTION ( 'NONE',  ( 0.000000000000000000, 0.000000000000000000, 1.000000000000000000 ) ) ;
#5227 = CYLINDRICAL_SURFACE ( 'NONE', #7447, 17.66249999999999787 ) ;
#5228 = EDGE_LOOP ( 'NONE', ( #216, #3416, #3779, #6659 ) ) ;
#5229 = CARTESIAN_POINT ( 'NONE',  ( 12.70000000000000107, 16.22512784221244786, 45.07919284400875171 ) ) ;
#5230 = EDGE_LOOP ( 'NONE', ( #8425, #1120 ) ) ;
#5231 = CARTESIAN_POINT ( 'NONE',  ( 9.525000000000000355, 11.15407434219260630, 26.95732780184214405 ) ) ;
#5232 = EDGE_CURVE ( 'NONE', #1153, #2384, #4190, .T. ) ;
#5233 = ADVANCED_FACE ( 'NONE', ( #1526 ), #5478, .F. ) ;
#5234 = FACE_OUTER_BOUND ( 'NONE', #7151, .T. ) ;
#5235 = CARTESIAN_POINT ( 'NONE',  ( 9.525000000000000355, -12.69999999999999929, 63.50000000000000000 ) ) ;
#5236 = AXIS2_PLACEMENT_3D ( 'NONE', #2886, #1382, #5596 ) ;
#5237 = ORIENTED_EDGE ( 'NONE', *, *, #3014, .T. ) ;
#5238 = DIRECTION ( 'NONE',  ( -1.000000000000000000, -0.000000000000000000, -0.000000000000000000 ) ) ;
#5239 = DIRECTION ( 'NONE',  ( 0.000000000000000000, 0.000000000000000000, 1.000000000000000000 ) ) ;
#5240 = EDGE_LOOP ( 'NONE', ( #5203, #2250, #5393, #2336 ) ) ;
#5241 = EDGE_CURVE ( 'NONE', #4902, #1323, #7758, .T. ) ;
#5242 = ADVANCED_FACE ( 'NONE', ( #1479 ), #725, .T. ) ;
#5243 = VECTOR ( 'NONE', #1670, 1000.000000000000000 ) ;
#5244 = ORIENTED_EDGE ( 'NONE', *, *, #4644, .F. ) ;
#5245 = LINE ( 'NONE', #3164, #7556 ) ;
#5246 = CARTESIAN_POINT ( 'NONE',  ( 12.70000000000000107, -10.07084749364656950, 51.01893227049793467 ) ) ;
#5247 = CARTESIAN_POINT ( 'NONE',  ( -9.525000000000000355, 12.33648634557998314, 47.30376971111940776 ) ) ;
#5248 = CYLINDRICAL_SURFACE ( 'NONE', #2940, 2.499999999999988454 ) ;
#5249 = AXIS2_PLACEMENT_3D ( 'NONE', #8492, #3041, #7117 ) ;
#5250 = DIRECTION ( 'NONE',  ( 1.000000000000000000, -0.000000000000000000, -0.000000000000000000 ) ) ;
#5251 = ORIENTED_EDGE ( 'NONE', *, *, #1647, .F. ) ;
#5252 = ORIENTED_EDGE ( 'NONE', *, *, #5549, .T. ) ;
#5254 = DIRECTION ( 'NONE',  ( -1.000000000000000000, 0.000000000000000000, 0.000000000000000000 ) ) ;
#5253 = AXIS2_PLACEMENT_3D ( 'NONE', #1826, #1870, #7361 ) ;
#5255 = CARTESIAN_POINT ( 'NONE',  ( -9.525000000000000355, 1.802455207620993427, 22.81440457572818303 ) ) ;
#5256 = DIRECTION ( 'NONE',  ( -1.000000000000000000, -0.000000000000000000, -0.000000000000000000 ) ) ;
#5257 = CARTESIAN_POINT ( 'NONE',  ( 12.70000000000000107, 3.577867169202164632E-15, 38.10000000000001563 ) ) ;
#5258 = ORIENTED_EDGE ( 'NONE', *, *, #5241, .T. ) ;
#5259 = DIRECTION ( 'NONE',  ( -1.000000000000000000, -0.000000000000000000, -0.000000000000000000 ) ) ;
#5260 = EDGE_LOOP ( 'NONE', ( #6627, #4515, #6060, #3384 ) ) ;
#5261 = DIRECTION ( 'NONE',  ( 0.000000000000000000, 0.000000000000000000, -1.000000000000000000 ) ) ;
#5262 = ORIENTED_EDGE ( 'NONE', *, *, #445, .F. ) ;
#5263 = EDGE_LOOP ( 'NONE', ( #7080, #7849, #4989, #3588 ) ) ;
#5264 = CIRCLE ( 'NONE', #2711, 2.080499999999998906 ) ;
#5265 = DIRECTION ( 'NONE',  ( 0.000000000000000000, 0.000000000000000000, -1.000000000000000000 ) ) ;
#5266 = VECTOR ( 'NONE', #3385, 1000.000000000000000 ) ;
#5267 = CARTESIAN_POINT ( 'NONE',  ( 12.70000000000000107, -6.152699789198520897, 22.91892409761429406 ) ) ;
#5268 = CYLINDRICAL_SURFACE ( 'NONE', #6897, 2.499999999999988454 ) ;
#5269 = ADVANCED_FACE ( 'NONE', ( #4275 ), #6889, .F. ) ;
#5270 = ORIENTED_EDGE ( 'NONE', *, *, #1660, .T. ) ;
#5271 = LINE ( 'NONE', #6023, #7431 ) ;
#5272 = ORIENTED_EDGE ( 'NONE', *, *, #6968, .T. ) ;
#5273 = CARTESIAN_POINT ( 'NONE',  ( 12.70000000000000107, 0.000000000000000000, 12.69999999999993356 ) ) ;
#5274 = VECTOR ( 'NONE', #3295, 1000.000000000000000 ) ;
#5275 = LINE ( 'NONE', #7402, #4432 ) ;
#5276 = EDGE_CURVE ( 'NONE', #312, #3241, #57, .T. ) ;
#5277 = DIRECTION ( 'NONE',  ( 0.000000000000000000, 0.000000000000000000, 1.000000000000000000 ) ) ;
#5278 = AXIS2_PLACEMENT_3D ( 'NONE', #6790, #2871, #3330 ) ;
#5279 = CIRCLE ( 'NONE', #43, 2.080499999999998906 ) ;
#5280 = EDGE_LOOP ( 'NONE', ( #2667, #3365 ) ) ;
#5281 = CARTESIAN_POINT ( 'NONE',  ( 1.555301434917138433E-15, -25.39999999999999503, 116.7999999999999829 ) ) ;
#5282 = DIRECTION ( 'NONE',  ( 1.000000000000000000, -0.000000000000000000, -0.000000000000000000 ) ) ;
#5283 = ORIENTED_EDGE ( 'NONE', *, *, #966, .F. ) ;
#5284 = AXIS2_PLACEMENT_3D ( 'NONE', #2461, #7336, #1260 ) ;
#5285 = AXIS2_PLACEMENT_3D ( 'NONE', #2450, #7201, #4497 ) ;
#5286 = VERTEX_POINT ( 'NONE', #2063 ) ;
#5287 = CARTESIAN_POINT ( 'NONE',  ( 12.70000000000000107, 16.22512784221244786, 45.07919284400875171 ) ) ;
#5288 = EDGE_CURVE ( 'NONE', #4953, #6145, #117, .T. ) ;
#5289 = CARTESIAN_POINT ( 'NONE',  ( 12.70000000000000107, -14.13894155320108759, 44.18182571315256268 ) ) ;
#5290 = EDGE_CURVE ( 'NONE', #3708, #8443, #3801, .T. ) ;
#5291 = EDGE_CURVE ( 'NONE', #3093, #5545, #6975, .T. ) ;
#5292 = DIRECTION ( 'NONE',  ( 0.000000000000000000, 0.000000000000000000, 1.000000000000000000 ) ) ;
#5293 = CARTESIAN_POINT ( 'NONE',  ( 12.70000000000000107, -12.33648634558010748, 100.3747697111192281 ) ) ;
#5294 = AXIS2_PLACEMENT_3D ( 'NONE', #3917, #3791, #1789 ) ;
#5295 = CARTESIAN_POINT ( 'NONE',  ( -12.69999999999999751, -12.69999999999999929, 63.50000000000000000 ) ) ;
#5296 = EDGE_LOOP ( 'NONE', ( #8326, #6471, #1656, #61 ) ) ;
#5297 = EDGE_LOOP ( 'NONE', ( #687, #6384, #328, #8359 ) ) ;
#5298 = AXIS2_PLACEMENT_3D ( 'NONE', #1477, #4272, #7063 ) ;
#5299 = CARTESIAN_POINT ( 'NONE',  ( 9.525000000000000355, -15.22687436074362388, 84.81162436304001062 ) ) ;
#5300 = FACE_OUTER_BOUND ( 'NONE', #1400, .T. ) ;
#5301 = DIRECTION ( 'NONE',  ( -1.000000000000000000, 0.000000000000000000, 0.000000000000000000 ) ) ;
#5302 = DIRECTION ( 'NONE',  ( 0.000000000000000000, 0.000000000000000000, 1.000000000000000000 ) ) ;
#5303 = ORIENTED_EDGE ( 'NONE', *, *, #6249, .F. ) ;
#5304 = DIRECTION ( 'NONE',  ( -1.000000000000000000, -0.000000000000000000, -0.000000000000000000 ) ) ;
#5305 = ORIENTED_EDGE ( 'NONE', *, *, #754, .T. ) ;
#5306 = DIRECTION ( 'NONE',  ( 0.000000000000000000, 0.000000000000000000, 1.000000000000000000 ) ) ;
#5307 = VERTEX_POINT ( 'NONE', #3524 ) ;
#5308 = CIRCLE ( 'NONE', #4461, 2.080499999999998906 ) ;
#5309 = ORIENTED_EDGE ( 'NONE', *, *, #6260, .F. ) ;
#5310 = CARTESIAN_POINT ( 'NONE',  ( -12.69999999999999751, -10.07084749364656950, 51.01893227049793467 ) ) ;
#5311 = CIRCLE ( 'NONE', #5874, 2.080499999999998906 ) ;
#5312 = APPROVAL_STATUS ( 'not_yet_approved' ) ;
#5313 = ORIENTED_EDGE ( 'NONE', *, *, #2255, .T. ) ;
#5314 = CARTESIAN_POINT ( 'NONE',  ( 9.525000000000000355, -14.15672222192817387, 78.33822353099797908 ) ) ;
#5315 = ORIENTED_EDGE ( 'NONE', *, *, #1394, .T. ) ;
#5316 = CARTESIAN_POINT ( 'NONE',  ( 1.861463134703975909E-15, -25.39999999999999503, 22.90000000000000213 ) ) ;
#5317 = ORIENTED_EDGE ( 'NONE', *, *, #4968, .F. ) ;
#5318 = ORIENTED_EDGE ( 'NONE', *, *, #4954, .T. ) ;
#5319 = FACE_BOUND ( 'NONE', #5324, .T. ) ;
#5320 = EDGE_CURVE ( 'NONE', #2563, #3614, #6219, .T. ) ;
#5321 = DIRECTION ( 'NONE',  ( 0.000000000000000000, 0.000000000000000000, 1.000000000000000000 ) ) ;
#5323 = LINE ( 'NONE', #6076, #2614 ) ;
#5322 = CIRCLE ( 'NONE', #6316, 2.270999999999995467 ) ;
#5324 = EDGE_LOOP ( 'NONE', ( #5467, #7811 ) ) ;
#5325 = CARTESIAN_POINT ( 'NONE',  ( 9.525000000000000355, 3.061616997868370815E-16, 61.00000000000000711 ) ) ;
#5326 = DIRECTION ( 'NONE',  ( 0.000000000000000000, 0.000000000000000000, 1.000000000000000000 ) ) ;
#5327 = ORIENTED_EDGE ( 'NONE', *, *, #1202, .T. ) ;
#5328 = VECTOR ( 'NONE', #6963, 1000.000000000000000 ) ;
#5329 = ADVANCED_FACE ( 'NONE', ( #4766 ), #2852, .T. ) ;
#5330 = AXIS2_PLACEMENT_3D ( 'NONE', #5674, #2304, #5013 ) ;
#5331 = CYLINDRICAL_SURFACE ( 'NONE', #3998, 2.499999999999988454 ) ;
#5332 = CARTESIAN_POINT ( 'NONE',  ( 12.70000000000000107, -2.068405620284295310, 55.64096931301052251 ) ) ;
#5333 = CARTESIAN_POINT ( 'NONE',  ( 9.525000000000000355, 3.577867169202164632E-15, 38.10000000000001563 ) ) ;
#5334 = DIRECTION ( 'NONE',  ( -1.000000000000000000, 0.000000000000000000, 0.000000000000000000 ) ) ;
#5335 = DIRECTION ( 'NONE',  ( 0.000000000000000000, 0.000000000000000000, 1.000000000000000000 ) ) ;
#5336 = AXIS2_PLACEMENT_3D ( 'NONE', #341, #7042, #1543 ) ;
#5337 = DIRECTION ( 'NONE',  ( -1.000000000000000000, -0.000000000000000000, -0.000000000000000000 ) ) ;
#5338 = ORIENTED_EDGE ( 'NONE', *, *, #5224, .F. ) ;
#5339 = ORIENTED_EDGE ( 'NONE', *, *, #7819, .T. ) ;
#5340 = EDGE_CURVE ( 'NONE', #8625, #5844, #903, .T. ) ;
#5341 = EDGE_CURVE ( 'NONE', #132, #5780, #1812, .T. ) ;
#5342 = ADVANCED_FACE ( 'NONE', ( #2190 ), #4143, .F. ) ;
#5343 = EDGE_CURVE ( 'NONE', #389, #6071, #6205, .T. ) ;
#5344 = AXIS2_PLACEMENT_3D ( 'NONE', #2120, #6189, #4865 ) ;
#5345 = AXIS2_PLACEMENT_3D ( 'NONE', #1084, #1704, #2332 ) ;
#5346 = EDGE_LOOP ( 'NONE', ( #6916, #1809, #4889, #568 ) ) ;
#5347 = CARTESIAN_POINT ( 'NONE',  ( -9.525000000000000355, 14.13894155320113555, 32.01817428684756095 ) ) ;
#5348 = DIRECTION ( 'NONE',  ( 0.000000000000000000, 0.000000000000000000, 1.000000000000000000 ) ) ;
#5349 = DIRECTION ( 'NONE',  ( 0.000000000000000000, 0.000000000000000000, 1.000000000000000000 ) ) ;
#5350 = ORIENTED_EDGE ( 'NONE', *, *, #5459, .F. ) ;
#5351 = CYLINDRICAL_SURFACE ( 'NONE', #102, 17.66249999999999787 ) ;
#5352 = VERTEX_POINT ( 'NONE', #3030 ) ;
#5353 = DIRECTION ( 'NONE',  ( -1.000000000000000000, 0.000000000000000000, 0.000000000000000000 ) ) ;
#5354 = ORIENTED_EDGE ( 'NONE', *, *, #6152, .T. ) ;
#5355 = CIRCLE ( 'NONE', #536, 2.080499999999998906 ) ;
#5356 = ORIENTED_EDGE ( 'NONE', *, *, #3763, .T. ) ;
#5357 = EDGE_CURVE ( 'NONE', #2761, #1627, #408, .T. ) ;
#5358 = EDGE_CURVE ( 'NONE', #992, #1331, #7482, .T. ) ;
#5359 = DIRECTION ( 'NONE',  ( 0.000000000000000000, 0.000000000000000000, 1.000000000000000000 ) ) ;
#5360 = AXIS2_PLACEMENT_3D ( 'NONE', #8070, #623, #3157 ) ;
#5361 = CARTESIAN_POINT ( 'NONE',  ( 9.525000000000000355, 3.577867169202164632E-15, 88.90000000000000568 ) ) ;
#5362 = ORIENTED_EDGE ( 'NONE', *, *, #552, .T. ) ;
#5363 = CARTESIAN_POINT ( 'NONE',  ( 12.70000000000000107, 8.791741348502393194, 49.37808867056088502 ) ) ;
#5364 = ORIENTED_EDGE ( 'NONE', *, *, #533, .T. ) ;
#5365 = CARTESIAN_POINT ( 'NONE',  ( 12.70000000000000107, -12.33648634558004353, 28.89623028888070877 ) ) ;
#5366 = ORIENTED_EDGE ( 'NONE', *, *, #470, .F. ) ;
#5367 = ORIENTED_EDGE ( 'NONE', *, *, #1228, .T. ) ;
#5368 = FACE_OUTER_BOUND ( 'NONE', #5879, .T. ) ;
#5369 = FACE_OUTER_BOUND ( 'NONE', #6118, .T. ) ;
#5370 = CARTESIAN_POINT ( 'NONE',  ( -12.69999999999999751, -8.791741348502544184, 100.1780886705607543 ) ) ;
#5371 = ORIENTED_EDGE ( 'NONE', *, *, #3597, .F. ) ;
#5372 = DIRECTION ( 'NONE',  ( -1.000000000000000000, -0.000000000000000000, -0.000000000000000000 ) ) ;
#5373 = CARTESIAN_POINT ( 'NONE',  ( 9.525000000000000355, 3.577867169202164632E-15, 88.90000000000000568 ) ) ;
#5374 = VERTEX_POINT ( 'NONE', #4320 ) ;
#5375 = CARTESIAN_POINT ( 'NONE',  ( 9.525000000000000355, 12.69999999999999929, 15.19999999999999218 ) ) ;
#5376 = AXIS2_PLACEMENT_3D ( 'NONE', #6882, #3380, #4890 ) ;
#5377 = DIRECTION ( 'NONE',  ( -1.000000000000000000, -0.000000000000000000, -0.000000000000000000 ) ) ;
#5378 = DIRECTION ( 'NONE',  ( 0.000000000000000000, 0.000000000000000000, 1.000000000000000000 ) ) ;
#5379 = DIRECTION ( 'NONE',  ( 0.000000000000000000, 3.335204952611022446E-15, 1.000000000000000000 ) ) ;
#5380 = DIRECTION ( 'NONE',  ( 0.000000000000000000, 0.000000000000000000, 1.000000000000000000 ) ) ;
#5381 = EDGE_CURVE ( 'NONE', #8316, #2939, #1612, .T. ) ;
#5382 = DIRECTION ( 'NONE',  ( -1.000000000000000000, -0.000000000000000000, -0.000000000000000000 ) ) ;
#5383 = ORIENTED_EDGE ( 'NONE', *, *, #7453, .T. ) ;
#5384 = ORIENTED_EDGE ( 'NONE', *, *, #1453, .F. ) ;
#5385 = AXIS2_PLACEMENT_3D ( 'NONE', #2202, #5533, #2248 ) ;
#5386 = ORIENTED_EDGE ( 'NONE', *, *, #4923, .T. ) ;
#5387 = CARTESIAN_POINT ( 'NONE',  ( 12.70000000000000107, 3.577867169202164632E-15, 38.10000000000001563 ) ) ;
#5388 = FACE_BOUND ( 'NONE', #2622, .T. ) ;
#5389 = DIRECTION ( 'NONE',  ( -1.000000000000000000, -0.000000000000000000, -0.000000000000000000 ) ) ;
#5390 = AXIS2_PLACEMENT_3D ( 'NONE', #7247, #1794, #5789 ) ;
#5391 = ORIENTED_EDGE ( 'NONE', *, *, #8761, .T. ) ;
#5392 = DIRECTION ( 'NONE',  ( 1.000000000000000000, -0.000000000000000000, -0.000000000000000000 ) ) ;
#5393 = ORIENTED_EDGE ( 'NONE', *, *, #848, .T. ) ;
#5394 = EDGE_CURVE ( 'NONE', #3514, #8421, #2400, .T. ) ;
#5395 = EDGE_CURVE ( 'NONE', #4904, #5581, #8758, .T. ) ;
#5396 = DIRECTION ( 'NONE',  ( 0.000000000000000000, 0.000000000000000000, 1.000000000000000000 ) ) ;
#5397 = ORIENTED_EDGE ( 'NONE', *, *, #2154, .F. ) ;
#5398 = AXIS2_PLACEMENT_3D ( 'NONE', #3273, #7927, #4559 ) ;
#5399 = ORIENTED_EDGE ( 'NONE', *, *, #8272, .F. ) ;
#5400 = AXIS2_PLACEMENT_3D ( 'NONE', #6486, #5817, #8524 ) ;
#5401 = DIRECTION ( 'NONE',  ( -1.000000000000000000, -0.000000000000000000, -0.000000000000000000 ) ) ;
#5402 = DIRECTION ( 'NONE',  ( 0.000000000000000000, 0.000000000000000000, -1.000000000000000000 ) ) ;
#5403 = CARTESIAN_POINT ( 'NONE',  ( 9.525000000000000355, -12.69999999999999929, 65.99999999999998579 ) ) ;
#5404 = DIRECTION ( 'NONE',  ( -0.000000000000000000, 1.000000000000000000, -0.000000000000000000 ) ) ;
#5405 = ORIENTED_EDGE ( 'NONE', *, *, #2913, .T. ) ;
#5406 = DIRECTION ( 'NONE',  ( 0.000000000000000000, 0.000000000000000000, 1.000000000000000000 ) ) ;
#5407 = EDGE_CURVE ( 'NONE', #8044, #7029, #5074, .T. ) ;
#5408 = EDGE_CURVE ( 'NONE', #3367, #4771, #277, .T. ) ;
#5409 = EDGE_CURVE ( 'NONE', #1946, #7029, #7148, .T. ) ;
#5410 = AXIS2_PLACEMENT_3D ( 'NONE', #2576, #5282, #7321 ) ;
#5411 = ORIENTED_EDGE ( 'NONE', *, *, #3219, .T. ) ;
#5412 = ORIENTED_EDGE ( 'NONE', *, *, #6204, .T. ) ;
#5413 = LINE ( 'NONE', #4035, #316 ) ;
#5414 = AXIS2_PLACEMENT_3D ( 'NONE', #4564, #4699, #1278 ) ;
#5415 = CARTESIAN_POINT ( 'NONE',  ( -12.69999999999999751, 12.69999999999999929, 111.8000000000000114 ) ) ;
#5416 = LINE ( 'NONE', #3994, #1464 ) ;
#5417 = DIRECTION ( 'NONE',  ( 0.000000000000000000, 0.000000000000000000, 1.000000000000000000 ) ) ;
#5418 = CARTESIAN_POINT ( 'NONE',  ( 12.70000000000000107, 14.13894155320113555, 82.81817428684756521 ) ) ;
#5419 = EDGE_LOOP ( 'NONE', ( #3984, #4273 ) ) ;
#5420 = CARTESIAN_POINT ( 'NONE',  ( -12.69999999999999751, -12.69999999999999929, 15.19999999999999218 ) ) ;
#5421 = CIRCLE ( 'NONE', #6684, 2.080499999999998906 ) ;
#5422 = CARTESIAN_POINT ( 'NONE',  ( 9.525000000000000355, 16.22354728284508951, 35.83785636811239073 ) ) ;
#5423 = ORIENTED_EDGE ( 'NONE', *, *, #7069, .T. ) ;
#5425 = DIRECTION ( 'NONE',  ( -1.000000000000000000, -0.000000000000000000, -0.000000000000000000 ) ) ;
#5424 = CIRCLE ( 'NONE', #4157, 2.499999999999995115 ) ;
#5426 = CARTESIAN_POINT ( 'NONE',  ( 12.70000000000000107, 14.16298196909033003, 90.87482701602503710 ) ) ;
#5427 = FACE_OUTER_BOUND ( 'NONE', #82, .T. ) ;
#5428 = CARTESIAN_POINT ( 'NONE',  ( 12.70000000000000107, -14.15672222192825025, 99.46177646900194702 ) ) ;
#5429 = CARTESIAN_POINT ( 'NONE',  ( -12.69999999999999751, 1.802455207620993427, 104.1855954242718525 ) ) ;
#5430 = DIRECTION ( 'NONE',  ( -1.000000000000000000, -0.000000000000000000, -0.000000000000000000 ) ) ;
#5431 = ORIENTED_EDGE ( 'NONE', *, *, #4967, .F. ) ;
#5432 = AXIS2_PLACEMENT_3D ( 'NONE', #6186, #111, #1488 ) ;
#5433 = ORIENTED_EDGE ( 'NONE', *, *, #5459, .T. ) ;
#5434 = CIRCLE ( 'NONE', #4722, 2.499999999999995115 ) ;
#5435 = ADVANCED_FACE ( 'NONE', ( #8354 ), #3737, .F. ) ;
#5436 = VERTEX_POINT ( 'NONE', #1695 ) ;
#5437 = CARTESIAN_POINT ( 'NONE',  ( 9.525000000000000355, -14.13894155320108759, 94.98182571315255984 ) ) ;
#5439 = FACE_BOUND ( 'NONE', #5280, .T. ) ;
#5438 = CIRCLE ( 'NONE', #4585, 2.271000000000002128 ) ;
#5440 = DIRECTION ( 'NONE',  ( -1.000000000000000000, -0.000000000000000000, -0.000000000000000000 ) ) ;
#5441 = ORIENTED_EDGE ( 'NONE', *, *, #7989, .T. ) ;
#5442 = DIRECTION ( 'NONE',  ( 0.000000000000000000, 0.000000000000000000, -1.000000000000000000 ) ) ;
#5443 = ORIENTED_EDGE ( 'NONE', *, *, #6529, .T. ) ;
#5444 = CARTESIAN_POINT ( 'NONE',  ( 7.746038523653021987E-16, 25.40000000000000213, 104.0999999999999801 ) ) ;
#5445 = ORIENTED_EDGE ( 'NONE', *, *, #2029, .T. ) ;
#5446 = ORIENTED_EDGE ( 'NONE', *, *, #5991, .T. ) ;
#5447 = CIRCLE ( 'NONE', #200, 2.270999999999995467 ) ;
#5448 = ADVANCED_FACE ( 'NONE', ( #3656 ), #4985, .F. ) ;
#5449 = DIRECTION ( 'NONE',  ( 0.000000000000000000, 0.000000000000000000, 1.000000000000000000 ) ) ;
#5450 = DIRECTION ( 'NONE',  ( -1.000000000000000000, -0.000000000000000000, -0.000000000000000000 ) ) ;
#5451 = VERTEX_POINT ( 'NONE', #5026 ) ;
#5452 = CARTESIAN_POINT ( 'NONE',  ( 1.555301434917138038E-15, 25.40000000000000213, 25.39999999999999858 ) ) ;
#5453 = ORIENTED_EDGE ( 'NONE', *, *, #7990, .T. ) ;
#5454 = DIRECTION ( 'NONE',  ( 0.000000000000000000, 0.000000000000000000, 1.000000000000000000 ) ) ;
#5455 = AXIS2_PLACEMENT_3D ( 'NONE', #7403, #4040, #6654 ) ;
#5456 = EDGE_LOOP ( 'NONE', ( #7964, #3693, #7394, #2115 ) ) ;
#5457 = ORIENTED_EDGE ( 'NONE', *, *, #8286, .F. ) ;
#5458 = DIRECTION ( 'NONE',  ( -1.000000000000000000, -0.000000000000000000, -0.000000000000000000 ) ) ;
#5459 = EDGE_CURVE ( 'NONE', #6896, #8333, #7021, .T. ) ;
#5460 = CIRCLE ( 'NONE', #2620, 14.30000000000000071 ) ;
#5461 = EDGE_CURVE ( 'NONE', #2066, #4034, #367, .T. ) ;
#5462 = EDGE_CURVE ( 'NONE', #8206, #8139, #1076, .T. ) ;
#5463 = CARTESIAN_POINT ( 'NONE',  ( 12.70000000000000107, 3.577867169202164632E-15, 106.5625000000000000 ) ) ;
#5464 = EDGE_CURVE ( 'NONE', #1837, #4420, #4362, .T. ) ;
#5465 = CARTESIAN_POINT ( 'NONE',  ( 12.70000000000000107, 14.16298196909037088, 86.92517298397528691 ) ) ;
#5466 = CARTESIAN_POINT ( 'NONE',  ( 9.525000000000000355, -8.791741348502544184, 49.37808867056075712 ) ) ;
#5467 = ORIENTED_EDGE ( 'NONE', *, *, #3617, .F. ) ;
#5468 = DIRECTION ( 'NONE',  ( -0.000000000000000000, 1.000000000000000000, -0.000000000000000000 ) ) ;
#5469 = AXIS2_PLACEMENT_3D ( 'NONE', #3051, #301, #1683 ) ;
#5470 = DIRECTION ( 'NONE',  ( 1.000000000000000000, -0.000000000000000000, -0.000000000000000000 ) ) ;
#5471 = ORIENTED_EDGE ( 'NONE', *, *, #6154, .F. ) ;
#5472 = EDGE_CURVE ( 'NONE', #2195, #5978, #2383, .T. ) ;
#5473 = AXIS2_PLACEMENT_3D ( 'NONE', #6296, #1725, #5719 ) ;
#5474 = DIRECTION ( 'NONE',  ( 0.000000000000000000, 0.000000000000000000, -1.000000000000000000 ) ) ;
#5475 = CARTESIAN_POINT ( 'NONE',  ( 12.70000000000000107, -6.152699789198520897, 22.91892409761429406 ) ) ;
#5476 = CARTESIAN_POINT ( 'NONE',  ( -12.69999999999999751, -25.39999999999999503, 0.000000000000000000 ) ) ;
#5477 = CARTESIAN_POINT ( 'NONE',  ( -12.69999999999999929, -12.69999999999999929, 63.50000000000000000 ) ) ;
#5478 = CYLINDRICAL_SURFACE ( 'NONE', #1673, 2.499999999999988454 ) ;
#5479 = DIRECTION ( 'NONE',  ( 0.000000000000000000, -1.167321733413857777E-14, 1.000000000000000000 ) ) ;
#5480 = ORIENTED_EDGE ( 'NONE', *, *, #6871, .F. ) ;
#5481 = VECTOR ( 'NONE', #6017, 1000.000000000000000 ) ;
#5482 = VERTEX_POINT ( 'NONE', #5815 ) ;
#5483 = ORIENTED_EDGE ( 'NONE', *, *, #5725, .T. ) ;
#5484 = AXIS2_PLACEMENT_3D ( 'NONE', #3094, #2342, #3715 ) ;
#5485 = LINE ( 'NONE', #4773, #1465 ) ;
#5486 = CIRCLE ( 'NONE', #4493, 2.080499999999998906 ) ;
#5487 = CARTESIAN_POINT ( 'NONE',  ( 1.861463134703975909E-15, 25.40000000000000213, 61.00000000000001421 ) ) ;
#5488 = FACE_OUTER_BOUND ( 'NONE', #2873, .T. ) ;
#5489 = ORIENTED_EDGE ( 'NONE', *, *, #3235, .F. ) ;
#5490 = DIRECTION ( 'NONE',  ( -1.000000000000000000, -0.000000000000000000, -0.000000000000000000 ) ) ;
#5491 = FACE_OUTER_BOUND ( 'NONE', #5297, .T. ) ;
#5492 = VERTEX_POINT ( 'NONE', #2443 ) ;
#5493 = EDGE_LOOP ( 'NONE', ( #7304, #6238, #8513, #4825 ) ) ;
#5494 = CIRCLE ( 'NONE', #5344, 2.499999999999988454 ) ;
#5495 = AXIS2_PLACEMENT_3D ( 'NONE', #4410, #5744, #7074 ) ;
#5496 = FACE_OUTER_BOUND ( 'NONE', #6056, .T. ) ;
#5497 = APPROVAL_STATUS ( 'not_yet_approved' ) ;
#5498 = VECTOR ( 'NONE', #6803, 1000.000000000000000 ) ;
#5499 = FACE_OUTER_BOUND ( 'NONE', #8185, .T. ) ;
#5500 = ORIENTED_EDGE ( 'NONE', *, *, #8485, .F. ) ;
#5502 = DIRECTION ( 'NONE',  ( -1.000000000000000000, -0.000000000000000000, -0.000000000000000000 ) ) ;
#5501 = VECTOR ( 'NONE', #5638, 1000.000000000000000 ) ;
#5503 = ORIENTED_EDGE ( 'NONE', *, *, #8076, .T. ) ;
#5504 = ADVANCED_FACE ( 'NONE', ( #7856 ), #988, .F. ) ;
#5505 = ORIENTED_EDGE ( 'NONE', *, *, #3159, .F. ) ;
#5506 = AXIS2_PLACEMENT_3D ( 'NONE', #1782, #6482, #3610 ) ;
#5507 = DIRECTION ( 'NONE',  ( -0.000000000000000000, 1.000000000000000000, -0.000000000000000000 ) ) ;
#5508 = DIRECTION ( 'NONE',  ( 0.000000000000000000, 0.000000000000000000, 1.000000000000000000 ) ) ;
#5509 = DIRECTION ( 'NONE',  ( -0.000000000000000000, 1.000000000000000000, -0.000000000000000000 ) ) ;
#5510 = ORIENTED_EDGE ( 'NONE', *, *, #1663, .F. ) ;
#5511 = CARTESIAN_POINT ( 'NONE',  ( 1.555301434917138038E-15, -25.39999999999999503, 27.89999999999999503 ) ) ;
#5512 = EDGE_CURVE ( 'NONE', #4058, #5782, #8567, .T. ) ;
#5513 = EDGE_CURVE ( 'NONE', #991, #718, #3520, .T. ) ;
#5514 = DIRECTION ( 'NONE',  ( 0.000000000000000000, 0.000000000000000000, 1.000000000000000000 ) ) ;
#5515 = DIRECTION ( 'NONE',  ( -1.000000000000000000, -0.000000000000000000, -0.000000000000000000 ) ) ;
#5516 = DIRECTION ( 'NONE',  ( 1.000000000000000000, 0.000000000000000000, 0.000000000000000000 ) ) ;
#5517 = CARTESIAN_POINT ( 'NONE',  ( 12.70000000000000107, 15.22687436074368783, 34.01162436304024084 ) ) ;
#5518 = CYLINDRICAL_SURFACE ( 'NONE', #6027, 2.270999999999995467 ) ;
#5519 = DIRECTION ( 'NONE',  ( -1.000000000000000000, -0.000000000000000000, -0.000000000000000000 ) ) ;
#5520 = EDGE_CURVE ( 'NONE', #6917, #3053, #1958, .T. ) ;
#5521 = EDGE_CURVE ( 'NONE', #6917, #7620, #2664, .T. ) ;
#5522 = DIRECTION ( 'NONE',  ( 0.000000000000000000, 0.000000000000000000, 1.000000000000000000 ) ) ;
#5523 = EDGE_LOOP ( 'NONE', ( #1471, #3279, #1451, #6336, #7991, #5354, #5315, #4376, #1140, #2590, #7662, #148, #7427, #7222, #5367, #7622, #2027, #551, #1652, #1807, #8624, #7393, #6349, #5814, #8716, #3742, #5753, #4587, #1094, #5411, #1850, #1508, #2516, #7260, #5503, #974, #7173, #6487, #7309, #321, #3561 ) ) ;
#5524 = ORIENTED_EDGE ( 'NONE', *, *, #2966, .F. ) ;
#5525 = CIRCLE ( 'NONE', #137, 2.499999999999988454 ) ;
#5526 = ORIENTED_EDGE ( 'NONE', *, *, #744, .F. ) ;
#5527 = DIRECTION ( 'NONE',  ( 0.000000000000000000, 0.000000000000000000, 1.000000000000000000 ) ) ;
#5528 = CARTESIAN_POINT ( 'NONE',  ( 1.080765552152139379E-15, 25.40000000000000213, 86.40000000000000568 ) ) ;
#5529 = LINE ( 'NONE', #1403, #2505 ) ;
#5530 = ORIENTED_EDGE ( 'NONE', *, *, #2675, .T. ) ;
#5531 = CARTESIAN_POINT ( 'NONE',  ( -12.69999999999999751, -6.152699789198520897, 73.71892409761429121 ) ) ;
#5532 = VECTOR ( 'NONE', #8010, 1000.000000000000000 ) ;
#5533 = DIRECTION ( 'NONE',  ( -0.000000000000000000, 1.000000000000000000, -0.000000000000000000 ) ) ;
#5534 = ORIENTED_EDGE ( 'NONE', *, *, #739, .F. ) ;
#5535 = EDGE_LOOP ( 'NONE', ( #401, #4964, #709, #6091 ) ) ;
#5537 = CARTESIAN_POINT ( 'NONE',  ( 12.70000000000000107, 14.13894155320113555, 82.81817428684756521 ) ) ;
#5536 = AXIS2_PLACEMENT_3D ( 'NONE', #6409, #1706, #5746 ) ;
#5538 = CYLINDRICAL_SURFACE ( 'NONE', #4290, 2.270999999999995467 ) ;
#5539 = APPROVAL_STATUS ( 'not_yet_approved' ) ;
#5540 = PRODUCT_DEFINITION_FORMATION_WITH_SPECIFIED_SOURCE ( 'ANY', '', #1661, .NOT_KNOWN. ) ;
#5541 = ORIENTED_EDGE ( 'NONE', *, *, #4674, .T. ) ;
#5542 = CARTESIAN_POINT ( 'NONE',  ( 9.525000000000000355, -12.33648634558010748, 49.57476971111923802 ) ) ;
#5543 = ORIENTED_EDGE ( 'NONE', *, *, #999, .F. ) ;
#5544 = CARTESIAN_POINT ( 'NONE',  ( 12.70000000000000107, 3.577867169202164632E-15, 38.10000000000001563 ) ) ;
#5545 = VERTEX_POINT ( 'NONE', #5325 ) ;
#5546 = ORIENTED_EDGE ( 'NONE', *, *, #306, .T. ) ;
#5547 = AXIS2_PLACEMENT_3D ( 'NONE', #3962, #1920, #4767 ) ;
#5548 = DIRECTION ( 'NONE',  ( -1.000000000000000000, -0.000000000000000000, -0.000000000000000000 ) ) ;
#5549 = EDGE_CURVE ( 'NONE', #5838, #5173, #3822, .T. ) ;
#5550 = DIRECTION ( 'NONE',  ( 0.000000000000000000, 0.000000000000000000, -1.000000000000000000 ) ) ;
#5551 = CARTESIAN_POINT ( 'NONE',  ( -9.525000000000000355, 3.577867169202164632E-15, 38.10000000000001563 ) ) ;
#5552 = ORIENTED_EDGE ( 'NONE', *, *, #4820, .F. ) ;
#5553 = DIRECTION ( 'NONE',  ( 0.000000000000000000, 0.000000000000000000, 1.000000000000000000 ) ) ;
#5554 = CARTESIAN_POINT ( 'NONE',  ( 9.525000000000000355, 12.33648634557998314, 98.10376971111941202 ) ) ;
#5555 = CIRCLE ( 'NONE', #5969, 17.66249999999999787 ) ;
#5556 = EDGE_CURVE ( 'NONE', #8527, #1503, #6489, .T. ) ;
#5557 = CARTESIAN_POINT ( 'NONE',  ( 12.70000000000000107, 3.577867169202164632E-15, 88.90000000000000568 ) ) ;
#5558 = CYLINDRICAL_SURFACE ( 'NONE', #6237, 2.270999999999995467 ) ;
#5559 = FACE_OUTER_BOUND ( 'NONE', #8193, .T. ) ;
#5560 = CIRCLE ( 'NONE', #8252, 17.66250000000000497 ) ;
#5561 = CIRCLE ( 'NONE', #594, 2.080499999999998906 ) ;
#5562 = DIRECTION ( 'NONE',  ( 0.000000000000000000, 0.000000000000000000, 1.000000000000000000 ) ) ;
#5563 = CARTESIAN_POINT ( 'NONE',  ( 12.70000000000000107, 6.152699789198528002, 73.71892409761429121 ) ) ;
#5564 = DIRECTION ( 'NONE',  ( 0.000000000000000000, 0.000000000000000000, 1.000000000000000000 ) ) ;
#5565 = ORIENTED_EDGE ( 'NONE', *, *, #688, .F. ) ;
#5566 = EDGE_LOOP ( 'NONE', ( #4983, #1982, #7839, #2555 ) ) ;
#5567 = CIRCLE ( 'NONE', #1735, 17.66250000000000497 ) ;
#5568 = AXIS2_PLACEMENT_3D ( 'NONE', #4246, #6951, #3537 ) ;
#5569 = EDGE_CURVE ( 'NONE', #1787, #389, #1540, .T. ) ;
#5570 = EDGE_CURVE ( 'NONE', #1937, #3481, #2619, .T. ) ;
#5571 = EDGE_CURVE ( 'NONE', #6670, #8655, #5903, .T. ) ;
#5572 = ORIENTED_EDGE ( 'NONE', *, *, #7677, .F. ) ;
#5573 = DIRECTION ( 'NONE',  ( 0.000000000000000000, 0.000000000000000000, 1.000000000000000000 ) ) ;
#5574 = DIRECTION ( 'NONE',  ( 0.000000000000000000, 0.000000000000000000, 1.000000000000000000 ) ) ;
#5575 = CYLINDRICAL_SURFACE ( 'NONE', #3926, 2.270999999999995467 ) ;
#5576 = CARTESIAN_POINT ( 'NONE',  ( 9.525000000000000355, 14.16298196909033003, 90.87482701602503710 ) ) ;
#5577 = VECTOR ( 'NONE', #3398, 1000.000000000000000 ) ;
#5578 = CIRCLE ( 'NONE', #4295, 2.499999999999988454 ) ;
#5579 = CARTESIAN_POINT ( 'NONE',  ( 12.70000000000000107, -8.791741348502544184, 100.1780886705607543 ) ) ;
#5580 = EDGE_LOOP ( 'NONE', ( #2501, #21 ) ) ;
#5581 = VERTEX_POINT ( 'NONE', #5281 ) ;
#5582 = LINE ( 'NONE', #2209, #7040 ) ;
#5583 = CARTESIAN_POINT ( 'NONE',  ( -9.525000000000002132, 12.69999999999999929, 116.7999999999999829 ) ) ;
#5584 = DIRECTION ( 'NONE',  ( 0.000000000000000000, 0.000000000000000000, 1.000000000000000000 ) ) ;
#5585 = DATE_TIME_ROLE ( 'classification_date' ) ;
#5586 = EDGE_LOOP ( 'NONE', ( #6573, #6480, #6914, #5092 ) ) ;
#5587 = CARTESIAN_POINT ( 'NONE',  ( 12.70000000000000107, -12.69999999999999929, 15.19999999999999574 ) ) ;
#5588 = EDGE_LOOP ( 'NONE', ( #1753, #5929, #3136, #646 ) ) ;
#5589 = DIRECTION ( 'NONE',  ( 0.000000000000000000, 0.000000000000000000, 1.000000000000000000 ) ) ;
#5590 = ORIENTED_EDGE ( 'NONE', *, *, #4758, .T. ) ;
#5591 = ORIENTED_EDGE ( 'NONE', *, *, #1810, .T. ) ;
#5592 = DIRECTION ( 'NONE',  ( 0.000000000000000000, 0.000000000000000000, -1.000000000000000000 ) ) ;
#5593 = DIRECTION ( 'NONE',  ( 1.000000000000000000, 0.000000000000000000, 0.000000000000000000 ) ) ;
#5594 = DIRECTION ( 'NONE',  ( 0.000000000000000000, 0.000000000000000000, 1.000000000000000000 ) ) ;
#5595 = ORIENTED_EDGE ( 'NONE', *, *, #6682, .F. ) ;
#5596 = DIRECTION ( 'NONE',  ( 0.000000000000000000, 0.000000000000000000, -1.000000000000000000 ) ) ;
#5597 = DIRECTION ( 'NONE',  ( -1.000000000000000000, 0.000000000000000000, 0.000000000000000000 ) ) ;
#5598 = EDGE_CURVE ( 'NONE', #2885, #5352, #2002, .T. ) ;
#5599 = CIRCLE ( 'NONE', #7149, 17.66250000000000142 ) ;
#5600 = CYLINDRICAL_SURFACE ( 'NONE', #2579, 14.30000000000000782 ) ;
#5601 = DIRECTION ( 'NONE',  ( 0.000000000000000000, 0.000000000000000000, 1.000000000000000000 ) ) ;
#5603 = FACE_OUTER_BOUND ( 'NONE', #1311, .T. ) ;
#5602 = AXIS2_PLACEMENT_3D ( 'NONE', #8781, #8642, #3276 ) ;
#5604 = VERTEX_POINT ( 'NONE', #2570 ) ;
#5605 = CARTESIAN_POINT ( 'NONE',  ( -12.69999999999999751, -12.33648634558010748, 98.10376971111922728 ) ) ;
#5606 = CARTESIAN_POINT ( 'NONE',  ( -9.525000000000000355, -8.791741348502467801, 26.82191132943921019 ) ) ;
#5607 = DIRECTION ( 'NONE',  ( 0.000000000000000000, 0.000000000000000000, -1.000000000000000000 ) ) ;
#5608 = ORIENTED_EDGE ( 'NONE', *, *, #6329, .T. ) ;
#5609 = ADVANCED_FACE ( 'NONE', ( #1825 ), #7985, .F. ) ;
#5610 = EDGE_LOOP ( 'NONE', ( #857, #2427, #7538, #381 ) ) ;
#5611 = CIRCLE ( 'NONE', #6739, 2.499999999999988454 ) ;
#5612 = ORIENTED_EDGE ( 'NONE', *, *, #5634, .F. ) ;
#5613 = DIRECTION ( 'NONE',  ( -0.000000000000000000, 1.000000000000000000, -0.000000000000000000 ) ) ;
#5614 = FACE_BOUND ( 'NONE', #6905, .T. ) ;
#5615 = DIRECTION ( 'NONE',  ( 0.000000000000000000, -0.000000000000000000, -1.000000000000000000 ) ) ;
#5616 = VECTOR ( 'NONE', #1611, 1000.000000000000000 ) ;
#5617 = CARTESIAN_POINT ( 'NONE',  ( -9.525000000000000355, 14.13894155320100943, 94.98182571315275879 ) ) ;
#5618 = VERTEX_POINT ( 'NONE', #8744 ) ;
#5619 = ADVANCED_FACE ( 'NONE', ( #3910 ), #3865, .F. ) ;
#5620 = EDGE_CURVE ( 'NONE', #5659, #8198, #3820, .T. ) ;
#5621 = EDGE_CURVE ( 'NONE', #2612, #8530, #4615, .T. ) ;
#5622 = ORIENTED_EDGE ( 'NONE', *, *, #5341, .F. ) ;
#5623 = ADVANCED_FACE ( 'NONE', ( #3201 ), #7360, .T. ) ;
#5624 = CIRCLE ( 'NONE', #4347, 2.080499999999998906 ) ;
#5625 = FACE_OUTER_BOUND ( 'NONE', #107, .T. ) ;
#5626 = CARTESIAN_POINT ( 'NONE',  ( 7.746038523653021987E-16, 25.40000000000000213, 38.09999999999999432 ) ) ;
#5627 = DIRECTION ( 'NONE',  ( -1.000000000000000000, -0.000000000000000000, -0.000000000000000000 ) ) ;
#5628 = ORIENTED_EDGE ( 'NONE', *, *, #1990, .T. ) ;
#5629 = CYLINDRICAL_SURFACE ( 'NONE', #2497, 2.499999999999988454 ) ;
#5630 = ORIENTED_EDGE ( 'NONE', *, *, #8234, .F. ) ;
#5631 = FACE_OUTER_BOUND ( 'NONE', #6926, .T. ) ;
#5632 = VERTEX_POINT ( 'NONE', #1959 ) ;
#5633 = EDGE_CURVE ( 'NONE', #6269, #198, #993, .T. ) ;
#5634 = EDGE_CURVE ( 'NONE', #6401, #4671, #6223, .T. ) ;
#5635 = VERTEX_POINT ( 'NONE', #2053 ) ;
#5636 = FACE_OUTER_BOUND ( 'NONE', #3687, .T. ) ;
#5637 = AXIS2_PLACEMENT_3D ( 'NONE', #503, #4089, #7286 ) ;
#5638 = DIRECTION ( 'NONE',  ( -1.000000000000000000, -0.000000000000000000, -0.000000000000000000 ) ) ;
#5639 = CARTESIAN_POINT ( 'NONE',  ( 1.555301434917138038E-15, 25.40000000000000213, 76.19999999999998863 ) ) ;
#5640 = ORIENTED_EDGE ( 'NONE', *, *, #3395, .T. ) ;
#5641 = DIRECTION ( 'NONE',  ( 0.000000000000000000, 0.000000000000000000, -1.000000000000000000 ) ) ;
#5642 = CARTESIAN_POINT ( 'NONE',  ( -12.69999999999999751, -12.69999999999999929, 63.50000000000000000 ) ) ;
#5643 = CIRCLE ( 'NONE', #8187, 2.080499999999998906 ) ;
#5644 = CARTESIAN_POINT ( 'NONE',  ( 12.70000000000000107, 6.152699789198528002, 73.71892409761429121 ) ) ;
#5645 = LINE ( 'NONE', #8350, #3839 ) ;
#5646 = DIRECTION ( 'NONE',  ( -1.000000000000000000, -0.000000000000000000, -0.000000000000000000 ) ) ;
#5647 = EDGE_LOOP ( 'NONE', ( #6532, #5896, #4431, #2487 ) ) ;
#5648 = DIRECTION ( 'NONE',  ( 0.000000000000000000, 0.000000000000000000, 1.000000000000000000 ) ) ;
#5649 = CARTESIAN_POINT ( 'NONE',  ( 12.70000000000000107, -5.371240620587816927, 24.84708431341438839 ) ) ;
#5650 = CARTESIAN_POINT ( 'NONE',  ( -12.69999999999999751, 2.068405620284300195, 20.55903068698950520 ) ) ;
#5651 = VERTEX_POINT ( 'NONE', #5511 ) ;
#5652 = ORIENTED_EDGE ( 'NONE', *, *, #6465, .F. ) ;
#5653 = ORIENTED_EDGE ( 'NONE', *, *, #3883, .T. ) ;
#5654 = CARTESIAN_POINT ( 'NONE',  ( 9.525000000000000355, 0.000000000000000000, 12.69999999999993356 ) ) ;
#5655 = FACE_BOUND ( 'NONE', #2276, .T. ) ;
#5656 = CARTESIAN_POINT ( 'NONE',  ( 7.746038523653021987E-16, 25.40000000000000213, 88.89999999999999147 ) ) ;
#5657 = FACE_OUTER_BOUND ( 'NONE', #559, .T. ) ;
#5658 = DIRECTION ( 'NONE',  ( 0.000000000000000000, 1.000000000000000000, 0.000000000000000000 ) ) ;
#5659 = VERTEX_POINT ( 'NONE', #4844 ) ;
#5660 = VERTEX_POINT ( 'NONE', #7497 ) ;
#5661 = DIRECTION ( 'NONE',  ( 0.000000000000000000, 0.000000000000000000, -1.000000000000000000 ) ) ;
#5662 = EDGE_CURVE ( 'NONE', #5482, #443, #8212, .T. ) ;
#5663 = CARTESIAN_POINT ( 'NONE',  ( 7.746038523653021987E-16, -25.39999999999999503, 38.09999999999999432 ) ) ;
#5664 = CARTESIAN_POINT ( 'NONE',  ( 9.525000000000000355, -1.802455207620986100, 22.81440457572818303 ) ) ;
#5665 = EDGE_CURVE ( 'NONE', #1957, #4902, #281, .T. ) ;
#5666 = CIRCLE ( 'NONE', #6939, 17.66249999999999787 ) ;
#5667 = ORIENTED_EDGE ( 'NONE', *, *, #2291, .T. ) ;
#5668 = CYLINDRICAL_SURFACE ( 'NONE', #4214, 14.30000000000000071 ) ;
#5669 = VERTEX_POINT ( 'NONE', #6125 ) ;
#5670 = CARTESIAN_POINT ( 'NONE',  ( -9.525000000000000355, 5.371240620587829362, 75.64708431341438200 ) ) ;
#5671 = EDGE_LOOP ( 'NONE', ( #7956, #8011, #5222, #1035 ) ) ;
#5672 = EDGE_LOOP ( 'NONE', ( #7338, #8714 ) ) ;
#5673 = CIRCLE ( 'NONE', #5385, 2.499999999999988454 ) ;
#5674 = CARTESIAN_POINT ( 'NONE',  ( 7.746038523653021987E-16, -25.39999999999999503, 88.89999999999999147 ) ) ;
#5675 = EDGE_CURVE ( 'NONE', #7259, #5934, #6083, .T. ) ;
#5676 = EDGE_CURVE ( 'NONE', #4504, #5635, #2139, .T. ) ;
#5677 = EDGE_CURVE ( 'NONE', #5660, #412, #1980, .T. ) ;
#5678 = DIRECTION ( 'NONE',  ( -1.000000000000000000, -0.000000000000000000, -0.000000000000000000 ) ) ;
#5679 = DIRECTION ( 'NONE',  ( 0.000000000000000000, 1.667602476305511223E-15, -1.000000000000000000 ) ) ;
#5680 = VERTEX_POINT ( 'NONE', #2226 ) ;
#5681 = DIRECTION ( 'NONE',  ( -1.000000000000000000, -0.000000000000000000, -0.000000000000000000 ) ) ;
#5682 = AXIS2_PLACEMENT_3D ( 'NONE', #3982, #1188, #2693 ) ;
#5683 = CIRCLE ( 'NONE', #2148, 2.270999999999995467 ) ;
#5684 = CARTESIAN_POINT ( 'NONE',  ( 9.525000000000000355, -14.13894155320104851, 32.01817428684736200 ) ) ;
#5685 = DIRECTION ( 'NONE',  ( 0.000000000000000000, 0.000000000000000000, 1.000000000000000000 ) ) ;
#5686 = FACE_OUTER_BOUND ( 'NONE', #6938, .T. ) ;
#5687 = ORIENTED_EDGE ( 'NONE', *, *, #7185, .F. ) ;
#5688 = DIRECTION ( 'NONE',  ( 0.000000000000000000, 0.000000000000000000, 1.000000000000000000 ) ) ;
#5689 = DIRECTION ( 'NONE',  ( 0.000000000000000000, 0.000000000000000000, 1.000000000000000000 ) ) ;
#5690 = CARTESIAN_POINT ( 'NONE',  ( -9.525000000000000355, -10.07084749364648069, 25.18106772950202199 ) ) ;
#5691 = ORIENTED_EDGE ( 'NONE', *, *, #98, .F. ) ;
#5692 = ORIENTED_EDGE ( 'NONE', *, *, #8636, .T. ) ;
#5693 = VECTOR ( 'NONE', #8619, 1000.000000000000000 ) ;
#5695 = ORIENTED_EDGE ( 'NONE', *, *, #6328, .T. ) ;
#5694 = CIRCLE ( 'NONE', #7678, 2.080499999999998906 ) ;
#5696 = CARTESIAN_POINT ( 'NONE',  ( 12.70000000000000107, -14.16298196909034779, 40.07482701602484099 ) ) ;
#5697 = FACE_BOUND ( 'NONE', #2791, .T. ) ;
#5698 = DIRECTION ( 'NONE',  ( -0.000000000000000000, 1.000000000000000000, -0.000000000000000000 ) ) ;
#5699 = DIRECTION ( 'NONE',  ( 1.000000000000000000, 0.000000000000000000, 0.000000000000000000 ) ) ;
#5700 = DIRECTION ( 'NONE',  ( 0.000000000000000000, 0.000000000000000000, -1.000000000000000000 ) ) ;
#5701 = VERTEX_POINT ( 'NONE', #2840 ) ;
#5702 = VECTOR ( 'NONE', #2626, 1000.000000000000000 ) ;
#5703 = VERTEX_POINT ( 'NONE', #180 ) ;
#5704 = AXIS2_PLACEMENT_3D ( 'NONE', #1677, #2339, #3002 ) ;
#5705 = DIRECTION ( 'NONE',  ( 0.000000000000000000, 0.000000000000000000, 1.000000000000000000 ) ) ;
#5706 = CARTESIAN_POINT ( 'NONE',  ( 7.746038523653021987E-16, -25.39999999999999503, 50.79999999999999716 ) ) ;
#5708 = AXIS2_PLACEMENT_3D ( 'NONE', #4038, #8025, #7982 ) ;
#5707 = DIRECTION ( 'NONE',  ( 0.000000000000000000, 6.670409905222044891E-15, -1.000000000000000000 ) ) ;
#5709 = VECTOR ( 'NONE', #8360, 1000.000000000000000 ) ;
#5710 = ORIENTED_EDGE ( 'NONE', *, *, #6758, .F. ) ;
#5711 = CARTESIAN_POINT ( 'NONE',  ( 1.555301434917138433E-15, 25.40000000000000213, 63.50000000000000000 ) ) ;
#5712 = VERTEX_POINT ( 'NONE', #3515 ) ;
#5713 = DIRECTION ( 'NONE',  ( 0.000000000000000000, 0.000000000000000000, 1.000000000000000000 ) ) ;
#5714 = EDGE_LOOP ( 'NONE', ( #6277, #263, #8240, #4608 ) ) ;
#5715 = ORIENTED_EDGE ( 'NONE', *, *, #678, .T. ) ;
#5716 = ADVANCED_FACE ( 'NONE', ( #2182 ), #1426, .T. ) ;
#5717 = CIRCLE ( 'NONE', #6989, 2.499999999999992006 ) ;
#5718 = AXIS2_PLACEMENT_3D ( 'NONE', #7072, #3080, #5783 ) ;
#5719 = DIRECTION ( 'NONE',  ( 0.000000000000000000, 0.000000000000000000, 1.000000000000000000 ) ) ;
#5720 = CARTESIAN_POINT ( 'NONE',  ( 1.080765552152140168E-15, -25.39999999999999503, 99.10000000000000853 ) ) ;
#5721 = DIRECTION ( 'NONE',  ( -1.000000000000000000, -0.000000000000000000, -0.000000000000000000 ) ) ;
#5722 = CIRCLE ( 'NONE', #5855, 2.271000000000002128 ) ;
#5723 = ORIENTED_EDGE ( 'NONE', *, *, #1270, .T. ) ;
#5724 = CARTESIAN_POINT ( 'NONE',  ( 9.525000000000000355, 8.791741348502629450, 77.62191132943932814 ) ) ;
#5725 = EDGE_CURVE ( 'NONE', #2232, #8021, #560, .T. ) ;
#5726 = CC_DESIGN_PERSON_AND_ORGANIZATION_ASSIGNMENT ( #6557, #610, ( #1661 ) ) ;
#5727 = EDGE_CURVE ( 'NONE', #2442, #5017, #8214, .T. ) ;
#5728 = EDGE_CURVE ( 'NONE', #4236, #1710, #5525, .T. ) ;
#5729 = CIRCLE ( 'NONE', #2458, 2.271000000000002128 ) ;
#5730 = CYLINDRICAL_SURFACE ( 'NONE', #5130, 14.30000000000000782 ) ;
#5731 = CARTESIAN_POINT ( 'NONE',  ( -12.69999999999999929, 12.69999999999999929, 10.20000000000001172 ) ) ;
#5732 = VERTEX_POINT ( 'NONE', #1332 ) ;
#5733 = CARTESIAN_POINT ( 'NONE',  ( 12.70000000000000107, 11.15407434219260630, 77.75732780184213766 ) ) ;
#5734 = CARTESIAN_POINT ( 'NONE',  ( 12.70000000000000107, -4.072800018551144596, 22.86895216488212412 ) ) ;
#5735 = AXIS2_PLACEMENT_3D ( 'NONE', #6964, #8344, #4888 ) ;
#5736 = CARTESIAN_POINT ( 'NONE',  ( 12.70000000000000107, -1.802455207620986100, 73.61440457572818730 ) ) ;
#5737 = ORIENTED_EDGE ( 'NONE', *, *, #1640, .F. ) ;
#5738 = ORIENTED_EDGE ( 'NONE', *, *, #5569, .F. ) ;
#5739 = EDGE_CURVE ( 'NONE', #8635, #4544, #7502, .T. ) ;
#5740 = AXIS2_PLACEMENT_3D ( 'NONE', #1320, #6648, #5454 ) ;
#5741 = ORIENTED_EDGE ( 'NONE', *, *, #5571, .T. ) ;
#5742 = CARTESIAN_POINT ( 'NONE',  ( -12.69999999999999751, 0.000000000000000000, 116.7999999999999829 ) ) ;
#5743 = DIRECTION ( 'NONE',  ( 1.000000000000000000, -0.000000000000000000, -0.000000000000000000 ) ) ;
#5744 = DIRECTION ( 'NONE',  ( -1.000000000000000000, -0.000000000000000000, -0.000000000000000000 ) ) ;
#5745 = CARTESIAN_POINT ( 'NONE',  ( -12.69999999999999751, 1.802455207620993427, 73.61440457572818730 ) ) ;
#5746 = DIRECTION ( 'NONE',  ( 0.000000000000000000, 0.000000000000000000, -1.000000000000000000 ) ) ;
#5747 = VERTEX_POINT ( 'NONE', #6210 ) ;
#5748 = VECTOR ( 'NONE', #813, 1000.000000000000000 ) ;
#5749 = ORIENTED_EDGE ( 'NONE', *, *, #989, .F. ) ;
#5750 = CARTESIAN_POINT ( 'NONE',  ( -9.525000000000000355, -12.33648634558010748, 98.10376971111922728 ) ) ;
#5751 = AXIS2_PLACEMENT_3D ( 'NONE', #5605, #3694, #3609 ) ;
#5752 = CARTESIAN_POINT ( 'NONE',  ( 12.70000000000000107, -1.802455207620986100, 53.38559542427184823 ) ) ;
#5753 = ORIENTED_EDGE ( 'NONE', *, *, #6754, .T. ) ;
#5754 = FACE_BOUND ( 'NONE', #8419, .T. ) ;
#5755 = VERTEX_POINT ( 'NONE', #7407 ) ;
#5756 = CARTESIAN_POINT ( 'NONE',  ( 9.525000000000000355, -8.791741348502467801, 26.82191132943921019 ) ) ;
#5757 = ORIENTED_EDGE ( 'NONE', *, *, #8174, .F. ) ;
#5758 = ORIENTED_EDGE ( 'NONE', *, *, #4872, .T. ) ;
#5759 = AXIS2_PLACEMENT_3D ( 'NONE', #7179, #3810, #439 ) ;
#5760 = CIRCLE ( 'NONE', #7883, 2.080499999999998906 ) ;
#5761 = CARTESIAN_POINT ( 'NONE',  ( 12.70000000000000107, 14.16298196909033003, 40.07482701602503994 ) ) ;
#5762 = VECTOR ( 'NONE', #6421, 1000.000000000000000 ) ;
#5763 = DIRECTION ( 'NONE',  ( -1.000000000000000000, -0.000000000000000000, -0.000000000000000000 ) ) ;
#5764 = ADVANCED_FACE ( 'NONE', ( #4134 ), #7452, .F. ) ;
#5766 = CARTESIAN_POINT ( 'NONE',  ( 9.525000000000000355, 6.152699789198528002, 73.71892409761429121 ) ) ;
#5765 = AXIS2_PLACEMENT_3D ( 'NONE', #1713, #4417, #3536 ) ;
#5767 = EDGE_LOOP ( 'NONE', ( #952, #1548, #6680, #6497 ) ) ;
#5768 = DIRECTION ( 'NONE',  ( 0.000000000000000000, 0.000000000000000000, 1.000000000000000000 ) ) ;
#5769 = AXIS2_PLACEMENT_3D ( 'NONE', #2907, #247, #5615 ) ;
#5770 = AXIS2_PLACEMENT_3D ( 'NONE', #3210, #1378, #6578 ) ;
#5771 = DIRECTION ( 'NONE',  ( 0.000000000000000000, 0.000000000000000000, 1.000000000000000000 ) ) ;
#5772 = EDGE_CURVE ( 'NONE', #751, #2215, #1693, .T. ) ;
#5773 = DIRECTION ( 'NONE',  ( 0.000000000000000000, 0.000000000000000000, 1.000000000000000000 ) ) ;
#5774 = EDGE_CURVE ( 'NONE', #6145, #1244, #6508, .T. ) ;
#5775 = ORIENTED_EDGE ( 'NONE', *, *, #406, .T. ) ;
#5776 = VECTOR ( 'NONE', #7075, 1000.000000000000000 ) ;
#5777 = DIRECTION ( 'NONE',  ( 0.000000000000000000, 0.000000000000000000, -1.000000000000000000 ) ) ;
#5778 = DIRECTION ( 'NONE',  ( 0.000000000000000000, 0.000000000000000000, 1.000000000000000000 ) ) ;
#5779 = EDGE_LOOP ( 'NONE', ( #4446, #8050, #8095, #8040 ) ) ;
#5780 = VERTEX_POINT ( 'NONE', #8792 ) ;
#5781 = VECTOR ( 'NONE', #4812, 1000.000000000000000 ) ;
#5782 = VERTEX_POINT ( 'NONE', #6794 ) ;
#5783 = DIRECTION ( 'NONE',  ( 0.000000000000000000, 0.000000000000000000, 1.000000000000000000 ) ) ;
#5784 = DIRECTION ( 'NONE',  ( 0.000000000000000000, 0.000000000000000000, 1.000000000000000000 ) ) ;
#5785 = DIRECTION ( 'NONE',  ( -1.000000000000000000, -0.000000000000000000, -0.000000000000000000 ) ) ;
#5786 = ADVANCED_FACE ( 'NONE', ( #715 ), #764, .F. ) ;
#5787 = EDGE_CURVE ( 'NONE', #2173, #1129, #2098, .T. ) ;
#5788 = CARTESIAN_POINT ( 'NONE',  ( -12.69999999999999751, 3.577867169202164632E-15, 88.90000000000000568 ) ) ;
#5789 = DIRECTION ( 'NONE',  ( 0.000000000000000000, 0.000000000000000000, -1.000000000000000000 ) ) ;
#5790 = VERTEX_POINT ( 'NONE', #4512 ) ;
#5791 = EDGE_LOOP ( 'NONE', ( #5968, #8698, #2829, #3215 ) ) ;
#5792 = DIRECTION ( 'NONE',  ( -1.000000000000000000, 0.000000000000000000, 0.000000000000000000 ) ) ;
#5793 = CARTESIAN_POINT ( 'NONE',  ( -12.69999999999999751, -4.072800018551144596, 104.1310478351178972 ) ) ;
#5794 = CARTESIAN_POINT ( 'NONE',  ( 0.000000000000000000, -22.22499999999999787, 12.69999999999999929 ) ) ;
#5795 = ORIENTED_EDGE ( 'NONE', *, *, #8554, .F. ) ;
#5796 = DIRECTION ( 'NONE',  ( 0.000000000000000000, 0.000000000000000000, 1.000000000000000000 ) ) ;
#5797 = ORIENTED_EDGE ( 'NONE', *, *, #3896, .F. ) ;
#5798 = CYLINDRICAL_SURFACE ( 'NONE', #931, 2.499999999999988454 ) ;
#5799 = DIRECTION ( 'NONE',  ( -1.000000000000000000, -0.000000000000000000, -0.000000000000000000 ) ) ;
#5800 = ORIENTED_EDGE ( 'NONE', *, *, #1117, .T. ) ;
#5801 = VERTEX_POINT ( 'NONE', #3806 ) ;
#5803 = CARTESIAN_POINT ( 'NONE',  ( 12.70000000000000107, 3.577867169202164632E-15, 38.10000000000001563 ) ) ;
#5802 = AXIS2_PLACEMENT_3D ( 'NONE', #1910, #4573, #4527 ) ;
#5804 = CYLINDRICAL_SURFACE ( 'NONE', #5759, 2.270999999999995467 ) ;
#5805 = ORIENTED_EDGE ( 'NONE', *, *, #4267, .F. ) ;
#5806 = CYLINDRICAL_SURFACE ( 'NONE', #4184, 2.499999999999988454 ) ;
#5807 = ORIENTED_EDGE ( 'NONE', *, *, #6921, .F. ) ;
#5808 = LINE ( 'NONE', #225, #4276 ) ;
#5809 = VECTOR ( 'NONE', #737, 1000.000000000000000 ) ;
#5810 = ADVANCED_FACE ( 'NONE', ( #391 ), #3097, .T. ) ;
#5811 = CARTESIAN_POINT ( 'NONE',  ( -9.525000000000000355, -14.15672222192825025, 48.66177646900194276 ) ) ;
#5812 = VECTOR ( 'NONE', #1210, 1000.000000000000000 ) ;
#5813 = DIRECTION ( 'NONE',  ( 0.000000000000000000, 0.000000000000000000, -1.000000000000000000 ) ) ;
#5814 = ORIENTED_EDGE ( 'NONE', *, *, #238, .T. ) ;
#5815 = CARTESIAN_POINT ( 'NONE',  ( -9.525000000000002132, 3.061616997868370815E-16, 61.00000000000000711 ) ) ;
#5816 = ORGANIZATION ( 'UNSPECIFIED', 'UNSPECIFIED', '' ) ;
#5817 = DIRECTION ( 'NONE',  ( -1.000000000000000000, 0.000000000000000000, 0.000000000000000000 ) ) ;
#5818 = VERTEX_POINT ( 'NONE', #8633 ) ;
#5819 = ORIENTED_EDGE ( 'NONE', *, *, #3054, .T. ) ;
#5820 = AXIS2_PLACEMENT_3D ( 'NONE', #6936, #856, #3568 ) ;
#5821 = EDGE_CURVE ( 'NONE', #2710, #2434, #5666, .T. ) ;
#5822 = ORIENTED_EDGE ( 'NONE', *, *, #7898, .F. ) ;
#5823 = CARTESIAN_POINT ( 'NONE',  ( 12.70000000000000107, -16.22354728284505399, 35.83785636811216335 ) ) ;
#5824 = DIRECTION ( 'NONE',  ( -1.000000000000000000, 0.000000000000000000, 0.000000000000000000 ) ) ;
#5825 = DIRECTION ( 'NONE',  ( -0.000000000000000000, 1.000000000000000000, -0.000000000000000000 ) ) ;
#5826 = AXIS2_PLACEMENT_3D ( 'NONE', #5990, #6034, #2665 ) ;
#5827 = DIRECTION ( 'NONE',  ( -1.000000000000000000, 0.000000000000000000, 0.000000000000000000 ) ) ;
#5828 = DIRECTION ( 'NONE',  ( 0.000000000000000000, -1.000000000000000000, 0.000000000000000000 ) ) ;
#5829 = VERTEX_POINT ( 'NONE', #7634 ) ;
#5830 = ORIENTED_EDGE ( 'NONE', *, *, #3947, .T. ) ;
#5831 = ADVANCED_FACE ( 'NONE', ( #3140 ), #6505, .T. ) ;
#5832 = ADVANCED_FACE ( 'NONE', ( #8550 ), #5842, .T. ) ;
#5833 = EDGE_CURVE ( 'NONE', #5451, #2151, #1138, .T. ) ;
#5834 = AXIS2_PLACEMENT_3D ( 'NONE', #3970, #2509, #5349 ) ;
#5835 = DIRECTION ( 'NONE',  ( -1.000000000000000000, -0.000000000000000000, -0.000000000000000000 ) ) ;
#5836 = CARTESIAN_POINT ( 'NONE',  ( 12.70000000000000107, -15.22687436074365230, 92.98837563695990127 ) ) ;
#5837 = DIRECTION ( 'NONE',  ( -1.000000000000000000, 0.000000000000000000, 0.000000000000000000 ) ) ;
#5838 = VERTEX_POINT ( 'NONE', #2468 ) ;
#5839 = DIRECTION ( 'NONE',  ( -1.000000000000000000, 0.000000000000000000, 0.000000000000000000 ) ) ;
#5840 = EDGE_LOOP ( 'NONE', ( #5873, #8617 ) ) ;
#5841 = AXIS2_PLACEMENT_3D ( 'NONE', #1607, #2936, #1565 ) ;
#5842 = CYLINDRICAL_SURFACE ( 'NONE', #4248, 2.080499999999998906 ) ;
#5843 = ORIENTED_EDGE ( 'NONE', *, *, #7330, .T. ) ;
#5844 = VERTEX_POINT ( 'NONE', #6552 ) ;
#5845 = AXIS2_PLACEMENT_3D ( 'NONE', #7936, #7274, #7766 ) ;
#5846 = AXIS2_PLACEMENT_3D ( 'NONE', #8671, #5876, #4593 ) ;
#5847 = DIRECTION ( 'NONE',  ( 1.000000000000000000, 0.000000000000000000, 0.000000000000000000 ) ) ;
#5848 = CARTESIAN_POINT ( 'NONE',  ( 12.70000000000000107, 6.152699789198528002, 22.91892409761429406 ) ) ;
#5849 = CARTESIAN_POINT ( 'NONE',  ( -12.69999999999999751, -12.69999999999999929, 63.50000000000000000 ) ) ;
#5850 = ORIENTED_EDGE ( 'NONE', *, *, #5381, .F. ) ;
#5851 = CARTESIAN_POINT ( 'NONE',  ( 12.70000000000000107, -12.69999999999999929, 12.69999999999999929 ) ) ;
#5852 = EDGE_LOOP ( 'NONE', ( #7352, #7712, #8308, #5244 ) ) ;
#5853 = VECTOR ( 'NONE', #413, 1000.000000000000000 ) ;
#5854 = DIRECTION ( 'NONE',  ( 0.000000000000000000, 0.000000000000000000, 1.000000000000000000 ) ) ;
#5855 = AXIS2_PLACEMENT_3D ( 'NONE', #3830, #3165, #8575 ) ;
#5856 = DIRECTION ( 'NONE',  ( -1.000000000000000000, -0.000000000000000000, -0.000000000000000000 ) ) ;
#5857 = DIRECTION ( 'NONE',  ( 0.000000000000000000, 0.000000000000000000, 1.000000000000000000 ) ) ;
#5858 = VERTEX_POINT ( 'NONE', #7921 ) ;
#5859 = DIRECTION ( 'NONE',  ( 1.000000000000000000, 0.000000000000000000, 0.000000000000000000 ) ) ;
#5860 = EDGE_CURVE ( 'NONE', #2384, #4843, #2132, .T. ) ;
#5861 = DIRECTION ( 'NONE',  ( 0.000000000000000000, 0.000000000000000000, 1.000000000000000000 ) ) ;
#5862 = AXIS2_PLACEMENT_3D ( 'NONE', #2892, #6217, #1523 ) ;
#5863 = ORIENTED_EDGE ( 'NONE', *, *, #6317, .T. ) ;
#5864 = ORIENTED_EDGE ( 'NONE', *, *, #1338, .T. ) ;
#5865 = DIRECTION ( 'NONE',  ( -1.000000000000000000, -0.000000000000000000, -0.000000000000000000 ) ) ;
#5867 = DIRECTION ( 'NONE',  ( -1.000000000000000000, -0.000000000000000000, -0.000000000000000000 ) ) ;
#5866 = VECTOR ( 'NONE', #6166, 1000.000000000000000 ) ;
#5868 = CARTESIAN_POINT ( 'NONE',  ( -12.69999999999999929, 12.69999999999999929, 15.19999999999998863 ) ) ;
#5869 = CARTESIAN_POINT ( 'NONE',  ( 9.525000000000000355, 2.068405620284300195, 20.55903068698950520 ) ) ;
#5870 = EDGE_CURVE ( 'NONE', #7664, #6723, #4554, .T. ) ;
#5871 = DIRECTION ( 'NONE',  ( 0.000000000000000000, 0.000000000000000000, -1.000000000000000000 ) ) ;
#5872 = ORIENTED_EDGE ( 'NONE', *, *, #6597, .T. ) ;
#5873 = ORIENTED_EDGE ( 'NONE', *, *, #4760, .F. ) ;
#5874 = AXIS2_PLACEMENT_3D ( 'NONE', #6604, #6735, #659 ) ;
#5875 = LINE ( 'NONE', #3885, #383 ) ;
#5876 = DIRECTION ( 'NONE',  ( -1.000000000000000000, 0.000000000000000000, 0.000000000000000000 ) ) ;
#5877 = CARTESIAN_POINT ( 'NONE',  ( -12.69999999999999751, -12.69999999999999929, 10.20000000000000817 ) ) ;
#5878 = CARTESIAN_POINT ( 'NONE',  ( -9.525000000000000355, -15.22687436074362388, 34.01162436304002767 ) ) ;
#5879 = EDGE_LOOP ( 'NONE', ( #1336, #6993, #2341, #113 ) ) ;
#5880 = FACE_OUTER_BOUND ( 'NONE', #6445, .T. ) ;
#5881 = ORIENTED_EDGE ( 'NONE', *, *, #4966, .T. ) ;
#5882 = EDGE_CURVE ( 'NONE', #4544, #2328, #423, .T. ) ;
#5883 = CIRCLE ( 'NONE', #364, 2.080499999999998906 ) ;
#5884 = ADVANCED_FACE ( 'NONE', ( #1098 ), #8506, .F. ) ;
#5885 = EDGE_CURVE ( 'NONE', #4422, #5947, #3646, .T. ) ;
#5886 = DIRECTION ( 'NONE',  ( -1.000000000000000000, 0.000000000000000000, 0.000000000000000000 ) ) ;
#5887 = ORIENTED_EDGE ( 'NONE', *, *, #5291, .T. ) ;
#5888 = ORIENTED_EDGE ( 'NONE', *, *, #1532, .F. ) ;
#5889 = AXIS2_PLACEMENT_3D ( 'NONE', #4217, #44, #6922 ) ;
#5890 = DIRECTION ( 'NONE',  ( 0.000000000000000000, -1.667602476305511223E-15, 1.000000000000000000 ) ) ;
#5891 = CARTESIAN_POINT ( 'NONE',  ( 1.861463134703975909E-15, 25.40000000000000213, 111.8000000000000114 ) ) ;
#5892 = VERTEX_POINT ( 'NONE', #936 ) ;
#5893 = DIRECTION ( 'NONE',  ( 0.000000000000000000, 1.000000000000000000, 0.000000000000000000 ) ) ;
#5894 = ADVANCED_FACE ( 'NONE', ( #3601 ), #5131, .T. ) ;
#5895 = EDGE_CURVE ( 'NONE', #4882, #881, #7837, .T. ) ;
#5896 = ORIENTED_EDGE ( 'NONE', *, *, #1722, .T. ) ;
#5897 = VECTOR ( 'NONE', #3981, 1000.000000000000000 ) ;
#5898 = FACE_BOUND ( 'NONE', #6227, .T. ) ;
#5899 = AXIS2_PLACEMENT_3D ( 'NONE', #4291, #6995, #921 ) ;
#5900 = FACE_OUTER_BOUND ( 'NONE', #3633, .T. ) ;
#5901 = DIRECTION ( 'NONE',  ( 0.000000000000000000, 0.000000000000000000, 1.000000000000000000 ) ) ;
#5902 = VERTEX_POINT ( 'NONE', #223 ) ;
#5903 = LINE ( 'NONE', #5198, #6778 ) ;
#5904 = CYLINDRICAL_SURFACE ( 'NONE', #1149, 2.080499999999998906 ) ;
#5905 = CIRCLE ( 'NONE', #2093, 14.30000000000000071 ) ;
#5906 = CIRCLE ( 'NONE', #6346, 2.080499999999998906 ) ;
#5907 = VERTEX_POINT ( 'NONE', #2932 ) ;
#5908 = ORIENTED_EDGE ( 'NONE', *, *, #226, .T. ) ;
#5909 = VECTOR ( 'NONE', #104, 1000.000000000000000 ) ;
#5910 = CARTESIAN_POINT ( 'NONE',  ( 12.70000000000000107, 15.22687436074368783, 34.01162436304024084 ) ) ;
#5911 = AXIS2_PLACEMENT_3D ( 'NONE', #7585, #220, #3642 ) ;
#5912 = CYLINDRICAL_SURFACE ( 'NONE', #1750, 2.080499999999998906 ) ;
#5913 = DIRECTION ( 'NONE',  ( 0.000000000000000000, 0.000000000000000000, 1.000000000000000000 ) ) ;
#5914 = DIRECTION ( 'NONE',  ( -1.000000000000000000, -0.000000000000000000, -0.000000000000000000 ) ) ;
#5915 = CYLINDRICAL_SURFACE ( 'NONE', #1279, 17.66250000000000497 ) ;
#5916 = ORIENTED_EDGE ( 'NONE', *, *, #7943, .F. ) ;
#5917 = ORIENTED_EDGE ( 'NONE', *, *, #6919, .F. ) ;
#5918 = AXIS2_PLACEMENT_3D ( 'NONE', #2810, #771, #6135 ) ;
#5919 = EDGE_CURVE ( 'NONE', #6539, #7692, #2271, .T. ) ;
#5920 = CARTESIAN_POINT ( 'NONE',  ( -12.69999999999999751, 0.000000000000000000, 12.69999999999993356 ) ) ;
#5921 = FACE_OUTER_BOUND ( 'NONE', #4010, .T. ) ;
#5922 = DIRECTION ( 'NONE',  ( -0.000000000000000000, 1.000000000000000000, -0.000000000000000000 ) ) ;
#5923 = FACE_OUTER_BOUND ( 'NONE', #1752, .T. ) ;
#5924 = ORIENTED_EDGE ( 'NONE', *, *, #2554, .F. ) ;
#5925 = CARTESIAN_POINT ( 'NONE',  ( -12.69999999999999751, 3.577867169202164632E-15, 38.10000000000001563 ) ) ;
#5926 = ORIENTED_EDGE ( 'NONE', *, *, #3505, .F. ) ;
#5927 = DIRECTION ( 'NONE',  ( -1.000000000000000000, -0.000000000000000000, -0.000000000000000000 ) ) ;
#5928 = ORIENTED_EDGE ( 'NONE', *, *, #1991, .F. ) ;
#5929 = ORIENTED_EDGE ( 'NONE', *, *, #5182, .F. ) ;
#5930 = EDGE_CURVE ( 'NONE', #8593, #1163, #8358, .T. ) ;
#5931 = CARTESIAN_POINT ( 'NONE',  ( 9.525000000000000355, 10.07084749364666365, 75.98106772950217191 ) ) ;
#5932 = DIRECTION ( 'NONE',  ( 0.000000000000000000, 0.000000000000000000, -1.000000000000000000 ) ) ;
#5933 = CARTESIAN_POINT ( 'NONE',  ( 1.080765552152139773E-15, 22.22500000000000142, 35.60000000000000853 ) ) ;
#5934 = VERTEX_POINT ( 'NONE', #4471 ) ;
#5935 = CYLINDRICAL_SURFACE ( 'NONE', #3898, 2.080499999999998906 ) ;
#5936 = VERTEX_POINT ( 'NONE', #1981 ) ;
#5937 = DIRECTION ( 'NONE',  ( 0.000000000000000000, 0.000000000000000000, 1.000000000000000000 ) ) ;
#5938 = EDGE_CURVE ( 'NONE', #5604, #3736, #4827, .T. ) ;
#5939 = EDGE_CURVE ( 'NONE', #3848, #1163, #3314, .T. ) ;
#5940 = EDGE_CURVE ( 'NONE', #7646, #4067, #7788, .T. ) ;
#5941 = CYLINDRICAL_SURFACE ( 'NONE', #5708, 2.270999999999995467 ) ;
#5942 = DIRECTION ( 'NONE',  ( 0.000000000000000000, 1.000000000000000000, 0.000000000000000000 ) ) ;
#5943 = AXIS2_PLACEMENT_3D ( 'NONE', #3226, #5927, #5221 ) ;
#5944 = VERTEX_POINT ( 'NONE', #2551 ) ;
#5945 = DIRECTION ( 'NONE',  ( -1.000000000000000000, -0.000000000000000000, -0.000000000000000000 ) ) ;
#5946 = FACE_OUTER_BOUND ( 'NONE', #3444, .T. ) ;
#5947 = VERTEX_POINT ( 'NONE', #3449 ) ;
#5948 = VERTEX_POINT ( 'NONE', #8679 ) ;
#5949 = LINE ( 'NONE', #1206, #1179 ) ;
#5950 = CARTESIAN_POINT ( 'NONE',  ( -12.69999999999999751, -12.33648634558010748, 100.3747697111192281 ) ) ;
#5951 = CARTESIAN_POINT ( 'NONE',  ( 7.746038523653021987E-16, 25.40000000000000213, 101.5999999999999943 ) ) ;
#5952 = DIRECTION ( 'NONE',  ( 0.000000000000000000, 0.000000000000000000, 1.000000000000000000 ) ) ;
#5953 = CIRCLE ( 'NONE', #5547, 2.080499999999998906 ) ;
#5954 = LINE ( 'NONE', #2587, #2701 ) ;
#5955 = ORIENTED_EDGE ( 'NONE', *, *, #505, .T. ) ;
#5956 = ORIENTED_EDGE ( 'NONE', *, *, #5728, .T. ) ;
#5958 = CARTESIAN_POINT ( 'NONE',  ( 12.70000000000000107, 3.577867169202164632E-15, 38.10000000000001563 ) ) ;
#5957 = CIRCLE ( 'NONE', #7100, 2.271000000000009234 ) ;
#5959 = CARTESIAN_POINT ( 'NONE',  ( 9.525000000000000355, 3.577867169202164632E-15, 88.90000000000000568 ) ) ;
#5960 = CARTESIAN_POINT ( 'NONE',  ( 9.525000000000000355, 12.69999999999999929, 114.2999999999999972 ) ) ;
#5961 = CYLINDRICAL_SURFACE ( 'NONE', #1293, 2.499999999999988454 ) ;
#5962 = ORIENTED_EDGE ( 'NONE', *, *, #8759, .T. ) ;
#5963 = CARTESIAN_POINT ( 'NONE',  ( 9.525000000000000355, 12.69999999999999929, 111.8000000000000114 ) ) ;
#5964 = ORIENTED_EDGE ( 'NONE', *, *, #1507, .T. ) ;
#5965 = CARTESIAN_POINT ( 'NONE',  ( 1.555301434917138433E-15, 25.40000000000000213, 114.2999999999999972 ) ) ;
#5966 = ORIENTED_EDGE ( 'NONE', *, *, #2311, .T. ) ;
#5967 = EDGE_CURVE ( 'NONE', #2232, #4503, #7343, .T. ) ;
#5968 = ORIENTED_EDGE ( 'NONE', *, *, #898, .F. ) ;
#5969 = AXIS2_PLACEMENT_3D ( 'NONE', #5373, #7944, #5326 ) ;
#5970 = CARTESIAN_POINT ( 'NONE',  ( 9.525000000000000355, -22.22499999999999787, 127.0000000000000000 ) ) ;
#5971 = AXIS2_PLACEMENT_3D ( 'NONE', #4595, #8673, #5302 ) ;
#5972 = DIRECTION ( 'NONE',  ( 1.000000000000000000, -0.000000000000000000, -0.000000000000000000 ) ) ;
#5973 = DIRECTION ( 'NONE',  ( 0.000000000000000000, 5.419708047992911671E-15, -1.000000000000000000 ) ) ;
#5974 = ORIENTED_EDGE ( 'NONE', *, *, #3374, .F. ) ;
#5975 = LINE ( 'NONE', #8688, #215 ) ;
#5976 = ORIENTED_EDGE ( 'NONE', *, *, #4528, .T. ) ;
#5977 = ADVANCED_FACE ( 'NONE', ( #6147, #4022 ), #650, .T. ) ;
#5978 = VERTEX_POINT ( 'NONE', #1224 ) ;
#5979 = CARTESIAN_POINT ( 'NONE',  ( 12.70000000000000107, 8.791741348502629450, 26.82191132943933454 ) ) ;
#5980 = AXIS2_PLACEMENT_3D ( 'NONE', #7592, #99, #3605 ) ;
#5981 = AXIS2_PLACEMENT_3D ( 'NONE', #8776, #4786, #2167 ) ;
#5982 = CARTESIAN_POINT ( 'NONE',  ( -12.69999999999999929, 3.061616997868373773E-16, 61.00000000000001421 ) ) ;
#5983 = DIRECTION ( 'NONE',  ( 0.000000000000000000, 0.000000000000000000, -1.000000000000000000 ) ) ;
#5984 = AXIS2_PLACEMENT_3D ( 'NONE', #4703, #2616, #6611 ) ;
#5985 = AXIS2_PLACEMENT_3D ( 'NONE', #65, #2678, #820 ) ;
#5986 = VERTEX_POINT ( 'NONE', #4641 ) ;
#5987 = DIRECTION ( 'NONE',  ( -1.000000000000000000, -0.000000000000000000, -0.000000000000000000 ) ) ;
#5988 = EDGE_CURVE ( 'NONE', #5978, #5032, #8501, .T. ) ;
#5989 = EDGE_CURVE ( 'NONE', #6271, #6690, #7934, .T. ) ;
#5990 = CARTESIAN_POINT ( 'NONE',  ( 12.70000000000000107, -12.33648634558010748, 98.10376971111922728 ) ) ;
#5991 = EDGE_CURVE ( 'NONE', #412, #5936, #6776, .T. ) ;
#5992 = ORIENTED_EDGE ( 'NONE', *, *, #4329, .T. ) ;
#5993 = CIRCLE ( 'NONE', #2179, 2.080499999999998906 ) ;
#5994 = FACE_OUTER_BOUND ( 'NONE', #5150, .T. ) ;
#5995 = DIRECTION ( 'NONE',  ( -0.000000000000000000, 1.000000000000000000, -0.000000000000000000 ) ) ;
#5996 = DIRECTION ( 'NONE',  ( -1.000000000000000000, -0.000000000000000000, -0.000000000000000000 ) ) ;
#5997 = CARTESIAN_POINT ( 'NONE',  ( 12.70000000000000107, -25.39999999999999503, 127.0000000000000000 ) ) ;
#5998 = DIRECTION ( 'NONE',  ( 0.000000000000000000, 0.000000000000000000, 1.000000000000000000 ) ) ;
#5999 = CIRCLE ( 'NONE', #6857, 17.66250000000000497 ) ;
#6000 = EDGE_CURVE ( 'NONE', #3053, #5374, #565, .T. ) ;
#6001 = EDGE_CURVE ( 'NONE', #3239, #26, #6092, .T. ) ;
#6002 = CARTESIAN_POINT ( 'NONE',  ( -12.69999999999999751, 6.152699789198528002, 22.91892409761429406 ) ) ;
#6003 = ORIENTED_EDGE ( 'NONE', *, *, #4690, .T. ) ;
#6004 = ORIENTED_EDGE ( 'NONE', *, *, #1770, .T. ) ;
#6005 = AXIS2_PLACEMENT_3D ( 'NONE', #1734, #5104, #5813 ) ;
#6006 = ORIENTED_EDGE ( 'NONE', *, *, #251, .F. ) ;
#6007 = DIRECTION ( 'NONE',  ( -1.000000000000000000, -0.000000000000000000, -0.000000000000000000 ) ) ;
#6008 = CARTESIAN_POINT ( 'NONE',  ( -12.69999999999999751, -16.22512784221249404, 31.12080715599139324 ) ) ;
#6009 = CYLINDRICAL_SURFACE ( 'NONE', #5971, 2.080499999999998906 ) ;
#6010 = ORIENTED_EDGE ( 'NONE', *, *, #1924, .F. ) ;
#6011 = CARTESIAN_POINT ( 'NONE',  ( 12.70000000000000107, 3.577867169202164632E-15, 88.90000000000000568 ) ) ;
#6012 = ORIENTED_EDGE ( 'NONE', *, *, #5357, .T. ) ;
#6013 = LINE ( 'NONE', #8724, #7510 ) ;
#6014 = EDGE_LOOP ( 'NONE', ( #4869, #3988, #3924, #2855 ) ) ;
#6015 = AXIS2_PLACEMENT_3D ( 'NONE', #2178, #7537, #1468 ) ;
#6016 = ORIENTED_EDGE ( 'NONE', *, *, #2955, .T. ) ;
#6017 = DIRECTION ( 'NONE',  ( -1.000000000000000000, -0.000000000000000000, -0.000000000000000000 ) ) ;
#6018 = VECTOR ( 'NONE', #3018, 1000.000000000000000 ) ;
#6019 = DATE_AND_TIME ( #2034, #1280 ) ;
#6020 = VERTEX_POINT ( 'NONE', #3975 ) ;
#6021 = CARTESIAN_POINT ( 'NONE',  ( 12.70000000000000107, 3.577867169202164632E-15, 88.90000000000000568 ) ) ;
#6022 = ORIENTED_EDGE ( 'NONE', *, *, #5472, .T. ) ;
#6023 = CARTESIAN_POINT ( 'NONE',  ( 12.70000000000000107, 8.791741348502629450, 77.62191132943932814 ) ) ;
#6024 = ORIENTED_EDGE ( 'NONE', *, *, #1453, .T. ) ;
#6025 = ORIENTED_EDGE ( 'NONE', *, *, #3751, .T. ) ;
#6026 = CARTESIAN_POINT ( 'NONE',  ( 9.525000000000000355, 3.577867169202164632E-15, 88.90000000000000568 ) ) ;
#6027 = AXIS2_PLACEMENT_3D ( 'NONE', #8037, #7463, #2146 ) ;
#6028 = EDGE_CURVE ( 'NONE', #583, #7353, #4397, .T. ) ;
#6029 = CARTESIAN_POINT ( 'NONE',  ( 12.70000000000000107, -12.33648634558004353, 79.69623028888069882 ) ) ;
#6031 = CARTESIAN_POINT ( 'NONE',  ( 9.525000000000000355, 3.577867169202164632E-15, 38.10000000000001563 ) ) ;
#6030 = VECTOR ( 'NONE', #711, 1000.000000000000000 ) ;
#6032 = ORIENTED_EDGE ( 'NONE', *, *, #8103, .F. ) ;
#6033 = CARTESIAN_POINT ( 'NONE',  ( 12.70000000000000107, 3.577867169202164632E-15, 38.10000000000001563 ) ) ;
#6034 = DIRECTION ( 'NONE',  ( -1.000000000000000000, -0.000000000000000000, -0.000000000000000000 ) ) ;
#6035 = ORIENTED_EDGE ( 'NONE', *, *, #7738, .F. ) ;
#6036 = AXIS2_PLACEMENT_3D ( 'NONE', #8382, #3764, #7093 ) ;
#6037 = EDGE_CURVE ( 'NONE', #4939, #7969, #8094, .T. ) ;
#6038 = EDGE_CURVE ( 'NONE', #1787, #7598, #6013, .T. ) ;
#6039 = DIRECTION ( 'NONE',  ( 0.000000000000000000, 0.000000000000000000, 1.000000000000000000 ) ) ;
#6040 = CYLINDRICAL_SURFACE ( 'NONE', #3310, 14.30000000000000782 ) ;
#6041 = CARTESIAN_POINT ( 'NONE',  ( 9.525000000000000355, 3.577867169202164632E-15, 88.90000000000000568 ) ) ;
#6042 = CARTESIAN_POINT ( 'NONE',  ( -9.525000000000000355, 1.802455207620993427, 53.38559542427184823 ) ) ;
#6043 = CARTESIAN_POINT ( 'NONE',  ( 1.861463134703975909E-15, 22.22500000000000142, 73.70000000000000284 ) ) ;
#6044 = DIRECTION ( 'NONE',  ( 0.000000000000000000, -1.667602476305511223E-15, 1.000000000000000000 ) ) ;
#6045 = ORIENTED_EDGE ( 'NONE', *, *, #8431, .F. ) ;
#6046 = ORIENTED_EDGE ( 'NONE', *, *, #5464, .F. ) ;
#6047 = VECTOR ( 'NONE', #4155, 1000.000000000000000 ) ;
#6048 = AXIS2_PLACEMENT_3D ( 'NONE', #6836, #2050, #6075 ) ;
#6049 = EDGE_CURVE ( 'NONE', #6716, #7969, #3115, .T. ) ;
#6050 = EDGE_CURVE ( 'NONE', #5892, #1486, #6101, .T. ) ;
#6051 = EDGE_CURVE ( 'NONE', #816, #5755, #850, .T. ) ;
#6052 = ORIENTED_EDGE ( 'NONE', *, *, #2742, .T. ) ;
#6053 = CARTESIAN_POINT ( 'NONE',  ( 12.70000000000000107, 12.33648634557998314, 47.30376971111940776 ) ) ;
#6054 = LINE ( 'NONE', #5487, #4873 ) ;
#6055 = CARTESIAN_POINT ( 'NONE',  ( -12.69999999999999751, 14.16298196909037088, 36.12517298397528975 ) ) ;
#6056 = EDGE_LOOP ( 'NONE', ( #6343, #1637, #6149, #3492 ) ) ;
#6057 = DIRECTION ( 'NONE',  ( -1.000000000000000000, 0.000000000000000000, 0.000000000000000000 ) ) ;
#6058 = ORIENTED_EDGE ( 'NONE', *, *, #8738, .F. ) ;
#6059 = DIRECTION ( 'NONE',  ( -1.000000000000000000, -0.000000000000000000, -0.000000000000000000 ) ) ;
#6060 = ORIENTED_EDGE ( 'NONE', *, *, #8380, .T. ) ;
#6061 = AXIS2_PLACEMENT_3D ( 'NONE', #2767, #2895, #6176 ) ;
#6062 = ORIENTED_EDGE ( 'NONE', *, *, #197, .F. ) ;
#6063 = DIRECTION ( 'NONE',  ( 1.000000000000000000, -0.000000000000000000, -0.000000000000000000 ) ) ;
#6064 = DIRECTION ( 'NONE',  ( 0.000000000000000000, 0.000000000000000000, -1.000000000000000000 ) ) ;
#6065 = APPLICATION_PROTOCOL_DEFINITION ( 'international standard', 'config_control_design', 1994, #786 ) ;
#6066 = ORIENTED_EDGE ( 'NONE', *, *, #283, .T. ) ;
#6067 = CARTESIAN_POINT ( 'NONE',  ( 12.70000000000000107, 3.577867169202164632E-15, 55.76250000000001705 ) ) ;
#6068 = ORIENTED_EDGE ( 'NONE', *, *, #1366, .F. ) ;
#6069 = CARTESIAN_POINT ( 'NONE',  ( -9.525000000000000355, 10.07084749364666365, 75.98106772950217191 ) ) ;
#6070 = VERTEX_POINT ( 'NONE', #5444 ) ;
#6071 = VERTEX_POINT ( 'NONE', #2076 ) ;
#6072 = CARTESIAN_POINT ( 'NONE',  ( 7.746038523653021987E-16, -22.22499999999999787, 53.29999999999998295 ) ) ;
#6073 = DIRECTION ( 'NONE',  ( 0.000000000000000000, 0.000000000000000000, 1.000000000000000000 ) ) ;
#6074 = CARTESIAN_POINT ( 'NONE',  ( -9.525000000000000355, -14.16298196909033535, 36.12517298397507659 ) ) ;
#6075 = DIRECTION ( 'NONE',  ( 0.000000000000000000, 0.000000000000000000, 1.000000000000000000 ) ) ;
#6076 = CARTESIAN_POINT ( 'NONE',  ( 12.70000000000000107, -4.072800018551144596, 22.86895216488212412 ) ) ;
#6077 = VERTEX_POINT ( 'NONE', #4780 ) ;
#6078 = DIRECTION ( 'NONE',  ( 1.000000000000000000, 0.000000000000000000, 0.000000000000000000 ) ) ;
#6079 = FACE_OUTER_BOUND ( 'NONE', #411, .T. ) ;
#6080 = EDGE_CURVE ( 'NONE', #4904, #816, #1408, .T. ) ;
#6081 = ORIENTED_EDGE ( 'NONE', *, *, #3000, .T. ) ;
#6082 = CARTESIAN_POINT ( 'NONE',  ( 9.525000000000000355, -1.802455207620986100, 73.61440457572818730 ) ) ;
#6083 = CIRCLE ( 'NONE', #4395, 2.499999999999988454 ) ;
#6084 = CARTESIAN_POINT ( 'NONE',  ( 12.70000000000000107, -16.22512784221249404, 81.92080715599139751 ) ) ;
#6085 = LINE ( 'NONE', #5517, #482 ) ;
#6086 = CYLINDRICAL_SURFACE ( 'NONE', #2067, 2.499999999999988454 ) ;
#6087 = CARTESIAN_POINT ( 'NONE',  ( -12.69999999999999751, -14.13894155320104851, 82.81817428684736626 ) ) ;
#6088 = CARTESIAN_POINT ( 'NONE',  ( -9.525000000000000355, 14.13894155320113555, 82.81817428684756521 ) ) ;
#6089 = ORIENTED_EDGE ( 'NONE', *, *, #7896, .T. ) ;
#6090 = ADVANCED_FACE ( 'NONE', ( #3577 ), #961, .F. ) ;
#6091 = ORIENTED_EDGE ( 'NONE', *, *, #4438, .T. ) ;
#6092 = CIRCLE ( 'NONE', #3547, 2.080499999999998906 ) ;
#6093 = ORIENTED_EDGE ( 'NONE', *, *, #2154, .T. ) ;
#6094 = CARTESIAN_POINT ( 'NONE',  ( 7.746038523653021987E-16, -22.22499999999999787, 88.89999999999999147 ) ) ;
#6095 = FACE_BOUND ( 'NONE', #731, .T. ) ;
#6096 = CARTESIAN_POINT ( 'NONE',  ( -9.525000000000000355, 3.577867169202164632E-15, 88.90000000000000568 ) ) ;
#6097 = AXIS2_PLACEMENT_3D ( 'NONE', #2673, #2631, #5479 ) ;
#6098 = VERTEX_POINT ( 'NONE', #5579 ) ;
#6099 = CARTESIAN_POINT ( 'NONE',  ( 12.70000000000000107, -15.22687436074365230, 42.18837563695990411 ) ) ;
#6100 = ORIENTED_EDGE ( 'NONE', *, *, #1158, .F. ) ;
#6101 = LINE ( 'NONE', #7428, #4672 ) ;
#6102 = VERTEX_POINT ( 'NONE', #2908 ) ;
#6103 = AXIS2_PLACEMENT_3D ( 'NONE', #3146, #851, #186 ) ;
#6104 = EDGE_CURVE ( 'NONE', #128, #13, #7521, .T. ) ;
#6105 = CC_DESIGN_PERSON_AND_ORGANIZATION_ASSIGNMENT ( #873, #7573, ( #5540 ) ) ;
#6106 = EDGE_CURVE ( 'NONE', #976, #3192, #1582, .T. ) ;
#6107 = VERTEX_POINT ( 'NONE', #6946 ) ;
#6108 = EDGE_CURVE ( 'NONE', #2748, #3535, #6991, .T. ) ;
#6109 = AXIS2_PLACEMENT_3D ( 'NONE', #5152, #948, #5778 ) ;
#6110 = DIRECTION ( 'NONE',  ( 0.000000000000000000, 0.000000000000000000, 1.000000000000000000 ) ) ;
#6111 = DIRECTION ( 'NONE',  ( -0.000000000000000000, 1.000000000000000000, -0.000000000000000000 ) ) ;
#6112 = CARTESIAN_POINT ( 'NONE',  ( 12.70000000000000107, 3.577867169202164632E-15, 38.10000000000001563 ) ) ;
#6113 = VERTEX_POINT ( 'NONE', #917 ) ;
#6114 = DIRECTION ( 'NONE',  ( -1.000000000000000000, -0.000000000000000000, -0.000000000000000000 ) ) ;
#6115 = CIRCLE ( 'NONE', #7669, 2.271000000000002128 ) ;
#6116 = ORIENTED_EDGE ( 'NONE', *, *, #4691, .T. ) ;
#6117 = EDGE_CURVE ( 'NONE', #1247, #1211, #8068, .T. ) ;
#6118 = EDGE_LOOP ( 'NONE', ( #8536, #6251, #926, #7611 ) ) ;
#6119 = FACE_OUTER_BOUND ( 'NONE', #8377, .T. ) ;
#6120 = AXIS2_PLACEMENT_3D ( 'NONE', #3261, #3222, #2596 ) ;
#6121 = CARTESIAN_POINT ( 'NONE',  ( 12.70000000000000107, -14.15672222192817387, 78.33822353099797908 ) ) ;
#6122 = LINE ( 'NONE', #45, #8609 ) ;
#6123 = CYLINDRICAL_SURFACE ( 'NONE', #4601, 2.270999999999995467 ) ;
#6124 = EDGE_LOOP ( 'NONE', ( #2677, #5356, #8352, #1345 ) ) ;
#6125 = CARTESIAN_POINT ( 'NONE',  ( -9.525000000000000355, -5.371240620587821368, 102.1529156865856294 ) ) ;
#6126 = VECTOR ( 'NONE', #8417, 1000.000000000000000 ) ;
#6127 = DIRECTION ( 'NONE',  ( -1.000000000000000000, 0.000000000000000000, 0.000000000000000000 ) ) ;
#6128 = EDGE_LOOP ( 'NONE', ( #8667, #5489, #1056, #3356 ) ) ;
#6129 = CIRCLE ( 'NONE', #3154, 2.080499999999998906 ) ;
#6131 = FACE_OUTER_BOUND ( 'NONE', #15, .T. ) ;
#6130 = CIRCLE ( 'NONE', #6844, 2.271000000000002128 ) ;
#6132 = DIRECTION ( 'NONE',  ( -1.000000000000000000, -0.000000000000000000, -0.000000000000000000 ) ) ;
#6133 = DIRECTION ( 'NONE',  ( -1.000000000000000000, -0.000000000000000000, -0.000000000000000000 ) ) ;
#6134 = LINE ( 'NONE', #6888, #5748 ) ;
#6135 = DIRECTION ( 'NONE',  ( 0.000000000000000000, 0.000000000000000000, 1.000000000000000000 ) ) ;
#6136 = CARTESIAN_POINT ( 'NONE',  ( 9.525000000000000355, 16.22512784221258997, 31.12080715599162417 ) ) ;
#6137 = VERTEX_POINT ( 'NONE', #825 ) ;
#6138 = ORIENTED_EDGE ( 'NONE', *, *, #7923, .T. ) ;
#6139 = CIRCLE ( 'NONE', #6427, 14.30000000000000071 ) ;
#6140 = ORIENTED_EDGE ( 'NONE', *, *, #1721, .T. ) ;
#6141 = EDGE_CURVE ( 'NONE', #783, #206, #2273, .T. ) ;
#6142 = DIRECTION ( 'NONE',  ( 1.000000000000000000, 0.000000000000000000, 0.000000000000000000 ) ) ;
#6143 = CARTESIAN_POINT ( 'NONE',  ( -9.525000000000002132, -22.22499999999999787, 0.000000000000000000 ) ) ;
#6144 = CARTESIAN_POINT ( 'NONE',  ( 12.70000000000000107, -4.072800018551144596, 53.33104783511790714 ) ) ;
#6145 = VERTEX_POINT ( 'NONE', #6281 ) ;
#6146 = FACE_OUTER_BOUND ( 'NONE', #2090, .T. ) ;
#6147 = FACE_OUTER_BOUND ( 'NONE', #1018, .T. ) ;
#6148 = ORIENTED_EDGE ( 'NONE', *, *, #7069, .F. ) ;
#6149 = ORIENTED_EDGE ( 'NONE', *, *, #6754, .F. ) ;
#6150 = CIRCLE ( 'NONE', #5862, 2.271000000000002128 ) ;
#6151 = DIRECTION ( 'NONE',  ( -1.000000000000000000, -0.000000000000000000, -0.000000000000000000 ) ) ;
#6152 = EDGE_CURVE ( 'NONE', #2885, #252, #1700, .T. ) ;
#6153 = CARTESIAN_POINT ( 'NONE',  ( 9.525000000000000355, -11.15407434219252103, 100.0426721981579590 ) ) ;
#6154 = EDGE_CURVE ( 'NONE', #5732, #6145, #8238, .T. ) ;
#6155 = APPROVAL_DATE_TIME ( #4249, #5076 ) ;
#6156 = DIRECTION ( 'NONE',  ( 0.000000000000000000, 0.000000000000000000, 1.000000000000000000 ) ) ;
#6157 = ORIENTED_EDGE ( 'NONE', *, *, #360, .F. ) ;
#6158 = DIRECTION ( 'NONE',  ( -1.000000000000000000, -0.000000000000000000, -0.000000000000000000 ) ) ;
#6159 = VECTOR ( 'NONE', #6299, 1000.000000000000000 ) ;
#6160 = VERTEX_POINT ( 'NONE', #8324 ) ;
#6161 = VERTEX_POINT ( 'NONE', #7609 ) ;
#6162 = AXIS2_PLACEMENT_3D ( 'NONE', #5766, #8471, #7140 ) ;
#6163 = CARTESIAN_POINT ( 'NONE',  ( -12.69999999999999929, 12.69999999999999929, 116.7999999999999829 ) ) ;
#6164 = EDGE_CURVE ( 'NONE', #6506, #4405, #4534, .T. ) ;
#6165 = CARTESIAN_POINT ( 'NONE',  ( 9.525000000000000355, -8.791741348502544184, 100.1780886705607543 ) ) ;
#6166 = DIRECTION ( 'NONE',  ( -1.000000000000000000, -0.000000000000000000, -0.000000000000000000 ) ) ;
#6167 = VERTEX_POINT ( 'NONE', #8365 ) ;
#6168 = CARTESIAN_POINT ( 'NONE',  ( -12.69999999999999751, 3.061616997868373773E-16, 61.00000000000000711 ) ) ;
#6169 = AXIS2_PLACEMENT_3D ( 'NONE', #2584, #5334, #5292 ) ;
#6170 = FACE_OUTER_BOUND ( 'NONE', #1781, .T. ) ;
#6171 = CIRCLE ( 'NONE', #2353, 2.499999999999988454 ) ;
#6172 = CARTESIAN_POINT ( 'NONE',  ( 12.70000000000000107, 16.22512784221258997, 31.12080715599162417 ) ) ;
#6173 = CARTESIAN_POINT ( 'NONE',  ( -12.69999999999999751, -14.16298196909034779, 90.87482701602483814 ) ) ;
#6174 = DIRECTION ( 'NONE',  ( 0.000000000000000000, 1.000000000000000000, 0.000000000000000000 ) ) ;
#6175 = CARTESIAN_POINT ( 'NONE',  ( -9.525000000000000355, 14.16298196909033003, 40.07482701602503994 ) ) ;
#6176 = DIRECTION ( 'NONE',  ( 0.000000000000000000, 0.000000000000000000, 1.000000000000000000 ) ) ;
#6177 = DIRECTION ( 'NONE',  ( -0.000000000000000000, 1.000000000000000000, -0.000000000000000000 ) ) ;
#6178 = ORIENTED_EDGE ( 'NONE', *, *, #4820, .T. ) ;
#6179 = VECTOR ( 'NONE', #354, 1000.000000000000000 ) ;
#6180 = AXIS2_PLACEMENT_3D ( 'NONE', #4119, #4875, #6825 ) ;
#6181 = EDGE_LOOP ( 'NONE', ( #8205, #3230, #3250, #3078 ) ) ;
#6182 = EDGE_LOOP ( 'NONE', ( #6441, #1297, #2920, #12 ) ) ;
#6183 = CIRCLE ( 'NONE', #2927, 2.499999999999992006 ) ;
#6184 = DIRECTION ( 'NONE',  ( -0.000000000000000000, 1.000000000000000000, -0.000000000000000000 ) ) ;
#6185 = CIRCLE ( 'NONE', #808, 17.66249999999999787 ) ;
#6186 = CARTESIAN_POINT ( 'NONE',  ( -12.69999999999999751, 10.07084749364666365, 75.98106772950217191 ) ) ;
#6187 = CARTESIAN_POINT ( 'NONE',  ( 9.525000000000000355, -11.15407434219244465, 26.95732780184198774 ) ) ;
#6188 = EDGE_LOOP ( 'NONE', ( #4288, #7429, #3796, #6490 ) ) ;
#6189 = DIRECTION ( 'NONE',  ( 0.000000000000000000, 1.000000000000000000, 0.000000000000000000 ) ) ;
#6190 = CARTESIAN_POINT ( 'NONE',  ( 12.70000000000000107, 0.000000000000000000, 15.19999999999993001 ) ) ;
#6191 = ORIENTED_EDGE ( 'NONE', *, *, #6152, .F. ) ;
#6192 = ORIENTED_EDGE ( 'NONE', *, *, #1440, .F. ) ;
#6193 = AXIS2_PLACEMENT_3D ( 'NONE', #1845, #4552, #6636 ) ;
#6194 = CIRCLE ( 'NONE', #1527, 14.30000000000000782 ) ;
#6195 = DIRECTION ( 'NONE',  ( -1.000000000000000000, -0.000000000000000000, -0.000000000000000000 ) ) ;
#6196 = CARTESIAN_POINT ( 'NONE',  ( -9.525000000000000355, 14.16298196909033003, 90.87482701602503710 ) ) ;
#6197 = VECTOR ( 'NONE', #8622, 1000.000000000000000 ) ;
#6198 = VERTEX_POINT ( 'NONE', #2288 ) ;
#6199 = CARTESIAN_POINT ( 'NONE',  ( 9.525000000000000355, 16.22512784221244786, 95.87919284400875597 ) ) ;
#6200 = ORIENTED_EDGE ( 'NONE', *, *, #3772, .T. ) ;
#6201 = CARTESIAN_POINT ( 'NONE',  ( 12.70000000000000107, 12.33648634557998314, 47.30376971111940776 ) ) ;
#6202 = ORIENTED_EDGE ( 'NONE', *, *, #414, .T. ) ;
#6203 = ORIENTED_EDGE ( 'NONE', *, *, #5018, .T. ) ;
#6204 = EDGE_CURVE ( 'NONE', #7207, #4058, #5673, .T. ) ;
#6205 = CIRCLE ( 'NONE', #6352, 17.66250000000000142 ) ;
#6206 = FACE_OUTER_BOUND ( 'NONE', #4944, .T. ) ;
#6207 = DIRECTION ( 'NONE',  ( -1.000000000000000000, -0.000000000000000000, -0.000000000000000000 ) ) ;
#6208 = FACE_BOUND ( 'NONE', #1099, .T. ) ;
#6209 = VERTEX_POINT ( 'NONE', #1448 ) ;
#6210 = CARTESIAN_POINT ( 'NONE',  ( 9.525000000000000355, -12.69999999999999929, 111.8000000000000114 ) ) ;
#6211 = CARTESIAN_POINT ( 'NONE',  ( -9.525000000000000355, -2.068405620284290425, 71.35903068698951301 ) ) ;
#6212 = ADVANCED_FACE ( 'NONE', ( #7699 ), #782, .T. ) ;
#6213 = ADVANCED_FACE ( 'NONE', ( #1493 ), #2820, .F. ) ;
#6214 = ADVANCED_FACE ( 'NONE', ( #5491 ), #8195, .F. ) ;
#6215 = DIRECTION ( 'NONE',  ( -1.000000000000000000, -0.000000000000000000, -0.000000000000000000 ) ) ;
#6216 = DIRECTION ( 'NONE',  ( 0.000000000000000000, -1.000000000000000000, 0.000000000000000000 ) ) ;
#6217 = DIRECTION ( 'NONE',  ( -1.000000000000000000, 0.000000000000000000, 0.000000000000000000 ) ) ;
#6218 = CARTESIAN_POINT ( 'NONE',  ( 7.746038523653021987E-16, 25.40000000000000213, 50.79999999999999716 ) ) ;
#6219 = LINE ( 'NONE', #3563, #2948 ) ;
#6220 = FACE_OUTER_BOUND ( 'NONE', #1971, .T. ) ;
#6221 = EDGE_LOOP ( 'NONE', ( #3103, #2301 ) ) ;
#6222 = ORIENTED_EDGE ( 'NONE', *, *, #5472, .F. ) ;
#6223 = CIRCLE ( 'NONE', #4663, 2.271000000000009234 ) ;
#6224 = ORIENTED_EDGE ( 'NONE', *, *, #3207, .F. ) ;
#6225 = DIRECTION ( 'NONE',  ( -0.000000000000000000, 1.000000000000000000, -0.000000000000000000 ) ) ;
#6226 = DIRECTION ( 'NONE',  ( 0.000000000000000000, -1.000000000000000000, 0.000000000000000000 ) ) ;
#6227 = EDGE_LOOP ( 'NONE', ( #1078, #5366 ) ) ;
#6228 = CARTESIAN_POINT ( 'NONE',  ( 1.555301434917138038E-15, -22.22499999999999787, 27.89999999999999147 ) ) ;
#6229 = AXIS2_PLACEMENT_3D ( 'NONE', #3126, #1751, #7820 ) ;
#6230 = DIRECTION ( 'NONE',  ( -1.000000000000000000, 0.000000000000000000, 0.000000000000000000 ) ) ;
#6231 = ORIENTED_EDGE ( 'NONE', *, *, #2184, .F. ) ;
#6232 = VERTEX_POINT ( 'NONE', #6190 ) ;
#6234 = DIRECTION ( 'NONE',  ( -1.000000000000000000, -0.000000000000000000, -0.000000000000000000 ) ) ;
#6233 = CIRCLE ( 'NONE', #2411, 2.499999999999992006 ) ;
#6235 = CARTESIAN_POINT ( 'NONE',  ( -9.525000000000000355, 3.577867169202164632E-15, 88.90000000000000568 ) ) ;
#6236 = CYLINDRICAL_SURFACE ( 'NONE', #6418, 2.270999999999998575 ) ;
#6237 = AXIS2_PLACEMENT_3D ( 'NONE', #8306, #2318, #7219 ) ;
#6238 = ORIENTED_EDGE ( 'NONE', *, *, #5833, .F. ) ;
#6239 = DIRECTION ( 'NONE',  ( 0.000000000000000000, 0.000000000000000000, 1.000000000000000000 ) ) ;
#6240 = EDGE_CURVE ( 'NONE', #3032, #1624, #1000, .T. ) ;
#6241 = ORIENTED_EDGE ( 'NONE', *, *, #6485, .T. ) ;
#6242 = FACE_OUTER_BOUND ( 'NONE', #4521, .T. ) ;
#6243 = ORIENTED_EDGE ( 'NONE', *, *, #6757, .T. ) ;
#6244 = ORIENTED_EDGE ( 'NONE', *, *, #3131, .T. ) ;
#6245 = AXIS2_PLACEMENT_3D ( 'NONE', #7106, #278, #1655 ) ;
#6246 = CARTESIAN_POINT ( 'NONE',  ( 12.70000000000000107, -4.072800018551144596, 73.66895216488211418 ) ) ;
#6247 = AXIS2_PLACEMENT_3D ( 'NONE', #2977, #4353, #4976 ) ;
#6248 = LINE ( 'NONE', #4259, #2783 ) ;
#6249 = EDGE_CURVE ( 'NONE', #4125, #3481, #4118, .T. ) ;
#6250 = CYLINDRICAL_SURFACE ( 'NONE', #207, 17.66250000000000497 ) ;
#6251 = ORIENTED_EDGE ( 'NONE', *, *, #1212, .F. ) ;
#6252 = DIRECTION ( 'NONE',  ( 0.000000000000000000, 0.000000000000000000, 1.000000000000000000 ) ) ;
#6253 = DIRECTION ( 'NONE',  ( -1.000000000000000000, -0.000000000000000000, -0.000000000000000000 ) ) ;
#6254 = CIRCLE ( 'NONE', #1869, 14.30000000000000782 ) ;
#6255 = DIRECTION ( 'NONE',  ( 0.000000000000000000, 1.667602476305511223E-15, -1.000000000000000000 ) ) ;
#6256 = FACE_OUTER_BOUND ( 'NONE', #2343, .T. ) ;
#6257 = EDGE_CURVE ( 'NONE', #5712, #5132, #2833, .T. ) ;
#6258 = CARTESIAN_POINT ( 'NONE',  ( 12.70000000000000107, 3.577867169202164632E-15, 38.10000000000001563 ) ) ;
#6259 = CIRCLE ( 'NONE', #1159, 2.080499999999998906 ) ;
#6260 = EDGE_CURVE ( 'NONE', #1323, #4953, #7778, .T. ) ;
#6261 = EDGE_CURVE ( 'NONE', #500, #7523, #1424, .T. ) ;
#6262 = AXIS2_PLACEMENT_3D ( 'NONE', #4876, #6867, #6064 ) ;
#6263 = ADVANCED_FACE ( 'NONE', ( #1168 ), #2997, .F. ) ;
#6264 = ORIENTED_EDGE ( 'NONE', *, *, #799, .T. ) ;
#6265 = CARTESIAN_POINT ( 'NONE',  ( 7.746038523653021987E-16, 25.40000000000000213, 40.59999999999998010 ) ) ;
#6266 = DIRECTION ( 'NONE',  ( -1.000000000000000000, -0.000000000000000000, -0.000000000000000000 ) ) ;
#6267 = CARTESIAN_POINT ( 'NONE',  ( 1.555301434917138038E-15, -25.39999999999999503, 25.39999999999999858 ) ) ;
#6268 = ORIENTED_EDGE ( 'NONE', *, *, #1116, .T. ) ;
#6269 = VERTEX_POINT ( 'NONE', #6369 ) ;
#6270 = CIRCLE ( 'NONE', #6551, 2.499999999999988454 ) ;
#6271 = VERTEX_POINT ( 'NONE', #5084 ) ;
#6272 = DIRECTION ( 'NONE',  ( -1.000000000000000000, -0.000000000000000000, -0.000000000000000000 ) ) ;
#6273 = CARTESIAN_POINT ( 'NONE',  ( 1.555301434917138038E-15, 25.40000000000000213, 25.39999999999999858 ) ) ;
#6274 = DIRECTION ( 'NONE',  ( 0.000000000000000000, 0.000000000000000000, 1.000000000000000000 ) ) ;
#6275 = ADVANCED_FACE ( 'NONE', ( #7076 ), #1835, .F. ) ;
#6276 = EDGE_CURVE ( 'NONE', #8461, #8147, #7092, .T. ) ;
#6277 = ORIENTED_EDGE ( 'NONE', *, *, #8773, .T. ) ;
#6278 = PLANE ( 'NONE',  #5769 ) ;
#6279 = AXIS2_PLACEMENT_3D ( 'NONE', #6719, #6226, #644 ) ;
#6280 = AXIS2_PLACEMENT_3D ( 'NONE', #5437, #8140, #7558 ) ;
#6281 = CARTESIAN_POINT ( 'NONE',  ( -12.69999999999999751, 2.068405620284298418, 106.4409693130105268 ) ) ;
#6282 = ORIENTED_EDGE ( 'NONE', *, *, #5930, .T. ) ;
#6283 = ORIENTED_EDGE ( 'NONE', *, *, #3462, .T. ) ;
#6284 = VECTOR ( 'NONE', #1251, 1000.000000000000000 ) ;
#6285 = DIRECTION ( 'NONE',  ( 1.000000000000000000, 0.000000000000000000, 0.000000000000000000 ) ) ;
#6286 = DIRECTION ( 'NONE',  ( 0.000000000000000000, 0.000000000000000000, 1.000000000000000000 ) ) ;
#6287 = LINE ( 'NONE', #3713, #5012 ) ;
#6288 = PERSON_AND_ORGANIZATION ( #2922, #5816 ) ;
#6289 = ORIENTED_EDGE ( 'NONE', *, *, #7229, .T. ) ;
#6290 = CARTESIAN_POINT ( 'NONE',  ( 12.70000000000000107, 3.577867169202164632E-15, 38.10000000000001563 ) ) ;
#6291 = ORIENTED_EDGE ( 'NONE', *, *, #6388, .F. ) ;
#6292 = CARTESIAN_POINT ( 'NONE',  ( -12.69999999999999751, 14.13894155320113555, 32.01817428684756095 ) ) ;
#6293 = ORIENTED_EDGE ( 'NONE', *, *, #754, .F. ) ;
#6294 = AXIS2_PLACEMENT_3D ( 'NONE', #2397, #2439, #5773 ) ;
#6295 = ORIENTED_EDGE ( 'NONE', *, *, #7716, .T. ) ;
#6296 = CARTESIAN_POINT ( 'NONE',  ( 12.70000000000000107, 3.577867169202164632E-15, 38.10000000000001563 ) ) ;
#6297 = AXIS2_PLACEMENT_3D ( 'NONE', #7096, #7223, #1858 ) ;
#6298 = DIRECTION ( 'NONE',  ( -1.000000000000000000, -0.000000000000000000, -0.000000000000000000 ) ) ;
#6299 = DIRECTION ( 'NONE',  ( -1.000000000000000000, -0.000000000000000000, -0.000000000000000000 ) ) ;
#6300 = EDGE_LOOP ( 'NONE', ( #6453, #3290, #6980, #1274 ) ) ;
#6301 = CARTESIAN_POINT ( 'NONE',  ( -9.525000000000002132, -22.22499999999999787, 0.000000000000000000 ) ) ;
#6302 = FACE_OUTER_BOUND ( 'NONE', #4071, .T. ) ;
#6303 = CIRCLE ( 'NONE', #3337, 2.499999999999988454 ) ;
#6304 = EDGE_CURVE ( 'NONE', #3848, #1036, #4128, .T. ) ;
#6305 = CYLINDRICAL_SURFACE ( 'NONE', #7388, 2.080499999999998906 ) ;
#6306 = CARTESIAN_POINT ( 'NONE',  ( 9.525000000000000355, 14.13894155320113555, 82.81817428684756521 ) ) ;
#6308 = DIRECTION ( 'NONE',  ( 0.000000000000000000, 0.000000000000000000, -1.000000000000000000 ) ) ;
#6307 = CIRCLE ( 'NONE', #6169, 14.30000000000000071 ) ;
#6309 = VERTEX_POINT ( 'NONE', #1001 ) ;
#6310 = CARTESIAN_POINT ( 'NONE',  ( 12.70000000000000107, 1.802455207620993427, 73.61440457572818730 ) ) ;
#6311 = DIRECTION ( 'NONE',  ( 0.000000000000000000, 0.000000000000000000, 1.000000000000000000 ) ) ;
#6312 = DIRECTION ( 'NONE',  ( 0.000000000000000000, 0.000000000000000000, 1.000000000000000000 ) ) ;
#6313 = ORIENTED_EDGE ( 'NONE', *, *, #4105, .F. ) ;
#6314 = ORIENTED_EDGE ( 'NONE', *, *, #1924, .T. ) ;
#6315 = EDGE_CURVE ( 'NONE', #2021, #881, #3707, .T. ) ;
#6316 = AXIS2_PLACEMENT_3D ( 'NONE', #6310, #7595, #5648 ) ;
#6317 = EDGE_CURVE ( 'NONE', #5188, #3367, #3418, .T. ) ;
#6318 = ORIENTED_EDGE ( 'NONE', *, *, #6108, .T. ) ;
#6319 = CARTESIAN_POINT ( 'NONE',  ( 9.525000000000000355, 10.07084749364666365, 25.18106772950216765 ) ) ;
#6320 = DIRECTION ( 'NONE',  ( 0.000000000000000000, 0.000000000000000000, 1.000000000000000000 ) ) ;
#6321 = DIRECTION ( 'NONE',  ( -0.000000000000000000, 1.000000000000000000, -0.000000000000000000 ) ) ;
#6322 = AXIS2_PLACEMENT_3D ( 'NONE', #4304, #6298, #2973 ) ;
#6323 = CARTESIAN_POINT ( 'NONE',  ( 12.70000000000000107, -14.13894155320108759, 94.98182571315255984 ) ) ;
#6324 = VECTOR ( 'NONE', #4348, 1000.000000000000000 ) ;
#6325 = CARTESIAN_POINT ( 'NONE',  ( -12.69999999999999751, 3.577867169202164632E-15, 38.10000000000001563 ) ) ;
#6326 = ORIENTED_EDGE ( 'NONE', *, *, #966, .T. ) ;
#6327 = ORIENTED_EDGE ( 'NONE', *, *, #5598, .F. ) ;
#6328 = EDGE_CURVE ( 'NONE', #3267, #2657, #2838, .T. ) ;
#6329 = EDGE_CURVE ( 'NONE', #2389, #3188, #6389, .T. ) ;
#6330 = EDGE_CURVE ( 'NONE', #3879, #1546, #3125, .T. ) ;
#6331 = VECTOR ( 'NONE', #3457, 1000.000000000000000 ) ;
#6332 = AXIS2_PLACEMENT_3D ( 'NONE', #1104, #5847, #1943 ) ;
#6333 = FACE_OUTER_BOUND ( 'NONE', #4782, .T. ) ;
#6334 = DIRECTION ( 'NONE',  ( -1.000000000000000000, -0.000000000000000000, -0.000000000000000000 ) ) ;
#6335 = DIRECTION ( 'NONE',  ( -0.000000000000000000, 1.000000000000000000, -0.000000000000000000 ) ) ;
#6336 = ORIENTED_EDGE ( 'NONE', *, *, #3980, .T. ) ;
#6337 = DIRECTION ( 'NONE',  ( 0.000000000000000000, 0.000000000000000000, 1.000000000000000000 ) ) ;
#6338 = ORIENTED_EDGE ( 'NONE', *, *, #8053, .F. ) ;
#6339 = DIRECTION ( 'NONE',  ( 0.000000000000000000, 0.000000000000000000, 1.000000000000000000 ) ) ;
#6340 = VERTEX_POINT ( 'NONE', #1046 ) ;
#6341 = AXIS2_PLACEMENT_3D ( 'NONE', #2333, #4995, #6494 ) ;
#6342 = VECTOR ( 'NONE', #294, 1000.000000000000000 ) ;
#6343 = ORIENTED_EDGE ( 'NONE', *, *, #85, .T. ) ;
#6344 = CARTESIAN_POINT ( 'NONE',  ( 7.746038523653021987E-16, 25.40000000000000213, 88.89999999999999147 ) ) ;
#6345 = VECTOR ( 'NONE', #548, 1000.000000000000000 ) ;
#6346 = AXIS2_PLACEMENT_3D ( 'NONE', #1748, #6987, #3704 ) ;
#6347 = CYLINDRICAL_SURFACE ( 'NONE', #2103, 2.270999999999995467 ) ;
#6348 = CARTESIAN_POINT ( 'NONE',  ( 1.555301434917138433E-15, 25.40000000000000213, 63.50000000000000000 ) ) ;
#6349 = ORIENTED_EDGE ( 'NONE', *, *, #2360, .T. ) ;
#6350 = CARTESIAN_POINT ( 'NONE',  ( 12.70000000000000107, -6.152699789198520897, 53.28107590238573010 ) ) ;
#6351 = FACE_OUTER_BOUND ( 'NONE', #3542, .T. ) ;
#6352 = AXIS2_PLACEMENT_3D ( 'NONE', #7769, #2942, #5777 ) ;
#6353 = DIRECTION ( 'NONE',  ( 0.000000000000000000, 0.000000000000000000, 1.000000000000000000 ) ) ;
#6354 = FACE_OUTER_BOUND ( 'NONE', #6553, .T. ) ;
#6355 = LINE ( 'NONE', #2938, #3876 ) ;
#6356 = ORIENTED_EDGE ( 'NONE', *, *, #6923, .F. ) ;
#6357 = CARTESIAN_POINT ( 'NONE',  ( 12.70000000000000107, -5.371240620587821368, 51.35291568658563932 ) ) ;
#6358 = DIRECTION ( 'NONE',  ( -1.000000000000000000, -0.000000000000000000, -0.000000000000000000 ) ) ;
#6359 = EDGE_CURVE ( 'NONE', #6020, #7793, #3794, .T. ) ;
#6360 = CARTESIAN_POINT ( 'NONE',  ( -12.69999999999999751, 14.16298196909033003, 90.87482701602503710 ) ) ;
#6361 = ORIENTED_EDGE ( 'NONE', *, *, #5121, .F. ) ;
#6362 = ORIENTED_EDGE ( 'NONE', *, *, #6850, .T. ) ;
#6363 = ORIENTED_EDGE ( 'NONE', *, *, #2467, .F. ) ;
#6364 = DIRECTION ( 'NONE',  ( 1.000000000000000000, -0.000000000000000000, -0.000000000000000000 ) ) ;
#6365 = DIRECTION ( 'NONE',  ( 1.000000000000000000, 0.000000000000000000, 0.000000000000000000 ) ) ;
#6366 = CARTESIAN_POINT ( 'NONE',  ( 9.525000000000000355, 3.577867169202164632E-15, 88.90000000000000568 ) ) ;
#6367 = CARTESIAN_POINT ( 'NONE',  ( -9.525000000000000355, 16.22354728284504333, 91.16214363188798586 ) ) ;
#6368 = EDGE_CURVE ( 'NONE', #3535, #5902, #5041, .T. ) ;
#6369 = CARTESIAN_POINT ( 'NONE',  ( 9.525000000000000355, -4.072800018551144596, 22.86895216488212412 ) ) ;
#6370 = ORIENTED_EDGE ( 'NONE', *, *, #3553, .F. ) ;
#6371 = ORIENTED_EDGE ( 'NONE', *, *, #2828, .F. ) ;
#6372 = CARTESIAN_POINT ( 'NONE',  ( -9.525000000000000355, -6.152699789198520897, 104.0810759023857344 ) ) ;
#6373 = CYLINDRICAL_SURFACE ( 'NONE', #5704, 2.080499999999998906 ) ;
#6374 = DIRECTION ( 'NONE',  ( 1.000000000000000000, 0.000000000000000000, 0.000000000000000000 ) ) ;
#6375 = AXIS2_PLACEMENT_3D ( 'NONE', #4755, #1517, #4225 ) ;
#6376 = VERTEX_POINT ( 'NONE', #6495 ) ;
#6377 = CARTESIAN_POINT ( 'NONE',  ( 12.70000000000000107, -11.15407434219244465, 26.95732780184198774 ) ) ;
#6378 = ORIENTED_EDGE ( 'NONE', *, *, #6438, .T. ) ;
#6379 = DIRECTION ( 'NONE',  ( 0.000000000000000000, 0.000000000000000000, 1.000000000000000000 ) ) ;
#6380 = EDGE_CURVE ( 'NONE', #1137, #4602, #8578, .T. ) ;
#6381 = EDGE_CURVE ( 'NONE', #7332, #6102, #8073, .T. ) ;
#6382 = EDGE_CURVE ( 'NONE', #8346, #3940, #7205, .T. ) ;
#6383 = ORIENTED_EDGE ( 'NONE', *, *, #6978, .F. ) ;
#6384 = ORIENTED_EDGE ( 'NONE', *, *, #1110, .T. ) ;
#6385 = DIRECTION ( 'NONE',  ( 0.000000000000000000, 0.000000000000000000, 1.000000000000000000 ) ) ;
#6386 = CARTESIAN_POINT ( 'NONE',  ( 12.70000000000000107, -12.33648634558010748, 100.3747697111192281 ) ) ;
#6387 = FACE_OUTER_BOUND ( 'NONE', #5535, .T. ) ;
#6388 = EDGE_CURVE ( 'NONE', #7998, #279, #4261, .T. ) ;
#6389 = CIRCLE ( 'NONE', #5249, 2.499999999999988454 ) ;
#6390 = ORIENTED_EDGE ( 'NONE', *, *, #306, .F. ) ;
#6391 = CARTESIAN_POINT ( 'NONE',  ( 12.70000000000000107, 12.33648634557998314, 49.57476971111940856 ) ) ;
#6392 = AXIS2_PLACEMENT_3D ( 'NONE', #2445, #2489, #3954 ) ;
#6393 = CARTESIAN_POINT ( 'NONE',  ( -9.525000000000002132, 22.22500000000000142, 0.000000000000000000 ) ) ;
#6394 = DIRECTION ( 'NONE',  ( -1.000000000000000000, 0.000000000000000000, 0.000000000000000000 ) ) ;
#6395 = ORIENTED_EDGE ( 'NONE', *, *, #3860, .F. ) ;
#6396 = CARTESIAN_POINT ( 'NONE',  ( 1.555301434917138038E-15, -25.39999999999999503, 78.69999999999997442 ) ) ;
#6397 = DIRECTION ( 'NONE',  ( 1.000000000000000000, 0.000000000000000000, 0.000000000000000000 ) ) ;
#6398 = CIRCLE ( 'NONE', #1862, 2.270999999999995467 ) ;
#6399 = CARTESIAN_POINT ( 'NONE',  ( -12.69999999999999751, 14.16298196909037088, 86.92517298397528691 ) ) ;
#6400 = ORIENTED_EDGE ( 'NONE', *, *, #4532, .T. ) ;
#6401 = VERTEX_POINT ( 'NONE', #1344 ) ;
#6402 = VECTOR ( 'NONE', #5, 1000.000000000000000 ) ;
#6404 = VERTEX_POINT ( 'NONE', #2064 ) ;
#6403 = CIRCLE ( 'NONE', #8389, 2.500000000000002220 ) ;
#6405 = CARTESIAN_POINT ( 'NONE',  ( 7.746038523653021987E-16, 22.22500000000000142, 40.59999999999998010 ) ) ;
#6406 = DIRECTION ( 'NONE',  ( -0.000000000000000000, 1.000000000000000000, -0.000000000000000000 ) ) ;
#6407 = DIRECTION ( 'NONE',  ( -1.000000000000000000, 0.000000000000000000, 0.000000000000000000 ) ) ;
#6408 = CARTESIAN_POINT ( 'NONE',  ( 12.70000000000000107, 2.068405620284300195, 71.35903068698951301 ) ) ;
#6409 = CARTESIAN_POINT ( 'NONE',  ( -9.525000000000000355, 3.577867169202164632E-15, 38.10000000000001563 ) ) ;
#6410 = ORIENTED_EDGE ( 'NONE', *, *, #1150, .F. ) ;
#6411 = AXIS2_PLACEMENT_3D ( 'NONE', #849, #6215, #6255 ) ;
#6412 = ORIENTED_EDGE ( 'NONE', *, *, #8584, .F. ) ;
#6413 = AXIS2_PLACEMENT_3D ( 'NONE', #3968, #8003, #5169 ) ;
#6414 = ADVANCED_FACE ( 'NONE', ( #3254 ), #639, .F. ) ;
#6415 = DIRECTION ( 'NONE',  ( -1.000000000000000000, 0.000000000000000000, 0.000000000000000000 ) ) ;
#6416 = CYLINDRICAL_SURFACE ( 'NONE', #5000, 2.271000000000002128 ) ;
#6418 = AXIS2_PLACEMENT_3D ( 'NONE', #164, #577, #538 ) ;
#6417 = DIRECTION ( 'NONE',  ( 1.000000000000000000, -0.000000000000000000, -0.000000000000000000 ) ) ;
#6419 = AXIS2_PLACEMENT_3D ( 'NONE', #6053, #6811, #6769 ) ;
#6420 = EDGE_LOOP ( 'NONE', ( #7557, #5405, #2213, #1550 ) ) ;
#6421 = DIRECTION ( 'NONE',  ( -0.000000000000000000, 1.000000000000000000, -0.000000000000000000 ) ) ;
#6422 = ORIENTED_EDGE ( 'NONE', *, *, #251, .T. ) ;
#6423 = CARTESIAN_POINT ( 'NONE',  ( 9.525000000000000355, -14.15672222192825025, 48.66177646900194276 ) ) ;
#6424 = VERTEX_POINT ( 'NONE', #3877 ) ;
#6425 = ORIENTED_EDGE ( 'NONE', *, *, #5727, .T. ) ;
#6426 = AXIS2_PLACEMENT_3D ( 'NONE', #4508, #7378, #4818 ) ;
#6427 = AXIS2_PLACEMENT_3D ( 'NONE', #3702, #4947, #2329 ) ;
#6428 = EDGE_CURVE ( 'NONE', #6725, #8294, #8623, .T. ) ;
#6429 = EDGE_CURVE ( 'NONE', #5042, #3879, #5953, .T. ) ;
#6430 = CARTESIAN_POINT ( 'NONE',  ( -12.69999999999999929, 12.69999999999999929, 65.99999999999998579 ) ) ;
#6431 = DIRECTION ( 'NONE',  ( 1.000000000000000000, 0.000000000000000000, 0.000000000000000000 ) ) ;
#6432 = CARTESIAN_POINT ( 'NONE',  ( -9.525000000000000355, 6.152699789198528002, 53.28107590238573010 ) ) ;
#6433 = AXIS2_PLACEMENT_3D ( 'NONE', #5289, #415, #7202 ) ;
#6434 = ORIENTED_EDGE ( 'NONE', *, *, #135, .T. ) ;
#6435 = CYLINDRICAL_SURFACE ( 'NONE', #2429, 2.499999999999988454 ) ;
#6436 = AXIS2_PLACEMENT_3D ( 'NONE', #7102, #7192, #1865 ) ;
#6437 = EDGE_CURVE ( 'NONE', #5701, #918, #549, .T. ) ;
#6438 = EDGE_CURVE ( 'NONE', #8421, #6647, #4678, .T. ) ;
#6439 = DIRECTION ( 'NONE',  ( -1.000000000000000000, -0.000000000000000000, -0.000000000000000000 ) ) ;
#6440 = DIRECTION ( 'NONE',  ( -1.000000000000000000, 0.000000000000000000, 0.000000000000000000 ) ) ;
#6441 = ORIENTED_EDGE ( 'NONE', *, *, #829, .F. ) ;
#6442 = CARTESIAN_POINT ( 'NONE',  ( 12.70000000000000107, 4.072800018551152590, 22.86895216488212412 ) ) ;
#6443 = DIRECTION ( 'NONE',  ( -1.000000000000000000, 0.000000000000000000, 0.000000000000000000 ) ) ;
#6444 = ORIENTED_EDGE ( 'NONE', *, *, #5133, .F. ) ;
#6445 = EDGE_LOOP ( 'NONE', ( #2470, #2999, #5872, #490 ) ) ;
#6446 = AXIS2_PLACEMENT_3D ( 'NONE', #3459, #5502, #5589 ) ;
#6447 = ORIENTED_EDGE ( 'NONE', *, *, #3833, .T. ) ;
#6448 = CARTESIAN_POINT ( 'NONE',  ( 12.70000000000000107, 16.22512784221244786, 95.87919284400875597 ) ) ;
#6449 = CARTESIAN_POINT ( 'NONE',  ( 12.70000000000000107, -16.22512784221253312, 95.87919284400851438 ) ) ;
#6450 = CARTESIAN_POINT ( 'NONE',  ( -9.525000000000002132, 12.69999999999999929, 10.20000000000000639 ) ) ;
#6451 = DIRECTION ( 'NONE',  ( 0.000000000000000000, 0.000000000000000000, 1.000000000000000000 ) ) ;
#6452 = CARTESIAN_POINT ( 'NONE',  ( 12.70000000000000107, 3.577867169202164632E-15, 38.10000000000001563 ) ) ;
#6453 = ORIENTED_EDGE ( 'NONE', *, *, #3724, .T. ) ;
#6454 = CIRCLE ( 'NONE', #5043, 17.66250000000000142 ) ;
#6455 = VERTEX_POINT ( 'NONE', #3922 ) ;
#6456 = DIRECTION ( 'NONE',  ( 0.000000000000000000, 0.000000000000000000, -1.000000000000000000 ) ) ;
#6457 = DIRECTION ( 'NONE',  ( 0.000000000000000000, 0.000000000000000000, -1.000000000000000000 ) ) ;
#6458 = AXIS2_PLACEMENT_3D ( 'NONE', #1686, #883, #8467 ) ;
#6459 = DIRECTION ( 'NONE',  ( 0.000000000000000000, 0.000000000000000000, -1.000000000000000000 ) ) ;
#6460 = ORIENTED_EDGE ( 'NONE', *, *, #7398, .F. ) ;
#6461 = CARTESIAN_POINT ( 'NONE',  ( -12.69999999999999751, 3.577867169202164632E-15, 38.10000000000001563 ) ) ;
#6462 = ORIENTED_EDGE ( 'NONE', *, *, #2586, .F. ) ;
#6463 = DIRECTION ( 'NONE',  ( 0.000000000000000000, 0.000000000000000000, 1.000000000000000000 ) ) ;
#6464 = EDGE_LOOP ( 'NONE', ( #3427, #7384 ) ) ;
#6465 = EDGE_CURVE ( 'NONE', #3035, #570, #5954, .T. ) ;
#6466 = EDGE_LOOP ( 'NONE', ( #188, #2368, #515, #5108 ) ) ;
#6467 = CIRCLE ( 'NONE', #8188, 2.499999999999988454 ) ;
#6468 = DIRECTION ( 'NONE',  ( 0.000000000000000000, 1.000000000000000000, 0.000000000000000000 ) ) ;
#6469 = AXIS2_PLACEMENT_3D ( 'NONE', #1987, #2653, #5973 ) ;
#6470 = FACE_OUTER_BOUND ( 'NONE', #8713, .T. ) ;
#6471 = ORIENTED_EDGE ( 'NONE', *, *, #6382, .F. ) ;
#6473 = CARTESIAN_POINT ( 'NONE',  ( -12.69999999999999751, 3.577867169202164632E-15, 38.10000000000001563 ) ) ;
#6472 = AXIS2_PLACEMENT_3D ( 'NONE', #8670, #7960, #1886 ) ;
#6474 = VERTEX_POINT ( 'NONE', #4628 ) ;
#6475 = EDGE_CURVE ( 'NONE', #392, #2173, #6580, .T. ) ;
#6476 = LINE ( 'NONE', #402, #8085 ) ;
#6477 = AXIS2_PLACEMENT_3D ( 'NONE', #3487, #8321, #694 ) ;
#6478 = FACE_BOUND ( 'NONE', #1398, .T. ) ;
#6479 = CYLINDRICAL_SURFACE ( 'NONE', #349, 2.270999999999995467 ) ;
#6480 = ORIENTED_EDGE ( 'NONE', *, *, #3597, .T. ) ;
#6481 = AXIS2_PLACEMENT_3D ( 'NONE', #3345, #2672, #5380 ) ;
#6482 = DIRECTION ( 'NONE',  ( -1.000000000000000000, -0.000000000000000000, -0.000000000000000000 ) ) ;
#6483 = ADVANCED_FACE ( 'NONE', ( #2012 ), #7288, .F. ) ;
#6484 = EDGE_CURVE ( 'NONE', #4439, #5053, #6763, .T. ) ;
#6485 = EDGE_CURVE ( 'NONE', #6167, #1787, #1712, .T. ) ;
#6486 = CARTESIAN_POINT ( 'NONE',  ( 9.525000000000000355, -12.69999999999999929, 12.69999999999999929 ) ) ;
#6487 = ORIENTED_EDGE ( 'NONE', *, *, #7293, .T. ) ;
#6488 = ORIENTED_EDGE ( 'NONE', *, *, #3117, .T. ) ;
#6489 = CIRCLE ( 'NONE', #5360, 14.30000000000000782 ) ;
#6490 = ORIENTED_EDGE ( 'NONE', *, *, #7512, .F. ) ;
#6491 = DIRECTION ( 'NONE',  ( 0.000000000000000000, 0.000000000000000000, 1.000000000000000000 ) ) ;
#6492 = CARTESIAN_POINT ( 'NONE',  ( 3.061616997868374760E-16, -25.39999999999999503, 10.20000000000000639 ) ) ;
#6493 = DIRECTION ( 'NONE',  ( 1.000000000000000000, 0.000000000000000000, 0.000000000000000000 ) ) ;
#6494 = DIRECTION ( 'NONE',  ( 0.000000000000000000, 0.000000000000000000, 1.000000000000000000 ) ) ;
#6495 = CARTESIAN_POINT ( 'NONE',  ( 9.525000000000000355, 14.15672222192832841, 78.33822353099817803 ) ) ;
#6496 = EDGE_LOOP ( 'NONE', ( #8096, #1684 ) ) ;
#6497 = ORIENTED_EDGE ( 'NONE', *, *, #5320, .T. ) ;
#6498 = DIRECTION ( 'NONE',  ( -0.000000000000000000, 1.000000000000000000, -0.000000000000000000 ) ) ;
#6499 = CARTESIAN_POINT ( 'NONE',  ( 1.861463134703975514E-15, 25.40000000000000213, 22.90000000000000568 ) ) ;
#6500 = CARTESIAN_POINT ( 'NONE',  ( 12.70000000000000107, -12.33648634558010748, 49.57476971111923802 ) ) ;
#6501 = ORIENTED_EDGE ( 'NONE', *, *, #5462, .F. ) ;
#6502 = DIRECTION ( 'NONE',  ( 1.000000000000000000, 0.000000000000000000, 0.000000000000000000 ) ) ;
#6503 = ORIENTED_EDGE ( 'NONE', *, *, #3509, .F. ) ;
#6504 = DIRECTION ( 'NONE',  ( 0.000000000000000000, 0.000000000000000000, 1.000000000000000000 ) ) ;
#6505 = CYLINDRICAL_SURFACE ( 'NONE', #5943, 2.080499999999998906 ) ;
#6506 = VERTEX_POINT ( 'NONE', #1296 ) ;
#6507 = VERTEX_POINT ( 'NONE', #3389 ) ;
#6509 = DIRECTION ( 'NONE',  ( 0.000000000000000000, 0.000000000000000000, 1.000000000000000000 ) ) ;
#6508 = CIRCLE ( 'NONE', #7781, 17.66249999999999787 ) ;
#6510 = ADVANCED_FACE ( 'NONE', ( #7468 ), #8755, .T. ) ;
#6511 = CARTESIAN_POINT ( 'NONE',  ( 7.746038523653021987E-16, 22.22500000000000142, 38.09999999999999432 ) ) ;
#6512 = CARTESIAN_POINT ( 'NONE',  ( 12.70000000000000107, 8.791741348502393194, 100.1780886705608822 ) ) ;
#6513 = ORIENTED_EDGE ( 'NONE', *, *, #4691, .F. ) ;
#6514 = DIRECTION ( 'NONE',  ( -0.000000000000000000, 1.000000000000000000, -0.000000000000000000 ) ) ;
#6515 = ORIENTED_EDGE ( 'NONE', *, *, #5232, .T. ) ;
#6516 = DIRECTION ( 'NONE',  ( -1.000000000000000000, -0.000000000000000000, -0.000000000000000000 ) ) ;
#6517 = AXIS2_PLACEMENT_3D ( 'NONE', #6679, #3936, #5396 ) ;
#6518 = EDGE_CURVE ( 'NONE', #5701, #1307, #578, .T. ) ;
#6519 = CARTESIAN_POINT ( 'NONE',  ( 12.70000000000000107, 5.371240620587830250, 102.1529156865856294 ) ) ;
#6520 = VECTOR ( 'NONE', #5382, 1000.000000000000000 ) ;
#6521 = FACE_OUTER_BOUND ( 'NONE', #6540, .T. ) ;
#6522 = ORIENTED_EDGE ( 'NONE', *, *, #1613, .F. ) ;
#6523 = DIRECTION ( 'NONE',  ( 0.000000000000000000, 0.000000000000000000, 1.000000000000000000 ) ) ;
#6524 = CIRCLE ( 'NONE', #5398, 14.30000000000000782 ) ;
#6525 = DIRECTION ( 'NONE',  ( 1.000000000000000000, -0.000000000000000000, -0.000000000000000000 ) ) ;
#6526 = ORIENTED_EDGE ( 'NONE', *, *, #3072, .T. ) ;
#6527 = EDGE_LOOP ( 'NONE', ( #3804, #3370, #6488, #7490 ) ) ;
#6528 = CIRCLE ( 'NONE', #2704, 2.499999999999988454 ) ;
#6529 = EDGE_CURVE ( 'NONE', #3940, #8635, #1996, .T. ) ;
#6530 = ADVANCED_FACE ( 'NONE', ( #6714 ), #3214, .F. ) ;
#6531 = ADVANCED_FACE ( 'NONE', ( #590 ), #5915, .F. ) ;
#6532 = ORIENTED_EDGE ( 'NONE', *, *, #5357, .F. ) ;
#6533 = EDGE_CURVE ( 'NONE', #592, #8482, #2990, .T. ) ;
#6534 = DIRECTION ( 'NONE',  ( 0.000000000000000000, 1.000000000000000000, 0.000000000000000000 ) ) ;
#6535 = DIRECTION ( 'NONE',  ( -1.000000000000000000, -0.000000000000000000, -0.000000000000000000 ) ) ;
#6536 = CARTESIAN_POINT ( 'NONE',  ( -9.525000000000000355, 11.15407434219260630, 77.75732780184213766 ) ) ;
#6537 = CARTESIAN_POINT ( 'NONE',  ( -12.69999999999999751, -15.22687436074365230, 42.18837563695990411 ) ) ;
#6538 = DIRECTION ( 'NONE',  ( -1.000000000000000000, -0.000000000000000000, -0.000000000000000000 ) ) ;
#6539 = VERTEX_POINT ( 'NONE', #2853 ) ;
#6540 = EDGE_LOOP ( 'NONE', ( #52, #8606, #6012, #8769 ) ) ;
#6541 = AXIS2_PLACEMENT_3D ( 'NONE', #3904, #1148, #8607 ) ;
#6542 = EDGE_CURVE ( 'NONE', #2097, #5651, #3699, .T. ) ;
#6543 = EDGE_CURVE ( 'NONE', #3227, #8767, #8235, .T. ) ;
#6544 = DIRECTION ( 'NONE',  ( -1.000000000000000000, -0.000000000000000000, -0.000000000000000000 ) ) ;
#6545 = DIRECTION ( 'NONE',  ( -1.000000000000000000, -0.000000000000000000, -0.000000000000000000 ) ) ;
#6546 = FACE_OUTER_BOUND ( 'NONE', #4012, .T. ) ;
#6547 = ORIENTED_EDGE ( 'NONE', *, *, #4316, .F. ) ;
#6548 = DIRECTION ( 'NONE',  ( -1.000000000000000000, -0.000000000000000000, -0.000000000000000000 ) ) ;
#6549 = ORIENTED_EDGE ( 'NONE', *, *, #2635, .T. ) ;
#6550 = VECTOR ( 'NONE', #1290, 1000.000000000000000 ) ;
#6551 = AXIS2_PLACEMENT_3D ( 'NONE', #6910, #120, #1362 ) ;
#6552 = CARTESIAN_POINT ( 'NONE',  ( -12.69999999999999751, -4.072800018551144596, 73.66895216488211418 ) ) ;
#6553 = EDGE_LOOP ( 'NONE', ( #3086, #4479, #5800, #2962 ) ) ;
#6554 = ORIENTED_EDGE ( 'NONE', *, *, #5621, .F. ) ;
#6555 = AXIS2_PLACEMENT_3D ( 'NONE', #5794, #3675, #1545 ) ;
#6556 = DIRECTION ( 'NONE',  ( 1.000000000000000000, -0.000000000000000000, -0.000000000000000000 ) ) ;
#6557 = PERSON_AND_ORGANIZATION ( #2922, #5816 ) ;
#6558 = CARTESIAN_POINT ( 'NONE',  ( 12.70000000000000107, 3.577867169202164632E-15, 88.90000000000000568 ) ) ;
#6559 = ORIENTED_EDGE ( 'NONE', *, *, #3186, .T. ) ;
#6560 = CARTESIAN_POINT ( 'NONE',  ( 9.525000000000000355, 5.371240620587830250, 102.1529156865856294 ) ) ;
#6561 = VERTEX_POINT ( 'NONE', #6136 ) ;
#6562 = AXIS2_PLACEMENT_3D ( 'NONE', #4109, #66, #5348 ) ;
#6563 = AXIS2_PLACEMENT_3D ( 'NONE', #7949, #1875, #3958 ) ;
#6564 = DIRECTION ( 'NONE',  ( -1.000000000000000000, 0.000000000000000000, 0.000000000000000000 ) ) ;
#6565 = CIRCLE ( 'NONE', #8276, 2.080499999999998906 ) ;
#6566 = CARTESIAN_POINT ( 'NONE',  ( 0.000000000000000000, 22.22500000000000142, 12.69999999999999929 ) ) ;
#6567 = DIRECTION ( 'NONE',  ( 0.000000000000000000, 0.000000000000000000, 1.000000000000000000 ) ) ;
#6568 = ORIENTED_EDGE ( 'NONE', *, *, #2373, .T. ) ;
#6569 = CARTESIAN_POINT ( 'NONE',  ( 12.70000000000000107, 11.15407434219260630, 26.95732780184214405 ) ) ;
#6570 = CARTESIAN_POINT ( 'NONE',  ( 12.70000000000000107, -11.15407434219244465, 77.75732780184198134 ) ) ;
#6571 = EDGE_CURVE ( 'NONE', #7215, #1443, #59, .T. ) ;
#6572 = VECTOR ( 'NONE', #3951, 1000.000000000000000 ) ;
#6573 = ORIENTED_EDGE ( 'NONE', *, *, #5134, .T. ) ;
#6574 = ORIENTED_EDGE ( 'NONE', *, *, #2263, .T. ) ;
#6575 = CARTESIAN_POINT ( 'NONE',  ( 12.70000000000000107, 5.371240620587830250, 51.35291568658563932 ) ) ;
#6577 = CARTESIAN_POINT ( 'NONE',  ( -12.69999999999999751, 3.577867169202164632E-15, 88.90000000000000568 ) ) ;
#6576 = CIRCLE ( 'NONE', #6297, 14.30000000000000782 ) ;
#6578 = DIRECTION ( 'NONE',  ( 0.000000000000000000, 0.000000000000000000, 1.000000000000000000 ) ) ;
#6579 = CARTESIAN_POINT ( 'NONE',  ( 9.525000000000000355, -12.33648634558004353, 28.89623028888070877 ) ) ;
#6580 = LINE ( 'NONE', #8082, #5812 ) ;
#6581 = VERTEX_POINT ( 'NONE', #2192 ) ;
#6582 = ADVANCED_FACE ( 'NONE', ( #2811 ), #6804, .F. ) ;
#6583 = EDGE_LOOP ( 'NONE', ( #5974, #6422, #557, #5251 ) ) ;
#6584 = CIRCLE ( 'NONE', #1777, 2.080499999999998906 ) ;
#6585 = DIRECTION ( 'NONE',  ( -1.000000000000000000, -0.000000000000000000, -0.000000000000000000 ) ) ;
#6586 = DIRECTION ( 'NONE',  ( -1.000000000000000000, -0.000000000000000000, -0.000000000000000000 ) ) ;
#6587 = CARTESIAN_POINT ( 'NONE',  ( -9.525000000000002132, -12.69999999999999929, 63.50000000000000000 ) ) ;
#6588 = DIRECTION ( 'NONE',  ( -1.000000000000000000, -0.000000000000000000, -0.000000000000000000 ) ) ;
#6589 = EDGE_LOOP ( 'NONE', ( #905, #2123, #7744, #8743 ) ) ;
#6590 = CARTESIAN_POINT ( 'NONE',  ( -12.69999999999999751, -5.371240620587816927, 24.84708431341438839 ) ) ;
#6591 = ORIENTED_EDGE ( 'NONE', *, *, #8261, .T. ) ;
#6592 = AXIS2_PLACEMENT_3D ( 'NONE', #8132, #2716, #2671 ) ;
#6593 = CARTESIAN_POINT ( 'NONE',  ( -9.525000000000000355, 3.577867169202164632E-15, 38.10000000000001563 ) ) ;
#6594 = ORIENTED_EDGE ( 'NONE', *, *, #2374, .T. ) ;
#6595 = ADVANCED_FACE ( 'NONE', ( #8184 ), #1572, .F. ) ;
#6596 = EDGE_CURVE ( 'NONE', #5078, #7098, #3971, .T. ) ;
#6597 = EDGE_CURVE ( 'NONE', #6424, #6107, #6233, .T. ) ;
#6598 = VERTEX_POINT ( 'NONE', #2149 ) ;
#6599 = AXIS2_PLACEMENT_3D ( 'NONE', #7401, #1374, #3508 ) ;
#6600 = DIRECTION ( 'NONE',  ( 0.000000000000000000, 0.000000000000000000, 1.000000000000000000 ) ) ;
#6601 = CARTESIAN_POINT ( 'NONE',  ( 9.525000000000000355, 4.072800018551152590, 73.66895216488211418 ) ) ;
#6602 = CARTESIAN_POINT ( 'NONE',  ( 1.080765552152139773E-15, -22.22499999999999787, 86.40000000000000568 ) ) ;
#6603 = VERTEX_POINT ( 'NONE', #3436 ) ;
#6604 = CARTESIAN_POINT ( 'NONE',  ( -12.69999999999999751, 16.22354728284508951, 86.63785636811238078 ) ) ;
#6605 = EDGE_LOOP ( 'NONE', ( #4651, #4575, #8375, #2723 ) ) ;
#6606 = CIRCLE ( 'NONE', #3639, 14.30000000000000782 ) ;
#6607 = AXIS2_PLACEMENT_3D ( 'NONE', #2166, #4075, #2032 ) ;
#6608 = CARTESIAN_POINT ( 'NONE',  ( 12.70000000000000107, -14.13894155320108759, 94.98182571315255984 ) ) ;
#6609 = AXIS2_PLACEMENT_3D ( 'NONE', #2874, #875, #6156 ) ;
#6610 = AXIS2_PLACEMENT_3D ( 'NONE', #1131, #3927, #1839 ) ;
#6611 = DIRECTION ( 'NONE',  ( 0.000000000000000000, 0.000000000000000000, 1.000000000000000000 ) ) ;
#6612 = DIRECTION ( 'NONE',  ( 0.000000000000000000, 0.000000000000000000, 1.000000000000000000 ) ) ;
#6613 = ORIENTED_EDGE ( 'NONE', *, *, #1202, .F. ) ;
#6614 = DIRECTION ( 'NONE',  ( 0.000000000000000000, 0.000000000000000000, 1.000000000000000000 ) ) ;
#6615 = CARTESIAN_POINT ( 'NONE',  ( 7.746038523653021987E-16, 22.22500000000000142, 88.89999999999999147 ) ) ;
#6616 = AXIS2_PLACEMENT_3D ( 'NONE', #69, #5490, #916 ) ;
#6617 = AXIS2_PLACEMENT_3D ( 'NONE', #5082, #3792, #3039 ) ;
#6618 = EDGE_LOOP ( 'NONE', ( #1795, #239, #7794, #1054 ) ) ;
#6619 = ORIENTED_EDGE ( 'NONE', *, *, #7026, .F. ) ;
#6620 = CIRCLE ( 'NONE', #3797, 2.270999999999995467 ) ;
#6621 = ADVANCED_FACE ( 'NONE', ( #106 ), #8268, .F. ) ;
#6622 = DIRECTION ( 'NONE',  ( 0.000000000000000000, 0.000000000000000000, 1.000000000000000000 ) ) ;
#6623 = VECTOR ( 'NONE', #6207, 1000.000000000000000 ) ;
#6624 = LINE ( 'NONE', #1124, #6284 ) ;
#6625 = DIRECTION ( 'NONE',  ( 0.000000000000000000, 0.000000000000000000, 1.000000000000000000 ) ) ;
#6626 = CARTESIAN_POINT ( 'NONE',  ( 12.70000000000000107, -10.07084749364648069, 25.18106772950202199 ) ) ;
#6627 = ORIENTED_EDGE ( 'NONE', *, *, #4146, .F. ) ;
#6628 = ORIENTED_EDGE ( 'NONE', *, *, #8311, .F. ) ;
#6629 = AXIS2_PLACEMENT_3D ( 'NONE', #2985, #6397, #3695 ) ;
#6630 = FACE_OUTER_BOUND ( 'NONE', #660, .T. ) ;
#6631 = EDGE_CURVE ( 'NONE', #8198, #8247, #4541, .T. ) ;
#6632 = DIRECTION ( 'NONE',  ( 1.000000000000000000, 0.000000000000000000, 0.000000000000000000 ) ) ;
#6633 = DIRECTION ( 'NONE',  ( -1.000000000000000000, -0.000000000000000000, -0.000000000000000000 ) ) ;
#6634 = LINE ( 'NONE', #1304, #2165 ) ;
#6635 = ORIENTED_EDGE ( 'NONE', *, *, #1393, .F. ) ;
#6636 = DIRECTION ( 'NONE',  ( 0.000000000000000000, 0.000000000000000000, 1.000000000000000000 ) ) ;
#6637 = ORIENTED_EDGE ( 'NONE', *, *, #7187, .F. ) ;
#6638 = CARTESIAN_POINT ( 'NONE',  ( 12.70000000000000107, -12.33648634558004353, 79.69623028888069882 ) ) ;
#6639 = EDGE_LOOP ( 'NONE', ( #1266, #421, #3540, #1948 ) ) ;
#6640 = ORIENTED_EDGE ( 'NONE', *, *, #1161, .F. ) ;
#6641 = CYLINDRICAL_SURFACE ( 'NONE', #92, 2.271000000000002128 ) ;
#6642 = EDGE_CURVE ( 'NONE', #4117, #7984, #4277, .T. ) ;
#6643 = CC_DESIGN_PERSON_AND_ORGANIZATION_ASSIGNMENT ( #3587, #78, ( #5540 ) ) ;
#6644 = ADVANCED_FACE ( 'NONE', ( #6220 ), #4900, .F. ) ;
#6645 = EDGE_CURVE ( 'NONE', #4836, #478, #1284, .T. ) ;
#6646 = DIRECTION ( 'NONE',  ( -1.000000000000000000, 0.000000000000000000, 0.000000000000000000 ) ) ;
#6647 = VERTEX_POINT ( 'NONE', #4942 ) ;
#6648 = DIRECTION ( 'NONE',  ( -1.000000000000000000, -0.000000000000000000, -0.000000000000000000 ) ) ;
#6649 = ORIENTED_EDGE ( 'NONE', *, *, #5075, .T. ) ;
#6650 = DIRECTION ( 'NONE',  ( -1.000000000000000000, -0.000000000000000000, -0.000000000000000000 ) ) ;
#6651 = AXIS2_PLACEMENT_3D ( 'NONE', #2708, #133, #2799 ) ;
#6652 = EDGE_CURVE ( 'NONE', #6071, #3239, #4546, .T. ) ;
#6653 = LINE ( 'NONE', #1907, #6694 ) ;
#6654 = DIRECTION ( 'NONE',  ( 0.000000000000000000, 0.000000000000000000, 1.000000000000000000 ) ) ;
#6655 = AXIS2_PLACEMENT_3D ( 'NONE', #2956, #204, #70 ) ;
#6656 = EDGE_LOOP ( 'NONE', ( #5749, #6513 ) ) ;
#6657 = DIRECTION ( 'NONE',  ( 0.000000000000000000, -2.501403714458266834E-15, 1.000000000000000000 ) ) ;
#6658 = CYLINDRICAL_SURFACE ( 'NONE', #8379, 2.499999999999992006 ) ;
#6659 = ORIENTED_EDGE ( 'NONE', *, *, #3107, .F. ) ;
#6660 = AXIS2_PLACEMENT_3D ( 'NONE', #685, #7371, #1882 ) ;
#6661 = ORIENTED_EDGE ( 'NONE', *, *, #4219, .F. ) ;
#6662 = LOCAL_TIME ( 14, 50, 0.000000000000000000, #8154 ) ;
#6663 = CARTESIAN_POINT ( 'NONE',  ( -12.69999999999999751, -12.69999999999999929, 116.7999999999999829 ) ) ;
#6664 = LINE ( 'NONE', #1433, #3464 ) ;
#6665 = CARTESIAN_POINT ( 'NONE',  ( -12.69999999999999751, 14.15672222192832841, 78.33822353099817803 ) ) ;
#6666 = CARTESIAN_POINT ( 'NONE',  ( -9.525000000000002132, -12.69999999999999929, 61.00000000000000711 ) ) ;
#6667 = AXIS2_PLACEMENT_3D ( 'NONE', #6668, #8665, #1968 ) ;
#6668 = CARTESIAN_POINT ( 'NONE',  ( 12.70000000000000107, -12.33648634558004353, 79.69623028888069882 ) ) ;
#6669 = VERTEX_POINT ( 'NONE', #8312 ) ;
#6670 = VERTEX_POINT ( 'NONE', #7642 ) ;
#6672 = ORIENTED_EDGE ( 'NONE', *, *, #7350, .T. ) ;
#6671 = AXIS2_PLACEMENT_3D ( 'NONE', #7770, #8442, #8569 ) ;
#6673 = CARTESIAN_POINT ( 'NONE',  ( 12.70000000000000107, 12.69999999999999929, 116.7999999999999972 ) ) ;
#6674 = CARTESIAN_POINT ( 'NONE',  ( -12.69999999999999751, -14.15672222192817387, 78.33822353099797908 ) ) ;
#6675 = CYLINDRICAL_SURFACE ( 'NONE', #5834, 17.66249999999999787 ) ;
#6676 = ORIENTED_EDGE ( 'NONE', *, *, #4809, .F. ) ;
#6677 = DIRECTION ( 'NONE',  ( -1.000000000000000000, -0.000000000000000000, -0.000000000000000000 ) ) ;
#6678 = ORIENTED_EDGE ( 'NONE', *, *, #5662, .F. ) ;
#6679 = CARTESIAN_POINT ( 'NONE',  ( 12.70000000000000107, -12.33648634558004353, 28.89623028888070877 ) ) ;
#6680 = ORIENTED_EDGE ( 'NONE', *, *, #1675, .F. ) ;
#6681 = ORIENTED_EDGE ( 'NONE', *, *, #4761, .T. ) ;
#6682 = EDGE_CURVE ( 'NONE', #5492, #1443, #7666, .T. ) ;
#6683 = CARTESIAN_POINT ( 'NONE',  ( 7.746038523653021987E-16, -22.22499999999999787, 38.09999999999999432 ) ) ;
#6684 = AXIS2_PLACEMENT_3D ( 'NONE', #631, #5425, #8074 ) ;
#6685 = AXIS2_PLACEMENT_3D ( 'NONE', #5273, #1904, #3949 ) ;
#6686 = CARTESIAN_POINT ( 'NONE',  ( 1.555301434917138038E-15, 25.40000000000000213, 27.89999999999998792 ) ) ;
#6687 = DIRECTION ( 'NONE',  ( 0.000000000000000000, 0.000000000000000000, 1.000000000000000000 ) ) ;
#6688 = VERTEX_POINT ( 'NONE', #235 ) ;
#6689 = CARTESIAN_POINT ( 'NONE',  ( -9.525000000000000355, 3.577867169202164632E-15, 88.90000000000000568 ) ) ;
#6690 = VERTEX_POINT ( 'NONE', #5650 ) ;
#6691 = VERTEX_POINT ( 'NONE', #8355 ) ;
#6692 = CARTESIAN_POINT ( 'NONE',  ( -9.525000000000000355, -15.22687436074365230, 92.98837563695990127 ) ) ;
#6693 = EDGE_CURVE ( 'NONE', #1573, #2041, #2279, .T. ) ;
#6694 = VECTOR ( 'NONE', #4917, 1000.000000000000000 ) ;
#6695 = EDGE_CURVE ( 'NONE', #8472, #8452, #7800, .T. ) ;
#6696 = AXIS2_PLACEMENT_3D ( 'NONE', #163, #2082, #5402 ) ;
#6697 = DIRECTION ( 'NONE',  ( 0.000000000000000000, 1.000000000000000000, 0.000000000000000000 ) ) ;
#6698 = CYLINDRICAL_SURFACE ( 'NONE', #4892, 2.080499999999998906 ) ;
#6699 = CIRCLE ( 'NONE', #3730, 2.499999999999992006 ) ;
#6700 = VERTEX_POINT ( 'NONE', #6399 ) ;
#6701 = CARTESIAN_POINT ( 'NONE',  ( 12.70000000000000107, -10.07084749364648069, 78.06156772950203049 ) ) ;
#6702 = DIRECTION ( 'NONE',  ( 0.000000000000000000, 0.000000000000000000, 1.000000000000000000 ) ) ;
#6703 = EDGE_CURVE ( 'NONE', #1975, #5907, #3979, .T. ) ;
#6704 = ORIENTED_EDGE ( 'NONE', *, *, #197, .T. ) ;
#6705 = EDGE_CURVE ( 'NONE', #828, #2924, #2987, .T. ) ;
#6706 = EDGE_CURVE ( 'NONE', #5703, #5090, #5683, .T. ) ;
#6707 = AXIS2_PLACEMENT_3D ( 'NONE', #2670, #4666, #8180 ) ;
#6708 = CARTESIAN_POINT ( 'NONE',  ( 9.525000000000000355, 5.371240620587829362, 24.84708431341438839 ) ) ;
#6709 = CARTESIAN_POINT ( 'NONE',  ( 12.70000000000000107, 12.69999999999999929, 12.69999999999999929 ) ) ;
#6710 = DIRECTION ( 'NONE',  ( 0.000000000000000000, 0.000000000000000000, -1.000000000000000000 ) ) ;
#6711 = DIRECTION ( 'NONE',  ( -1.000000000000000000, -0.000000000000000000, -0.000000000000000000 ) ) ;
#6712 = CYLINDRICAL_SURFACE ( 'NONE', #6481, 2.271000000000002128 ) ;
#6713 = CIRCLE ( 'NONE', #8701, 2.270999999999995467 ) ;
#6714 = FACE_OUTER_BOUND ( 'NONE', #2162, .T. ) ;
#6715 = ORIENTED_EDGE ( 'NONE', *, *, #6797, .F. ) ;
#6716 = VERTEX_POINT ( 'NONE', #2363 ) ;
#6717 = ORIENTED_EDGE ( 'NONE', *, *, #7581, .T. ) ;
#6718 = CARTESIAN_POINT ( 'NONE',  ( -9.525000000000000355, -12.33648634558010748, 100.3747697111192281 ) ) ;
#6719 = CARTESIAN_POINT ( 'NONE',  ( 7.746038523653021987E-16, 22.22500000000000142, 38.09999999999999432 ) ) ;
#6720 = CYLINDRICAL_SURFACE ( 'NONE', #879, 17.66250000000000497 ) ;
#6721 = EDGE_LOOP ( 'NONE', ( #6371, #5667, #6649, #3909 ) ) ;
#6722 = DIRECTION ( 'NONE',  ( -1.000000000000000000, -0.000000000000000000, -0.000000000000000000 ) ) ;
#6723 = VERTEX_POINT ( 'NONE', #6360 ) ;
#6724 = DIRECTION ( 'NONE',  ( -1.000000000000000000, -0.000000000000000000, -0.000000000000000000 ) ) ;
#6725 = VERTEX_POINT ( 'NONE', #7730 ) ;
#6726 = CIRCLE ( 'NONE', #7007, 2.270999999999995467 ) ;
#6727 = ORIENTED_EDGE ( 'NONE', *, *, #1454, .T. ) ;
#6728 = CARTESIAN_POINT ( 'NONE',  ( 7.746038523653021987E-16, 25.40000000000000213, 104.0999999999999801 ) ) ;
#6729 = CIRCLE ( 'NONE', #7153, 2.270999999999995467 ) ;
#6730 = DIRECTION ( 'NONE',  ( -1.000000000000000000, -0.000000000000000000, -0.000000000000000000 ) ) ;
#6731 = ORIENTED_EDGE ( 'NONE', *, *, #8573, .T. ) ;
#6732 = CARTESIAN_POINT ( 'NONE',  ( 9.525000000000000355, 0.000000000000000000, 65.99999999999998579 ) ) ;
#6733 = EDGE_CURVE ( 'NONE', #5892, #5838, #3421, .T. ) ;
#6734 = EDGE_LOOP ( 'NONE', ( #2903, #676 ) ) ;
#6735 = DIRECTION ( 'NONE',  ( -1.000000000000000000, -0.000000000000000000, -0.000000000000000000 ) ) ;
#6736 = ORIENTED_EDGE ( 'NONE', *, *, #7835, .F. ) ;
#6737 = ORIENTED_EDGE ( 'NONE', *, *, #5395, .F. ) ;
#6738 = CARTESIAN_POINT ( 'NONE',  ( 9.525000000000000355, -11.15407434219252103, 49.24267219815796182 ) ) ;
#6739 = AXIS2_PLACEMENT_3D ( 'NONE', #5477, #7505, #8182 ) ;
#6740 = LINE ( 'NONE', #5415, #6030 ) ;
#6741 = DIRECTION ( 'NONE',  ( 0.000000000000000000, 0.000000000000000000, 1.000000000000000000 ) ) ;
#6742 = CARTESIAN_POINT ( 'NONE',  ( -12.69999999999999751, -14.16298196909034779, 40.07482701602484099 ) ) ;
#6743 = EDGE_CURVE ( 'NONE', #5177, #1137, #3557, .T. ) ;
#6745 = CARTESIAN_POINT ( 'NONE',  ( -12.69999999999999751, -12.69999999999999929, 111.8000000000000114 ) ) ;
#6744 = AXIS2_PLACEMENT_3D ( 'NONE', #6789, #4178, #6073 ) ;
#6746 = ORIENTED_EDGE ( 'NONE', *, *, #6543, .F. ) ;
#6747 = DIRECTION ( 'NONE',  ( -1.000000000000000000, -0.000000000000000000, -0.000000000000000000 ) ) ;
#6748 = CARTESIAN_POINT ( 'NONE',  ( -12.69999999999999929, 0.000000000000000000, 12.69999999999993356 ) ) ;
#6749 = ORIENTED_EDGE ( 'NONE', *, *, #4136, .T. ) ;
#6750 = CIRCLE ( 'NONE', #5058, 2.500000000000002220 ) ;
#6751 = AXIS2_PLACEMENT_3D ( 'NONE', #3144, #8596, #7886 ) ;
#6752 = DIRECTION ( 'NONE',  ( -1.000000000000000000, 0.000000000000000000, 0.000000000000000000 ) ) ;
#6753 = DIRECTION ( 'NONE',  ( -1.000000000000000000, -0.000000000000000000, -0.000000000000000000 ) ) ;
#6754 = EDGE_CURVE ( 'NONE', #4069, #2826, #1999, .T. ) ;
#6755 = CARTESIAN_POINT ( 'NONE',  ( -9.525000000000000355, 4.072800018551153478, 104.1310478351179114 ) ) ;
#6756 = ADVANCED_FACE ( 'NONE', ( #4321 ), #7195, .T. ) ;
#6757 = EDGE_CURVE ( 'NONE', #13, #3437, #4269, .T. ) ;
#6758 = EDGE_CURVE ( 'NONE', #312, #5632, #2418, .T. ) ;
#6760 = CARTESIAN_POINT ( 'NONE',  ( 3.061616997868369829E-16, 25.40000000000000213, 10.20000000000001172 ) ) ;
#6759 = CIRCLE ( 'NONE', #4073, 2.499999999999992006 ) ;
#6761 = DIRECTION ( 'NONE',  ( 0.000000000000000000, 0.000000000000000000, -1.000000000000000000 ) ) ;
#6762 = CIRCLE ( 'NONE', #1658, 2.080499999999998906 ) ;
#6763 = LINE ( 'NONE', #2718, #4838 ) ;
#6764 = ORIENTED_EDGE ( 'NONE', *, *, #87, .F. ) ;
#6765 = ORIENTED_EDGE ( 'NONE', *, *, #6437, .F. ) ;
#6766 = AXIS2_PLACEMENT_3D ( 'NONE', #8409, #1792, #7866 ) ;
#6767 = AXIS2_PLACEMENT_3D ( 'NONE', #734, #202, #2906 ) ;
#6768 = ORIENTED_EDGE ( 'NONE', *, *, #6757, .F. ) ;
#6769 = DIRECTION ( 'NONE',  ( 0.000000000000000000, 0.000000000000000000, 1.000000000000000000 ) ) ;
#6770 = CARTESIAN_POINT ( 'NONE',  ( -9.525000000000000355, 10.07084749364666365, 75.98106772950217191 ) ) ;
#6771 = DIRECTION ( 'NONE',  ( 0.000000000000000000, 0.000000000000000000, 1.000000000000000000 ) ) ;
#6772 = EDGE_CURVE ( 'NONE', #6688, #5011, #1859, .T. ) ;
#6773 = EDGE_LOOP ( 'NONE', ( #2004, #6832, #641, #2728 ) ) ;
#6774 = DIRECTION ( 'NONE',  ( 0.000000000000000000, 0.000000000000000000, 1.000000000000000000 ) ) ;
#6775 = ORIENTED_EDGE ( 'NONE', *, *, #5395, .T. ) ;
#6776 = LINE ( 'NONE', #2601, #6945 ) ;
#6777 = ORIENTED_EDGE ( 'NONE', *, *, #2526, .F. ) ;
#6778 = VECTOR ( 'NONE', #5945, 1000.000000000000000 ) ;
#6779 = ORIENTED_EDGE ( 'NONE', *, *, #8762, .F. ) ;
#6780 = CARTESIAN_POINT ( 'NONE',  ( -12.69999999999999751, 5.371240620587830250, 51.35291568658563932 ) ) ;
#6781 = DIRECTION ( 'NONE',  ( 1.000000000000000000, -0.000000000000000000, -0.000000000000000000 ) ) ;
#6782 = PERSON_AND_ORGANIZATION_ROLE ( 'classification_officer' ) ;
#6783 = ORIENTED_EDGE ( 'NONE', *, *, #2314, .T. ) ;
#6784 = DIRECTION ( 'NONE',  ( -1.000000000000000000, -0.000000000000000000, -0.000000000000000000 ) ) ;
#6785 = CARTESIAN_POINT ( 'NONE',  ( 12.70000000000000107, 12.33648634558017676, 28.89623028888087930 ) ) ;
#6786 = ORIENTED_EDGE ( 'NONE', *, *, #8705, .T. ) ;
#6787 = ORIENTED_EDGE ( 'NONE', *, *, #7185, .T. ) ;
#6788 = DIRECTION ( 'NONE',  ( 0.000000000000000000, -1.000000000000000000, 0.000000000000000000 ) ) ;
#6789 = CARTESIAN_POINT ( 'NONE',  ( -12.69999999999999751, -12.69999999999999929, 12.69999999999999929 ) ) ;
#6790 = CARTESIAN_POINT ( 'NONE',  ( -12.69999999999999751, 6.152699789198528002, 104.0810759023857344 ) ) ;
#6791 = CYLINDRICAL_SURFACE ( 'NONE', #3939, 2.270999999999995467 ) ;
#6792 = CARTESIAN_POINT ( 'NONE',  ( -12.69999999999999751, 15.22687436074360257, 42.18837563696011017 ) ) ;
#6793 = VERTEX_POINT ( 'NONE', #7022 ) ;
#6794 = CARTESIAN_POINT ( 'NONE',  ( 1.080765552152139773E-15, -22.22499999999999787, 99.10000000000000853 ) ) ;
#6795 = DIRECTION ( 'NONE',  ( 0.000000000000000000, 0.000000000000000000, 1.000000000000000000 ) ) ;
#6796 = ORIENTED_EDGE ( 'NONE', *, *, #4160, .T. ) ;
#6797 = EDGE_CURVE ( 'NONE', #3320, #1937, #5957, .T. ) ;
#6798 = DIRECTION ( 'NONE',  ( 1.000000000000000000, 0.000000000000000000, 0.000000000000000000 ) ) ;
#6799 = AXIS2_PLACEMENT_3D ( 'NONE', #3182, #5886, #7171 ) ;
#6800 = CARTESIAN_POINT ( 'NONE',  ( -12.69999999999999929, 3.061616997868373773E-16, 111.8000000000000114 ) ) ;
#6801 = CARTESIAN_POINT ( 'NONE',  ( 1.861463134703975514E-15, 22.22500000000000142, 22.90000000000000568 ) ) ;
#6802 = DIRECTION ( 'NONE',  ( 0.000000000000000000, 0.000000000000000000, 1.000000000000000000 ) ) ;
#6803 = DIRECTION ( 'NONE',  ( -0.000000000000000000, 1.000000000000000000, -0.000000000000000000 ) ) ;
#6804 = CYLINDRICAL_SURFACE ( 'NONE', #8509, 2.499999999999992006 ) ;
#6805 = VERTEX_POINT ( 'NONE', #1696 ) ;
#6806 = ORIENTED_EDGE ( 'NONE', *, *, #37, .T. ) ;
#6807 = EDGE_CURVE ( 'NONE', #1319, #7762, #4840, .T. ) ;
#6808 = EDGE_CURVE ( 'NONE', #5618, #7531, #4686, .T. ) ;
#6809 = AXIS2_PLACEMENT_3D ( 'NONE', #8264, #7593, #4357 ) ;
#6810 = ORIENTED_EDGE ( 'NONE', *, *, #5409, .T. ) ;
#6811 = DIRECTION ( 'NONE',  ( -1.000000000000000000, -0.000000000000000000, -0.000000000000000000 ) ) ;
#6812 = CARTESIAN_POINT ( 'NONE',  ( 1.080765552152139773E-15, 22.22500000000000142, 99.10000000000000853 ) ) ;
#6813 = CYLINDRICAL_SURFACE ( 'NONE', #8747, 2.271000000000002128 ) ;
#6814 = VECTOR ( 'NONE', #6890, 1000.000000000000000 ) ;
#6815 = ORIENTED_EDGE ( 'NONE', *, *, #5320, .F. ) ;
#6816 = DIRECTION ( 'NONE',  ( 0.000000000000000000, 0.000000000000000000, -1.000000000000000000 ) ) ;
#6817 = ORIENTED_EDGE ( 'NONE', *, *, #1828, .F. ) ;
#6818 = CARTESIAN_POINT ( 'NONE',  ( 1.861463134703975909E-15, 25.40000000000000213, 111.8000000000000114 ) ) ;
#6819 = EDGE_LOOP ( 'NONE', ( #6737, #7957, #1262, #7290 ) ) ;
#6820 = LOCAL_TIME ( 14, 50, 0.000000000000000000, #4169 ) ;
#6821 = ORIENTED_EDGE ( 'NONE', *, *, #89, .F. ) ;
#6822 = EDGE_CURVE ( 'NONE', #7345, #3400, #2843, .T. ) ;
#6823 = ADVANCED_FACE ( 'NONE', ( #7150 ), #1783, .F. ) ;
#6824 = AXIS2_PLACEMENT_3D ( 'NONE', #5690, #3031, #7858 ) ;
#6825 = DIRECTION ( 'NONE',  ( 0.000000000000000000, 0.000000000000000000, 1.000000000000000000 ) ) ;
#6826 = CYLINDRICAL_SURFACE ( 'NONE', #5981, 2.080499999999998906 ) ;
#6827 = ORIENTED_EDGE ( 'NONE', *, *, #5182, .T. ) ;
#6828 = CARTESIAN_POINT ( 'NONE',  ( 12.70000000000000107, 0.000000000000000000, 114.2999999999999972 ) ) ;
#6829 = EDGE_LOOP ( 'NONE', ( #3099, #8423 ) ) ;
#6830 = DIRECTION ( 'NONE',  ( 0.000000000000000000, -1.000000000000000000, 0.000000000000000000 ) ) ;
#6831 = ORIENTED_EDGE ( 'NONE', *, *, #6529, .F. ) ;
#6832 = ORIENTED_EDGE ( 'NONE', *, *, #1062, .F. ) ;
#6833 = CYLINDRICAL_SURFACE ( 'NONE', #7959, 2.499999999999992006 ) ;
#6834 = CIRCLE ( 'NONE', #4141, 2.080499999999998906 ) ;
#6835 = DIRECTION ( 'NONE',  ( -1.000000000000000000, -0.000000000000000000, -0.000000000000000000 ) ) ;
#6836 = CARTESIAN_POINT ( 'NONE',  ( 9.525000000000000355, 3.577867169202164632E-15, 38.10000000000001563 ) ) ;
#6837 = CARTESIAN_POINT ( 'NONE',  ( -12.69999999999999751, -1.802455207620986100, 104.1855954242718525 ) ) ;
#6838 = ORIENTED_EDGE ( 'NONE', *, *, #6871, .T. ) ;
#6839 = DIRECTION ( 'NONE',  ( -1.000000000000000000, -0.000000000000000000, -0.000000000000000000 ) ) ;
#6840 = VECTOR ( 'NONE', #6970, 1000.000000000000000 ) ;
#6841 = CIRCLE ( 'NONE', #8104, 2.499999999999988454 ) ;
#6842 = CARTESIAN_POINT ( 'NONE',  ( 12.70000000000000107, 3.577867169202164632E-15, 106.5625000000000000 ) ) ;
#6843 = AXIS2_PLACEMENT_3D ( 'NONE', #7317, #8695, #1283 ) ;
#6845 = CARTESIAN_POINT ( 'NONE',  ( 0.000000000000000000, 25.40000000000000213, 15.19999999999999218 ) ) ;
#6844 = AXIS2_PLACEMENT_3D ( 'NONE', #4817, #6142, #7516 ) ;
#6846 = DIRECTION ( 'NONE',  ( 0.000000000000000000, 0.000000000000000000, 1.000000000000000000 ) ) ;
#6847 = LINE ( 'NONE', #2714, #4450 ) ;
#6848 = FACE_OUTER_BOUND ( 'NONE', #1438, .T. ) ;
#6849 = DIRECTION ( 'NONE',  ( -1.000000000000000000, -0.000000000000000000, -0.000000000000000000 ) ) ;
#6850 = EDGE_CURVE ( 'NONE', #5635, #6209, #304, .T. ) ;
#6851 = DIRECTION ( 'NONE',  ( 0.000000000000000000, 0.000000000000000000, 1.000000000000000000 ) ) ;
#6852 = ORIENTED_EDGE ( 'NONE', *, *, #900, .F. ) ;
#6853 = ORIENTED_EDGE ( 'NONE', *, *, #1062, .T. ) ;
#6854 = AXIS2_PLACEMENT_3D ( 'NONE', #5823, #501, #6622 ) ;
#6855 = EDGE_LOOP ( 'NONE', ( #2918, #3825, #2832, #6796 ) ) ;
#6856 = DIRECTION ( 'NONE',  ( 0.000000000000000000, 1.000000000000000000, 0.000000000000000000 ) ) ;
#6858 = DIRECTION ( 'NONE',  ( 0.000000000000000000, 1.000000000000000000, 0.000000000000000000 ) ) ;
#6857 = AXIS2_PLACEMENT_3D ( 'NONE', #4499, #5824, #2537 ) ;
#6859 = CARTESIAN_POINT ( 'NONE',  ( 9.525000000000000355, -12.33648634558010748, 47.30376971111923723 ) ) ;
#6860 = DIRECTION ( 'NONE',  ( 0.000000000000000000, -8.754913000603934117E-15, -1.000000000000000000 ) ) ;
#6861 = EDGE_CURVE ( 'NONE', #4870, #6603, #1580, .T. ) ;
#6862 = DIRECTION ( 'NONE',  ( 0.000000000000000000, 0.000000000000000000, -1.000000000000000000 ) ) ;
#6863 = VERTEX_POINT ( 'NONE', #8745 ) ;
#6864 = ORIENTED_EDGE ( 'NONE', *, *, #4055, .T. ) ;
#6865 = AXIS2_PLACEMENT_3D ( 'NONE', #897, #4188, #6933 ) ;
#6866 = DIRECTION ( 'NONE',  ( -1.000000000000000000, -0.000000000000000000, -0.000000000000000000 ) ) ;
#6867 = DIRECTION ( 'NONE',  ( 1.000000000000000000, 0.000000000000000000, 0.000000000000000000 ) ) ;
#6868 = CARTESIAN_POINT ( 'NONE',  ( 12.70000000000000107, 2.068405620284300195, 20.55903068698950520 ) ) ;
#6869 = ORIENTED_EDGE ( 'NONE', *, *, #5381, .T. ) ;
#6870 = DIRECTION ( 'NONE',  ( -0.000000000000000000, 1.000000000000000000, -0.000000000000000000 ) ) ;
#6871 = EDGE_CURVE ( 'NONE', #3246, #7752, #6528, .T. ) ;
#6872 = CIRCLE ( 'NONE', #7714, 2.499999999999988454 ) ;
#6873 = EDGE_CURVE ( 'NONE', #1211, #1247, #3840, .T. ) ;
#6874 = ADVANCED_FACE ( 'NONE', ( #3866 ), #674, .F. ) ;
#6875 = ORIENTED_EDGE ( 'NONE', *, *, #3461, .T. ) ;
#6876 = ORIENTED_EDGE ( 'NONE', *, *, #5774, .F. ) ;
#6877 = AXIS2_PLACEMENT_3D ( 'NONE', #6785, #3414, #8733 ) ;
#6878 = DIRECTION ( 'NONE',  ( 0.000000000000000000, 0.000000000000000000, 1.000000000000000000 ) ) ;
#6879 = CARTESIAN_POINT ( 'NONE',  ( 12.70000000000000107, 5.371240620587829362, 75.64708431341438200 ) ) ;
#6880 = CARTESIAN_POINT ( 'NONE',  ( -12.69999999999999751, -16.22354728284505399, 35.83785636811216335 ) ) ;
#6881 = ORIENTED_EDGE ( 'NONE', *, *, #454, .F. ) ;
#6882 = CARTESIAN_POINT ( 'NONE',  ( 7.746038523653021987E-16, -25.39999999999999503, 50.79999999999999716 ) ) ;
#6883 = CIRCLE ( 'NONE', #8302, 2.499999999999988454 ) ;
#6884 = CARTESIAN_POINT ( 'NONE',  ( 12.70000000000000107, 1.802455207620993427, 53.38559542427184823 ) ) ;
#6885 = DIRECTION ( 'NONE',  ( 1.000000000000000000, 0.000000000000000000, 0.000000000000000000 ) ) ;
#6886 = CARTESIAN_POINT ( 'NONE',  ( 12.70000000000000107, 12.33648634557998314, 47.30376971111940776 ) ) ;
#6887 = LINE ( 'NONE', #4231, #4311 ) ;
#6888 = CARTESIAN_POINT ( 'NONE',  ( 12.70000000000000107, -8.791741348502544184, 100.1780886705607543 ) ) ;
#6889 = CYLINDRICAL_SURFACE ( 'NONE', #5918, 17.66249999999999787 ) ;
#6890 = DIRECTION ( 'NONE',  ( -1.000000000000000000, -0.000000000000000000, -0.000000000000000000 ) ) ;
#6891 = ORIENTED_EDGE ( 'NONE', *, *, #4424, .T. ) ;
#6892 = AXIS2_PLACEMENT_3D ( 'NONE', #5247, #1208, #7909 ) ;
#6893 = CIRCLE ( 'NONE', #7742, 2.271000000000002128 ) ;
#6894 = VERTEX_POINT ( 'NONE', #2533 ) ;
#6895 = ADVANCED_FACE ( 'NONE', ( #6079 ), #6658, .F. ) ;
#6896 = VERTEX_POINT ( 'NONE', #2621 ) ;
#6897 = AXIS2_PLACEMENT_3D ( 'NONE', #2694, #8685, #4122 ) ;
#6898 = CYLINDRICAL_SURFACE ( 'NONE', #6419, 2.271000000000002128 ) ;
#6899 = AXIS2_PLACEMENT_3D ( 'NONE', #3001, #6285, #5661 ) ;
#6900 = CARTESIAN_POINT ( 'NONE',  ( -12.69999999999999929, 12.69999999999999929, 61.00000000000001421 ) ) ;
#6901 = CARTESIAN_POINT ( 'NONE',  ( 12.70000000000000107, 11.15407434219237004, 49.24267219815811814 ) ) ;
#6902 = CYLINDRICAL_SURFACE ( 'NONE', #1100, 2.270999999999995467 ) ;
#6903 = CARTESIAN_POINT ( 'NONE',  ( 12.70000000000000107, 2.068405620284298418, 106.4409693130105268 ) ) ;
#6904 = ORIENTED_EDGE ( 'NONE', *, *, #3711, .F. ) ;
#6905 = EDGE_LOOP ( 'NONE', ( #5218, #6681, #5819, #4698, #171, #6717, #5050, #2119, #3327, #2403, #5270, #2535, #679, #7639, #8630, #5445, #463, #3544, #4323, #4032, #6378, #2685, #8124, #714, #2502, #1229, #1729, #7334, #935, #2749, #1182, #1720, #4340, #291, #2393, #4705, #5695, #4494, #7754, #3618, #8689 ) ) ;
#6906 = VECTOR ( 'NONE', #6722, 1000.000000000000000 ) ;
#6907 = CIRCLE ( 'NONE', #5345, 2.500000000000002220 ) ;
#6908 = EDGE_CURVE ( 'NONE', #1425, #3933, #7237, .T. ) ;
#6909 = CARTESIAN_POINT ( 'NONE',  ( -12.69999999999999929, 0.000000000000000000, 15.19999999999992113 ) ) ;
#6910 = CARTESIAN_POINT ( 'NONE',  ( 9.525000000000000355, 0.000000000000000000, 114.2999999999999972 ) ) ;
#6911 = AXIS2_PLACEMENT_3D ( 'NONE', #2410, #5117, #1085 ) ;
#6912 = ORIENTED_EDGE ( 'NONE', *, *, #7243, .T. ) ;
#6913 = FACE_OUTER_BOUND ( 'NONE', #5296, .T. ) ;
#6914 = ORIENTED_EDGE ( 'NONE', *, *, #6475, .T. ) ;
#6915 = CARTESIAN_POINT ( 'NONE',  ( 1.555301434917138433E-15, 25.40000000000000213, 63.50000000000000000 ) ) ;
#6916 = ORIENTED_EDGE ( 'NONE', *, *, #3000, .F. ) ;
#6917 = VERTEX_POINT ( 'NONE', #8793 ) ;
#6918 = AXIS2_PLACEMENT_3D ( 'NONE', #5563, #7506, #1435 ) ;
#6919 = EDGE_CURVE ( 'NONE', #5053, #867, #7947, .T. ) ;
#6920 = ADVANCED_FACE ( 'NONE', ( #4574 ), #582, .F. ) ;
#6921 = EDGE_CURVE ( 'NONE', #5632, #312, #1436, .T. ) ;
#6922 = DIRECTION ( 'NONE',  ( 0.000000000000000000, 0.000000000000000000, 1.000000000000000000 ) ) ;
#6923 = EDGE_CURVE ( 'NONE', #2414, #2215, #1156, .T. ) ;
#6924 = LINE ( 'NONE', #6879, #5501 ) ;
#6925 = DIRECTION ( 'NONE',  ( -0.000000000000000000, 1.000000000000000000, -0.000000000000000000 ) ) ;
#6926 = EDGE_LOOP ( 'NONE', ( #3286, #4697, #7830, #303 ) ) ;
#6927 = CARTESIAN_POINT ( 'NONE',  ( -9.525000000000000355, 3.577867169202164632E-15, 88.90000000000000568 ) ) ;
#6928 = DIRECTION ( 'NONE',  ( 0.000000000000000000, 1.667602476305511223E-15, 1.000000000000000000 ) ) ;
#6929 = ADVANCED_FACE ( 'NONE', ( #543 ), #3248, .T. ) ;
#6930 = ADVANCED_FACE ( 'NONE', ( #5946 ), #3202, .F. ) ;
#6931 = CARTESIAN_POINT ( 'NONE',  ( -12.69999999999999751, 8.791741348502393194, 49.37808867056088502 ) ) ;
#6932 = DIRECTION ( 'NONE',  ( 0.000000000000000000, 0.000000000000000000, -1.000000000000000000 ) ) ;
#6933 = DIRECTION ( 'NONE',  ( 0.000000000000000000, 0.000000000000000000, 1.000000000000000000 ) ) ;
#6934 = DIRECTION ( 'NONE',  ( 0.000000000000000000, 0.000000000000000000, 1.000000000000000000 ) ) ;
#6935 = CARTESIAN_POINT ( 'NONE',  ( -9.525000000000000355, 3.577867169202164632E-15, 38.10000000000001563 ) ) ;
#6936 = CARTESIAN_POINT ( 'NONE',  ( -9.525000000000000355, -14.13894155320108759, 44.18182571315256268 ) ) ;
#6937 = ORIENTED_EDGE ( 'NONE', *, *, #3392, .T. ) ;
#6938 = EDGE_LOOP ( 'NONE', ( #480, #6025, #1239, #6412 ) ) ;
#6939 = AXIS2_PLACEMENT_3D ( 'NONE', #888, #2513, #1560 ) ;
#6940 = ORIENTED_EDGE ( 'NONE', *, *, #8439, .F. ) ;
#6941 = LINE ( 'NONE', #1040, #8404 ) ;
#6942 = FACE_BOUND ( 'NONE', #819, .T. ) ;
#6943 = DIRECTION ( 'NONE',  ( 0.000000000000000000, 0.000000000000000000, 1.000000000000000000 ) ) ;
#6944 = FACE_BOUND ( 'NONE', #3141, .T. ) ;
#6945 = VECTOR ( 'NONE', #1310, 1000.000000000000000 ) ;
#6946 = CARTESIAN_POINT ( 'NONE',  ( 9.525000000000000355, 0.000000000000000000, 15.19999999999992468 ) ) ;
#6947 = ORIENTED_EDGE ( 'NONE', *, *, #4462, .T. ) ;
#6948 = ORIENTED_EDGE ( 'NONE', *, *, #6106, .F. ) ;
#6950 = DIRECTION ( 'NONE',  ( 0.000000000000000000, 0.000000000000000000, -1.000000000000000000 ) ) ;
#6949 = AXIS2_PLACEMENT_3D ( 'NONE', #2897, #3525, #146 ) ;
#6951 = DIRECTION ( 'NONE',  ( -1.000000000000000000, -0.000000000000000000, -0.000000000000000000 ) ) ;
#6952 = DIRECTION ( 'NONE',  ( 0.000000000000000000, 0.000000000000000000, 1.000000000000000000 ) ) ;
#6953 = COORDINATED_UNIVERSAL_TIME_OFFSET ( 6, 0, .BEHIND. ) ;
#6954 = CC_DESIGN_APPROVAL ( #7566, ( #4 ) ) ;
#6955 = ORIENTED_EDGE ( 'NONE', *, *, #6304, .T. ) ;
#6956 = CYLINDRICAL_SURFACE ( 'NONE', #4926, 2.499999999999988454 ) ;
#6957 = EDGE_LOOP ( 'NONE', ( #5423, #2909, #6637, #7142 ) ) ;
#6958 = CYLINDRICAL_SURFACE ( 'NONE', #6446, 17.66250000000000497 ) ;
#6959 = ORIENTED_EDGE ( 'NONE', *, *, #7739, .T. ) ;
#6960 = ADVANCED_FACE ( 'NONE', ( #497 ), #5904, .T. ) ;
#6961 = VERTEX_POINT ( 'NONE', #8700 ) ;
#6962 = FACE_OUTER_BOUND ( 'NONE', #1938, .T. ) ;
#6963 = DIRECTION ( 'NONE',  ( -1.000000000000000000, -0.000000000000000000, -0.000000000000000000 ) ) ;
#6964 = CARTESIAN_POINT ( 'NONE',  ( 7.746038523653021987E-16, 22.22500000000000142, 101.5999999999999943 ) ) ;
#6965 = ORIENTED_EDGE ( 'NONE', *, *, #8708, .F. ) ;
#6966 = CARTESIAN_POINT ( 'NONE',  ( 12.70000000000000107, 3.577867169202164632E-15, 38.10000000000001563 ) ) ;
#6967 = EDGE_CURVE ( 'NONE', #4588, #4511, #5555, .T. ) ;
#6968 = EDGE_CURVE ( 'NONE', #7515, #930, #309, .T. ) ;
#6969 = CARTESIAN_POINT ( 'NONE',  ( 12.70000000000000107, 1.802455207620993427, 22.81440457572818303 ) ) ;
#6970 = DIRECTION ( 'NONE',  ( -1.000000000000000000, -0.000000000000000000, -0.000000000000000000 ) ) ;
#6971 = FACE_OUTER_BOUND ( 'NONE', #3766, .T. ) ;
#6972 = CARTESIAN_POINT ( 'NONE',  ( 12.70000000000000107, 1.802455207620993427, 104.1855954242718525 ) ) ;
#6973 = EDGE_LOOP ( 'NONE', ( #8643, #6937, #8652, #5094 ) ) ;
#6974 = LINE ( 'NONE', #902, #2075 ) ;
#6975 = LINE ( 'NONE', #4898, #5781 ) ;
#6976 = EDGE_CURVE ( 'NONE', #2449, #5829, #3986, .T. ) ;
#6977 = ADVANCED_FACE ( 'NONE', ( #4046 ), #51, .F. ) ;
#6978 = EDGE_CURVE ( 'NONE', #4816, #7282, #5264, .T. ) ;
#6979 = CARTESIAN_POINT ( 'NONE',  ( 7.746038523653021987E-16, -22.22499999999999787, 38.09999999999999432 ) ) ;
#6980 = ORIENTED_EDGE ( 'NONE', *, *, #1745, .F. ) ;
#6981 = VERTEX_POINT ( 'NONE', #2227 ) ;
#6982 = AXIS2_PLACEMENT_3D ( 'NONE', #5752, #2917, #343 ) ;
#6983 = VECTOR ( 'NONE', #8627, 1000.000000000000000 ) ;
#6984 = ORIENTED_EDGE ( 'NONE', *, *, #3604, .T. ) ;
#6985 = DIRECTION ( 'NONE',  ( 0.000000000000000000, 0.000000000000000000, 1.000000000000000000 ) ) ;
#6986 = CARTESIAN_POINT ( 'NONE',  ( 12.70000000000000107, -5.371240620587816927, 24.84708431341438839 ) ) ;
#6987 = DIRECTION ( 'NONE',  ( -1.000000000000000000, -0.000000000000000000, -0.000000000000000000 ) ) ;
#6988 = CARTESIAN_POINT ( 'NONE',  ( 7.746038523653021987E-16, -22.22499999999999787, 88.89999999999999147 ) ) ;
#6989 = AXIS2_PLACEMENT_3D ( 'NONE', #3530, #6858, #2070 ) ;
#6990 = CIRCLE ( 'NONE', #3025, 2.499999999999993339 ) ;
#6991 = LINE ( 'NONE', #4868, #3690 ) ;
#6992 = ORIENTED_EDGE ( 'NONE', *, *, #777, .T. ) ;
#6993 = ORIENTED_EDGE ( 'NONE', *, *, #3014, .F. ) ;
#6994 = AXIS2_PLACEMENT_3D ( 'NONE', #8036, #55, #6710 ) ;
#6995 = DIRECTION ( 'NONE',  ( -1.000000000000000000, -0.000000000000000000, -0.000000000000000000 ) ) ;
#6996 = DIRECTION ( 'NONE',  ( 0.000000000000000000, 0.000000000000000000, 1.000000000000000000 ) ) ;
#6997 = CARTESIAN_POINT ( 'NONE',  ( -12.69999999999999751, -14.13894155320108759, 94.98182571315255984 ) ) ;
#6998 = ORIENTED_EDGE ( 'NONE', *, *, #8202, .T. ) ;
#6999 = DIRECTION ( 'NONE',  ( 0.000000000000000000, 0.000000000000000000, 1.000000000000000000 ) ) ;
#7000 = ORIENTED_EDGE ( 'NONE', *, *, #5290, .F. ) ;
#7001 = FACE_OUTER_BOUND ( 'NONE', #6639, .T. ) ;
#7002 = ORIENTED_EDGE ( 'NONE', *, *, #6822, .F. ) ;
#7003 = AXIS2_PLACEMENT_3D ( 'NONE', #6258, #7018, #3522 ) ;
#7004 = ORIENTED_EDGE ( 'NONE', *, *, #196, .T. ) ;
#7005 = DIRECTION ( 'NONE',  ( 0.000000000000000000, 0.000000000000000000, 1.000000000000000000 ) ) ;
#7006 = EDGE_CURVE ( 'NONE', #3768, #1425, #4264, .T. ) ;
#7007 = AXIS2_PLACEMENT_3D ( 'NONE', #46, #7450, #5983 ) ;
#7008 = CARTESIAN_POINT ( 'NONE',  ( -12.69999999999999751, 3.577867169202164632E-15, 38.10000000000001563 ) ) ;
#7009 = PLANE ( 'NONE',  #1335 ) ;
#7010 = ORIENTED_EDGE ( 'NONE', *, *, #6050, .F. ) ;
#7011 = CARTESIAN_POINT ( 'NONE',  ( 12.70000000000000107, 10.07084749364666365, 75.98106772950217191 ) ) ;
#7012 = DIRECTION ( 'NONE',  ( 0.000000000000000000, 0.000000000000000000, -1.000000000000000000 ) ) ;
#7013 = CIRCLE ( 'NONE', #2474, 2.500000000000002220 ) ;
#7014 = ADVANCED_FACE ( 'NONE', ( #2759 ), #807, .F. ) ;
#7015 = CARTESIAN_POINT ( 'NONE',  ( 12.70000000000000107, 10.07084749364666365, 75.98106772950217191 ) ) ;
#7016 = DIRECTION ( 'NONE',  ( 0.000000000000000000, 0.000000000000000000, 1.000000000000000000 ) ) ;
#7018 = DIRECTION ( 'NONE',  ( -1.000000000000000000, 0.000000000000000000, 0.000000000000000000 ) ) ;
#7017 = CIRCLE ( 'NONE', #1499, 2.271000000000002128 ) ;
#7019 = EDGE_LOOP ( 'NONE', ( #1276, #1169, #6869, #1848 ) ) ;
#7020 = DIRECTION ( 'NONE',  ( 0.000000000000000000, 0.000000000000000000, -1.000000000000000000 ) ) ;
#7021 = LINE ( 'NONE', #7729, #3942 ) ;
#7022 = CARTESIAN_POINT ( 'NONE',  ( 9.525000000000000355, -11.15407434219244465, 77.75732780184198134 ) ) ;
#7023 = ORIENTED_EDGE ( 'NONE', *, *, #8103, .T. ) ;
#7024 = EDGE_LOOP ( 'NONE', ( #6613, #2424, #7700, #5612 ) ) ;
#7025 = AXIS2_PLACEMENT_3D ( 'NONE', #1525, #4232, #6934 ) ;
#7026 = EDGE_CURVE ( 'NONE', #8300, #4439, #6115, .T. ) ;
#7027 = EDGE_CURVE ( 'NONE', #1682, #1153, #7245, .T. ) ;
#7028 = EDGE_CURVE ( 'NONE', #2378, #1244, #845, .T. ) ;
#7029 = VERTEX_POINT ( 'NONE', #7590 ) ;
#7030 = EDGE_CURVE ( 'NONE', #2964, #5482, #3143, .T. ) ;
#7031 = CYLINDRICAL_SURFACE ( 'NONE', #1470, 2.499999999999988454 ) ;
#7032 = DIRECTION ( 'NONE',  ( 0.000000000000000000, 0.000000000000000000, 1.000000000000000000 ) ) ;
#7033 = CYLINDRICAL_SURFACE ( 'NONE', #957, 2.499999999999988454 ) ;
#7034 = AXIS2_PLACEMENT_3D ( 'NONE', #4391, #8470, #1687 ) ;
#7035 = LINE ( 'NONE', #3793, #2379 ) ;
#7036 = DIRECTION ( 'NONE',  ( -1.000000000000000000, 0.000000000000000000, 0.000000000000000000 ) ) ;
#7037 = ORIENTED_EDGE ( 'NONE', *, *, #8218, .T. ) ;
#7038 = ORIENTED_EDGE ( 'NONE', *, *, #8105, .F. ) ;
#7039 = AXIS2_PLACEMENT_3D ( 'NONE', #4961, #212, #7621 ) ;
#7040 = VECTOR ( 'NONE', #3582, 1000.000000000000000 ) ;
#7041 = EDGE_CURVE ( 'NONE', #7098, #6098, #161, .T. ) ;
#7042 = DIRECTION ( 'NONE',  ( -0.000000000000000000, 1.000000000000000000, -0.000000000000000000 ) ) ;
#7043 = FACE_OUTER_BOUND ( 'NONE', #3782, .T. ) ;
#7044 = FACE_OUTER_BOUND ( 'NONE', #1569, .T. ) ;
#7045 = ORIENTED_EDGE ( 'NONE', *, *, #7738, .T. ) ;
#7046 = CARTESIAN_POINT ( 'NONE',  ( -12.69999999999999751, 5.371240620587829362, 75.64708431341438200 ) ) ;
#7047 = ORIENTED_EDGE ( 'NONE', *, *, #5109, .F. ) ;
#7048 = CARTESIAN_POINT ( 'NONE',  ( -12.69999999999999751, 3.577867169202164632E-15, 88.90000000000000568 ) ) ;
#7049 = ORIENTED_EDGE ( 'NONE', *, *, #445, .T. ) ;
#7050 = VECTOR ( 'NONE', #3803, 1000.000000000000000 ) ;
#7051 = VECTOR ( 'NONE', #822, 1000.000000000000000 ) ;
#7052 = ORIENTED_EDGE ( 'NONE', *, *, #6001, .T. ) ;
#7053 = DIRECTION ( 'NONE',  ( -1.000000000000000000, -0.000000000000000000, -0.000000000000000000 ) ) ;
#7054 = CIRCLE ( 'NONE', #7619, 2.080499999999998906 ) ;
#7055 = VECTOR ( 'NONE', #8512, 1000.000000000000000 ) ;
#7056 = CARTESIAN_POINT ( 'NONE',  ( 12.70000000000000107, -2.068405620284290425, 71.35903068698951301 ) ) ;
#7057 = DIRECTION ( 'NONE',  ( 0.000000000000000000, -0.000000000000000000, 1.000000000000000000 ) ) ;
#7058 = VERTEX_POINT ( 'NONE', #6211 ) ;
#7059 = DIRECTION ( 'NONE',  ( -1.000000000000000000, -0.000000000000000000, -0.000000000000000000 ) ) ;
#7060 = VECTOR ( 'NONE', #190, 1000.000000000000000 ) ;
#7061 = CARTESIAN_POINT ( 'NONE',  ( 12.70000000000000107, -8.791741348502467801, 77.62191132943921446 ) ) ;
#7062 = CARTESIAN_POINT ( 'NONE',  ( 9.525000000000000355, 2.068405620284298418, 106.4409693130105268 ) ) ;
#7063 = DIRECTION ( 'NONE',  ( 0.000000000000000000, 0.000000000000000000, 1.000000000000000000 ) ) ;
#7064 = VERTEX_POINT ( 'NONE', #3555 ) ;
#7065 = CARTESIAN_POINT ( 'NONE',  ( 12.70000000000000107, 10.07084749364666365, 75.98106772950217191 ) ) ;
#7066 = DIRECTION ( 'NONE',  ( 0.000000000000000000, 0.000000000000000000, 1.000000000000000000 ) ) ;
#7067 = DIRECTION ( 'NONE',  ( 0.000000000000000000, -1.000000000000000000, 0.000000000000000000 ) ) ;
#7068 = ORIENTED_EDGE ( 'NONE', *, *, #5341, .T. ) ;
#7069 = EDGE_CURVE ( 'NONE', #4430, #7625, #8383, .T. ) ;
#7070 = ORIENTED_EDGE ( 'NONE', *, *, #967, .T. ) ;
#7071 = ORIENTED_EDGE ( 'NONE', *, *, #637, .T. ) ;
#7072 = CARTESIAN_POINT ( 'NONE',  ( 12.70000000000000107, 3.577867169202164632E-15, 88.90000000000000568 ) ) ;
#7073 = CARTESIAN_POINT ( 'NONE',  ( 9.525000000000000355, 12.33648634557998314, 47.30376971111940776 ) ) ;
#7074 = DIRECTION ( 'NONE',  ( 0.000000000000000000, -1.750982600120786823E-14, -1.000000000000000000 ) ) ;
#7075 = DIRECTION ( 'NONE',  ( -1.000000000000000000, -0.000000000000000000, -0.000000000000000000 ) ) ;
#7076 = FACE_OUTER_BOUND ( 'NONE', #1410, .T. ) ;
#7077 = ORIENTED_EDGE ( 'NONE', *, *, #3483, .T. ) ;
#7078 = EDGE_CURVE ( 'NONE', #8655, #1319, #5116, .T. ) ;
#7079 = ADVANCED_FACE ( 'NONE', ( #6170 ), #181, .F. ) ;
#7080 = ORIENTED_EDGE ( 'NONE', *, *, #1049, .F. ) ;
#7081 = LINE ( 'NONE', #8287, #2089 ) ;
#7082 = CARTESIAN_POINT ( 'NONE',  ( 12.70000000000000107, 1.802455207620993427, 53.38559542427184823 ) ) ;
#7083 = DIRECTION ( 'NONE',  ( 0.000000000000000000, 0.000000000000000000, 1.000000000000000000 ) ) ;
#7084 = ORIENTED_EDGE ( 'NONE', *, *, #1797, .F. ) ;
#7085 = CARTESIAN_POINT ( 'NONE',  ( 1.555301434917138433E-15, 25.40000000000000213, 116.7999999999999829 ) ) ;
#7086 = ORIENTED_EDGE ( 'NONE', *, *, #8390, .F. ) ;
#7087 = CARTESIAN_POINT ( 'NONE',  ( 12.70000000000000107, 4.072800018551152590, 73.66895216488211418 ) ) ;
#7088 = EDGE_LOOP ( 'NONE', ( #6554, #5723, #3256, #2588 ) ) ;
#7089 = ADVANCED_FACE ( 'NONE', ( #96 ), #8260, .F. ) ;
#7090 = ADVANCED_FACE ( 'NONE', ( #6302 ), #2709, .T. ) ;
#7091 = EDGE_LOOP ( 'NONE', ( #8680, #6501, #3413, #8109 ) ) ;
#7092 = CIRCLE ( 'NONE', #5536, 17.66250000000000497 ) ;
#7093 = DIRECTION ( 'NONE',  ( 0.000000000000000000, 0.000000000000000000, 1.000000000000000000 ) ) ;
#7094 = CIRCLE ( 'NONE', #3556, 2.271000000000002128 ) ;
#7095 = DIRECTION ( 'NONE',  ( 0.000000000000000000, 0.000000000000000000, 1.000000000000000000 ) ) ;
#7096 = CARTESIAN_POINT ( 'NONE',  ( -9.525000000000000355, 3.577867169202164632E-15, 88.90000000000000568 ) ) ;
#7097 = AXIS2_PLACEMENT_3D ( 'NONE', #8225, #772, #191 ) ;
#7098 = VERTEX_POINT ( 'NONE', #4845 ) ;
#7099 = CARTESIAN_POINT ( 'NONE',  ( 12.70000000000000107, 6.152699789198528002, 104.0810759023857344 ) ) ;
#7100 = AXIS2_PLACEMENT_3D ( 'NONE', #5071, #4448, #3696 ) ;
#7101 = FACE_OUTER_BOUND ( 'NONE', #4821, .T. ) ;
#7102 = CARTESIAN_POINT ( 'NONE',  ( 7.746038523653021987E-16, -22.22499999999999787, 101.5999999999999943 ) ) ;
#7103 = ORIENTED_EDGE ( 'NONE', *, *, #1768, .F. ) ;
#7104 = DIRECTION ( 'NONE',  ( -1.000000000000000000, -0.000000000000000000, -0.000000000000000000 ) ) ;
#7105 = AXIS2_PLACEMENT_3D ( 'NONE', #4802, #2800, #3472 ) ;
#7106 = CARTESIAN_POINT ( 'NONE',  ( -9.525000000000000355, 10.07084749364666365, 25.18106772950216765 ) ) ;
#7107 = ORIENTED_EDGE ( 'NONE', *, *, #4968, .T. ) ;
#7108 = ORIENTED_EDGE ( 'NONE', *, *, #7493, .F. ) ;
#7109 = VECTOR ( 'NONE', #584, 1000.000000000000000 ) ;
#7111 = ORIENTED_EDGE ( 'NONE', *, *, #7885, .T. ) ;
#7110 = VECTOR ( 'NONE', #8766, 1000.000000000000000 ) ;
#7112 = EDGE_CURVE ( 'NONE', #279, #206, #7542, .T. ) ;
#7113 = CYLINDRICAL_SURFACE ( 'NONE', #2316, 2.080499999999998906 ) ;
#7114 = FACE_OUTER_BOUND ( 'NONE', #5260, .T. ) ;
#7115 = DIRECTION ( 'NONE',  ( -1.000000000000000000, -0.000000000000000000, -0.000000000000000000 ) ) ;
#7116 = CARTESIAN_POINT ( 'NONE',  ( 9.525000000000000355, -12.33648634558004353, 79.69623028888069882 ) ) ;
#7117 = DIRECTION ( 'NONE',  ( 0.000000000000000000, 0.000000000000000000, -1.000000000000000000 ) ) ;
#7118 = ORIENTED_EDGE ( 'NONE', *, *, #7138, .F. ) ;
#7119 = CIRCLE ( 'NONE', #1884, 17.66249999999999787 ) ;
#7120 = ORIENTED_EDGE ( 'NONE', *, *, #6908, .F. ) ;
#7121 = VECTOR ( 'NONE', #831, 1000.000000000000000 ) ;
#7122 = CARTESIAN_POINT ( 'NONE',  ( 9.525000000000000355, -22.22499999999999787, 0.000000000000000000 ) ) ;
#7123 = EDGE_CURVE ( 'NONE', #6113, #4588, #6398, .T. ) ;
#7124 = DIRECTION ( 'NONE',  ( 0.000000000000000000, 0.000000000000000000, 1.000000000000000000 ) ) ;
#7126 = AXIS2_PLACEMENT_3D ( 'NONE', #3777, #3066, #3816 ) ;
#7125 = DIRECTION ( 'NONE',  ( -1.000000000000000000, -0.000000000000000000, -0.000000000000000000 ) ) ;
#7127 = AXIS2_PLACEMENT_3D ( 'NONE', #8543, #6632, #2460 ) ;
#7128 = EDGE_LOOP ( 'NONE', ( #25, #1559, #5165, #4014 ) ) ;
#7129 = LINE ( 'NONE', #2511, #2087 ) ;
#7130 = ORIENTED_EDGE ( 'NONE', *, *, #3462, .F. ) ;
#7131 = DIRECTION ( 'NONE',  ( 0.000000000000000000, 0.000000000000000000, -1.000000000000000000 ) ) ;
#7132 = VERTEX_POINT ( 'NONE', #4934 ) ;
#7133 = VERTEX_POINT ( 'NONE', #1561 ) ;
#7134 = CIRCLE ( 'NONE', #3307, 2.499999999999988454 ) ;
#7135 = FACE_OUTER_BOUND ( 'NONE', #2776, .T. ) ;
#7136 = ADVANCED_FACE ( 'NONE', ( #1111 ), #1026, .T. ) ;
#7137 = ADVANCED_FACE ( 'NONE', ( #6351 ), #3815, .F. ) ;
#7138 = EDGE_CURVE ( 'NONE', #3514, #3042, #3567, .T. ) ;
#7139 = CARTESIAN_POINT ( 'NONE',  ( 1.861463134703975909E-15, -22.22499999999999787, 73.70000000000000284 ) ) ;
#7140 = DIRECTION ( 'NONE',  ( 0.000000000000000000, -1.667602476305511223E-15, 1.000000000000000000 ) ) ;
#7141 = AXIS2_PLACEMENT_3D ( 'NONE', #6041, #8131, #3476 ) ;
#7142 = ORIENTED_EDGE ( 'NONE', *, *, #688, .T. ) ;
#7143 = CARTESIAN_POINT ( 'NONE',  ( -12.69999999999999751, 12.69999999999999929, 63.50000000000000000 ) ) ;
#7144 = AXIS2_PLACEMENT_3D ( 'NONE', #4982, #7682, #1609 ) ;
#7145 = CARTESIAN_POINT ( 'NONE',  ( 7.746038523653021987E-16, 25.40000000000000213, 38.09999999999999432 ) ) ;
#7146 = CARTESIAN_POINT ( 'NONE',  ( 12.70000000000000107, -10.07084749364648069, 25.18106772950202199 ) ) ;
#7147 = ORIENTED_EDGE ( 'NONE', *, *, #8537, .F. ) ;
#7148 = LINE ( 'NONE', #234, #2806 ) ;
#7149 = AXIS2_PLACEMENT_3D ( 'NONE', #5551, #131, #4223 ) ;
#7150 = FACE_OUTER_BOUND ( 'NONE', #7206, .T. ) ;
#7151 = EDGE_LOOP ( 'NONE', ( #5009, #4927, #5143, #1185 ) ) ;
#7152 = ORIENTED_EDGE ( 'NONE', *, *, #5821, .T. ) ;
#7153 = AXIS2_PLACEMENT_3D ( 'NONE', #2259, #7529, #8293 ) ;
#7154 = ORIENTED_EDGE ( 'NONE', *, *, #5677, .F. ) ;
#7155 = CARTESIAN_POINT ( 'NONE',  ( -9.525000000000000355, 3.577867169202164632E-15, 38.10000000000001563 ) ) ;
#7156 = CARTESIAN_POINT ( 'NONE',  ( 12.70000000000000107, -25.39999999999999503, 127.0000000000000000 ) ) ;
#7157 = LINE ( 'NONE', #1790, #4633 ) ;
#7158 = DIRECTION ( 'NONE',  ( 1.000000000000000000, 0.000000000000000000, 0.000000000000000000 ) ) ;
#7159 = DIRECTION ( 'NONE',  ( 1.000000000000000000, 0.000000000000000000, 0.000000000000000000 ) ) ;
#7160 = ORIENTED_EDGE ( 'NONE', *, *, #4164, .T. ) ;
#7161 = CIRCLE ( 'NONE', #1779, 2.499999999999988454 ) ;
#7162 = EDGE_LOOP ( 'NONE', ( #7624, #7532, #8226, #652 ) ) ;
#7163 = EDGE_CURVE ( 'NONE', #992, #198, #5808, .T. ) ;
#7164 = CARTESIAN_POINT ( 'NONE',  ( -9.525000000000000355, 4.072800018551152590, 22.86895216488212412 ) ) ;
#7165 = DIRECTION ( 'NONE',  ( 1.000000000000000000, 0.000000000000000000, 0.000000000000000000 ) ) ;
#7166 = FACE_BOUND ( 'NONE', #860, .T. ) ;
#7167 = VERTEX_POINT ( 'NONE', #5724 ) ;
#7168 = CARTESIAN_POINT ( 'NONE',  ( 12.70000000000000107, 2.068405620284300195, 71.35903068698951301 ) ) ;
#7169 = ORIENTED_EDGE ( 'NONE', *, *, #8117, .F. ) ;
#7170 = DIRECTION ( 'NONE',  ( 1.000000000000000000, -0.000000000000000000, -0.000000000000000000 ) ) ;
#7171 = DIRECTION ( 'NONE',  ( 0.000000000000000000, 0.000000000000000000, 1.000000000000000000 ) ) ;
#7172 = ORIENTED_EDGE ( 'NONE', *, *, #8573, .F. ) ;
#7173 = ORIENTED_EDGE ( 'NONE', *, *, #5181, .T. ) ;
#7174 = AXIS2_PLACEMENT_3D ( 'NONE', #7974, #1899, #4078 ) ;
#7175 = ADVANCED_FACE ( 'NONE', ( #982 ), #6435, .F. ) ;
#7176 = VECTOR ( 'NONE', #6151, 1000.000000000000000 ) ;
#7177 = DIRECTION ( 'NONE',  ( 0.000000000000000000, 0.000000000000000000, -1.000000000000000000 ) ) ;
#7178 = CIRCLE ( 'NONE', #3362, 2.499999999999988454 ) ;
#7179 = CARTESIAN_POINT ( 'NONE',  ( 12.70000000000000107, 12.33648634557998314, 98.10376971111941202 ) ) ;
#7180 = EDGE_LOOP ( 'NONE', ( #108, #4154, #2695, #8295 ) ) ;
#7182 = DIRECTION ( 'NONE',  ( 0.000000000000000000, 0.000000000000000000, -1.000000000000000000 ) ) ;
#7181 = VECTOR ( 'NONE', #6498, 1000.000000000000000 ) ;
#7183 = ORIENTED_EDGE ( 'NONE', *, *, #677, .F. ) ;
#7184 = CARTESIAN_POINT ( 'NONE',  ( 12.70000000000000107, -10.07084749364648069, 75.98106772950202981 ) ) ;
#7185 = EDGE_CURVE ( 'NONE', #1946, #4642, #7530, .T. ) ;
#7186 = EDGE_CURVE ( 'NONE', #4792, #8635, #8348, .T. ) ;
#7187 = EDGE_CURVE ( 'NONE', #6161, #5220, #2566, .T. ) ;
#7188 = EDGE_CURVE ( 'NONE', #3263, #5604, #4310, .T. ) ;
#7189 = AXIS2_PLACEMENT_3D ( 'NONE', #2287, #4373, #1749 ) ;
#7190 = VECTOR ( 'NONE', #1833, 1000.000000000000000 ) ;
#7191 = DIRECTION ( 'NONE',  ( -1.000000000000000000, -0.000000000000000000, -0.000000000000000000 ) ) ;
#7192 = DIRECTION ( 'NONE',  ( 0.000000000000000000, 1.000000000000000000, 0.000000000000000000 ) ) ;
#7193 = ORIENTED_EDGE ( 'NONE', *, *, #362, .T. ) ;
#7194 = DIRECTION ( 'NONE',  ( -1.000000000000000000, 0.000000000000000000, 0.000000000000000000 ) ) ;
#7195 = CYLINDRICAL_SURFACE ( 'NONE', #6671, 2.080499999999998906 ) ;
#7196 = ORIENTED_EDGE ( 'NONE', *, *, #8055, .T. ) ;
#7197 = ORIENTED_EDGE ( 'NONE', *, *, #5194, .T. ) ;
#7198 = EDGE_CURVE ( 'NONE', #5072, #3163, #587, .T. ) ;
#7199 = ADVANCED_FACE ( 'NONE', ( #8517 ), #313, .T. ) ;
#7200 = VERTEX_POINT ( 'NONE', #3647 ) ;
#7201 = DIRECTION ( 'NONE',  ( 1.000000000000000000, 0.000000000000000000, 0.000000000000000000 ) ) ;
#7202 = DIRECTION ( 'NONE',  ( 0.000000000000000000, 0.000000000000000000, 1.000000000000000000 ) ) ;
#7203 = LINE ( 'NONE', #5465, #7190 ) ;
#7204 = DIRECTION ( 'NONE',  ( 1.000000000000000000, -0.000000000000000000, -0.000000000000000000 ) ) ;
#7205 = LINE ( 'NONE', #7743, #149 ) ;
#7206 = EDGE_LOOP ( 'NONE', ( #3915, #843, #2683, #2971 ) ) ;
#7207 = VERTEX_POINT ( 'NONE', #938 ) ;
#7208 = CARTESIAN_POINT ( 'NONE',  ( 12.70000000000000107, 25.40000000000000213, 0.000000000000000000 ) ) ;
#7209 = CARTESIAN_POINT ( 'NONE',  ( 12.70000000000000107, -14.16298196909034779, 90.87482701602483814 ) ) ;
#7210 = DIRECTION ( 'NONE',  ( 0.000000000000000000, 0.000000000000000000, -1.000000000000000000 ) ) ;
#7211 = ORIENTED_EDGE ( 'NONE', *, *, #744, .T. ) ;
#7212 = CYLINDRICAL_SURFACE ( 'NONE', #8176, 14.30000000000000782 ) ;
#7213 = ORIENTED_EDGE ( 'NONE', *, *, #7569, .F. ) ;
#7214 = DIRECTION ( 'NONE',  ( 0.000000000000000000, 0.000000000000000000, 1.000000000000000000 ) ) ;
#7215 = VERTEX_POINT ( 'NONE', #3021 ) ;
#7216 = EDGE_LOOP ( 'NONE', ( #1923, #6815, #6224, #3578 ) ) ;
#7218 = DIRECTION ( 'NONE',  ( -1.000000000000000000, -0.000000000000000000, -0.000000000000000000 ) ) ;
#7217 = AXIS2_PLACEMENT_3D ( 'NONE', #6593, #520, #5641 ) ;
#7219 = DIRECTION ( 'NONE',  ( 0.000000000000000000, 0.000000000000000000, 1.000000000000000000 ) ) ;
#7220 = DIRECTION ( 'NONE',  ( 0.000000000000000000, 0.000000000000000000, 1.000000000000000000 ) ) ;
#7221 = EDGE_CURVE ( 'NONE', #6455, #8625, #7809, .T. ) ;
#7222 = ORIENTED_EDGE ( 'NONE', *, *, #6631, .T. ) ;
#7223 = DIRECTION ( 'NONE',  ( 1.000000000000000000, 0.000000000000000000, 0.000000000000000000 ) ) ;
#7224 = ORIENTED_EDGE ( 'NONE', *, *, #7565, .T. ) ;
#7225 = FACE_BOUND ( 'NONE', #2988, .T. ) ;
#7226 = AXIS2_PLACEMENT_3D ( 'NONE', #6638, #561, #5306 ) ;
#7227 = CARTESIAN_POINT ( 'NONE',  ( 9.525000000000000355, 3.577867169202164632E-15, 88.90000000000000568 ) ) ;
#7228 = AXIS2_PLACEMENT_3D ( 'NONE', #5295, #7331, #1254 ) ;
#7229 = EDGE_CURVE ( 'NONE', #5132, #5618, #2354, .T. ) ;
#7230 = CARTESIAN_POINT ( 'NONE',  ( 12.70000000000000107, 16.22354728284504333, 40.36214363188798160 ) ) ;
#7231 = EDGE_CURVE ( 'NONE', #4034, #6271, #869, .T. ) ;
#7232 = ORIENTED_EDGE ( 'NONE', *, *, #6861, .F. ) ;
#7233 = CARTESIAN_POINT ( 'NONE',  ( 12.70000000000000107, 3.577867169202164632E-15, 38.10000000000001563 ) ) ;
#7234 = AXIS2_PLACEMENT_3D ( 'NONE', #5848, #3606, #7016 ) ;
#7235 = DIRECTION ( 'NONE',  ( 0.000000000000000000, 0.000000000000000000, 1.000000000000000000 ) ) ;
#7236 = ORIENTED_EDGE ( 'NONE', *, *, #4872, .F. ) ;
#7237 = CIRCLE ( 'NONE', #3705, 2.499999999999988454 ) ;
#7238 = EDGE_LOOP ( 'NONE', ( #1805, #6045, #7224, #2781 ) ) ;
#7239 = DIRECTION ( 'NONE',  ( -1.000000000000000000, -0.000000000000000000, -0.000000000000000000 ) ) ;
#7240 = ADVANCED_FACE ( 'NONE', ( #8473 ), #5100, .F. ) ;
#7241 = CARTESIAN_POINT ( 'NONE',  ( 12.70000000000000107, 4.072800018551153478, 53.33104783511791425 ) ) ;
#7242 = DIRECTION ( 'NONE',  ( -1.000000000000000000, -0.000000000000000000, -0.000000000000000000 ) ) ;
#7243 = EDGE_CURVE ( 'NONE', #4816, #4640, #6476, .T. ) ;
#7244 = ADVANCED_FACE ( 'NONE', ( #3106 ), #2435, .F. ) ;
#7245 = CIRCLE ( 'NONE', #2292, 2.271000000000002128 ) ;
#7246 = DIRECTION ( 'NONE',  ( 0.000000000000000000, 2.501403714458266834E-15, -1.000000000000000000 ) ) ;
#7247 = CARTESIAN_POINT ( 'NONE',  ( -9.525000000000000355, 12.33648634558017676, 79.69623028888086935 ) ) ;
#7248 = ORIENTED_EDGE ( 'NONE', *, *, #3701, .T. ) ;
#7249 = ORIENTED_EDGE ( 'NONE', *, *, #4305, .F. ) ;
#7250 = AXIS2_PLACEMENT_3D ( 'NONE', #1178, #598, #7379 ) ;
#7251 = DIRECTION ( 'NONE',  ( 0.000000000000000000, 0.000000000000000000, 1.000000000000000000 ) ) ;
#7252 = CARTESIAN_POINT ( 'NONE',  ( 7.746038523653021987E-16, 25.40000000000000213, 50.79999999999999716 ) ) ;
#7253 = LINE ( 'NONE', #3221, #47 ) ;
#7254 = LINE ( 'NONE', #1351, #7110 ) ;
#7255 = ORIENTED_EDGE ( 'NONE', *, *, #2828, .T. ) ;
#7256 = CARTESIAN_POINT ( 'NONE',  ( 9.525000000000000355, 2.068405620284300195, 71.35903068698951301 ) ) ;
#7257 = ORIENTED_EDGE ( 'NONE', *, *, #2417, .F. ) ;
#7258 = CARTESIAN_POINT ( 'NONE',  ( 12.70000000000000107, -10.07084749364656950, 51.01893227049793467 ) ) ;
#7259 = VERTEX_POINT ( 'NONE', #2525 ) ;
#7260 = ORIENTED_EDGE ( 'NONE', *, *, #6797, .T. ) ;
#7261 = AXIS2_PLACEMENT_3D ( 'NONE', #7356, #1329, #6741 ) ;
#7262 = CIRCLE ( 'NONE', #3448, 2.500000000000002220 ) ;
#7263 = DIRECTION ( 'NONE',  ( -1.000000000000000000, -0.000000000000000000, -0.000000000000000000 ) ) ;
#7264 =( LENGTH_UNIT ( ) NAMED_UNIT ( * ) SI_UNIT ( .MILLI., .METRE. ) );
#7265 = LINE ( 'NONE', #1022, #6179 ) ;
#7266 = ORIENTED_EDGE ( 'NONE', *, *, #896, .F. ) ;
#7267 = CARTESIAN_POINT ( 'NONE',  ( 12.70000000000000107, 10.07084749364666365, 25.18106772950216765 ) ) ;
#7268 = VERTEX_POINT ( 'NONE', #5231 ) ;
#7269 = VECTOR ( 'NONE', #1303, 1000.000000000000000 ) ;
#7270 = VECTOR ( 'NONE', #5377, 1000.000000000000000 ) ;
#7271 = FACE_BOUND ( 'NONE', #8281, .T. ) ;
#7272 = EDGE_CURVE ( 'NONE', #7440, #8300, #3009, .T. ) ;
#7273 = AXIS2_PLACEMENT_3D ( 'NONE', #634, #6133, #4850 ) ;
#7274 = DIRECTION ( 'NONE',  ( -1.000000000000000000, 0.000000000000000000, 0.000000000000000000 ) ) ;
#7275 = DIRECTION ( 'NONE',  ( 1.000000000000000000, 0.000000000000000000, 0.000000000000000000 ) ) ;
#7276 = ORIENTED_EDGE ( 'NONE', *, *, #3460, .T. ) ;
#7277 = CARTESIAN_POINT ( 'NONE',  ( 12.70000000000000107, 14.16298196909033003, 40.07482701602503994 ) ) ;
#7278 = DIRECTION ( 'NONE',  ( 0.000000000000000000, 0.000000000000000000, 1.000000000000000000 ) ) ;
#7279 = AXIS2_PLACEMENT_3D ( 'NONE', #6972, #6394, #2359 ) ;
#7280 = ORIENTED_EDGE ( 'NONE', *, *, #7923, .F. ) ;
#7281 = ADVANCED_FACE ( 'NONE', ( #8644, #7894, #5319, #3195, #1861, #7314, #4523, #1953, #7225, #7271, #5898, #2613 ), #491, .T. ) ;
#7282 = VERTEX_POINT ( 'NONE', #1194 ) ;
#7283 = DIRECTION ( 'NONE',  ( 0.000000000000000000, 0.000000000000000000, 1.000000000000000000 ) ) ;
#7285 = DIRECTION ( 'NONE',  ( 0.000000000000000000, 0.000000000000000000, 1.000000000000000000 ) ) ;
#7284 = AXIS2_PLACEMENT_3D ( 'NONE', #579, #4753, #1243 ) ;
#7286 = DIRECTION ( 'NONE',  ( 0.000000000000000000, -1.667602476305511223E-15, -1.000000000000000000 ) ) ;
#7287 = LINE ( 'NONE', #3961, #6197 ) ;
#7288 = CYLINDRICAL_SURFACE ( 'NONE', #6667, 2.270999999999995467 ) ;
#7289 = ORIENTED_EDGE ( 'NONE', *, *, #1821, .F. ) ;
#7290 = ORIENTED_EDGE ( 'NONE', *, *, #4617, .F. ) ;
#7291 = EDGE_CURVE ( 'NONE', #7793, #3032, #5561, .T. ) ;
#7292 = EDGE_CURVE ( 'NONE', #5947, #32, #1452, .T. ) ;
#7293 = EDGE_CURVE ( 'NONE', #7862, #773, #4428, .T. ) ;
#7294 = ADVANCED_FACE ( 'NONE', ( #8064 ), #444, .F. ) ;
#7295 = DIRECTION ( 'NONE',  ( 0.000000000000000000, 0.000000000000000000, 1.000000000000000000 ) ) ;
#7296 = CARTESIAN_POINT ( 'NONE',  ( 12.70000000000000107, 6.152699789198528002, 53.28107590238573010 ) ) ;
#7297 = CARTESIAN_POINT ( 'NONE',  ( 7.746038523653021987E-16, 25.40000000000000213, 88.89999999999999147 ) ) ;
#7298 = DIRECTION ( 'NONE',  ( -1.000000000000000000, -0.000000000000000000, -0.000000000000000000 ) ) ;
#7299 = VERTEX_POINT ( 'NONE', #3242 ) ;
#7300 = DIRECTION ( 'NONE',  ( 0.000000000000000000, 0.000000000000000000, 1.000000000000000000 ) ) ;
#7301 = ORIENTED_EDGE ( 'NONE', *, *, #3507, .F. ) ;
#7302 = AXIS2_PLACEMENT_3D ( 'NONE', #7549, #1395, #7 ) ;
#7303 = CARTESIAN_POINT ( 'NONE',  ( 0.000000000000000000, 0.000000000000000000, 0.000000000000000000 ) ) ;
#7304 = ORIENTED_EDGE ( 'NONE', *, *, #3920, .T. ) ;
#7305 = ORIENTED_EDGE ( 'NONE', *, *, #7941, .F. ) ;
#7306 = EDGE_CURVE ( 'NONE', #8127, #3223, #5694, .T. ) ;
#7307 = CARTESIAN_POINT ( 'NONE',  ( -9.525000000000000355, -14.16298196909033535, 86.92517298397507375 ) ) ;
#7308 = DIRECTION ( 'NONE',  ( 0.000000000000000000, 0.000000000000000000, 1.000000000000000000 ) ) ;
#7309 = ORIENTED_EDGE ( 'NONE', *, *, #2571, .T. ) ;
#7310 = DIRECTION ( 'NONE',  ( 0.000000000000000000, 0.000000000000000000, -1.000000000000000000 ) ) ;
#7311 = ORIENTED_EDGE ( 'NONE', *, *, #4245, .F. ) ;
#7312 = AXIS2_PLACEMENT_3D ( 'NONE', #7798, #1727, #4435 ) ;
#7313 = CIRCLE ( 'NONE', #6751, 2.499999999999988454 ) ;
#7314 = FACE_BOUND ( 'NONE', #4177, .T. ) ;
#7315 = AXIS2_PLACEMENT_3D ( 'NONE', #925, #2786, #3498 ) ;
#7316 = AXIS2_PLACEMENT_3D ( 'NONE', #8192, #7476, #1489 ) ;
#7317 = CARTESIAN_POINT ( 'NONE',  ( -9.525000000000000355, 12.33648634557998314, 98.10376971111941202 ) ) ;
#7318 = CARTESIAN_POINT ( 'NONE',  ( 12.70000000000000107, 2.068405620284298418, 55.64096931301052251 ) ) ;
#7319 = EDGE_LOOP ( 'NONE', ( #292, #6891 ) ) ;
#7320 = CARTESIAN_POINT ( 'NONE',  ( 12.70000000000000107, -15.22687436074362388, 84.81162436304001062 ) ) ;
#7321 = DIRECTION ( 'NONE',  ( 0.000000000000000000, -3.752105571687400449E-15, 1.000000000000000000 ) ) ;
#7322 = CIRCLE ( 'NONE', #1524, 2.080499999999998906 ) ;
#7323 = ORIENTED_EDGE ( 'NONE', *, *, #1820, .F. ) ;
#7324 = DIRECTION ( 'NONE',  ( -1.000000000000000000, -0.000000000000000000, -0.000000000000000000 ) ) ;
#7325 = CIRCLE ( 'NONE', #3654, 14.30000000000000782 ) ;
#7326 = DIRECTION ( 'NONE',  ( -1.000000000000000000, -0.000000000000000000, -0.000000000000000000 ) ) ;
#7327 = DIRECTION ( 'NONE',  ( 0.000000000000000000, 0.000000000000000000, 1.000000000000000000 ) ) ;
#7328 = DIRECTION ( 'NONE',  ( -1.000000000000000000, 0.000000000000000000, 0.000000000000000000 ) ) ;
#7329 = DIRECTION ( 'NONE',  ( -1.000000000000000000, -0.000000000000000000, -0.000000000000000000 ) ) ;
#7330 = EDGE_CURVE ( 'NONE', #6232, #4728, #3852, .T. ) ;
#7331 = DIRECTION ( 'NONE',  ( -1.000000000000000000, -0.000000000000000000, -0.000000000000000000 ) ) ;
#7332 = VERTEX_POINT ( 'NONE', #7354 ) ;
#7333 = EDGE_LOOP ( 'NONE', ( #8016, #3808, #7508, #8521 ) ) ;
#7334 = ORIENTED_EDGE ( 'NONE', *, *, #3343, .T. ) ;
#7335 = CARTESIAN_POINT ( 'NONE',  ( -9.525000000000002132, 3.061616997868375253E-16, 10.19999999999994067 ) ) ;
#7336 = DIRECTION ( 'NONE',  ( -1.000000000000000000, -0.000000000000000000, -0.000000000000000000 ) ) ;
#7337 = DIRECTION ( 'NONE',  ( -0.000000000000000000, 1.000000000000000000, -0.000000000000000000 ) ) ;
#7338 = ORIENTED_EDGE ( 'NONE', *, *, #6028, .F. ) ;
#7339 = CARTESIAN_POINT ( 'NONE',  ( -9.525000000000000355, 5.371240620587830250, 51.35291568658563932 ) ) ;
#7340 = ORIENTED_EDGE ( 'NONE', *, *, #2152, .T. ) ;
#7341 = EDGE_CURVE ( 'NONE', #7924, #3912, #6403, .T. ) ;
#7342 = EDGE_CURVE ( 'NONE', #6474, #656, #3280, .T. ) ;
#7343 = LINE ( 'NONE', #1894, #139 ) ;
#7344 = ORIENTED_EDGE ( 'NONE', *, *, #3817, .F. ) ;
#7345 = VERTEX_POINT ( 'NONE', #6692 ) ;
#7346 = LINE ( 'NONE', #1268, #5897 ) ;
#7347 = FACE_OUTER_BOUND ( 'NONE', #7019, .T. ) ;
#7348 = VERTEX_POINT ( 'NONE', #618 ) ;
#7349 = LINE ( 'NONE', #1275, #5166 ) ;
#7350 = EDGE_CURVE ( 'NONE', #7984, #2946, #6254, .T. ) ;
#7351 = ADVANCED_FACE ( 'NONE', ( #5368 ), #8562, .T. ) ;
#7352 = ORIENTED_EDGE ( 'NONE', *, *, #283, .F. ) ;
#7353 = VERTEX_POINT ( 'NONE', #1818 ) ;
#7354 = CARTESIAN_POINT ( 'NONE',  ( -9.525000000000000355, 15.22687436074368783, 34.01162436304024084 ) ) ;
#7355 = AXIS2_PLACEMENT_3D ( 'NONE', #4042, #3552, #6252 ) ;
#7356 = CARTESIAN_POINT ( 'NONE',  ( -12.69999999999999751, -12.69999999999999929, 12.69999999999999929 ) ) ;
#7357 = FACE_OUTER_BOUND ( 'NONE', #407, .T. ) ;
#7358 = VECTOR ( 'NONE', #7652, 1000.000000000000000 ) ;
#7359 = ORIENTED_EDGE ( 'NONE', *, *, #5232, .F. ) ;
#7360 = CYLINDRICAL_SURFACE ( 'NONE', #4389, 2.080499999999998906 ) ;
#7361 = DIRECTION ( 'NONE',  ( 0.000000000000000000, 0.000000000000000000, 1.000000000000000000 ) ) ;
#7362 = EDGE_LOOP ( 'NONE', ( #8555, #6244, #6066, #3128 ) ) ;
#7363 = AXIS2_PLACEMENT_3D ( 'NONE', #4101, #2112, #5564 ) ;
#7364 = ORIENTED_EDGE ( 'NONE', *, *, #5665, .F. ) ;
#7365 = APPROVAL_PERSON_ORGANIZATION ( #8106, #2741, #8014 ) ;
#7366 = DIRECTION ( 'NONE',  ( -1.000000000000000000, -0.000000000000000000, -0.000000000000000000 ) ) ;
#7367 = DIRECTION ( 'NONE',  ( 0.000000000000000000, 0.000000000000000000, 1.000000000000000000 ) ) ;
#7368 = CYLINDRICAL_SURFACE ( 'NONE', #8580, 14.30000000000000071 ) ;
#7369 = FACE_OUTER_BOUND ( 'NONE', #7708, .T. ) ;
#7370 = AXIS2_PLACEMENT_3D ( 'NONE', #1119, #6525, #7687 ) ;
#7371 = DIRECTION ( 'NONE',  ( 1.000000000000000000, 0.000000000000000000, 0.000000000000000000 ) ) ;
#7372 = ORIENTED_EDGE ( 'NONE', *, *, #8441, .F. ) ;
#7373 = ORIENTED_EDGE ( 'NONE', *, *, #6437, .T. ) ;
#7374 = EDGE_CURVE ( 'NONE', #2939, #901, #1732, .T. ) ;
#7376 = VERTEX_POINT ( 'NONE', #6072 ) ;
#7375 = AXIS2_PLACEMENT_3D ( 'NONE', #3516, #3602, #4226 ) ;
#7377 = DIRECTION ( 'NONE',  ( -1.000000000000000000, 0.000000000000000000, 0.000000000000000000 ) ) ;
#7378 = DIRECTION ( 'NONE',  ( 1.000000000000000000, 0.000000000000000000, 0.000000000000000000 ) ) ;
#7379 = DIRECTION ( 'NONE',  ( 0.000000000000000000, 0.000000000000000000, 1.000000000000000000 ) ) ;
#7380 = VERTEX_POINT ( 'NONE', #1373 ) ;
#7381 = CARTESIAN_POINT ( 'NONE',  ( -12.69999999999999929, -12.69999999999999929, 12.69999999999999929 ) ) ;
#7382 = ORIENTED_EDGE ( 'NONE', *, *, #8220, .F. ) ;
#7383 = DIRECTION ( 'NONE',  ( -1.000000000000000000, -0.000000000000000000, -0.000000000000000000 ) ) ;
#7384 = ORIENTED_EDGE ( 'NONE', *, *, #1015, .T. ) ;
#7385 = VERTEX_POINT ( 'NONE', #4794 ) ;
#7386 = ADVANCED_FACE ( 'NONE', ( #6119 ), #710, .F. ) ;
#7387 = LINE ( 'NONE', #6728, #8167 ) ;
#7388 = AXIS2_PLACEMENT_3D ( 'NONE', #7015, #942, #2979 ) ;
#7389 = CIRCLE ( 'NONE', #456, 2.499999999999995115 ) ;
#7390 = FACE_OUTER_BOUND ( 'NONE', #2839, .T. ) ;
#7391 = VERTEX_POINT ( 'NONE', #6738 ) ;
#7392 = CARTESIAN_POINT ( 'NONE',  ( 12.70000000000000107, 0.000000000000000000, 114.2999999999999972 ) ) ;
#7393 = ORIENTED_EDGE ( 'NONE', *, *, #4789, .T. ) ;
#7394 = ORIENTED_EDGE ( 'NONE', *, *, #5461, .T. ) ;
#7395 = DIRECTION ( 'NONE',  ( 1.000000000000000000, 0.000000000000000000, 0.000000000000000000 ) ) ;
#7396 = AXIS2_PLACEMENT_3D ( 'NONE', #669, #8289, #2211 ) ;
#7397 = CIRCLE ( 'NONE', #2175, 2.271000000000002128 ) ;
#7398 = EDGE_CURVE ( 'NONE', #5829, #2449, #1155, .T. ) ;
#7399 = ADVANCED_FACE ( 'NONE', ( #41 ), #6833, .F. ) ;
#7400 = EDGE_CURVE ( 'NONE', #1407, #5042, #3999, .T. ) ;
#7401 = CARTESIAN_POINT ( 'NONE',  ( -12.69999999999999751, -10.07084749364656950, 101.8189322704979247 ) ) ;
#7402 = CARTESIAN_POINT ( 'NONE',  ( 12.70000000000000107, -8.791741348502544184, 49.37808867056075712 ) ) ;
#7403 = CARTESIAN_POINT ( 'NONE',  ( 12.70000000000000107, 3.577867169202164632E-15, 88.90000000000000568 ) ) ;
#7404 = AXIS2_PLACEMENT_3D ( 'NONE', #7694, #4327, #1535 ) ;
#7405 = CIRCLE ( 'NONE', #1038, 2.499999999999992006 ) ;
#7406 = EDGE_LOOP ( 'NONE', ( #3700, #8317, #7489, #753 ) ) ;
#7407 = CARTESIAN_POINT ( 'NONE',  ( 1.555301434917138433E-15, -22.22499999999999787, 116.7999999999999829 ) ) ;
#7408 = DIRECTION ( 'NONE',  ( 0.000000000000000000, -1.000000000000000000, 0.000000000000000000 ) ) ;
#7409 = EDGE_LOOP ( 'NONE', ( #5843, #6591 ) ) ;
#7410 = AXIS2_PLACEMENT_3D ( 'NONE', #5160, #7864, #7993 ) ;
#7411 = DIRECTION ( 'NONE',  ( 0.000000000000000000, 0.000000000000000000, 1.000000000000000000 ) ) ;
#7412 = CARTESIAN_POINT ( 'NONE',  ( 7.746038523653021987E-16, 25.40000000000000213, 50.79999999999999716 ) ) ;
#7413 = DIRECTION ( 'NONE',  ( 0.000000000000000000, 0.000000000000000000, 1.000000000000000000 ) ) ;
#7414 = FACE_OUTER_BOUND ( 'NONE', #5566, .T. ) ;
#7415 = DIRECTION ( 'NONE',  ( 0.000000000000000000, 0.000000000000000000, 1.000000000000000000 ) ) ;
#7416 = CIRCLE ( 'NONE', #1765, 2.270999999999995467 ) ;
#7417 = CARTESIAN_POINT ( 'NONE',  ( 12.70000000000000107, 16.22512784221258997, 81.92080715599162488 ) ) ;
#7418 = ORIENTED_EDGE ( 'NONE', *, *, #6596, .F. ) ;
#7419 = ORIENTED_EDGE ( 'NONE', *, *, #1856, .F. ) ;
#7420 = AXIS2_PLACEMENT_3D ( 'NONE', #2224, #7586, #4180 ) ;
#7421 = ORIENTED_EDGE ( 'NONE', *, *, #2754, .T. ) ;
#7422 = CARTESIAN_POINT ( 'NONE',  ( -12.69999999999999751, 14.15672222192810992, 48.66177646900214881 ) ) ;
#7423 = FACE_BOUND ( 'NONE', #2878, .T. ) ;
#7424 = FACE_OUTER_BOUND ( 'NONE', #6124, .T. ) ;
#7425 = EDGE_LOOP ( 'NONE', ( #7419, #122, #630, #6676 ) ) ;
#7426 = CARTESIAN_POINT ( 'NONE',  ( 12.70000000000000107, 3.061616997868380183E-16, 10.19999999999993712 ) ) ;
#7427 = ORIENTED_EDGE ( 'NONE', *, *, #5620, .T. ) ;
#7428 = CARTESIAN_POINT ( 'NONE',  ( 12.70000000000000107, 10.07084749364666365, 27.26156772950216833 ) ) ;
#7429 = ORIENTED_EDGE ( 'NONE', *, *, #3493, .F. ) ;
#7430 = EDGE_CURVE ( 'NONE', #4902, #1405, #5413, .T. ) ;
#7431 = VECTOR ( 'NONE', #3240, 1000.000000000000000 ) ;
#7432 = ORIENTED_EDGE ( 'NONE', *, *, #2955, .F. ) ;
#7433 = CARTESIAN_POINT ( 'NONE',  ( 7.746038523653021987E-16, 25.40000000000000213, 91.39999999999997726 ) ) ;
#7434 = CARTESIAN_POINT ( 'NONE',  ( 12.70000000000000107, -11.15407434219244465, 77.75732780184198134 ) ) ;
#7435 = CIRCLE ( 'NONE', #8723, 2.271000000000002128 ) ;
#7436 = CARTESIAN_POINT ( 'NONE',  ( -12.69999999999999751, -10.07084749364648069, 75.98106772950202981 ) ) ;
#7437 = FACE_OUTER_BOUND ( 'NONE', #1463, .T. ) ;
#7438 = ORIENTED_EDGE ( 'NONE', *, *, #5895, .F. ) ;
#7439 = CARTESIAN_POINT ( 'NONE',  ( 9.525000000000000355, 3.577867169202164632E-15, 38.10000000000001563 ) ) ;
#7440 = VERTEX_POINT ( 'NONE', #2042 ) ;
#7441 = ADVANCED_FACE ( 'NONE', ( #4746 ), #7443, .F. ) ;
#7442 = ORIENTED_EDGE ( 'NONE', *, *, #6733, .T. ) ;
#7443 = CYLINDRICAL_SURFACE ( 'NONE', #6120, 14.30000000000000782 ) ;
#7444 = CIRCLE ( 'NONE', #3489, 2.499999999999995115 ) ;
#7445 = FACE_OUTER_BOUND ( 'NONE', #785, .T. ) ;
#7446 = DIRECTION ( 'NONE',  ( -1.000000000000000000, -0.000000000000000000, -0.000000000000000000 ) ) ;
#7447 = AXIS2_PLACEMENT_3D ( 'NONE', #6558, #3726, #1144 ) ;
#7448 = CARTESIAN_POINT ( 'NONE',  ( 12.70000000000000107, 12.69999999999999929, 111.7999999999999972 ) ) ;
#7450 = DIRECTION ( 'NONE',  ( 1.000000000000000000, 0.000000000000000000, 0.000000000000000000 ) ) ;
#7449 = CIRCLE ( 'NONE', #5055, 2.080499999999998906 ) ;
#7451 = ORIENTED_EDGE ( 'NONE', *, *, #913, .T. ) ;
#7452 = CYLINDRICAL_SURFACE ( 'NONE', #7355, 2.499999999999992006 ) ;
#7453 = EDGE_CURVE ( 'NONE', #5211, #2730, #7254, .T. ) ;
#7454 = ADVANCED_FACE ( 'NONE', ( #8005 ), #5961, .F. ) ;
#7455 = ADVANCED_FACE ( 'NONE', ( #1261 ), #6675, .F. ) ;
#7456 = CARTESIAN_POINT ( 'NONE',  ( -12.69999999999999751, 12.69999999999999929, 10.20000000000000817 ) ) ;
#7457 = ORIENTED_EDGE ( 'NONE', *, *, #468, .F. ) ;
#7458 = AXIS2_PLACEMENT_3D ( 'NONE', #4297, #167, #8374 ) ;
#7459 = AXIS2_PLACEMENT_3D ( 'NONE', #3941, #2430, #566 ) ;
#7460 = CARTESIAN_POINT ( 'NONE',  ( -9.525000000000000355, 12.33648634557998314, 98.10376971111941202 ) ) ;
#7461 = DIRECTION ( 'NONE',  ( 0.000000000000000000, 0.000000000000000000, 1.000000000000000000 ) ) ;
#7462 = DIRECTION ( 'NONE',  ( -1.000000000000000000, -0.000000000000000000, -0.000000000000000000 ) ) ;
#7463 = DIRECTION ( 'NONE',  ( -1.000000000000000000, -0.000000000000000000, -0.000000000000000000 ) ) ;
#7464 = CARTESIAN_POINT ( 'NONE',  ( 12.70000000000000107, 4.072800018551153478, 53.33104783511791425 ) ) ;
#7465 = CIRCLE ( 'NONE', #8740, 2.499999999999988454 ) ;
#7466 = ADVANCED_FACE ( 'NONE', ( #8588 ), #3178, .F. ) ;
#7467 = ADVANCED_FACE ( 'NONE', ( #5923 ), #8719, .F. ) ;
#7468 = FACE_OUTER_BOUND ( 'NONE', #7333, .T. ) ;
#7469 = EDGE_LOOP ( 'NONE', ( #8155, #3528, #453, #7791 ) ) ;
#7470 = ORIENTED_EDGE ( 'NONE', *, *, #1249, .T. ) ;
#7471 = VECTOR ( 'NONE', #5519, 1000.000000000000000 ) ;
#7472 = CIRCLE ( 'NONE', #8465, 2.499999999999988454 ) ;
#7473 = ORIENTED_EDGE ( 'NONE', *, *, #7819, .F. ) ;
#7474 = CARTESIAN_POINT ( 'NONE',  ( 12.70000000000000107, -16.22354728284505399, 86.63785636811216762 ) ) ;
#7475 = CARTESIAN_POINT ( 'NONE',  ( 12.70000000000000107, 5.371240620587829362, 24.84708431341438839 ) ) ;
#7476 = DIRECTION ( 'NONE',  ( 1.000000000000000000, -0.000000000000000000, -0.000000000000000000 ) ) ;
#7477 = ORIENTED_EDGE ( 'NONE', *, *, #3343, .F. ) ;
#7478 = DIRECTION ( 'NONE',  ( -1.000000000000000000, -0.000000000000000000, -0.000000000000000000 ) ) ;
#7479 = ORIENTED_EDGE ( 'NONE', *, *, #6485, .F. ) ;
#7480 = DIRECTION ( 'NONE',  ( -1.000000000000000000, -0.000000000000000000, -0.000000000000000000 ) ) ;
#7481 = VERTEX_POINT ( 'NONE', #6055 ) ;
#7482 = CIRCLE ( 'NONE', #1679, 14.30000000000000071 ) ;
#7483 = ORIENTED_EDGE ( 'NONE', *, *, #3395, .F. ) ;
#7484 = DIRECTION ( 'NONE',  ( 0.000000000000000000, 0.000000000000000000, 1.000000000000000000 ) ) ;
#7485 = DIRECTION ( 'NONE',  ( -0.000000000000000000, 1.000000000000000000, -0.000000000000000000 ) ) ;
#7486 = CARTESIAN_POINT ( 'NONE',  ( -9.525000000000000355, 16.22512784221244786, 95.87919284400875597 ) ) ;
#7487 = ORIENTED_EDGE ( 'NONE', *, *, #1110, .F. ) ;
#7488 = CYLINDRICAL_SURFACE ( 'NONE', #6877, 2.270999999999998575 ) ;
#7489 = ORIENTED_EDGE ( 'NONE', *, *, #2564, .T. ) ;
#7490 = ORIENTED_EDGE ( 'NONE', *, *, #2057, .F. ) ;
#7491 = DIRECTION ( 'NONE',  ( -0.000000000000000000, 1.000000000000000000, -0.000000000000000000 ) ) ;
#7492 = FACE_OUTER_BOUND ( 'NONE', #868, .T. ) ;
#7493 = EDGE_CURVE ( 'NONE', #1634, #5307, #7534, .T. ) ;
#7494 = CARTESIAN_POINT ( 'NONE',  ( -12.69999999999999751, 0.000000000000000000, 63.50000000000000000 ) ) ;
#7495 = DIRECTION ( 'NONE',  ( 1.000000000000000000, 0.000000000000000000, 0.000000000000000000 ) ) ;
#7496 = ORIENTED_EDGE ( 'NONE', *, *, #3435, .F. ) ;
#7497 = CARTESIAN_POINT ( 'NONE',  ( 7.746038523653021987E-16, -25.39999999999999503, 53.29999999999999005 ) ) ;
#7498 = DIRECTION ( 'NONE',  ( -1.000000000000000000, -0.000000000000000000, -0.000000000000000000 ) ) ;
#7499 = ORIENTED_EDGE ( 'NONE', *, *, #4476, .T. ) ;
#7500 = EDGE_CURVE ( 'NONE', #232, #4631, #8047, .T. ) ;
#7501 = CYLINDRICAL_SURFACE ( 'NONE', #2163, 2.080499999999998906 ) ;
#7502 = CIRCLE ( 'NONE', #2398, 2.270999999999995467 ) ;
#7503 = LINE ( 'NONE', #4139, #2737 ) ;
#7504 = CARTESIAN_POINT ( 'NONE',  ( 12.70000000000000107, 16.22354728284508951, 86.63785636811238078 ) ) ;
#7505 = DIRECTION ( 'NONE',  ( -1.000000000000000000, -0.000000000000000000, -0.000000000000000000 ) ) ;
#7506 = DIRECTION ( 'NONE',  ( -1.000000000000000000, -0.000000000000000000, -0.000000000000000000 ) ) ;
#7507 = DIRECTION ( 'NONE',  ( -0.000000000000000000, 1.000000000000000000, -0.000000000000000000 ) ) ;
#7508 = ORIENTED_EDGE ( 'NONE', *, *, #1071, .F. ) ;
#7509 = ORIENTED_EDGE ( 'NONE', *, *, #2404, .F. ) ;
#7510 = VECTOR ( 'NONE', #7480, 1000.000000000000000 ) ;
#7511 =( GEOMETRIC_REPRESENTATION_CONTEXT ( 3 ) GLOBAL_UNCERTAINTY_ASSIGNED_CONTEXT ( ( #7852 ) ) GLOBAL_UNIT_ASSIGNED_CONTEXT ( ( #7264, #1317, #4649 ) ) REPRESENTATION_CONTEXT ( 'NONE', 'WORKASPACE' ) );
#7512 = EDGE_CURVE ( 'NONE', #4001, #5048, #8629, .T. ) ;
#7513 = EDGE_CURVE ( 'NONE', #1307, #4779, #7963, .T. ) ;
#7514 = ADVANCED_FACE ( 'NONE', ( #3355 ), #6009, .T. ) ;
#7515 = VERTEX_POINT ( 'NONE', #514 ) ;
#7516 = DIRECTION ( 'NONE',  ( 0.000000000000000000, 0.000000000000000000, -1.000000000000000000 ) ) ;
#7517 = DIRECTION ( 'NONE',  ( 0.000000000000000000, 0.000000000000000000, 1.000000000000000000 ) ) ;
#7518 = DIRECTION ( 'NONE',  ( -0.000000000000000000, 1.000000000000000000, -0.000000000000000000 ) ) ;
#7519 = ORIENTED_EDGE ( 'NONE', *, *, #5727, .F. ) ;
#7520 = DIRECTION ( 'NONE',  ( 0.000000000000000000, 0.000000000000000000, 1.000000000000000000 ) ) ;
#7521 = LINE ( 'NONE', #4910, #2690 ) ;
#7522 = ORIENTED_EDGE ( 'NONE', *, *, #637, .F. ) ;
#7523 = VERTEX_POINT ( 'NONE', #5878 ) ;
#7524 = AXIS2_PLACEMENT_3D ( 'NONE', #6979, #904, #3612 ) ;
#7525 = DIRECTION ( 'NONE',  ( -1.000000000000000000, -0.000000000000000000, -0.000000000000000000 ) ) ;
#7526 = DIRECTION ( 'NONE',  ( 0.000000000000000000, 0.000000000000000000, 1.000000000000000000 ) ) ;
#7527 = DIRECTION ( 'NONE',  ( 0.000000000000000000, 0.000000000000000000, -1.000000000000000000 ) ) ;
#7528 = EDGE_LOOP ( 'NONE', ( #1533, #6032, #6410, #2522 ) ) ;
#7529 = DIRECTION ( 'NONE',  ( 1.000000000000000000, 0.000000000000000000, 0.000000000000000000 ) ) ;
#7530 = CIRCLE ( 'NONE', #4137, 2.270999999999995467 ) ;
#7531 = VERTEX_POINT ( 'NONE', #4677 ) ;
#7532 = ORIENTED_EDGE ( 'NONE', *, *, #4219, .T. ) ;
#7533 = VECTOR ( 'NONE', #7722, 1000.000000000000000 ) ;
#7534 = CIRCLE ( 'NONE', #3432, 14.30000000000000071 ) ;
#7535 = DIRECTION ( 'NONE',  ( -1.000000000000000000, -0.000000000000000000, -0.000000000000000000 ) ) ;
#7536 = CARTESIAN_POINT ( 'NONE',  ( 9.525000000000000355, 22.22500000000000142, 127.0000000000000000 ) ) ;
#7537 = DIRECTION ( 'NONE',  ( 1.000000000000000000, 0.000000000000000000, 0.000000000000000000 ) ) ;
#7538 = ORIENTED_EDGE ( 'NONE', *, *, #7783, .T. ) ;
#7539 = DIRECTION ( 'NONE',  ( 0.000000000000000000, 0.000000000000000000, -1.000000000000000000 ) ) ;
#7540 = AXIS2_PLACEMENT_3D ( 'NONE', #5684, #8392, #5021 ) ;
#7541 = CIRCLE ( 'NONE', #8529, 2.499999999999988454 ) ;
#7542 = LINE ( 'NONE', #2887, #4846 ) ;
#7543 = EDGE_CURVE ( 'NONE', #5801, #3535, #556, .T. ) ;
#7544 = CIRCLE ( 'NONE', #6555, 2.499999999999992006 ) ;
#7546 = CARTESIAN_POINT ( 'NONE',  ( 12.70000000000000107, 3.577867169202164632E-15, 88.90000000000000568 ) ) ;
#7545 = CIRCLE ( 'NONE', #2309, 2.499999999999992006 ) ;
#7547 = DIRECTION ( 'NONE',  ( 0.000000000000000000, 0.000000000000000000, 1.000000000000000000 ) ) ;
#7548 = CARTESIAN_POINT ( 'NONE',  ( -12.69999999999999751, 3.577867169202164632E-15, 106.5625000000000000 ) ) ;
#7549 = CARTESIAN_POINT ( 'NONE',  ( 12.70000000000000107, 3.577867169202164632E-15, 88.90000000000000568 ) ) ;
#7550 = DIRECTION ( 'NONE',  ( -0.000000000000000000, 1.000000000000000000, -0.000000000000000000 ) ) ;
#7551 = CARTESIAN_POINT ( 'NONE',  ( 12.70000000000000107, 14.13894155320100943, 94.98182571315275879 ) ) ;
#7552 = ORIENTED_EDGE ( 'NONE', *, *, #7123, .F. ) ;
#7553 = ADVANCED_FACE ( 'NONE', ( #7424 ), #1220, .T. ) ;
#7554 = CIRCLE ( 'NONE', #8545, 2.080499999999998906 ) ;
#7555 = ORIENTED_EDGE ( 'NONE', *, *, #913, .F. ) ;
#7556 = VECTOR ( 'NONE', #5158, 1000.000000000000000 ) ;
#7557 = ORIENTED_EDGE ( 'NONE', *, *, #2480, .F. ) ;
#7558 = DIRECTION ( 'NONE',  ( 0.000000000000000000, 0.000000000000000000, 1.000000000000000000 ) ) ;
#7560 = LINE ( 'NONE', #7475, #1606 ) ;
#7559 = AXIS2_PLACEMENT_3D ( 'NONE', #3574, #3665, #6320 ) ;
#7561 = DIRECTION ( 'NONE',  ( -1.000000000000000000, -0.000000000000000000, -0.000000000000000000 ) ) ;
#7562 = FACE_BOUND ( 'NONE', #5672, .T. ) ;
#7563 = CARTESIAN_POINT ( 'NONE',  ( 12.70000000000000107, 16.22354728284504333, 40.36214363188798160 ) ) ;
#7564 = ORIENTED_EDGE ( 'NONE', *, *, #6028, .T. ) ;
#7565 = EDGE_CURVE ( 'NONE', #1970, #2328, #6634, .T. ) ;
#7566 = APPROVAL ( #5497, 'UNSPECIFIED' ) ;
#7567 = ADVANCED_FACE ( 'NONE', ( #4018 ), #6720, .F. ) ;
#7568 = EDGE_LOOP ( 'NONE', ( #4301, #7382, #563, #7779 ) ) ;
#7569 = EDGE_CURVE ( 'NONE', #4405, #4671, #4550, .T. ) ;
#7570 = AXIS2_PLACEMENT_3D ( 'NONE', #8565, #493, #4525 ) ;
#7571 = FACE_OUTER_BOUND ( 'NONE', #4150, .T. ) ;
#7572 = DIRECTION ( 'NONE',  ( -1.000000000000000000, -0.000000000000000000, -0.000000000000000000 ) ) ;
#7573 = PERSON_AND_ORGANIZATION_ROLE ( 'creator' ) ;
#7574 = VERTEX_POINT ( 'NONE', #6153 ) ;
#7575 = DIRECTION ( 'NONE',  ( -1.000000000000000000, 0.000000000000000000, 0.000000000000000000 ) ) ;
#7576 = ORIENTED_EDGE ( 'NONE', *, *, #8311, .T. ) ;
#7577 = DIRECTION ( 'NONE',  ( 0.000000000000000000, 0.000000000000000000, -1.000000000000000000 ) ) ;
#7578 = AXIS2_PLACEMENT_3D ( 'NONE', #93, #3332, #5277 ) ;
#7579 = EDGE_LOOP ( 'NONE', ( #7236, #6202, #1032, #8504 ) ) ;
#7580 = ADVANCED_FACE ( 'NONE', ( #8152 ), #4737, .F. ) ;
#7581 = EDGE_CURVE ( 'NONE', #487, #1407, #3145, .T. ) ;
#7582 = ORIENTED_EDGE ( 'NONE', *, *, #728, .F. ) ;
#7583 = AXIS2_PLACEMENT_3D ( 'NONE', #214, #1461, #8248 ) ;
#7584 = FACE_OUTER_BOUND ( 'NONE', #410, .T. ) ;
#7585 = CARTESIAN_POINT ( 'NONE',  ( 12.70000000000000107, 3.577867169202164632E-15, 88.90000000000000568 ) ) ;
#7586 = DIRECTION ( 'NONE',  ( -1.000000000000000000, -0.000000000000000000, -0.000000000000000000 ) ) ;
#7587 = ORIENTED_EDGE ( 'NONE', *, *, #2417, .T. ) ;
#7588 = DIRECTION ( 'NONE',  ( 0.000000000000000000, 0.000000000000000000, -1.000000000000000000 ) ) ;
#7589 = AXIS2_PLACEMENT_3D ( 'NONE', #3096, #5051, #1252 ) ;
#7590 = CARTESIAN_POINT ( 'NONE',  ( -12.69999999999999751, 2.068405620284300195, 71.35903068698951301 ) ) ;
#7591 = AXIS2_PLACEMENT_3D ( 'NONE', #6344, #8342, #1597 ) ;
#7592 = CARTESIAN_POINT ( 'NONE',  ( 9.525000000000000355, -10.07084749364656950, 101.8189322704979247 ) ) ;
#7593 = DIRECTION ( 'NONE',  ( -1.000000000000000000, 0.000000000000000000, 0.000000000000000000 ) ) ;
#7594 = DIRECTION ( 'NONE',  ( -1.000000000000000000, -0.000000000000000000, -0.000000000000000000 ) ) ;
#7595 = DIRECTION ( 'NONE',  ( -1.000000000000000000, 0.000000000000000000, 0.000000000000000000 ) ) ;
#7596 = DIRECTION ( 'NONE',  ( 0.000000000000000000, 0.000000000000000000, 1.000000000000000000 ) ) ;
#7597 = DIRECTION ( 'NONE',  ( -1.000000000000000000, -0.000000000000000000, -0.000000000000000000 ) ) ;
#7598 = VERTEX_POINT ( 'NONE', #2740 ) ;
#7599 = AXIS2_PLACEMENT_3D ( 'NONE', #1814, #528, #3854 ) ;
#7600 = VECTOR ( 'NONE', #7263, 1000.000000000000000 ) ;
#7601 = ORIENTED_EDGE ( 'NONE', *, *, #3545, .F. ) ;
#7602 = ORIENTED_EDGE ( 'NONE', *, *, #6542, .F. ) ;
#7603 = ADVANCED_FACE ( 'NONE', ( #4076 ), #6826, .T. ) ;
#7604 = DIRECTION ( 'NONE',  ( -1.000000000000000000, 0.000000000000000000, 0.000000000000000000 ) ) ;
#7605 = AXIS2_PLACEMENT_3D ( 'NONE', #154, #5440, #863 ) ;
#7606 = DIRECTION ( 'NONE',  ( 0.000000000000000000, 0.000000000000000000, 1.000000000000000000 ) ) ;
#7607 = FACE_OUTER_BOUND ( 'NONE', #7469, .T. ) ;
#7608 = CARTESIAN_POINT ( 'NONE',  ( -9.525000000000002132, 22.22500000000000142, 0.000000000000000000 ) ) ;
#7609 = CARTESIAN_POINT ( 'NONE',  ( 12.70000000000000107, 14.16298196909037088, 36.12517298397528975 ) ) ;
#7610 = ORIENTED_EDGE ( 'NONE', *, *, #8646, .F. ) ;
#7611 = ORIENTED_EDGE ( 'NONE', *, *, #3553, .T. ) ;
#7612 = AXIS2_PLACEMENT_3D ( 'NONE', #1892, #4020, #8007 ) ;
#7613 = VECTOR ( 'NONE', #7518, 1000.000000000000000 ) ;
#7614 = CYLINDRICAL_SURFACE ( 'NONE', #5336, 2.499999999999988454 ) ;
#7615 = EDGE_CURVE ( 'NONE', #40, #6137, #4433, .T. ) ;
#7616 = CARTESIAN_POINT ( 'NONE',  ( 9.525000000000000355, 15.22687436074368783, 34.01162436304024084 ) ) ;
#7617 = DIRECTION ( 'NONE',  ( -1.000000000000000000, -0.000000000000000000, -0.000000000000000000 ) ) ;
#7618 = ADVANCED_FACE ( 'NONE', ( #702 ), #3411, .F. ) ;
#7619 = AXIS2_PLACEMENT_3D ( 'NONE', #8080, #2011, #7415 ) ;
#7620 = VERTEX_POINT ( 'NONE', #2033 ) ;
#7621 = DIRECTION ( 'NONE',  ( 0.000000000000000000, 0.000000000000000000, 1.000000000000000000 ) ) ;
#7622 = ORIENTED_EDGE ( 'NONE', *, *, #5556, .T. ) ;
#7623 = DIRECTION ( 'NONE',  ( 1.000000000000000000, 0.000000000000000000, 0.000000000000000000 ) ) ;
#7624 = ORIENTED_EDGE ( 'NONE', *, *, #6976, .T. ) ;
#7625 = VERTEX_POINT ( 'NONE', #7616 ) ;
#7626 = AXIS2_PLACEMENT_3D ( 'NONE', #5106, #7807, #1738 ) ;
#7627 = DIRECTION ( 'NONE',  ( 0.000000000000000000, 0.000000000000000000, -1.000000000000000000 ) ) ;
#7628 = ADVANCED_FACE ( 'NONE', ( #789 ), #4829, .T. ) ;
#7629 = EDGE_CURVE ( 'NONE', #8203, #1573, #1736, .T. ) ;
#7630 = ADVANCED_FACE ( 'NONE', ( #8100 ), #3495, .T. ) ;
#7631 = DIRECTION ( 'NONE',  ( -1.000000000000000000, -0.000000000000000000, -0.000000000000000000 ) ) ;
#7632 = FACE_BOUND ( 'NONE', #6829, .T. ) ;
#7633 = ORIENTED_EDGE ( 'NONE', *, *, #5181, .F. ) ;
#7634 = CARTESIAN_POINT ( 'NONE',  ( 1.080765552152139773E-15, 22.22500000000000142, 48.30000000000001137 ) ) ;
#7635 = DIRECTION ( 'NONE',  ( 0.000000000000000000, 0.000000000000000000, 1.000000000000000000 ) ) ;
#7636 = DIRECTION ( 'NONE',  ( 0.000000000000000000, 0.000000000000000000, 1.000000000000000000 ) ) ;
#7637 = CARTESIAN_POINT ( 'NONE',  ( 12.70000000000000107, 11.15407434219260630, 26.95732780184214405 ) ) ;
#7638 = CARTESIAN_POINT ( 'NONE',  ( -12.69999999999999751, 0.000000000000000000, 63.50000000000000000 ) ) ;
#7639 = ORIENTED_EDGE ( 'NONE', *, *, #1071, .T. ) ;
#7640 = CARTESIAN_POINT ( 'NONE',  ( 1.861463134703975909E-15, 25.40000000000000213, 61.00000000000001421 ) ) ;
#7641 = DIRECTION ( 'NONE',  ( -1.000000000000000000, -0.000000000000000000, -0.000000000000000000 ) ) ;
#7642 = CARTESIAN_POINT ( 'NONE',  ( -9.525000000000000355, 2.068405620284298418, 55.64096931301052251 ) ) ;
#7643 = ORIENTED_EDGE ( 'NONE', *, *, #6315, .F. ) ;
#7644 = ORIENTED_EDGE ( 'NONE', *, *, #8000, .T. ) ;
#7645 = VECTOR ( 'NONE', #8347, 1000.000000000000000 ) ;
#7646 = VERTEX_POINT ( 'NONE', #5583 ) ;
#7647 = CARTESIAN_POINT ( 'NONE',  ( -12.69999999999999751, 16.22512784221244786, 45.07919284400875171 ) ) ;
#7648 = DIRECTION ( 'NONE',  ( 0.000000000000000000, 0.000000000000000000, 1.000000000000000000 ) ) ;
#7649 = CARTESIAN_POINT ( 'NONE',  ( 9.525000000000000355, -12.69999999999999929, 61.00000000000000711 ) ) ;
#7650 = FACE_OUTER_BOUND ( 'NONE', #236, .T. ) ;
#7651 = AXIS2_PLACEMENT_3D ( 'NONE', #4201, #4824, #3668 ) ;
#7652 = DIRECTION ( 'NONE',  ( -1.000000000000000000, -0.000000000000000000, -0.000000000000000000 ) ) ;
#7653 = VERTEX_POINT ( 'NONE', #2125 ) ;
#7654 = ORIENTED_EDGE ( 'NONE', *, *, #5988, .F. ) ;
#7655 = ADVANCED_FACE ( 'NONE', ( #5496 ), #5538, .F. ) ;
#7657 = CARTESIAN_POINT ( 'NONE',  ( -9.525000000000000355, -4.072800018551146373, 53.33104783511790714 ) ) ;
#7656 = VECTOR ( 'NONE', #4413, 1000.000000000000000 ) ;
#7658 = DIRECTION ( 'NONE',  ( -0.000000000000000000, -0.000000000000000000, -1.000000000000000000 ) ) ;
#7659 = FACE_OUTER_BOUND ( 'NONE', #3978, .T. ) ;
#7660 = ORIENTED_EDGE ( 'NONE', *, *, #7808, .F. ) ;
#7661 = CARTESIAN_POINT ( 'NONE',  ( 12.70000000000000107, 4.072800018551152590, 73.66895216488211418 ) ) ;
#7662 = ORIENTED_EDGE ( 'NONE', *, *, #8647, .T. ) ;
#7663 = DIRECTION ( 'NONE',  ( 0.000000000000000000, 0.000000000000000000, 1.000000000000000000 ) ) ;
#7664 = VERTEX_POINT ( 'NONE', #6196 ) ;
#7665 = ORIENTED_EDGE ( 'NONE', *, *, #4426, .F. ) ;
#7666 = CIRCLE ( 'NONE', #7524, 2.499999999999988454 ) ;
#7667 = EDGE_CURVE ( 'NONE', #7969, #6716, #6270, .T. ) ;
#7668 = DIRECTION ( 'NONE',  ( -0.000000000000000000, 1.000000000000000000, -0.000000000000000000 ) ) ;
#7669 = AXIS2_PLACEMENT_3D ( 'NONE', #6969, #1518, #1427 ) ;
#7670 = DIRECTION ( 'NONE',  ( 0.000000000000000000, 0.000000000000000000, 1.000000000000000000 ) ) ;
#7671 = DIRECTION ( 'NONE',  ( -1.000000000000000000, -0.000000000000000000, -0.000000000000000000 ) ) ;
#7672 = ORIENTED_EDGE ( 'NONE', *, *, #362, .F. ) ;
#7673 = DIRECTION ( 'NONE',  ( -1.000000000000000000, -0.000000000000000000, -0.000000000000000000 ) ) ;
#7674 = DIRECTION ( 'NONE',  ( 1.000000000000000000, 0.000000000000000000, 0.000000000000000000 ) ) ;
#7675 = EDGE_CURVE ( 'NONE', #3053, #6793, #8288, .T. ) ;
#7676 = ADVANCED_FACE ( 'NONE', ( #2210 ), #2824, .F. ) ;
#7677 = EDGE_CURVE ( 'NONE', #8367, #2657, #8243, .T. ) ;
#7678 = AXIS2_PLACEMENT_3D ( 'NONE', #2565, #3858, #571 ) ;
#7679 = EDGE_CURVE ( 'NONE', #3163, #6455, #7683, .T. ) ;
#7680 = CARTESIAN_POINT ( 'NONE',  ( 12.70000000000000107, 12.69999999999999929, 15.19999999999999574 ) ) ;
#7681 = CARTESIAN_POINT ( 'NONE',  ( -9.525000000000000355, 3.577867169202164632E-15, 88.90000000000000568 ) ) ;
#7682 = DIRECTION ( 'NONE',  ( -1.000000000000000000, -0.000000000000000000, -0.000000000000000000 ) ) ;
#7683 = CIRCLE ( 'NONE', #4566, 14.30000000000000782 ) ;
#7684 = ORIENTED_EDGE ( 'NONE', *, *, #8218, .F. ) ;
#7685 = CARTESIAN_POINT ( 'NONE',  ( 12.70000000000000107, -25.39999999999999503, 0.000000000000000000 ) ) ;
#7686 = CARTESIAN_POINT ( 'NONE',  ( 12.70000000000000107, 3.577867169202164632E-15, 38.10000000000001563 ) ) ;
#7687 = DIRECTION ( 'NONE',  ( 0.000000000000000000, 0.000000000000000000, 1.000000000000000000 ) ) ;
#7688 = EDGE_LOOP ( 'NONE', ( #908, #4997 ) ) ;
#7689 = EDGE_LOOP ( 'NONE', ( #4606, #1935, #6984, #8402 ) ) ;
#7690 = ADVANCED_FACE ( 'NONE', ( #3754 ), #209, .T. ) ;
#7691 = AXIS2_PLACEMENT_3D ( 'NONE', #1259, #6586, #2640 ) ;
#7692 = VERTEX_POINT ( 'NONE', #7704 ) ;
#7693 = DIRECTION ( 'NONE',  ( 1.000000000000000000, -0.000000000000000000, -0.000000000000000000 ) ) ;
#7694 = CARTESIAN_POINT ( 'NONE',  ( -9.525000000000000355, -10.07084749364656950, 51.01893227049793467 ) ) ;
#7695 = LINE ( 'NONE', #2452, #3657 ) ;
#7696 = CARTESIAN_POINT ( 'NONE',  ( -12.69999999999999751, -12.69999999999999929, 65.99999999999998579 ) ) ;
#7697 = VECTOR ( 'NONE', #2019, 1000.000000000000000 ) ;
#7698 = VECTOR ( 'NONE', #7366, 1000.000000000000000 ) ;
#7699 = FACE_OUTER_BOUND ( 'NONE', #7088, .T. ) ;
#7700 = ORIENTED_EDGE ( 'NONE', *, *, #7569, .T. ) ;
#7701 = ORIENTED_EDGE ( 'NONE', *, *, #4924, .T. ) ;
#7702 = VECTOR ( 'NONE', #547, 1000.000000000000000 ) ;
#7703 = CARTESIAN_POINT ( 'NONE',  ( 9.525000000000000355, 6.152699789198528002, 104.0810759023857344 ) ) ;
#7704 = CARTESIAN_POINT ( 'NONE',  ( -9.525000000000000355, 2.068405620284300195, 20.55903068698950520 ) ) ;
#7705 = DIRECTION ( 'NONE',  ( 1.000000000000000000, 0.000000000000000000, 0.000000000000000000 ) ) ;
#7706 = VERTEX_POINT ( 'NONE', #970 ) ;
#7707 = DIRECTION ( 'NONE',  ( -1.000000000000000000, -0.000000000000000000, -0.000000000000000000 ) ) ;
#7708 = EDGE_LOOP ( 'NONE', ( #3470, #6264, #7248, #5397 ) ) ;
#7709 = CARTESIAN_POINT ( 'NONE',  ( 7.746038523653021987E-16, 22.22500000000000142, 101.5999999999999943 ) ) ;
#7710 = ORIENTED_EDGE ( 'NONE', *, *, #2862, .T. ) ;
#7711 = AXIS2_PLACEMENT_3D ( 'NONE', #985, #8351, #3692 ) ;
#7712 = ORIENTED_EDGE ( 'NONE', *, *, #6276, .T. ) ;
#7713 = DIRECTION ( 'NONE',  ( 0.000000000000000000, 0.000000000000000000, 1.000000000000000000 ) ) ;
#7714 = AXIS2_PLACEMENT_3D ( 'NONE', #1023, #5893, #1774 ) ;
#7715 = CARTESIAN_POINT ( 'NONE',  ( 12.70000000000000107, 10.07084749364666365, 75.98106772950217191 ) ) ;
#7716 = EDGE_CURVE ( 'NONE', #4884, #7970, #31, .T. ) ;
#7717 = FACE_BOUND ( 'NONE', #6734, .T. ) ;
#7718 = ORIENTED_EDGE ( 'NONE', *, *, #3117, .F. ) ;
#7719 = DIRECTION ( 'NONE',  ( 1.000000000000000000, -0.000000000000000000, -0.000000000000000000 ) ) ;
#7720 = AXIS2_PLACEMENT_3D ( 'NONE', #5365, #1368, #4695 ) ;
#7721 = CARTESIAN_POINT ( 'NONE',  ( -12.69999999999999751, -11.15407434219244465, 26.95732780184198774 ) ) ;
#7722 = DIRECTION ( 'NONE',  ( -1.000000000000000000, -0.000000000000000000, -0.000000000000000000 ) ) ;
#7723 = ADVANCED_FACE ( 'NONE', ( #1714 ), #6416, .F. ) ;
#7725 = LINE ( 'NONE', #187, #2752 ) ;
#7724 = AXIS2_PLACEMENT_3D ( 'NONE', #3433, #724, #3344 ) ;
#7726 = EDGE_CURVE ( 'NONE', #5048, #2021, #2294, .T. ) ;
#7727 = ORIENTED_EDGE ( 'NONE', *, *, #4146, .T. ) ;
#7728 = FACE_OUTER_BOUND ( 'NONE', #1081, .T. ) ;
#7729 = CARTESIAN_POINT ( 'NONE',  ( 12.70000000000000107, 15.22687436074360257, 42.18837563696011017 ) ) ;
#7730 = CARTESIAN_POINT ( 'NONE',  ( 12.70000000000000107, 10.07084749364666365, 78.06156772950215839 ) ) ;
#7731 = ORIENTED_EDGE ( 'NONE', *, *, #4412, .T. ) ;
#7732 = VERTEX_POINT ( 'NONE', #385 ) ;
#7733 = VECTOR ( 'NONE', #3466, 1000.000000000000000 ) ;
#7734 = VERTEX_POINT ( 'NONE', #4418 ) ;
#7735 = CARTESIAN_POINT ( 'NONE',  ( 12.70000000000000107, 0.000000000000000000, 12.69999999999993356 ) ) ;
#7736 = CARTESIAN_POINT ( 'NONE',  ( -12.69999999999999751, 0.000000000000000000, 63.50000000000000000 ) ) ;
#7737 = CYLINDRICAL_SURFACE ( 'NONE', #5206, 2.270999999999995467 ) ;
#7738 = EDGE_CURVE ( 'NONE', #591, #7215, #7389, .T. ) ;
#7739 = EDGE_CURVE ( 'NONE', #8516, #570, #8396, .T. ) ;
#7740 = CIRCLE ( 'NONE', #8165, 2.270999999999995467 ) ;
#7741 = DIRECTION ( 'NONE',  ( -1.000000000000000000, -0.000000000000000000, -0.000000000000000000 ) ) ;
#7742 = AXIS2_PLACEMENT_3D ( 'NONE', #1141, #4477, #8556 ) ;
#7743 = CARTESIAN_POINT ( 'NONE',  ( 12.70000000000000107, -14.16298196909034779, 40.07482701602484099 ) ) ;
#7744 = ORIENTED_EDGE ( 'NONE', *, *, #5030, .F. ) ;
#7745 = ORIENTED_EDGE ( 'NONE', *, *, #1492, .F. ) ;
#7746 = AXIS2_PLACEMENT_3D ( 'NONE', #4592, #1800, #3753 ) ;
#7747 = CARTESIAN_POINT ( 'NONE',  ( 12.70000000000000107, -16.22512784221249404, 81.92080715599139751 ) ) ;
#7748 = LINE ( 'NONE', #2960, #320 ) ;
#7749 = LINE ( 'NONE', #1758, #2879 ) ;
#7750 = ORIENTED_EDGE ( 'NONE', *, *, #4329, .F. ) ;
#7751 = FACE_BOUND ( 'NONE', #2989, .T. ) ;
#7752 = VERTEX_POINT ( 'NONE', #922 ) ;
#7753 = CARTESIAN_POINT ( 'NONE',  ( 12.70000000000000107, 3.577867169202164632E-15, 38.10000000000001563 ) ) ;
#7754 = ORIENTED_EDGE ( 'NONE', *, *, #7078, .T. ) ;
#7755 = CIRCLE ( 'NONE', #4784, 17.66249999999999787 ) ;
#7756 = ORIENTED_EDGE ( 'NONE', *, *, #5967, .F. ) ;
#7757 = CARTESIAN_POINT ( 'NONE',  ( -12.69999999999999929, -12.69999999999999929, 114.2999999999999972 ) ) ;
#7758 = CIRCLE ( 'NONE', #3938, 2.080499999999998906 ) ;
#7759 = CIRCLE ( 'NONE', #4769, 2.080499999999998906 ) ;
#7760 = DIRECTION ( 'NONE',  ( -1.000000000000000000, -0.000000000000000000, -0.000000000000000000 ) ) ;
#7761 = FACE_OUTER_BOUND ( 'NONE', #6128, .T. ) ;
#7762 = VERTEX_POINT ( 'NONE', #3090 ) ;
#7763 = DIRECTION ( 'NONE',  ( -1.000000000000000000, -0.000000000000000000, -0.000000000000000000 ) ) ;
#7764 = VECTOR ( 'NONE', #2322, 1000.000000000000000 ) ;
#7765 = ADVANCED_FACE ( 'NONE', ( #7043 ), #6373, .T. ) ;
#7766 = DIRECTION ( 'NONE',  ( 0.000000000000000000, 0.000000000000000000, 1.000000000000000000 ) ) ;
#7767 = DIRECTION ( 'NONE',  ( 0.000000000000000000, 0.000000000000000000, 1.000000000000000000 ) ) ;
#7768 = ORIENTED_EDGE ( 'NONE', *, *, #7292, .T. ) ;
#7769 = CARTESIAN_POINT ( 'NONE',  ( -9.525000000000000355, 3.577867169202164632E-15, 38.10000000000001563 ) ) ;
#7770 = CARTESIAN_POINT ( 'NONE',  ( 12.70000000000000107, -6.152699789198520897, 73.71892409761429121 ) ) ;
#7771 = EDGE_LOOP ( 'NONE', ( #6425, #919, #2326, #1836 ) ) ;
#7772 = EDGE_LOOP ( 'NONE', ( #6764, #5863, #71, #2598 ) ) ;
#7773 = ORIENTED_EDGE ( 'NONE', *, *, #2465, .T. ) ;
#7774 = DIRECTION ( 'NONE',  ( -1.000000000000000000, -0.000000000000000000, -0.000000000000000000 ) ) ;
#7775 = FACE_OUTER_BOUND ( 'NONE', #1988, .T. ) ;
#7776 = CYLINDRICAL_SURFACE ( 'NONE', #254, 2.499999999999988454 ) ;
#7777 = DIRECTION ( 'NONE',  ( 0.000000000000000000, 0.000000000000000000, -1.000000000000000000 ) ) ;
#7778 = LINE ( 'NONE', #4374, #5243 ) ;
#7779 = ORIENTED_EDGE ( 'NONE', *, *, #7898, .T. ) ;
#7780 = ORIENTED_EDGE ( 'NONE', *, *, #196, .F. ) ;
#7781 = AXIS2_PLACEMENT_3D ( 'NONE', #4092, #8301, #673 ) ;
#7782 = EDGE_CURVE ( 'NONE', #412, #5660, #4860, .T. ) ;
#7783 = EDGE_CURVE ( 'NONE', #6232, #6107, #7786, .T. ) ;
#7784 = ADVANCED_FACE ( 'NONE', ( #3046 ), #3583, .F. ) ;
#7785 = DIRECTION ( 'NONE',  ( -1.000000000000000000, -0.000000000000000000, -0.000000000000000000 ) ) ;
#7786 = LINE ( 'NONE', #3630, #6126 ) ;
#7787 = LINE ( 'NONE', #8331, #4293 ) ;
#7788 = CIRCLE ( 'NONE', #3826, 2.499999999999988454 ) ;
#7789 = ORIENTED_EDGE ( 'NONE', *, *, #1070, .T. ) ;
#7790 = CARTESIAN_POINT ( 'NONE',  ( 9.525000000000000355, -16.22512784221253312, 45.07919284400851723 ) ) ;
#7791 = ORIENTED_EDGE ( 'NONE', *, *, #8600, .T. ) ;
#7792 = DIRECTION ( 'NONE',  ( -1.000000000000000000, -0.000000000000000000, -0.000000000000000000 ) ) ;
#7793 = VERTEX_POINT ( 'NONE', #5793 ) ;
#7794 = ORIENTED_EDGE ( 'NONE', *, *, #1593, .T. ) ;
#7795 = VECTOR ( 'NONE', #1397, 1000.000000000000000 ) ;
#7796 = CARTESIAN_POINT ( 'NONE',  ( -12.69999999999999751, 0.000000000000000000, 114.2999999999999972 ) ) ;
#7797 = CIRCLE ( 'NONE', #4265, 2.270999999999995467 ) ;
#7798 = CARTESIAN_POINT ( 'NONE',  ( 12.70000000000000107, 0.000000000000000000, 63.50000000000000000 ) ) ;
#7799 = DIRECTION ( 'NONE',  ( 0.000000000000000000, -7.087310524298422894E-15, 1.000000000000000000 ) ) ;
#7800 = CIRCLE ( 'NONE', #2562, 2.499999999999988454 ) ;
#7801 = EDGE_LOOP ( 'NONE', ( #5110, #5283, #2821, #6178 ) ) ;
#7802 = DIRECTION ( 'NONE',  ( -1.000000000000000000, -0.000000000000000000, -0.000000000000000000 ) ) ;
#7803 = VECTOR ( 'NONE', #4364, 1000.000000000000000 ) ;
#7804 = CARTESIAN_POINT ( 'NONE',  ( 12.70000000000000107, 16.22512784221244786, 45.07919284400875171 ) ) ;
#7805 = CYLINDRICAL_SURFACE ( 'NONE', #3603, 2.080499999999998906 ) ;
#7806 = ORIENTED_EDGE ( 'NONE', *, *, #6438, .F. ) ;
#7807 = DIRECTION ( 'NONE',  ( -0.000000000000000000, 1.000000000000000000, -0.000000000000000000 ) ) ;
#7808 = EDGE_CURVE ( 'NONE', #392, #5902, #7748, .T. ) ;
#7809 = CIRCLE ( 'NONE', #3993, 2.080499999999998906 ) ;
#7810 = CARTESIAN_POINT ( 'NONE',  ( 1.080765552152139379E-15, 25.40000000000000213, 99.10000000000000853 ) ) ;
#7811 = ORIENTED_EDGE ( 'NONE', *, *, #4978, .F. ) ;
#7812 = ORIENTED_EDGE ( 'NONE', *, *, #1249, .F. ) ;
#7813 = CIRCLE ( 'NONE', #4565, 2.270999999999995467 ) ;
#7814 = ORIENTED_EDGE ( 'NONE', *, *, #6733, .F. ) ;
#7815 = CARTESIAN_POINT ( 'NONE',  ( 12.70000000000000107, -14.16298196909033535, 36.12517298397507659 ) ) ;
#7816 = DIRECTION ( 'NONE',  ( 0.000000000000000000, 0.000000000000000000, -1.000000000000000000 ) ) ;
#7817 = CARTESIAN_POINT ( 'NONE',  ( 1.555301434917138038E-15, 25.40000000000000213, 25.39999999999999858 ) ) ;
#7818 = CARTESIAN_POINT ( 'NONE',  ( 9.525000000000000355, -2.068405620284295310, 55.64096931301052251 ) ) ;
#7819 = EDGE_CURVE ( 'NONE', #1573, #8008, #3015, .T. ) ;
#7820 = DIRECTION ( 'NONE',  ( 0.000000000000000000, 1.667602476305511223E-15, -1.000000000000000000 ) ) ;
#7821 = ORIENTED_EDGE ( 'NONE', *, *, #8597, .F. ) ;
#7822 = VECTOR ( 'NONE', #7617, 1000.000000000000000 ) ;
#7823 = ORIENTED_EDGE ( 'NONE', *, *, #3980, .F. ) ;
#7824 = AXIS2_PLACEMENT_3D ( 'NONE', #2692, #6781, #76 ) ;
#7825 = FACE_OUTER_BOUND ( 'NONE', #126, .T. ) ;
#7826 = DIRECTION ( 'NONE',  ( 0.000000000000000000, 0.000000000000000000, 1.000000000000000000 ) ) ;
#7828 = LINE ( 'NONE', #5877, #3302 ) ;
#7827 = AXIS2_PLACEMENT_3D ( 'NONE', #6273, #2993, #5574 ) ;
#7829 = CIRCLE ( 'NONE', #4013, 2.499999999999988454 ) ;
#7830 = ORIENTED_EDGE ( 'NONE', *, *, #8487, .T. ) ;
#7831 = DIRECTION ( 'NONE',  ( -1.000000000000000000, -0.000000000000000000, -0.000000000000000000 ) ) ;
#7832 = ORIENTED_EDGE ( 'NONE', *, *, #6652, .T. ) ;
#7833 = DIRECTION ( 'NONE',  ( 0.000000000000000000, 0.000000000000000000, 1.000000000000000000 ) ) ;
#7834 = ADVANCED_FACE ( 'NONE', ( #2420 ), #342, .F. ) ;
#7835 = EDGE_CURVE ( 'NONE', #5173, #4836, #5138, .T. ) ;
#7836 = EDGE_CURVE ( 'NONE', #7348, #6598, #6841, .T. ) ;
#7837 = LINE ( 'NONE', #6301, #4958 ) ;
#7838 = ADVANCED_FACE ( 'NONE', ( #4956 ), #1930, .T. ) ;
#7839 = ORIENTED_EDGE ( 'NONE', *, *, #2577, .T. ) ;
#7840 = ORIENTED_EDGE ( 'NONE', *, *, #6484, .F. ) ;
#7841 = AXIS2_PLACEMENT_3D ( 'NONE', #4140, #3297, #7367 ) ;
#7842 = CARTESIAN_POINT ( 'NONE',  ( -9.525000000000000355, -8.791741348502467801, 77.62191132943921446 ) ) ;
#7843 = LINE ( 'NONE', #3191, #1216 ) ;
#7844 = ORIENTED_EDGE ( 'NONE', *, *, #145, .T. ) ;
#7845 = CARTESIAN_POINT ( 'NONE',  ( 12.70000000000000107, -16.22512784221253312, 45.07919284400851723 ) ) ;
#7846 = AXIS2_PLACEMENT_3D ( 'NONE', #3735, #6440, #5901 ) ;
#7847 = EDGE_CURVE ( 'NONE', #3320, #4125, #1175, .T. ) ;
#7848 = ADVANCED_FACE ( 'NONE', ( #5300 ), #7873, .F. ) ;
#7849 = ORIENTED_EDGE ( 'NONE', *, *, #8749, .T. ) ;
#7850 = CARTESIAN_POINT ( 'NONE',  ( 1.861463134703975514E-15, 25.40000000000000213, 73.70000000000000284 ) ) ;
#7851 = CIRCLE ( 'NONE', #2055, 2.499999999999988454 ) ;
#7852 = UNCERTAINTY_MEASURE_WITH_UNIT (LENGTH_MEASURE( 1.000000000000000082E-05 ), #7264, 'distance_accuracy_value', 'NONE');
#7853 = CARTESIAN_POINT ( 'NONE',  ( -9.525000000000000355, -14.15672222192817387, 27.53822353099798192 ) ) ;
#7854 = CARTESIAN_POINT ( 'NONE',  ( 12.70000000000000107, 14.16298196909037088, 86.92517298397528691 ) ) ;
#7855 = ORIENTED_EDGE ( 'NONE', *, *, #5343, .T. ) ;
#7856 = FACE_OUTER_BOUND ( 'NONE', #7238, .T. ) ;
#7857 = AXIS2_PLACEMENT_3D ( 'NONE', #794, #7623, #1590 ) ;
#7858 = DIRECTION ( 'NONE',  ( 0.000000000000000000, 0.000000000000000000, -1.000000000000000000 ) ) ;
#7859 = ORIENTED_EDGE ( 'NONE', *, *, #8475, .T. ) ;
#7860 = ORIENTED_EDGE ( 'NONE', *, *, #5512, .F. ) ;
#7861 = CIRCLE ( 'NONE', #928, 2.080499999999998906 ) ;
#7862 = VERTEX_POINT ( 'NONE', #5836 ) ;
#7863 = CARTESIAN_POINT ( 'NONE',  ( 9.525000000000000355, 10.07084749364639542, 51.01893227049807678 ) ) ;
#7864 = DIRECTION ( 'NONE',  ( -1.000000000000000000, -0.000000000000000000, -0.000000000000000000 ) ) ;
#7865 = CARTESIAN_POINT ( 'NONE',  ( -12.69999999999999751, -12.33648634558004353, 28.89623028888070877 ) ) ;
#7866 = DIRECTION ( 'NONE',  ( 0.000000000000000000, 0.000000000000000000, 1.000000000000000000 ) ) ;
#7867 = DIRECTION ( 'NONE',  ( 0.000000000000000000, 8.338012381527556114E-16, -1.000000000000000000 ) ) ;
#7868 = EDGE_LOOP ( 'NONE', ( #7280, #7169, #3068, #3301 ) ) ;
#7869 = VECTOR ( 'NONE', #6711, 1000.000000000000000 ) ;
#7870 = ORIENTED_EDGE ( 'NONE', *, *, #8391, .T. ) ;
#7871 = EDGE_CURVE ( 'NONE', #976, #2885, #8678, .T. ) ;
#7872 = FACE_OUTER_BOUND ( 'NONE', #1048, .T. ) ;
#7873 = CYLINDRICAL_SURFACE ( 'NONE', #6413, 2.499999999999988454 ) ;
#7874 = CIRCLE ( 'NONE', #5889, 2.080499999999998906 ) ;
#7875 = CARTESIAN_POINT ( 'NONE',  ( 12.70000000000000107, -16.22512784221253312, 95.87919284400851438 ) ) ;
#7876 = VERTEX_POINT ( 'NONE', #1801 ) ;
#7877 = FACE_OUTER_BOUND ( 'NONE', #1223, .T. ) ;
#7878 = ORIENTED_EDGE ( 'NONE', *, *, #5168, .T. ) ;
#7879 = DIRECTION ( 'NONE',  ( -1.000000000000000000, -0.000000000000000000, -0.000000000000000000 ) ) ;
#7880 = ORIENTED_EDGE ( 'NONE', *, *, #5821, .F. ) ;
#7881 = ORIENTED_EDGE ( 'NONE', *, *, #2803, .F. ) ;
#7882 = CIRCLE ( 'NONE', #7315, 14.30000000000000782 ) ;
#7883 = AXIS2_PLACEMENT_3D ( 'NONE', #484, #3189, #5890 ) ;
#7884 = EDGE_CURVE ( 'NONE', #4596, #1632, #7541, .T. ) ;
#7885 = EDGE_CURVE ( 'NONE', #7064, #4670, #1031, .T. ) ;
#7886 = DIRECTION ( 'NONE',  ( 0.000000000000000000, 0.000000000000000000, 1.000000000000000000 ) ) ;
#7887 = DIRECTION ( 'NONE',  ( 0.000000000000000000, 0.000000000000000000, 1.000000000000000000 ) ) ;
#7888 = CIRCLE ( 'NONE', #6341, 2.499999999999996891 ) ;
#7889 = FACE_OUTER_BOUND ( 'NONE', #7579, .T. ) ;
#7890 = ORIENTED_EDGE ( 'NONE', *, *, #6261, .F. ) ;
#7892 = DIRECTION ( 'NONE',  ( 1.000000000000000000, -0.000000000000000000, -0.000000000000000000 ) ) ;
#7891 = CIRCLE ( 'NONE', #4074, 2.271000000000002128 ) ;
#7893 = VERTEX_POINT ( 'NONE', #7335 ) ;
#7894 = FACE_BOUND ( 'NONE', #4195, .T. ) ;
#7895 = AXIS2_PLACEMENT_3D ( 'NONE', #1042, #997, #3666 ) ;
#7896 = EDGE_CURVE ( 'NONE', #7692, #3514, #4708, .T. ) ;
#7897 = ADVANCED_FACE ( 'NONE', ( #5921 ), #1887, .F. ) ;
#7898 = EDGE_CURVE ( 'NONE', #4631, #5747, #1315, .T. ) ;
#7899 = DIRECTION ( 'NONE',  ( 0.000000000000000000, 0.000000000000000000, -1.000000000000000000 ) ) ;
#7900 = DIRECTION ( 'NONE',  ( -1.000000000000000000, -0.000000000000000000, -0.000000000000000000 ) ) ;
#7901 = EDGE_LOOP ( 'NONE', ( #3527, #80, #2281, #7975 ) ) ;
#7902 = VECTOR ( 'NONE', #8438, 1000.000000000000000 ) ;
#7903 = DIRECTION ( 'NONE',  ( -1.000000000000000000, -0.000000000000000000, -0.000000000000000000 ) ) ;
#7904 = CARTESIAN_POINT ( 'NONE',  ( -12.69999999999999929, 12.69999999999999929, 12.69999999999999929 ) ) ;
#7905 = ORIENTED_EDGE ( 'NONE', *, *, #4540, .T. ) ;
#7906 = EDGE_LOOP ( 'NONE', ( #5795, #8507, #452, #3011 ) ) ;
#7907 = DIRECTION ( 'NONE',  ( 0.000000000000000000, 0.000000000000000000, -1.000000000000000000 ) ) ;
#7908 = FACE_OUTER_BOUND ( 'NONE', #4460, .T. ) ;
#7909 = DIRECTION ( 'NONE',  ( 0.000000000000000000, 0.000000000000000000, -1.000000000000000000 ) ) ;
#7910 = CARTESIAN_POINT ( 'NONE',  ( -12.69999999999999751, -5.371240620587816927, 75.64708431341438200 ) ) ;
#7911 = DIRECTION ( 'NONE',  ( -1.000000000000000000, -0.000000000000000000, -0.000000000000000000 ) ) ;
#7912 = ORIENTED_EDGE ( 'NONE', *, *, #7198, .T. ) ;
#7913 = ORIENTED_EDGE ( 'NONE', *, *, #2043, .F. ) ;
#7914 = DIRECTION ( 'NONE',  ( -1.000000000000000000, 0.000000000000000000, 0.000000000000000000 ) ) ;
#7915 = DIRECTION ( 'NONE',  ( -1.000000000000000000, -0.000000000000000000, -0.000000000000000000 ) ) ;
#7916 = FACE_BOUND ( 'NONE', #4918, .T. ) ;
#7917 = DIRECTION ( 'NONE',  ( 0.000000000000000000, 0.000000000000000000, 1.000000000000000000 ) ) ;
#7918 = ORIENTED_EDGE ( 'NONE', *, *, #7398, .T. ) ;
#7919 = CARTESIAN_POINT ( 'NONE',  ( 9.525000000000000355, -12.69999999999999929, 116.7999999999999829 ) ) ;
#7920 = ORIENTED_EDGE ( 'NONE', *, *, #7565, .F. ) ;
#7921 = CARTESIAN_POINT ( 'NONE',  ( 9.525000000000000355, -14.16298196909033535, 36.12517298397507659 ) ) ;
#7922 = ORIENTED_EDGE ( 'NONE', *, *, #371, .T. ) ;
#7923 = EDGE_CURVE ( 'NONE', #2097, #4342, #8585, .T. ) ;
#7924 = VERTEX_POINT ( 'NONE', #6673 ) ;
#7926 = CARTESIAN_POINT ( 'NONE',  ( -9.525000000000000355, 5.371240620587829362, 24.84708431341438839 ) ) ;
#7925 = VECTOR ( 'NONE', #5987, 1000.000000000000000 ) ;
#7927 = DIRECTION ( 'NONE',  ( 1.000000000000000000, 0.000000000000000000, 0.000000000000000000 ) ) ;
#7928 = DIRECTION ( 'NONE',  ( 0.000000000000000000, 0.000000000000000000, -1.000000000000000000 ) ) ;
#7929 = ORIENTED_EDGE ( 'NONE', *, *, #1992, .T. ) ;
#7930 = CARTESIAN_POINT ( 'NONE',  ( -9.525000000000002132, -12.69999999999999929, 10.20000000000000639 ) ) ;
#7931 = VERTEX_POINT ( 'NONE', #1092 ) ;
#7932 = EDGE_CURVE ( 'NONE', #8147, #8056, #3799, .T. ) ;
#7933 = CARTESIAN_POINT ( 'NONE',  ( 12.70000000000000107, 6.152699789198528002, 22.91892409761429406 ) ) ;
#7934 = CIRCLE ( 'NONE', #8790, 17.66250000000000142 ) ;
#7935 = AXIS2_PLACEMENT_3D ( 'NONE', #8557, #5184, #7887 ) ;
#7936 = CARTESIAN_POINT ( 'NONE',  ( 12.70000000000000107, -25.39999999999999503, 127.0000000000000000 ) ) ;
#7937 = AXIS2_PLACEMENT_3D ( 'NONE', #6626, #7996, #4669 ) ;
#7938 = CARTESIAN_POINT ( 'NONE',  ( -9.525000000000000355, -11.15407434219252103, 100.0426721981579590 ) ) ;
#7939 = VERTEX_POINT ( 'NONE', #3306 ) ;
#7940 = DIRECTION ( 'NONE',  ( -1.000000000000000000, -0.000000000000000000, -0.000000000000000000 ) ) ;
#7941 = EDGE_CURVE ( 'NONE', #3944, #7332, #7397, .T. ) ;
#7942 = ADVANCED_FACE ( 'NONE', ( #4675 ), #3134, .T. ) ;
#7943 = EDGE_CURVE ( 'NONE', #26, #500, #608, .T. ) ;
#7944 = DIRECTION ( 'NONE',  ( -1.000000000000000000, 0.000000000000000000, 0.000000000000000000 ) ) ;
#7945 = EDGE_CURVE ( 'NONE', #3614, #5286, #3863, .T. ) ;
#7946 = ORIENTED_EDGE ( 'NONE', *, *, #678, .F. ) ;
#7947 = CIRCLE ( 'NONE', #5253, 17.66250000000000497 ) ;
#7948 = ORIENTED_EDGE ( 'NONE', *, *, #4532, .F. ) ;
#7949 = CARTESIAN_POINT ( 'NONE',  ( 12.70000000000000107, -12.33648634558010748, 47.30376971111923723 ) ) ;
#7950 = LINE ( 'NONE', #6449, #906 ) ;
#7951 = CARTESIAN_POINT ( 'NONE',  ( 12.70000000000000107, -1.802455207620986100, 104.1855954242718525 ) ) ;
#7952 = AXIS2_PLACEMENT_3D ( 'NONE', #5642, #271, #5019 ) ;
#7953 = DIRECTION ( 'NONE',  ( 0.000000000000000000, 0.000000000000000000, 1.000000000000000000 ) ) ;
#7954 = EDGE_CURVE ( 'NONE', #3821, #2946, #5215, .T. ) ;
#7955 = DIRECTION ( 'NONE',  ( 0.000000000000000000, 0.000000000000000000, 1.000000000000000000 ) ) ;
#7956 = ORIENTED_EDGE ( 'NONE', *, *, #4161, .T. ) ;
#7957 = ORIENTED_EDGE ( 'NONE', *, *, #6080, .T. ) ;
#7958 = VECTOR ( 'NONE', #7239, 1000.000000000000000 ) ;
#7959 = AXIS2_PLACEMENT_3D ( 'NONE', #756, #7491, #1419 ) ;
#7960 = DIRECTION ( 'NONE',  ( 0.000000000000000000, 0.000000000000000000, -1.000000000000000000 ) ) ;
#7961 = DIRECTION ( 'NONE',  ( 0.000000000000000000, 1.000000000000000000, 0.000000000000000000 ) ) ;
#7962 = CARTESIAN_POINT ( 'NONE',  ( 0.000000000000000000, 25.40000000000000213, 15.19999999999998863 ) ) ;
#7963 = LINE ( 'NONE', #1890, #1027 ) ;
#7964 = ORIENTED_EDGE ( 'NONE', *, *, #5408, .F. ) ;
#7965 = DIRECTION ( 'NONE',  ( -1.000000000000000000, -0.000000000000000000, -0.000000000000000000 ) ) ;
#7966 = EDGE_LOOP ( 'NONE', ( #8230, #3105, #6852, #1583 ) ) ;
#7967 = AXIS2_PLACEMENT_3D ( 'NONE', #6566, #3689, #7899 ) ;
#7968 = DIRECTION ( 'NONE',  ( 1.000000000000000000, 0.000000000000000000, 0.000000000000000000 ) ) ;
#7969 = VERTEX_POINT ( 'NONE', #1840 ) ;
#7970 = VERTEX_POINT ( 'NONE', #4548 ) ;
#7971 = AXIS2_PLACEMENT_3D ( 'NONE', #4247, #257, #6952 ) ;
#7972 = CIRCLE ( 'NONE', #5004, 2.080499999999998906 ) ;
#7973 = CARTESIAN_POINT ( 'NONE',  ( 12.70000000000000107, -15.22687436074365230, 92.98837563695990127 ) ) ;
#7974 = CARTESIAN_POINT ( 'NONE',  ( 12.70000000000000107, 12.33648634557998314, 98.10376971111941202 ) ) ;
#7975 = ORIENTED_EDGE ( 'NONE', *, *, #5087, .F. ) ;
#7976 = FACE_OUTER_BOUND ( 'NONE', #8357, .T. ) ;
#7977 = ORIENTED_EDGE ( 'NONE', *, *, #1662, .T. ) ;
#7978 = VECTOR ( 'NONE', #6633, 1000.000000000000000 ) ;
#7979 = AXIS2_PLACEMENT_3D ( 'NONE', #6709, #6132, #6846 ) ;
#7980 = DIRECTION ( 'NONE',  ( 1.000000000000000000, -0.000000000000000000, -0.000000000000000000 ) ) ;
#7981 = EDGE_CURVE ( 'NONE', #2283, #275, #4441, .T. ) ;
#7982 = DIRECTION ( 'NONE',  ( 0.000000000000000000, 0.000000000000000000, 1.000000000000000000 ) ) ;
#7983 = DIRECTION ( 'NONE',  ( 0.000000000000000000, 0.000000000000000000, -1.000000000000000000 ) ) ;
#7984 = VERTEX_POINT ( 'NONE', #692 ) ;
#7985 = CYLINDRICAL_SURFACE ( 'NONE', #3539, 17.66250000000000497 ) ;
#7986 = DIRECTION ( 'NONE',  ( 0.000000000000000000, 0.000000000000000000, 1.000000000000000000 ) ) ;
#7987 = AXIS2_PLACEMENT_3D ( 'NONE', #5235, #5196, #405 ) ;
#7988 = ORIENTED_EDGE ( 'NONE', *, *, #2205, .T. ) ;
#7989 = EDGE_CURVE ( 'NONE', #5712, #7531, #1302, .T. ) ;
#7990 = EDGE_CURVE ( 'NONE', #7893, #7752, #3397, .T. ) ;
#7991 = ORIENTED_EDGE ( 'NONE', *, *, #7871, .T. ) ;
#7992 = CARTESIAN_POINT ( 'NONE',  ( -9.525000000000002132, 12.69999999999999929, 65.99999999999998579 ) ) ;
#7993 = DIRECTION ( 'NONE',  ( 0.000000000000000000, 0.000000000000000000, 1.000000000000000000 ) ) ;
#7994 = LINE ( 'NONE', #588, #2483 ) ;
#7995 = DIRECTION ( 'NONE',  ( 1.000000000000000000, 0.000000000000000000, 0.000000000000000000 ) ) ;
#7996 = DIRECTION ( 'NONE',  ( -1.000000000000000000, -0.000000000000000000, -0.000000000000000000 ) ) ;
#7997 = ORIENTED_EDGE ( 'NONE', *, *, #4176, .F. ) ;
#7998 = VERTEX_POINT ( 'NONE', #4197 ) ;
#7999 = VECTOR ( 'NONE', #2129, 1000.000000000000000 ) ;
#8000 = EDGE_CURVE ( 'NONE', #6209, #5635, #6699, .T. ) ;
#8001 = EDGE_CURVE ( 'NONE', #4172, #4181, #3586, .T. ) ;
#8002 = CARTESIAN_POINT ( 'NONE',  ( 1.080765552152139379E-15, 25.40000000000000213, 35.60000000000000853 ) ) ;
#8003 = DIRECTION ( 'NONE',  ( -0.000000000000000000, 1.000000000000000000, -0.000000000000000000 ) ) ;
#8004 = DIRECTION ( 'NONE',  ( -1.000000000000000000, -0.000000000000000000, -0.000000000000000000 ) ) ;
#8005 = FACE_OUTER_BOUND ( 'NONE', #73, .T. ) ;
#8006 = ORIENTED_EDGE ( 'NONE', *, *, #3393, .T. ) ;
#8007 = DIRECTION ( 'NONE',  ( 0.000000000000000000, 0.000000000000000000, -1.000000000000000000 ) ) ;
#8008 = VERTEX_POINT ( 'NONE', #6718 ) ;
#8009 = AXIS2_PLACEMENT_3D ( 'NONE', #3007, #1012, #8462 ) ;
#8010 = DIRECTION ( 'NONE',  ( -1.000000000000000000, -0.000000000000000000, -0.000000000000000000 ) ) ;
#8011 = ORIENTED_EDGE ( 'NONE', *, *, #7006, .T. ) ;
#8012 = EDGE_LOOP ( 'NONE', ( #7071, #5510, #6058, #8551 ) ) ;
#8013 = CARTESIAN_POINT ( 'NONE',  ( 12.70000000000000107, 3.061616997868375746E-16, 61.00000000000000711 ) ) ;
#8014 = APPROVAL_ROLE ( '' ) ;
#8015 = LINE ( 'NONE', #1318, #661 ) ;
#8016 = ORIENTED_EDGE ( 'NONE', *, *, #6743, .T. ) ;
#8017 = CARTESIAN_POINT ( 'NONE',  ( -9.525000000000002132, 0.000000000000000000, 63.50000000000000000 ) ) ;
#8018 = ORIENTED_EDGE ( 'NONE', *, *, #6388, .T. ) ;
#8019 = AXIS2_PLACEMENT_3D ( 'NONE', #3147, #8558, #2476 ) ;
#8020 = CIRCLE ( 'NONE', #1648, 2.499999999999988454 ) ;
#8021 = VERTEX_POINT ( 'NONE', #4015 ) ;
#8022 = DIRECTION ( 'NONE',  ( 0.000000000000000000, 0.000000000000000000, -1.000000000000000000 ) ) ;
#8023 = AXIS2_PLACEMENT_3D ( 'NONE', #3589, #8201, #4879 ) ;
#8024 = CIRCLE ( 'NONE', #2790, 2.270999999999995467 ) ;
#8025 = DIRECTION ( 'NONE',  ( -1.000000000000000000, -0.000000000000000000, -0.000000000000000000 ) ) ;
#8026 = DIRECTION ( 'NONE',  ( 0.000000000000000000, 0.000000000000000000, 1.000000000000000000 ) ) ;
#8027 = ORIENTED_EDGE ( 'NONE', *, *, #3819, .F. ) ;
#8028 = CARTESIAN_POINT ( 'NONE',  ( 12.70000000000000107, 10.07084749364639542, 51.01893227049807678 ) ) ;
#8029 = DIRECTION ( 'NONE',  ( -0.000000000000000000, 1.000000000000000000, -0.000000000000000000 ) ) ;
#8030 = ADVANCED_FACE ( 'NONE', ( #643 ), #6898, .F. ) ;
#8031 = CIRCLE ( 'NONE', #2236, 14.30000000000000071 ) ;
#8032 = ORIENTED_EDGE ( 'NONE', *, *, #7581, .F. ) ;
#8033 = CYLINDRICAL_SURFACE ( 'NONE', #1872, 2.271000000000002128 ) ;
#8034 = CIRCLE ( 'NONE', #6911, 17.66250000000000497 ) ;
#8035 = CYLINDRICAL_SURFACE ( 'NONE', #335, 2.499999999999988454 ) ;
#8036 = CARTESIAN_POINT ( 'NONE',  ( 1.555301434917138433E-15, 22.22500000000000142, 114.2999999999999972 ) ) ;
#8037 = CARTESIAN_POINT ( 'NONE',  ( 12.70000000000000107, -1.802455207620986100, 73.61440457572818730 ) ) ;
#8038 = CARTESIAN_POINT ( 'NONE',  ( -12.69999999999999751, 11.15407434219260630, 26.95732780184214405 ) ) ;
#8039 = CARTESIAN_POINT ( 'NONE',  ( 12.70000000000000107, -14.13894155320108759, 94.98182571315255984 ) ) ;
#8040 = ORIENTED_EDGE ( 'NONE', *, *, #1554, .T. ) ;
#8041 = EDGE_CURVE ( 'NONE', #5747, #4631, #3155, .T. ) ;
#8042 = ORIENTED_EDGE ( 'NONE', *, *, #6571, .F. ) ;
#8043 = VECTOR ( 'NONE', #5372, 1000.000000000000000 ) ;
#8044 = VERTEX_POINT ( 'NONE', #1349 ) ;
#8045 = DIRECTION ( 'NONE',  ( 0.000000000000000000, 0.000000000000000000, 1.000000000000000000 ) ) ;
#8046 = CARTESIAN_POINT ( 'NONE',  ( -9.525000000000002132, 22.22500000000000142, 127.0000000000000000 ) ) ;
#8047 = LINE ( 'NONE', #2643, #8669 ) ;
#8048 = EDGE_LOOP ( 'NONE', ( #540, #6361, #2164, #8780 ) ) ;
#8049 = CARTESIAN_POINT ( 'NONE',  ( -12.69999999999999751, 16.22512784221244786, 95.87919284400875597 ) ) ;
#8050 = ORIENTED_EDGE ( 'NONE', *, *, #3219, .F. ) ;
#8051 = CARTESIAN_POINT ( 'NONE',  ( -12.69999999999999751, 3.577867169202164632E-15, 38.10000000000001563 ) ) ;
#8052 = ORIENTED_EDGE ( 'NONE', *, *, #3292, .F. ) ;
#8053 = EDGE_CURVE ( 'NONE', #5307, #2442, #327, .T. ) ;
#8054 = EDGE_CURVE ( 'NONE', #2910, #1969, #4712, .T. ) ;
#8055 = EDGE_CURVE ( 'NONE', #5153, #8189, #8764, .T. ) ;
#8056 = VERTEX_POINT ( 'NONE', #7422 ) ;
#8057 = DIRECTION ( 'NONE',  ( 1.000000000000000000, -0.000000000000000000, -0.000000000000000000 ) ) ;
#8058 = DIRECTION ( 'NONE',  ( 0.000000000000000000, 0.000000000000000000, 1.000000000000000000 ) ) ;
#8059 = DIRECTION ( 'NONE',  ( -1.000000000000000000, 0.000000000000000000, 0.000000000000000000 ) ) ;
#8060 = ORIENTED_EDGE ( 'NONE', *, *, #4748, .F. ) ;
#8061 = CARTESIAN_POINT ( 'NONE',  ( 9.525000000000000355, 4.072800018551153478, 104.1310478351179114 ) ) ;
#8062 = ORIENTED_EDGE ( 'NONE', *, *, #6968, .F. ) ;
#8063 = ORIENTED_EDGE ( 'NONE', *, *, #3992, .T. ) ;
#8064 = FACE_OUTER_BOUND ( 'NONE', #7528, .T. ) ;
#8065 = AXIS2_PLACEMENT_3D ( 'NONE', #479, #1601, #1847 ) ;
#8066 = DIRECTION ( 'NONE',  ( 0.000000000000000000, 0.000000000000000000, 1.000000000000000000 ) ) ;
#8067 = CARTESIAN_POINT ( 'NONE',  ( 1.861463134703976303E-15, -22.22499999999999787, 61.00000000000001421 ) ) ;
#8068 = CIRCLE ( 'NONE', #3965, 2.499999999999988454 ) ;
#8069 = ORIENTED_EDGE ( 'NONE', *, *, #3270, .T. ) ;
#8070 = CARTESIAN_POINT ( 'NONE',  ( 12.70000000000000107, 3.577867169202164632E-15, 88.90000000000000568 ) ) ;
#8071 = CARTESIAN_POINT ( 'NONE',  ( 9.525000000000000355, 12.69999999999999929, 63.50000000000000000 ) ) ;
#8072 = EDGE_LOOP ( 'NONE', ( #6326, #6775 ) ) ;
#8073 = CIRCLE ( 'NONE', #4406, 2.080499999999998906 ) ;
#8074 = DIRECTION ( 'NONE',  ( 0.000000000000000000, -6.670409905222044891E-15, -1.000000000000000000 ) ) ;
#8075 = AXIS2_PLACEMENT_3D ( 'NONE', #5267, #5972, #8777 ) ;
#8076 = EDGE_CURVE ( 'NONE', #1937, #4117, #7972, .T. ) ;
#8077 = FACE_OUTER_BOUND ( 'NONE', #3249, .T. ) ;
#8078 = DIRECTION ( 'NONE',  ( -1.000000000000000000, 0.000000000000000000, 0.000000000000000000 ) ) ;
#8079 = DIRECTION ( 'NONE',  ( 0.000000000000000000, 0.000000000000000000, -1.000000000000000000 ) ) ;
#8080 = CARTESIAN_POINT ( 'NONE',  ( 12.70000000000000107, -16.22354728284506820, 91.16214363188775849 ) ) ;
#8081 = AXIS2_PLACEMENT_3D ( 'NONE', #3112, #8480, #2401 ) ;
#8082 = CARTESIAN_POINT ( 'NONE',  ( -12.69999999999999751, -25.39999999999999503, 127.0000000000000000 ) ) ;
#8083 = ORIENTED_EDGE ( 'NONE', *, *, #2466, .F. ) ;
#8084 = ORIENTED_EDGE ( 'NONE', *, *, #2373, .F. ) ;
#8086 = ORIENTED_EDGE ( 'NONE', *, *, #6642, .F. ) ;
#8085 = VECTOR ( 'NONE', #4482, 1000.000000000000000 ) ;
#8087 = EDGE_CURVE ( 'NONE', #4837, #5892, #5279, .T. ) ;
#8088 = CARTESIAN_POINT ( 'NONE',  ( 9.525000000000000355, -12.69999999999999929, 114.2999999999999972 ) ) ;
#8089 = CARTESIAN_POINT ( 'NONE',  ( 9.525000000000000355, -4.072800018551144596, 104.1310478351178972 ) ) ;
#8090 = DIRECTION ( 'NONE',  ( 0.000000000000000000, 0.000000000000000000, 1.000000000000000000 ) ) ;
#8091 = ORIENTED_EDGE ( 'NONE', *, *, #307, .T. ) ;
#8092 = DIRECTION ( 'NONE',  ( 0.000000000000000000, 0.000000000000000000, -1.000000000000000000 ) ) ;
#8093 = ORIENTED_EDGE ( 'NONE', *, *, #5662, .T. ) ;
#8094 = LINE ( 'NONE', #603, #5532 ) ;
#8095 = ORIENTED_EDGE ( 'NONE', *, *, #2836, .T. ) ;
#8096 = ORIENTED_EDGE ( 'NONE', *, *, #1829, .F. ) ;
#8097 = AXIS2_PLACEMENT_3D ( 'NONE', #4168, #7485, #7526 ) ;
#8098 = CARTESIAN_POINT ( 'NONE',  ( -9.525000000000000355, -16.22512784221249404, 81.92080715599139751 ) ) ;
#8099 = EDGE_CURVE ( 'NONE', #1137, #5188, #890, .T. ) ;
#8100 = FACE_OUTER_BOUND ( 'NONE', #7425, .T. ) ;
#8101 = CIRCLE ( 'NONE', #4148, 2.270999999999995467 ) ;
#8102 = EDGE_CURVE ( 'NONE', #8481, #2710, #8115, .T. ) ;
#8103 = EDGE_CURVE ( 'NONE', #1961, #4544, #5485, .T. ) ;
#8104 = AXIS2_PLACEMENT_3D ( 'NONE', #5626, #8330, #2253 ) ;
#8105 = EDGE_CURVE ( 'NONE', #275, #2283, #5578, .T. ) ;
#8106 = PERSON_AND_ORGANIZATION ( #2922, #5816 ) ;
#8107 = ORIENTED_EDGE ( 'NONE', *, *, #4412, .F. ) ;
#8108 = CARTESIAN_POINT ( 'NONE',  ( -9.525000000000000355, 16.22354728284508951, 86.63785636811238078 ) ) ;
#8109 = ORIENTED_EDGE ( 'NONE', *, *, #4045, .T. ) ;
#8110 = DIRECTION ( 'NONE',  ( 0.000000000000000000, 0.000000000000000000, 1.000000000000000000 ) ) ;
#8111 = ORIENTED_EDGE ( 'NONE', *, *, #7188, .T. ) ;
#8112 = VERTEX_POINT ( 'NONE', #4151 ) ;
#8113 = DIRECTION ( 'NONE',  ( 0.000000000000000000, 0.000000000000000000, 1.000000000000000000 ) ) ;
#8114 = CIRCLE ( 'NONE', #2589, 17.66249999999999787 ) ;
#8115 = CIRCLE ( 'NONE', #6280, 2.270999999999995467 ) ;
#8116 = DIRECTION ( 'NONE',  ( 0.000000000000000000, -1.000000000000000000, 0.000000000000000000 ) ) ;
#8117 = EDGE_CURVE ( 'NONE', #5651, #2097, #5424, .T. ) ;
#8118 = EDGE_CURVE ( 'NONE', #7762, #6981, #6130, .T. ) ;
#8119 = FACE_OUTER_BOUND ( 'NONE', #8687, .T. ) ;
#8120 = CARTESIAN_POINT ( 'NONE',  ( -9.525000000000000355, 16.22512784221258997, 31.12080715599162417 ) ) ;
#8121 = DIRECTION ( 'NONE',  ( 0.000000000000000000, 0.000000000000000000, -1.000000000000000000 ) ) ;
#8122 = AXIS2_PLACEMENT_3D ( 'NONE', #7073, #862, #4371 ) ;
#8123 = CIRCLE ( 'NONE', #7979, 2.499999999999996891 ) ;
#8124 = ORIENTED_EDGE ( 'NONE', *, *, #2395, .T. ) ;
#8125 = CARTESIAN_POINT ( 'NONE',  ( 9.525000000000000355, -1.802455207620986100, 53.38559542427184823 ) ) ;
#8126 = CARTESIAN_POINT ( 'NONE',  ( 12.70000000000000107, 10.07084749364639542, 51.01893227049807678 ) ) ;
#8127 = VERTEX_POINT ( 'NONE', #3485 ) ;
#8128 = CIRCLE ( 'NONE', #193, 2.499999999999988454 ) ;
#8129 = DIRECTION ( 'NONE',  ( -1.000000000000000000, -0.000000000000000000, -0.000000000000000000 ) ) ;
#8130 = LINE ( 'NONE', #2059, #7533 ) ;
#8131 = DIRECTION ( 'NONE',  ( -1.000000000000000000, 0.000000000000000000, 0.000000000000000000 ) ) ;
#8132 = CARTESIAN_POINT ( 'NONE',  ( 12.70000000000000107, 3.577867169202164632E-15, 88.90000000000000568 ) ) ;
#8133 = DIRECTION ( 'NONE',  ( 0.000000000000000000, 0.000000000000000000, -1.000000000000000000 ) ) ;
#8134 = CIRCLE ( 'NONE', #7846, 17.66250000000000497 ) ;
#8135 = DIRECTION ( 'NONE',  ( 1.000000000000000000, 0.000000000000000000, 0.000000000000000000 ) ) ;
#8136 = ORIENTED_EDGE ( 'NONE', *, *, #6117, .F. ) ;
#8137 = ORIENTED_EDGE ( 'NONE', *, *, #295, .F. ) ;
#8138 = AXIS2_PLACEMENT_3D ( 'NONE', #4260, #3644, #5594 ) ;
#8139 = VERTEX_POINT ( 'NONE', #4862 ) ;
#8140 = DIRECTION ( 'NONE',  ( -1.000000000000000000, 0.000000000000000000, 0.000000000000000000 ) ) ;
#8141 = FACE_BOUND ( 'NONE', #2280, .T. ) ;
#8142 = CARTESIAN_POINT ( 'NONE',  ( -12.69999999999999751, -15.22687436074362388, 34.01162436304002767 ) ) ;
#8143 = ORIENTED_EDGE ( 'NONE', *, *, #914, .F. ) ;
#8144 = DIRECTION ( 'NONE',  ( -1.000000000000000000, 0.000000000000000000, 0.000000000000000000 ) ) ;
#8145 = ORIENTED_EDGE ( 'NONE', *, *, #1117, .F. ) ;
#8146 = DIRECTION ( 'NONE',  ( 0.000000000000000000, 0.000000000000000000, 1.000000000000000000 ) ) ;
#8147 = VERTEX_POINT ( 'NONE', #8446 ) ;
#8148 = AXIS2_PLACEMENT_3D ( 'NONE', #7439, #613, #2747 ) ;
#8149 = EDGE_LOOP ( 'NONE', ( #5202, #1462, #6006, #3964, #8570, #5888, #3173, #7364, #1737, #370, #3895, #6965, #3440, #4679, #3269, #8107, #981, #3802, #3371, #8143, #2814, #4629, #3963, #5687, #2113, #300, #663, #3095, #3415, #7812, #2769, #4781, #3716, #5534, #6010, #7002, #2822, #8778, #3019, #7473, #2648 ) ) ;
#8150 = ADVANCED_FACE ( 'NONE', ( #4992 ), #5080, .F. ) ;
#8151 = CARTESIAN_POINT ( 'NONE',  ( -9.525000000000000355, 11.15407434219237004, 49.24267219815811814 ) ) ;
#8152 = FACE_OUTER_BOUND ( 'NONE', #4023, .T. ) ;
#8153 = VECTOR ( 'NONE', #4007, 1000.000000000000000 ) ;
#8154 = COORDINATED_UNIVERSAL_TIME_OFFSET ( 6, 0, .BEHIND. ) ;
#8155 = ORIENTED_EDGE ( 'NONE', *, *, #74, .T. ) ;
#8156 = DIRECTION ( 'NONE',  ( -0.000000000000000000, 1.000000000000000000, -0.000000000000000000 ) ) ;
#8157 = EDGE_LOOP ( 'NONE', ( #1367, #3572, #240, #1017 ) ) ;
#8158 = DIRECTION ( 'NONE',  ( -1.000000000000000000, -0.000000000000000000, -0.000000000000000000 ) ) ;
#8159 = ORIENTED_EDGE ( 'NONE', *, *, #454, .T. ) ;
#8160 = ORIENTED_EDGE ( 'NONE', *, *, #7932, .F. ) ;
#8161 = CARTESIAN_POINT ( 'NONE',  ( -12.69999999999999929, 12.69999999999999929, 63.50000000000000000 ) ) ;
#8162 = ADVANCED_FACE ( 'NONE', ( #4408 ), #3664, .T. ) ;
#8163 = AXIS2_PLACEMENT_3D ( 'NONE', #2133, #759, #4796 ) ;
#8164 = CYLINDRICAL_SURFACE ( 'NONE', #4338, 2.080499999999998906 ) ;
#8165 = AXIS2_PLACEMENT_3D ( 'NONE', #7951, #8208, #1125 ) ;
#8166 = CARTESIAN_POINT ( 'NONE',  ( 9.525000000000000355, -14.16298196909034779, 40.07482701602484099 ) ) ;
#8168 = DIRECTION ( 'NONE',  ( -1.000000000000000000, 0.000000000000000000, 0.000000000000000000 ) ) ;
#8167 = VECTOR ( 'NONE', #4736, 1000.000000000000000 ) ;
#8169 = ORIENTED_EDGE ( 'NONE', *, *, #4734, .T. ) ;
#8170 = DIRECTION ( 'NONE',  ( 0.000000000000000000, 0.000000000000000000, 1.000000000000000000 ) ) ;
#8171 = DIRECTION ( 'NONE',  ( 1.000000000000000000, -0.000000000000000000, -0.000000000000000000 ) ) ;
#8172 = EDGE_CURVE ( 'NONE', #7732, #443, #7829, .T. ) ;
#8173 = ORIENTED_EDGE ( 'NONE', *, *, #6257, .F. ) ;
#8174 = EDGE_CURVE ( 'NONE', #7268, #6198, #1171, .T. ) ;
#8175 = EDGE_CURVE ( 'NONE', #6107, #6424, #7545, .T. ) ;
#8176 = AXIS2_PLACEMENT_3D ( 'NONE', #4467, #477, #5796 ) ;
#8177 = AXIS2_PLACEMENT_3D ( 'NONE', #471, #2419, #3798 ) ;
#8178 = DIRECTION ( 'NONE',  ( 0.000000000000000000, 0.000000000000000000, -1.000000000000000000 ) ) ;
#8179 = FACE_OUTER_BOUND ( 'NONE', #4393, .T. ) ;
#8180 = DIRECTION ( 'NONE',  ( 0.000000000000000000, 0.000000000000000000, 1.000000000000000000 ) ) ;
#8182 = DIRECTION ( 'NONE',  ( 0.000000000000000000, 0.000000000000000000, 1.000000000000000000 ) ) ;
#8181 = AXIS2_PLACEMENT_3D ( 'NONE', #1263, #3932, #4680 ) ;
#8183 = CARTESIAN_POINT ( 'NONE',  ( 7.746038523653021987E-16, 25.40000000000000213, 91.39999999999997726 ) ) ;
#8184 = FACE_OUTER_BOUND ( 'NONE', #7162, .T. ) ;
#8185 = EDGE_LOOP ( 'NONE', ( #8632, #3382, #6947, #8674 ) ) ;
#8186 = ORIENTED_EDGE ( 'NONE', *, *, #690, .F. ) ;
#8187 = AXIS2_PLACEMENT_3D ( 'NONE', #6367, #8449, #5083 ) ;
#8188 = AXIS2_PLACEMENT_3D ( 'NONE', #4349, #979, #7095 ) ;
#8189 = VERTEX_POINT ( 'NONE', #8406 ) ;
#8190 = DIRECTION ( 'NONE',  ( -1.000000000000000000, -0.000000000000000000, -0.000000000000000000 ) ) ;
#8191 = CARTESIAN_POINT ( 'NONE',  ( 1.861463134703976303E-15, -22.22499999999999787, 111.8000000000000114 ) ) ;
#8192 = CARTESIAN_POINT ( 'NONE',  ( 12.70000000000000107, 10.07084749364639542, 101.8189322704980668 ) ) ;
#8193 = EDGE_LOOP ( 'NONE', ( #3034, #8093, #963, #2241 ) ) ;
#8194 = LINE ( 'NONE', #1447, #6047 ) ;
#8195 = CYLINDRICAL_SURFACE ( 'NONE', #2405, 2.499999999999988454 ) ;
#8196 = ORIENTED_EDGE ( 'NONE', *, *, #4922, .F. ) ;
#8197 = VECTOR ( 'NONE', #7104, 1000.000000000000000 ) ;
#8198 = VERTEX_POINT ( 'NONE', #6448 ) ;
#8199 = DIRECTION ( 'NONE',  ( 0.000000000000000000, -8.338012381527556114E-16, -1.000000000000000000 ) ) ;
#8200 = DIRECTION ( 'NONE',  ( -1.000000000000000000, -0.000000000000000000, -0.000000000000000000 ) ) ;
#8201 = DIRECTION ( 'NONE',  ( -1.000000000000000000, 0.000000000000000000, 0.000000000000000000 ) ) ;
#8202 = EDGE_CURVE ( 'NONE', #2514, #1205, #7405, .T. ) ;
#8203 = VERTEX_POINT ( 'NONE', #2950 ) ;
#8204 = DIRECTION ( 'NONE',  ( -1.000000000000000000, 0.000000000000000000, 0.000000000000000000 ) ) ;
#8205 = ORIENTED_EDGE ( 'NONE', *, *, #1819, .T. ) ;
#8206 = VERTEX_POINT ( 'NONE', #861 ) ;
#8207 = CARTESIAN_POINT ( 'NONE',  ( 12.70000000000000107, -14.13894155320104851, 32.01817428684736200 ) ) ;
#8208 = DIRECTION ( 'NONE',  ( -1.000000000000000000, 0.000000000000000000, 0.000000000000000000 ) ) ;
#8209 = EDGE_CURVE ( 'NONE', #26, #3879, #2243, .T. ) ;
#8210 = DIRECTION ( 'NONE',  ( 0.000000000000000000, 0.000000000000000000, 1.000000000000000000 ) ) ;
#8211 = ORIENTED_EDGE ( 'NONE', *, *, #6652, .F. ) ;
#8212 = LINE ( 'NONE', #6168, #2825 ) ;
#8213 = CARTESIAN_POINT ( 'NONE',  ( 1.555301434917138433E-15, 25.40000000000000213, 63.50000000000000000 ) ) ;
#8214 = CIRCLE ( 'NONE', #1562, 2.271000000000002128 ) ;
#8215 = DIRECTION ( 'NONE',  ( -0.000000000000000000, 1.000000000000000000, -0.000000000000000000 ) ) ;
#8216 = AXIS2_PLACEMENT_3D ( 'NONE', #7011, #4933, #8591 ) ;
#8217 = CYLINDRICAL_SURFACE ( 'NONE', #4577, 17.66249999999999787 ) ;
#8218 = EDGE_CURVE ( 'NONE', #5790, #8472, #4283, .T. ) ;
#8219 = DIRECTION ( 'NONE',  ( -1.000000000000000000, -0.000000000000000000, -0.000000000000000000 ) ) ;
#8220 = EDGE_CURVE ( 'NONE', #232, #4856, #7262, .T. ) ;
#8221 = EDGE_CURVE ( 'NONE', #1503, #1796, #6941, .T. ) ;
#8222 = ADVANCED_FACE ( 'NONE', ( #3036 ), #7031, .F. ) ;
#8223 = CYLINDRICAL_SURFACE ( 'NONE', #2624, 2.499999999999992006 ) ;
#8224 = DIRECTION ( 'NONE',  ( 1.000000000000000000, 0.000000000000000000, 0.000000000000000000 ) ) ;
#8225 = CARTESIAN_POINT ( 'NONE',  ( -9.525000000000000355, 10.07084749364639542, 51.01893227049807678 ) ) ;
#8226 = ORIENTED_EDGE ( 'NONE', *, *, #8105, .T. ) ;
#8227 = ORIENTED_EDGE ( 'NONE', *, *, #6518, .T. ) ;
#8228 = AXIS2_PLACEMENT_3D ( 'NONE', #2412, #2376, #8535 ) ;
#8229 = VECTOR ( 'NONE', #4313, 1000.000000000000000 ) ;
#8230 = ORIENTED_EDGE ( 'NONE', *, *, #2045, .T. ) ;
#8231 = DIRECTION ( 'NONE',  ( -0.000000000000000000, 1.000000000000000000, -0.000000000000000000 ) ) ;
#8232 = LINE ( 'NONE', #2158, #7697 ) ;
#8233 = DIRECTION ( 'NONE',  ( 1.000000000000000000, 0.000000000000000000, 0.000000000000000000 ) ) ;
#8234 = EDGE_CURVE ( 'NONE', #198, #2388, #6139, .T. ) ;
#8235 = CIRCLE ( 'NONE', #7097, 2.080499999999998906 ) ;
#8236 = ORIENTED_EDGE ( 'NONE', *, *, #2862, .F. ) ;
#8237 = CARTESIAN_POINT ( 'NONE',  ( 12.70000000000000107, -12.69999999999999929, 61.00000000000000711 ) ) ;
#8238 = LINE ( 'NONE', #6903, #572 ) ;
#8239 = ORIENTED_EDGE ( 'NONE', *, *, #6705, .F. ) ;
#8240 = ORIENTED_EDGE ( 'NONE', *, *, #4427, .F. ) ;
#8241 = VECTOR ( 'NONE', #627, 1000.000000000000000 ) ;
#8242 = DIRECTION ( 'NONE',  ( -0.000000000000000000, 1.000000000000000000, -0.000000000000000000 ) ) ;
#8243 = LINE ( 'NONE', #4916, #7121 ) ;
#8244 = DATE_AND_TIME ( #1363, #4401 ) ;
#8245 = ORIENTED_EDGE ( 'NONE', *, *, #8209, .F. ) ;
#8246 = FACE_OUTER_BOUND ( 'NONE', #3497, .T. ) ;
#8247 = VERTEX_POINT ( 'NONE', #199 ) ;
#8248 = DIRECTION ( 'NONE',  ( 0.000000000000000000, 0.000000000000000000, 1.000000000000000000 ) ) ;
#8249 = AXIS2_PLACEMENT_3D ( 'NONE', #891, #2101, #6795 ) ;
#8250 = ORIENTED_EDGE ( 'NONE', *, *, #3773, .F. ) ;
#8251 = VERTEX_POINT ( 'NONE', #7647 ) ;
#8252 = AXIS2_PLACEMENT_3D ( 'NONE', #4312, #894, #7636 ) ;
#8253 = AXIS2_PLACEMENT_3D ( 'NONE', #8784, #664, #8113 ) ;
#8254 = LINE ( 'NONE', #6121, #797 ) ;
#8255 = CARTESIAN_POINT ( 'NONE',  ( 12.70000000000000107, 12.33648634558017676, 79.69623028888086935 ) ) ;
#8256 = CYLINDRICAL_SURFACE ( 'NONE', #920, 2.270999999999995467 ) ;
#8257 = ORIENTED_EDGE ( 'NONE', *, *, #2848, .F. ) ;
#8258 = CARTESIAN_POINT ( 'NONE',  ( 1.555301434917138433E-15, 22.22500000000000142, 114.2999999999999972 ) ) ;
#8259 = AXIS2_PLACEMENT_3D ( 'NONE', #1132, #3220, #8717 ) ;
#8260 = CYLINDRICAL_SURFACE ( 'NONE', #4986, 2.271000000000002128 ) ;
#8261 = EDGE_CURVE ( 'NONE', #4728, #6232, #2597, .T. ) ;
#8262 = CIRCLE ( 'NONE', #607, 2.499999999999988454 ) ;
#8263 = DIRECTION ( 'NONE',  ( -1.000000000000000000, -0.000000000000000000, -0.000000000000000000 ) ) ;
#8264 = CARTESIAN_POINT ( 'NONE',  ( 12.70000000000000107, 12.33648634557998314, 98.10376971111941202 ) ) ;
#8265 = CARTESIAN_POINT ( 'NONE',  ( -12.69999999999999751, 8.791741348502629450, 77.62191132943932814 ) ) ;
#8266 = CARTESIAN_POINT ( 'NONE',  ( 12.70000000000000107, 14.16298196909033003, 40.07482701602503994 ) ) ;
#8267 = CARTESIAN_POINT ( 'NONE',  ( 12.70000000000000107, -4.072800018551144596, 73.66895216488211418 ) ) ;
#8268 = CYLINDRICAL_SURFACE ( 'NONE', #719, 2.499999999999988454 ) ;
#8269 = EDGE_LOOP ( 'NONE', ( #4653, #7323 ) ) ;
#8270 = CIRCLE ( 'NONE', #1742, 2.080499999999998906 ) ;
#8271 = ORIENTED_EDGE ( 'NONE', *, *, #3701, .F. ) ;
#8272 = EDGE_CURVE ( 'NONE', #8613, #6077, #6834, .T. ) ;
#8273 = ADVANCED_FACE ( 'NONE', ( #374 ), #4370, .F. ) ;
#8274 = VERTEX_POINT ( 'NONE', #6405 ) ;
#8275 = DIRECTION ( 'NONE',  ( 0.000000000000000000, 0.000000000000000000, 1.000000000000000000 ) ) ;
#8277 = CYLINDRICAL_SURFACE ( 'NONE', #4576, 2.080499999999998906 ) ;
#8276 = AXIS2_PLACEMENT_3D ( 'NONE', #4052, #1391, #7413 ) ;
#8278 = CARTESIAN_POINT ( 'NONE',  ( 1.080765552152139379E-15, 25.40000000000000213, 86.40000000000000568 ) ) ;
#8279 = DIRECTION ( 'NONE',  ( 1.000000000000000000, 0.000000000000000000, 0.000000000000000000 ) ) ;
#8280 = DIRECTION ( 'NONE',  ( -1.000000000000000000, -0.000000000000000000, -0.000000000000000000 ) ) ;
#8281 = EDGE_LOOP ( 'NONE', ( #7372, #7496 ) ) ;
#8282 = EDGE_LOOP ( 'NONE', ( #5412, #1824 ) ) ;
#8283 = ADVANCED_FACE ( 'NONE', ( #330 ), #7113, .T. ) ;
#8284 = CIRCLE ( 'NONE', #6865, 2.500000000000002220 ) ;
#8285 = EDGE_CURVE ( 'NONE', #4673, #3267, #3251, .T. ) ;
#8286 = EDGE_CURVE ( 'NONE', #500, #1546, #2407, .T. ) ;
#8287 = CARTESIAN_POINT ( 'NONE',  ( 12.70000000000000107, -2.068405620284295310, 106.4409693130105268 ) ) ;
#8288 = LINE ( 'NONE', #7434, #4149 ) ;
#8289 = DIRECTION ( 'NONE',  ( 1.000000000000000000, 0.000000000000000000, 0.000000000000000000 ) ) ;
#8290 = ORIENTED_EDGE ( 'NONE', *, *, #1879, .F. ) ;
#8291 = DIRECTION ( 'NONE',  ( 0.000000000000000000, 0.000000000000000000, 1.000000000000000000 ) ) ;
#8292 = ORIENTED_EDGE ( 'NONE', *, *, #3829, .T. ) ;
#8293 = DIRECTION ( 'NONE',  ( 0.000000000000000000, 0.000000000000000000, -1.000000000000000000 ) ) ;
#8294 = VERTEX_POINT ( 'NONE', #2494 ) ;
#8295 = ORIENTED_EDGE ( 'NONE', *, *, #1978, .F. ) ;
#8296 = CIRCLE ( 'NONE', #4470, 2.271000000000002128 ) ;
#8297 = CARTESIAN_POINT ( 'NONE',  ( 9.525000000000000355, 14.16298196909033003, 40.07482701602503994 ) ) ;
#8298 = FACE_OUTER_BOUND ( 'NONE', #8397, .T. ) ;
#8299 = FACE_BOUND ( 'NONE', #8282, .T. ) ;
#8300 = VERTEX_POINT ( 'NONE', #1788 ) ;
#8301 = DIRECTION ( 'NONE',  ( 1.000000000000000000, 0.000000000000000000, 0.000000000000000000 ) ) ;
#8302 = AXIS2_PLACEMENT_3D ( 'NONE', #7709, #6830, #7131 ) ;
#8303 = CARTESIAN_POINT ( 'NONE',  ( 12.70000000000000107, -16.22354728284506820, 91.16214363188775849 ) ) ;
#8304 = AXIS2_PLACEMENT_3D ( 'NONE', #8207, #5548, #1466 ) ;
#8305 = DIRECTION ( 'NONE',  ( -1.000000000000000000, -0.000000000000000000, -0.000000000000000000 ) ) ;
#8306 = CARTESIAN_POINT ( 'NONE',  ( 12.70000000000000107, 12.33648634557998314, 98.10376971111941202 ) ) ;
#8307 = DIRECTION ( 'NONE',  ( -1.000000000000000000, -0.000000000000000000, -0.000000000000000000 ) ) ;
#8308 = ORIENTED_EDGE ( 'NONE', *, *, #7932, .T. ) ;
#8309 = DIRECTION ( 'NONE',  ( -0.000000000000000000, -0.000000000000000000, -1.000000000000000000 ) ) ;
#8310 = CARTESIAN_POINT ( 'NONE',  ( 0.000000000000000000, 25.40000000000000213, 12.69999999999999929 ) ) ;
#8311 = EDGE_CURVE ( 'NONE', #5017, #1190, #893, .T. ) ;
#8312 = CARTESIAN_POINT ( 'NONE',  ( 9.525000000000000355, -10.07084749364648069, 27.26156772950202267 ) ) ;
#8313 = ORIENTED_EDGE ( 'NONE', *, *, #3604, .F. ) ;
#8314 = AXIS2_PLACEMENT_3D ( 'NONE', #6112, #8640, #567 ) ;
#8315 = CIRCLE ( 'NONE', #4350, 2.080499999999998906 ) ;
#8316 = VERTEX_POINT ( 'NONE', #7992 ) ;
#8317 = ORIENTED_EDGE ( 'NONE', *, *, #2088, .F. ) ;
#8318 = AXIS2_PLACEMENT_3D ( 'NONE', #5531, #7478, #6860 ) ;
#8319 = DIRECTION ( 'NONE',  ( 0.000000000000000000, -1.667602476305511223E-15, 1.000000000000000000 ) ) ;
#8320 = FACE_BOUND ( 'NONE', #3156, .T. ) ;
#8321 = DIRECTION ( 'NONE',  ( -1.000000000000000000, -0.000000000000000000, -0.000000000000000000 ) ) ;
#8322 = CARTESIAN_POINT ( 'NONE',  ( -12.69999999999999929, -12.69999999999999929, 10.20000000000001172 ) ) ;
#8323 = EDGE_CURVE ( 'NONE', #8206, #6581, #8546, .T. ) ;
#8324 = CARTESIAN_POINT ( 'NONE',  ( 9.525000000000000355, 11.15407434219260630, 77.75732780184213766 ) ) ;
#8325 = ORIENTED_EDGE ( 'NONE', *, *, #4196, .T. ) ;
#8326 = ORIENTED_EDGE ( 'NONE', *, *, #2110, .T. ) ;
#8327 = AXIS2_PLACEMENT_3D ( 'NONE', #2729, #1222, #4597 ) ;
#8328 = AXIS2_PLACEMENT_3D ( 'NONE', #3166, #2705, #5913 ) ;
#8329 = CYLINDRICAL_SURFACE ( 'NONE', #5899, 14.30000000000000782 ) ;
#8330 = DIRECTION ( 'NONE',  ( -0.000000000000000000, 1.000000000000000000, -0.000000000000000000 ) ) ;
#8331 = CARTESIAN_POINT ( 'NONE',  ( 12.70000000000000107, -2.068405620284290425, 71.35903068698951301 ) ) ;
#8332 = AXIS2_PLACEMENT_3D ( 'NONE', #3434, #7641, #7596 ) ;
#8333 = VERTEX_POINT ( 'NONE', #4453 ) ;
#8334 = CYLINDRICAL_SURFACE ( 'NONE', #6609, 2.271000000000002128 ) ;
#8335 = ORIENTED_EDGE ( 'NONE', *, *, #5919, .T. ) ;
#8336 = CYLINDRICAL_SURFACE ( 'NONE', #7583, 2.080499999999998906 ) ;
#8337 = EDGE_CURVE ( 'NONE', #1969, #4473, #3208, .T. ) ;
#8338 = EDGE_CURVE ( 'NONE', #1244, #2239, #2031, .T. ) ;
#8339 = EDGE_CURVE ( 'NONE', #2674, #1145, #6990, .T. ) ;
#8340 = EDGE_LOOP ( 'NONE', ( #1257, #4800, #2086, #5338 ) ) ;
#8341 = ORIENTED_EDGE ( 'NONE', *, *, #7027, .F. ) ;
#8342 = DIRECTION ( 'NONE',  ( -0.000000000000000000, 1.000000000000000000, -0.000000000000000000 ) ) ;
#8343 = LINE ( 'NONE', #4841, #4204 ) ;
#8344 = DIRECTION ( 'NONE',  ( 0.000000000000000000, -1.000000000000000000, 0.000000000000000000 ) ) ;
#8345 = EDGE_CURVE ( 'NONE', #4640, #4535, #8388, .T. ) ;
#8346 = VERTEX_POINT ( 'NONE', #4622 ) ;
#8347 = DIRECTION ( 'NONE',  ( -1.000000000000000000, -0.000000000000000000, -0.000000000000000000 ) ) ;
#8348 = LINE ( 'NONE', #5146, #8662 ) ;
#8349 = DIRECTION ( 'NONE',  ( 0.000000000000000000, 0.000000000000000000, 1.000000000000000000 ) ) ;
#8350 = CARTESIAN_POINT ( 'NONE',  ( -12.69999999999999751, 0.000000000000000000, 15.19999999999992468 ) ) ;
#8351 = DIRECTION ( 'NONE',  ( 1.000000000000000000, -0.000000000000000000, -0.000000000000000000 ) ) ;
#8352 = ORIENTED_EDGE ( 'NONE', *, *, #4206, .T. ) ;
#8353 = DIRECTION ( 'NONE',  ( -1.000000000000000000, -0.000000000000000000, -0.000000000000000000 ) ) ;
#8354 = FACE_OUTER_BOUND ( 'NONE', #6721, .T. ) ;
#8355 = CARTESIAN_POINT ( 'NONE',  ( 12.70000000000000107, -16.22512784221249404, 31.12080715599139324 ) ) ;
#8356 = EDGE_LOOP ( 'NONE', ( #8453, #1628 ) ) ;
#8357 = EDGE_LOOP ( 'NONE', ( #476, #6940, #7654, #6400 ) ) ;
#8358 = CIRCLE ( 'NONE', #1566, 2.080499999999998906 ) ;
#8359 = ORIENTED_EDGE ( 'NONE', *, *, #2204, .F. ) ;
#8360 = DIRECTION ( 'NONE',  ( -1.000000000000000000, -0.000000000000000000, -0.000000000000000000 ) ) ;
#8361 = CYLINDRICAL_SURFACE ( 'NONE', #7827, 2.499999999999992006 ) ;
#8362 = CARTESIAN_POINT ( 'NONE',  ( 9.525000000000000355, 22.22500000000000142, 0.000000000000000000 ) ) ;
#8363 = CYLINDRICAL_SURFACE ( 'NONE', #7189, 2.080499999999998906 ) ;
#8364 = AXIS2_PLACEMENT_3D ( 'NONE', #4599, #4682, #1936 ) ;
#8365 = CARTESIAN_POINT ( 'NONE',  ( -9.525000000000000355, -11.15407434219252103, 49.24267219815796182 ) ) ;
#8366 = ORIENTED_EDGE ( 'NONE', *, *, #135, .F. ) ;
#8367 = VERTEX_POINT ( 'NONE', #3828 ) ;
#8368 = EDGE_CURVE ( 'NONE', #3148, #4001, #1746, .T. ) ;
#8369 = DIRECTION ( 'NONE',  ( -1.000000000000000000, -0.000000000000000000, -0.000000000000000000 ) ) ;
#8370 = DIRECTION ( 'NONE',  ( 0.000000000000000000, 0.000000000000000000, -1.000000000000000000 ) ) ;
#8371 = CARTESIAN_POINT ( 'NONE',  ( -12.69999999999999751, -16.22354728284505399, 86.63785636811216762 ) ) ;
#8372 = CIRCLE ( 'NONE', #1142, 17.66249999999999787 ) ;
#8373 = EDGE_LOOP ( 'NONE', ( #3937, #344 ) ) ;
#8374 = DIRECTION ( 'NONE',  ( 0.000000000000000000, 0.000000000000000000, 1.000000000000000000 ) ) ;
#8375 = ORIENTED_EDGE ( 'NONE', *, *, #2848, .T. ) ;
#8376 = DIRECTION ( 'NONE',  ( -0.000000000000000000, 1.000000000000000000, -0.000000000000000000 ) ) ;
#8377 = EDGE_LOOP ( 'NONE', ( #1694, #7421, #5441, #5591 ) ) ;
#8378 = EDGE_LOOP ( 'NONE', ( #4163, #4366, #3315, #7477 ) ) ;
#8379 = AXIS2_PLACEMENT_3D ( 'NONE', #1201, #8029, #7986 ) ;
#8380 = EDGE_CURVE ( 'NONE', #7332, #2077, #458, .T. ) ;
#8381 = EDGE_CURVE ( 'NONE', #7998, #783, #5245, .T. ) ;
#8382 = CARTESIAN_POINT ( 'NONE',  ( 12.70000000000000107, 14.13894155320100943, 94.98182571315275879 ) ) ;
#8383 = CIRCLE ( 'NONE', #14, 2.080499999999998906 ) ;
#8384 = CARTESIAN_POINT ( 'NONE',  ( 12.70000000000000107, -16.22354728284506820, 40.36214363188775422 ) ) ;
#8385 = FACE_BOUND ( 'NONE', #4543, .T. ) ;
#8386 = ORIENTED_EDGE ( 'NONE', *, *, #406, .F. ) ;
#8387 = DIRECTION ( 'NONE',  ( -1.000000000000000000, -0.000000000000000000, -0.000000000000000000 ) ) ;
#8388 = CIRCLE ( 'NONE', #3733, 2.080499999999998906 ) ;
#8389 = AXIS2_PLACEMENT_3D ( 'NONE', #4609, #6650, #2659 ) ;
#8390 = EDGE_CURVE ( 'NONE', #443, #7732, #8411, .T. ) ;
#8391 = EDGE_CURVE ( 'NONE', #6102, #2612, #3008, .T. ) ;
#8392 = DIRECTION ( 'NONE',  ( -1.000000000000000000, 0.000000000000000000, 0.000000000000000000 ) ) ;
#8393 = DIRECTION ( 'NONE',  ( 0.000000000000000000, 0.000000000000000000, -1.000000000000000000 ) ) ;
#8394 = DIRECTION ( 'NONE',  ( -1.000000000000000000, -0.000000000000000000, -0.000000000000000000 ) ) ;
#8395 = VECTOR ( 'NONE', #8564, 1000.000000000000000 ) ;
#8396 = CIRCLE ( 'NONE', #1162, 14.30000000000000782 ) ;
#8397 = EDGE_LOOP ( 'NONE', ( #2217, #6955, #3150, #6068 ) ) ;
#8398 = CYLINDRICAL_SURFACE ( 'NONE', #7025, 2.499999999999988454 ) ;
#8399 = DIRECTION ( 'NONE',  ( 0.000000000000000000, 0.000000000000000000, 1.000000000000000000 ) ) ;
#8400 = DIRECTION ( 'NONE',  ( 0.000000000000000000, 0.000000000000000000, -1.000000000000000000 ) ) ;
#8401 = ORIENTED_EDGE ( 'NONE', *, *, #3281, .T. ) ;
#8402 = ORIENTED_EDGE ( 'NONE', *, *, #4760, .T. ) ;
#8403 = AXIS2_PLACEMENT_3D ( 'NONE', #2295, #7125, #1008 ) ;
#8404 = VECTOR ( 'NONE', #6272, 1000.000000000000000 ) ;
#8405 = ORIENTED_EDGE ( 'NONE', *, *, #4378, .T. ) ;
#8406 = CARTESIAN_POINT ( 'NONE',  ( -12.69999999999999929, -12.69999999999999929, 61.00000000000001421 ) ) ;
#8407 = DIRECTION ( 'NONE',  ( 0.000000000000000000, -1.000000000000000000, 0.000000000000000000 ) ) ;
#8408 = CARTESIAN_POINT ( 'NONE',  ( 12.70000000000000107, 6.152699789198528002, 104.0810759023857344 ) ) ;
#8409 = CARTESIAN_POINT ( 'NONE',  ( 12.70000000000000107, 14.13894155320100943, 44.18182571315276874 ) ) ;
#8410 = AXIS2_PLACEMENT_3D ( 'NONE', #331, #6365, #4993 ) ;
#8411 = CIRCLE ( 'NONE', #4557, 2.499999999999988454 ) ;
#8412 = CARTESIAN_POINT ( 'NONE',  ( 12.70000000000000107, -4.072800018551144596, 104.1310478351178972 ) ) ;
#8413 = VERTEX_POINT ( 'NONE', #1831 ) ;
#8414 = EDGE_LOOP ( 'NONE', ( #34, #2578, #3465, #4296 ) ) ;
#8415 = AXIS2_PLACEMENT_3D ( 'NONE', #3341, #1292, #4006 ) ;
#8416 = DIRECTION ( 'NONE',  ( 0.000000000000000000, 0.000000000000000000, 1.000000000000000000 ) ) ;
#8417 = DIRECTION ( 'NONE',  ( -1.000000000000000000, -0.000000000000000000, -0.000000000000000000 ) ) ;
#8418 = DIRECTION ( 'NONE',  ( 0.000000000000000000, 0.000000000000000000, 1.000000000000000000 ) ) ;
#8419 = EDGE_LOOP ( 'NONE', ( #1088, #2654 ) ) ;
#8420 = LINE ( 'NONE', #7168, #3364 ) ;
#8421 = VERTEX_POINT ( 'NONE', #546 ) ;
#8422 = CARTESIAN_POINT ( 'NONE',  ( -9.525000000000000355, 3.577867169202164632E-15, 106.5625000000000000 ) ) ;
#8423 = ORIENTED_EDGE ( 'NONE', *, *, #7782, .T. ) ;
#8424 = ADVANCED_FACE ( 'NONE', ( #3916 ), #1082, .F. ) ;
#8425 = ORIENTED_EDGE ( 'NONE', *, *, #615, .F. ) ;
#8426 = CARTESIAN_POINT ( 'NONE',  ( -9.525000000000000355, -14.13894155320104851, 32.01817428684736200 ) ) ;
#8427 = AXIS2_PLACEMENT_3D ( 'NONE', #2096, #3378, #3285 ) ;
#8428 = LINE ( 'NONE', #6512, #940 ) ;
#8429 = DIRECTION ( 'NONE',  ( -1.000000000000000000, -0.000000000000000000, -0.000000000000000000 ) ) ;
#8430 = ORIENTED_EDGE ( 'NONE', *, *, #1880, .T. ) ;
#8431 = EDGE_CURVE ( 'NONE', #1970, #7133, #3162, .T. ) ;
#8432 = DIRECTION ( 'NONE',  ( 0.000000000000000000, -8.754913000603934117E-15, -1.000000000000000000 ) ) ;
#8433 = AXIS2_PLACEMENT_3D ( 'NONE', #8017, #4607, #3945 ) ;
#8434 = CARTESIAN_POINT ( 'NONE',  ( -12.69999999999999751, -25.39999999999999503, 0.000000000000000000 ) ) ;
#8435 = CYLINDRICAL_SURFACE ( 'NONE', #4454, 14.30000000000000071 ) ;
#8436 = ORIENTED_EDGE ( 'NONE', *, *, #1564, .T. ) ;
#8437 = FACE_OUTER_BOUND ( 'NONE', #1214, .T. ) ;
#8438 = DIRECTION ( 'NONE',  ( -1.000000000000000000, -0.000000000000000000, -0.000000000000000000 ) ) ;
#8439 = EDGE_CURVE ( 'NONE', #5032, #924, #5949, .T. ) ;
#8440 = EDGE_CURVE ( 'NONE', #3188, #7259, #8660, .T. ) ;
#8441 = EDGE_CURVE ( 'NONE', #8316, #5944, #5434, .T. ) ;
#8442 = DIRECTION ( 'NONE',  ( -1.000000000000000000, -0.000000000000000000, -0.000000000000000000 ) ) ;
#8443 = VERTEX_POINT ( 'NONE', #4097 ) ;
#8444 = ORIENTED_EDGE ( 'NONE', *, *, #3291, .F. ) ;
#8445 = ORIENTED_EDGE ( 'NONE', *, *, #5633, .T. ) ;
#8446 = CARTESIAN_POINT ( 'NONE',  ( -9.525000000000000355, 14.15672222192810992, 48.66177646900214881 ) ) ;
#8447 = CYLINDRICAL_SURFACE ( 'NONE', #4725, 2.271000000000002128 ) ;
#8448 = FACE_OUTER_BOUND ( 'NONE', #8771, .T. ) ;
#8449 = DIRECTION ( 'NONE',  ( -1.000000000000000000, -0.000000000000000000, -0.000000000000000000 ) ) ;
#8450 = CIRCLE ( 'NONE', #1793, 2.499999999999988454 ) ;
#8451 = CARTESIAN_POINT ( 'NONE',  ( 1.555301434917138038E-15, 22.22500000000000142, 76.19999999999998863 ) ) ;
#8452 = VERTEX_POINT ( 'NONE', #6800 ) ;
#8453 = ORIENTED_EDGE ( 'NONE', *, *, #1552, .F. ) ;
#8454 = CIRCLE ( 'NONE', #950, 14.30000000000000782 ) ;
#8455 = AXIS2_PLACEMENT_3D ( 'NONE', #2543, #6585, #5214 ) ;
#8456 = CARTESIAN_POINT ( 'NONE',  ( -9.525000000000000355, -1.802455207620986100, 53.38559542427184823 ) ) ;
#8457 = CARTESIAN_POINT ( 'NONE',  ( 12.70000000000000107, -12.69999999999999929, 63.50000000000000000 ) ) ;
#8458 = DIRECTION ( 'NONE',  ( 0.000000000000000000, 0.000000000000000000, -1.000000000000000000 ) ) ;
#8459 = ORIENTED_EDGE ( 'NONE', *, *, #5940, .F. ) ;
#8460 = CARTESIAN_POINT ( 'NONE',  ( 7.746038523653021987E-16, 25.40000000000000213, 91.39999999999997726 ) ) ;
#8461 = VERTEX_POINT ( 'NONE', #4763 ) ;
#8462 = DIRECTION ( 'NONE',  ( 0.000000000000000000, 0.000000000000000000, 1.000000000000000000 ) ) ;
#8463 = EDGE_LOOP ( 'NONE', ( #4103, #887, #1449, #7564 ) ) ;
#8464 = CIRCLE ( 'NONE', #8318, 2.080499999999998906 ) ;
#8465 = AXIS2_PLACEMENT_3D ( 'NONE', #7817, #5825, #4456 ) ;
#8466 = VERTEX_POINT ( 'NONE', #3521 ) ;
#8467 = DIRECTION ( 'NONE',  ( 0.000000000000000000, -8.338012381527556114E-16, -1.000000000000000000 ) ) ;
#8468 = CIRCLE ( 'NONE', #4787, 2.499999999999988454 ) ;
#8469 = ADVANCED_FACE ( 'NONE', ( #100 ), #6040, .F. ) ;
#8470 = DIRECTION ( 'NONE',  ( -1.000000000000000000, -0.000000000000000000, -0.000000000000000000 ) ) ;
#8471 = DIRECTION ( 'NONE',  ( 1.000000000000000000, -0.000000000000000000, -0.000000000000000000 ) ) ;
#8472 = VERTEX_POINT ( 'NONE', #2106 ) ;
#8473 = FACE_OUTER_BOUND ( 'NONE', #2472, .T. ) ;
#8474 = VECTOR ( 'NONE', #4447, 1000.000000000000000 ) ;
#8475 = EDGE_CURVE ( 'NONE', #5669, #3032, #7503, .T. ) ;
#8476 = LINE ( 'NONE', #8434, #3579 ) ;
#8477 = FACE_OUTER_BOUND ( 'NONE', #2361, .T. ) ;
#8478 = ORIENTED_EDGE ( 'NONE', *, *, #8041, .T. ) ;
#8479 = CARTESIAN_POINT ( 'NONE',  ( 12.70000000000000107, -15.22687436074362388, 34.01162436304002767 ) ) ;
#8480 = DIRECTION ( 'NONE',  ( -1.000000000000000000, -0.000000000000000000, -0.000000000000000000 ) ) ;
#8481 = VERTEX_POINT ( 'NONE', #810 ) ;
#8482 = VERTEX_POINT ( 'NONE', #8751 ) ;
#8483 = EDGE_CURVE ( 'NONE', #1638, #4843, #2669, .T. ) ;
#8484 = EDGE_CURVE ( 'NONE', #881, #3974, #3430, .T. ) ;
#8485 = EDGE_CURVE ( 'NONE', #2569, #128, #8123, .T. ) ;
#8486 = ORIENTED_EDGE ( 'NONE', *, *, #4945, .F. ) ;
#8487 = EDGE_CURVE ( 'NONE', #2983, #7762, #2627, .T. ) ;
#8488 = CARTESIAN_POINT ( 'NONE',  ( 12.70000000000000107, -12.69999999999999929, 114.2999999999999972 ) ) ;
#8489 = CARTESIAN_POINT ( 'NONE',  ( 3.061616997868371801E-16, 25.40000000000000213, 10.20000000000000817 ) ) ;
#8490 = DIRECTION ( 'NONE',  ( 0.000000000000000000, 0.000000000000000000, 1.000000000000000000 ) ) ;
#8491 = DIRECTION ( 'NONE',  ( 0.000000000000000000, 0.000000000000000000, -1.000000000000000000 ) ) ;
#8492 = CARTESIAN_POINT ( 'NONE',  ( -9.525000000000002132, -12.69999999999999929, 114.2999999999999972 ) ) ;
#8493 = ORIENTED_EDGE ( 'NONE', *, *, #4095, .T. ) ;
#8494 = ORIENTED_EDGE ( 'NONE', *, *, #3116, .F. ) ;
#8495 = VECTOR ( 'NONE', #6747, 1000.000000000000000 ) ;
#8496 = EDGE_CURVE ( 'NONE', #7200, #2910, #1045, .T. ) ;
#8497 = ADVANCED_FACE ( 'NONE', ( #8077 ), #8217, .F. ) ;
#8498 = CARTESIAN_POINT ( 'NONE',  ( 12.70000000000000107, -14.13894155320104851, 32.01817428684736200 ) ) ;
#8499 = CARTESIAN_POINT ( 'NONE',  ( -12.69999999999999751, 3.577867169202164632E-15, 88.90000000000000568 ) ) ;
#8500 = DIRECTION ( 'NONE',  ( -1.000000000000000000, -0.000000000000000000, -0.000000000000000000 ) ) ;
#8501 = CIRCLE ( 'NONE', #6517, 2.271000000000002128 ) ;
#8502 = ORIENTED_EDGE ( 'NONE', *, *, #667, .F. ) ;
#8503 = PLANE ( 'NONE',  #5484 ) ;
#8504 = ORIENTED_EDGE ( 'NONE', *, *, #4690, .F. ) ;
#8505 = CARTESIAN_POINT ( 'NONE',  ( -12.69999999999999751, 0.000000000000000000, 114.2999999999999972 ) ) ;
#8506 = CYLINDRICAL_SURFACE ( 'NONE', #8785, 14.30000000000000071 ) ;
#8507 = ORIENTED_EDGE ( 'NONE', *, *, #2100, .T. ) ;
#8508 = ORIENTED_EDGE ( 'NONE', *, *, #339, .T. ) ;
#8509 = AXIS2_PLACEMENT_3D ( 'NONE', #3479, #6177, #2945 ) ;
#8510 = DIRECTION ( 'NONE',  ( -1.000000000000000000, 0.000000000000000000, 0.000000000000000000 ) ) ;
#8511 = AXIS2_PLACEMENT_3D ( 'NONE', #3899, #2558, #5226 ) ;
#8512 = DIRECTION ( 'NONE',  ( -1.000000000000000000, -0.000000000000000000, -0.000000000000000000 ) ) ;
#8513 = ORIENTED_EDGE ( 'NONE', *, *, #1394, .F. ) ;
#8514 = CARTESIAN_POINT ( 'NONE',  ( -9.525000000000000355, 8.791741348502393194, 100.1780886705608822 ) ) ;
#8515 = AXIS2_PLACEMENT_3D ( 'NONE', #1034, #7067, #2323 ) ;
#8516 = VERTEX_POINT ( 'NONE', #6173 ) ;
#8517 = FACE_OUTER_BOUND ( 'NONE', #1157, .T. ) ;
#8518 = AXIS2_PLACEMENT_3D ( 'NONE', #7184, #7802, #4442 ) ;
#8519 = DIRECTION ( 'NONE',  ( 1.000000000000000000, 0.000000000000000000, 0.000000000000000000 ) ) ;
#8520 = LINE ( 'NONE', #6745, #6572 ) ;
#8521 = ORIENTED_EDGE ( 'NONE', *, *, #5120, .F. ) ;
#8522 = DIRECTION ( 'NONE',  ( 1.000000000000000000, -0.000000000000000000, -0.000000000000000000 ) ) ;
#8523 = AXIS2_PLACEMENT_3D ( 'NONE', #1240, #7395, #8022 ) ;
#8524 = DIRECTION ( 'NONE',  ( 0.000000000000000000, 0.000000000000000000, 1.000000000000000000 ) ) ;
#8525 = ORIENTED_EDGE ( 'NONE', *, *, #7615, .F. ) ;
#8526 = ADVANCED_FACE ( 'NONE', ( #8179 ), #8035, .F. ) ;
#8527 = VERTEX_POINT ( 'NONE', #5426 ) ;
#8528 = CIRCLE ( 'NONE', #455, 2.270999999999995467 ) ;
#8530 = VERTEX_POINT ( 'NONE', #2144 ) ;
#8529 = AXIS2_PLACEMENT_3D ( 'NONE', #472, #7961, #2593 ) ;
#8531 = CARTESIAN_POINT ( 'NONE',  ( 9.525000000000000355, -22.22499999999999787, 127.0000000000000000 ) ) ;
#8532 = DIRECTION ( 'NONE',  ( -1.000000000000000000, -0.000000000000000000, -0.000000000000000000 ) ) ;
#8533 = DIRECTION ( 'NONE',  ( 0.000000000000000000, 0.000000000000000000, 1.000000000000000000 ) ) ;
#8534 = CARTESIAN_POINT ( 'NONE',  ( -12.69999999999999751, 4.072800018551153478, 104.1310478351179114 ) ) ;
#8535 = DIRECTION ( 'NONE',  ( 0.000000000000000000, 0.000000000000000000, 1.000000000000000000 ) ) ;
#8536 = ORIENTED_EDGE ( 'NONE', *, *, #4106, .F. ) ;
#8537 = EDGE_CURVE ( 'NONE', #5907, #1975, #4166, .T. ) ;
#8538 = AXIS2_PLACEMENT_3D ( 'NONE', #6029, #4751, #8066 ) ;
#8539 = EDGE_CURVE ( 'NONE', #7200, #192, #2763, .T. ) ;
#8540 = ORIENTED_EDGE ( 'NONE', *, *, #6104, .T. ) ;
#8541 = VECTOR ( 'NONE', #2858, 1000.000000000000000 ) ;
#8542 = CARTESIAN_POINT ( 'NONE',  ( 12.70000000000000107, -2.068405620284290425, 20.55903068698950520 ) ) ;
#8543 = CARTESIAN_POINT ( 'NONE',  ( -9.525000000000000355, 3.577867169202164632E-15, 38.10000000000001563 ) ) ;
#8545 = AXIS2_PLACEMENT_3D ( 'NONE', #5216, #5170, #4549 ) ;
#8544 = LINE ( 'NONE', #513, #7978 ) ;
#8546 = CIRCLE ( 'NONE', #6854, 2.080499999999998906 ) ;
#8547 = ORIENTED_EDGE ( 'NONE', *, *, #791, .F. ) ;
#8548 = CARTESIAN_POINT ( 'NONE',  ( 9.525000000000000355, 11.15407434219237004, 49.24267219815811814 ) ) ;
#8549 = ORIENTED_EDGE ( 'NONE', *, *, #226, .F. ) ;
#8550 = FACE_OUTER_BOUND ( 'NONE', #7901, .T. ) ;
#8551 = ORIENTED_EDGE ( 'NONE', *, *, #1258, .T. ) ;
#8552 = ADVANCED_FACE ( 'NONE', ( #681 ), #1476, .T. ) ;
#8553 = EDGE_CURVE ( 'NONE', #6688, #7515, #4186, .T. ) ;
#8554 = EDGE_CURVE ( 'NONE', #3203, #5780, #2713, .T. ) ;
#8555 = ORIENTED_EDGE ( 'NONE', *, *, #176, .F. ) ;
#8556 = DIRECTION ( 'NONE',  ( 0.000000000000000000, 0.000000000000000000, -1.000000000000000000 ) ) ;
#8557 = CARTESIAN_POINT ( 'NONE',  ( 12.70000000000000107, 12.33648634557998314, 47.30376971111940776 ) ) ;
#8558 = DIRECTION ( 'NONE',  ( -1.000000000000000000, 0.000000000000000000, 0.000000000000000000 ) ) ;
#8559 = EDGE_LOOP ( 'NONE', ( #3627, #7359, #8341, #259 ) ) ;
#8560 = DIRECTION ( 'NONE',  ( 0.000000000000000000, 0.000000000000000000, 1.000000000000000000 ) ) ;
#8561 = ORIENTED_EDGE ( 'NONE', *, *, #8483, .T. ) ;
#8562 = CYLINDRICAL_SURFACE ( 'NONE', #450, 2.080499999999998906 ) ;
#8563 = AXIS2_PLACEMENT_3D ( 'NONE', #1380, #7495, #2756 ) ;
#8564 = DIRECTION ( 'NONE',  ( -0.000000000000000000, 1.000000000000000000, -0.000000000000000000 ) ) ;
#8565 = CARTESIAN_POINT ( 'NONE',  ( -9.525000000000000355, 1.802455207620993427, 104.1855954242718525 ) ) ;
#8566 = ORIENTED_EDGE ( 'NONE', *, *, #2360, .F. ) ;
#8567 = LINE ( 'NONE', #542, #2519 ) ;
#8568 = VECTOR ( 'NONE', #441, 1000.000000000000000 ) ;
#8569 = DIRECTION ( 'NONE',  ( 0.000000000000000000, 0.000000000000000000, 1.000000000000000000 ) ) ;
#8570 = ORIENTED_EDGE ( 'NONE', *, *, #4871, .F. ) ;
#8571 = CIRCLE ( 'NONE', #649, 2.080499999999998906 ) ;
#8572 = EDGE_LOOP ( 'NONE', ( #6661, #7918, #1784, #465 ) ) ;
#8573 = EDGE_CURVE ( 'NONE', #7734, #6113, #8130, .T. ) ;
#8574 = DIRECTION ( 'NONE',  ( 1.000000000000000000, 0.000000000000000000, 0.000000000000000000 ) ) ;
#8575 = DIRECTION ( 'NONE',  ( 0.000000000000000000, 0.000000000000000000, -1.000000000000000000 ) ) ;
#8576 = DIRECTION ( 'NONE',  ( 0.000000000000000000, 0.000000000000000000, -1.000000000000000000 ) ) ;
#8577 = CARTESIAN_POINT ( 'NONE',  ( 12.70000000000000107, -11.15407434219244465, 26.95732780184198774 ) ) ;
#8578 = LINE ( 'NONE', #3748, #2 ) ;
#8579 = ORIENTED_EDGE ( 'NONE', *, *, #4966, .F. ) ;
#8580 = AXIS2_PLACEMENT_3D ( 'NONE', #1294, #635, #276 ) ;
#8581 = ORIENTED_EDGE ( 'NONE', *, *, #8220, .T. ) ;
#8582 = CYLINDRICAL_SURFACE ( 'NONE', #8177, 2.080499999999998906 ) ;
#8583 = CIRCLE ( 'NONE', #90, 2.499999999999992006 ) ;
#8584 = EDGE_CURVE ( 'NONE', #172, #3267, #3718, .T. ) ;
#8585 = LINE ( 'NONE', #6499, #6983 ) ;
#8586 = VECTOR ( 'NONE', #4603, 1000.000000000000000 ) ;
#8587 = CARTESIAN_POINT ( 'NONE',  ( 9.525000000000000355, 0.000000000000000000, 63.50000000000000000 ) ) ;
#8588 = FACE_OUTER_BOUND ( 'NONE', #5346, .T. ) ;
#8589 = CYLINDRICAL_SURFACE ( 'NONE', #6193, 2.499999999999992006 ) ;
#8590 = VERTEX_POINT ( 'NONE', #4517 ) ;
#8591 = DIRECTION ( 'NONE',  ( 0.000000000000000000, 0.000000000000000000, 1.000000000000000000 ) ) ;
#8592 = ORIENTED_EDGE ( 'NONE', *, *, #1227, .T. ) ;
#8593 = VERTEX_POINT ( 'NONE', #2187 ) ;
#8594 = AXIS2_PLACEMENT_3D ( 'NONE', #3983, #6646, #2607 ) ;
#8595 = AXIS2_PLACEMENT_3D ( 'NONE', #8456, #1676, #6950 ) ;
#8596 = DIRECTION ( 'NONE',  ( -0.000000000000000000, 1.000000000000000000, -0.000000000000000000 ) ) ;
#8597 = EDGE_CURVE ( 'NONE', #7391, #1634, #4851, .T. ) ;
#8598 = CC_DESIGN_DATE_AND_TIME_ASSIGNMENT ( #4830, #5585, ( #4 ) ) ;
#8599 = ADVANCED_FACE ( 'NONE', ( #2475 ), #2230, .F. ) ;
#8600 = EDGE_CURVE ( 'NONE', #5703, #6376, #1650, .T. ) ;
#8601 = AXIS2_PLACEMENT_3D ( 'NONE', #7381, #5304, #1306 ) ;
#8602 = CARTESIAN_POINT ( 'NONE',  ( 12.70000000000000107, 16.22512784221258997, 31.12080715599162417 ) ) ;
#8603 = EDGE_LOOP ( 'NONE', ( #8508, #6363, #5052, #2193 ) ) ;
#8605 = CARTESIAN_POINT ( 'NONE',  ( 7.746038523653021987E-16, 25.40000000000000213, 88.89999999999999147 ) ) ;
#8604 = AXIS2_PLACEMENT_3D ( 'NONE', #3494, #5001, #5705 ) ;
#8606 = ORIENTED_EDGE ( 'NONE', *, *, #22, .T. ) ;
#8607 = DIRECTION ( 'NONE',  ( 0.000000000000000000, 0.000000000000000000, -1.000000000000000000 ) ) ;
#8608 = AXIS2_PLACEMENT_3D ( 'NONE', #1167, #7995, #6761 ) ;
#8609 = VECTOR ( 'NONE', #4797, 1000.000000000000000 ) ;
#8610 = ADVANCED_FACE ( 'NONE', ( #6256 ), #5558, .F. ) ;
#8611 = FACE_BOUND ( 'NONE', #4203, .T. ) ;
#8612 = CARTESIAN_POINT ( 'NONE',  ( 9.525000000000000355, 1.802455207620993427, 73.61440457572818730 ) ) ;
#8613 = VERTEX_POINT ( 'NONE', #7637 ) ;
#8614 = VECTOR ( 'NONE', #3334, 1000.000000000000000 ) ;
#8615 = DIRECTION ( 'NONE',  ( -1.000000000000000000, -0.000000000000000000, -0.000000000000000000 ) ) ;
#8616 = DIRECTION ( 'NONE',  ( -1.000000000000000000, -0.000000000000000000, -0.000000000000000000 ) ) ;
#8617 = ORIENTED_EDGE ( 'NONE', *, *, #2416, .F. ) ;
#8618 = EDGE_LOOP ( 'NONE', ( #2734, #7451, #6052, #2493 ) ) ;
#8619 = DIRECTION ( 'NONE',  ( -1.000000000000000000, -0.000000000000000000, -0.000000000000000000 ) ) ;
#8620 = DIRECTION ( 'NONE',  ( -1.000000000000000000, -0.000000000000000000, -0.000000000000000000 ) ) ;
#8621 = DIRECTION ( 'NONE',  ( 0.000000000000000000, 0.000000000000000000, 1.000000000000000000 ) ) ;
#8622 = DIRECTION ( 'NONE',  ( -1.000000000000000000, -0.000000000000000000, -0.000000000000000000 ) ) ;
#8623 = LINE ( 'NONE', #3300, #3271 ) ;
#8624 = ORIENTED_EDGE ( 'NONE', *, *, #2666, .T. ) ;
#8625 = VERTEX_POINT ( 'NONE', #4230 ) ;
#8626 = PLANE ( 'NONE',  #6472 ) ;
#8627 = DIRECTION ( 'NONE',  ( -0.000000000000000000, 1.000000000000000000, -0.000000000000000000 ) ) ;
#8628 = DIRECTION ( 'NONE',  ( 1.000000000000000000, 0.000000000000000000, 0.000000000000000000 ) ) ;
#8629 = LINE ( 'NONE', #2020, #3719 ) ;
#8630 = ORIENTED_EDGE ( 'NONE', *, *, #3107, .T. ) ;
#8631 = DIRECTION ( 'NONE',  ( 0.000000000000000000, 0.000000000000000000, 1.000000000000000000 ) ) ;
#8632 = ORIENTED_EDGE ( 'NONE', *, *, #8646, .T. ) ;
#8633 = CARTESIAN_POINT ( 'NONE',  ( 12.70000000000000107, 12.69999999999999929, 66.00000000000000000 ) ) ;
#8634 = ORIENTED_EDGE ( 'NONE', *, *, #576, .T. ) ;
#8635 = VERTEX_POINT ( 'NONE', #4937 ) ;
#8636 = EDGE_CURVE ( 'NONE', #2389, #5934, #2981, .T. ) ;
#8638 = CARTESIAN_POINT ( 'NONE',  ( 1.555301434917138433E-15, 25.40000000000000213, 116.7999999999999829 ) ) ;
#8637 = AXIS2_PLACEMENT_3D ( 'NONE', #6927, #6078, #7539 ) ;
#8639 = DIRECTION ( 'NONE',  ( -1.000000000000000000, 0.000000000000000000, 0.000000000000000000 ) ) ;
#8640 = DIRECTION ( 'NONE',  ( -1.000000000000000000, -0.000000000000000000, -0.000000000000000000 ) ) ;
#8641 = ORIENTED_EDGE ( 'NONE', *, *, #6104, .F. ) ;
#8642 = DIRECTION ( 'NONE',  ( -1.000000000000000000, 0.000000000000000000, 0.000000000000000000 ) ) ;
#8643 = ORIENTED_EDGE ( 'NONE', *, *, #8484, .T. ) ;
#8644 = FACE_BOUND ( 'NONE', #3720, .T. ) ;
#8645 = AXIS2_PLACEMENT_3D ( 'NONE', #8451, #5828, #2334 ) ;
#8646 = EDGE_CURVE ( 'NONE', #8274, #4279, #3419, .T. ) ;
#8647 = EDGE_CURVE ( 'NONE', #2632, #7734, #4831, .T. ) ;
#8648 = AXIS2_PLACEMENT_3D ( 'NONE', #7436, #6730, #5932 ) ;
#8649 = DIRECTION ( 'NONE',  ( 0.000000000000000000, 0.000000000000000000, 1.000000000000000000 ) ) ;
#8650 = AXIS2_PLACEMENT_3D ( 'NONE', #6267, #7507, #5522 ) ;
#8651 = DIRECTION ( 'NONE',  ( 0.000000000000000000, 0.000000000000000000, 1.000000000000000000 ) ) ;
#8652 = ORIENTED_EDGE ( 'NONE', *, *, #295, .T. ) ;
#8653 = CARTESIAN_POINT ( 'NONE',  ( 12.70000000000000107, -10.07084749364648069, 75.98106772950202981 ) ) ;
#8654 = CARTESIAN_POINT ( 'NONE',  ( 12.70000000000000107, 16.22354728284508951, 35.83785636811239073 ) ) ;
#8655 = VERTEX_POINT ( 'NONE', #4981 ) ;
#8656 = ADVANCED_FACE ( 'NONE', ( #1143 ), #2274, .T. ) ;
#8657 = EDGE_CURVE ( 'NONE', #4345, #4125, #2282, .T. ) ;
#8658 = AXIS2_PLACEMENT_3D ( 'NONE', #4531, #1288, #7235 ) ;
#8659 = ORIENTED_EDGE ( 'NONE', *, *, #3243, .T. ) ;
#8660 = LINE ( 'NONE', #6663, #3870 ) ;
#8661 = FACE_OUTER_BOUND ( 'NONE', #1716, .T. ) ;
#8662 = VECTOR ( 'NONE', #2270, 1000.000000000000000 ) ;
#8663 = CARTESIAN_POINT ( 'NONE',  ( -9.525000000000000355, -11.15407434219244465, 77.75732780184198134 ) ) ;
#8664 = CARTESIAN_POINT ( 'NONE',  ( -12.69999999999999751, -12.69999999999999929, 114.2999999999999972 ) ) ;
#8665 = DIRECTION ( 'NONE',  ( -1.000000000000000000, -0.000000000000000000, -0.000000000000000000 ) ) ;
#8666 = VERTEX_POINT ( 'NONE', #7062 ) ;
#8667 = ORIENTED_EDGE ( 'NONE', *, *, #3681, .F. ) ;
#8668 = AXIS2_PLACEMENT_3D ( 'NONE', #140, #2891, #8393 ) ;
#8669 = VECTOR ( 'NONE', #7298, 1000.000000000000000 ) ;
#8670 = CARTESIAN_POINT ( 'NONE',  ( 0.000000000000000000, 0.000000000000000000, 127.0000000000000000 ) ) ;
#8671 = CARTESIAN_POINT ( 'NONE',  ( 9.525000000000000355, -12.69999999999999929, 114.2999999999999972 ) ) ;
#8672 = DIRECTION ( 'NONE',  ( 0.000000000000000000, 0.000000000000000000, 1.000000000000000000 ) ) ;
#8673 = DIRECTION ( 'NONE',  ( -1.000000000000000000, -0.000000000000000000, -0.000000000000000000 ) ) ;
#8674 = ORIENTED_EDGE ( 'NONE', *, *, #2742, .F. ) ;
#8675 = FACE_OUTER_BOUND ( 'NONE', #8730, .T. ) ;
#8676 = ORIENTED_EDGE ( 'NONE', *, *, #4970, .T. ) ;
#8677 = AXIS2_PLACEMENT_3D ( 'NONE', #7460, #6798, #720 ) ;
#8678 = CIRCLE ( 'NONE', #2580, 17.66249999999999787 ) ;
#8679 = CARTESIAN_POINT ( 'NONE',  ( 1.555301434917138038E-15, -22.22499999999999787, 78.69999999999997442 ) ) ;
#8680 = ORIENTED_EDGE ( 'NONE', *, *, #265, .T. ) ;
#8681 = ORIENTED_EDGE ( 'NONE', *, *, #6693, .T. ) ;
#8682 = AXIS2_PLACEMENT_3D ( 'NONE', #5664, #872, #3584 ) ;
#8683 = AXIS2_PLACEMENT_3D ( 'NONE', #242, #4905, #2370 ) ;
#8684 = DIRECTION ( 'NONE',  ( 1.000000000000000000, -0.000000000000000000, -0.000000000000000000 ) ) ;
#8685 = DIRECTION ( 'NONE',  ( -1.000000000000000000, -0.000000000000000000, -0.000000000000000000 ) ) ;
#8686 = ADVANCED_FACE ( 'NONE', ( #6971 ), #895, .T. ) ;
#8687 = EDGE_LOOP ( 'NONE', ( #994, #7855, #5590, #8032 ) ) ;
#8688 = CARTESIAN_POINT ( 'NONE',  ( -12.69999999999999751, 3.061616997868373773E-16, 111.8000000000000114 ) ) ;
#8689 = ORIENTED_EDGE ( 'NONE', *, *, #8118, .T. ) ;
#8690 = VECTOR ( 'NONE', #4863, 1000.000000000000000 ) ;
#8691 = VERTEX_POINT ( 'NONE', #5022 ) ;
#8692 = VECTOR ( 'NONE', #5516, 1000.000000000000000 ) ;
#8693 = DIRECTION ( 'NONE',  ( 0.000000000000000000, 0.000000000000000000, 1.000000000000000000 ) ) ;
#8694 = CIRCLE ( 'NONE', #5147, 14.30000000000000782 ) ;
#8695 = DIRECTION ( 'NONE',  ( 1.000000000000000000, 0.000000000000000000, 0.000000000000000000 ) ) ;
#8696 = EDGE_CURVE ( 'NONE', #3127, #1490, #573, .T. ) ;
#8697 = CARTESIAN_POINT ( 'NONE',  ( -9.525000000000000355, 12.33648634557998314, 47.30376971111940776 ) ) ;
#8698 = ORIENTED_EDGE ( 'NONE', *, *, #899, .F. ) ;
#8699 = DIRECTION ( 'NONE',  ( 0.000000000000000000, 0.000000000000000000, -1.000000000000000000 ) ) ;
#8700 = CARTESIAN_POINT ( 'NONE',  ( 1.080765552152139379E-15, 25.40000000000000213, 86.40000000000000568 ) ) ;
#8701 = AXIS2_PLACEMENT_3D ( 'NONE', #2188, #1568, #4896 ) ;
#8702 = ORIENTED_EDGE ( 'NONE', *, *, #6542, .T. ) ;
#8703 = LINE ( 'NONE', #4762, #6550 ) ;
#8704 = DIRECTION ( 'NONE',  ( -1.000000000000000000, -0.000000000000000000, -0.000000000000000000 ) ) ;
#8705 = EDGE_CURVE ( 'NONE', #6404, #3246, #5645, .T. ) ;
#8707 = CARTESIAN_POINT ( 'NONE',  ( 9.525000000000000355, 12.69999999999999929, 65.99999999999998579 ) ) ;
#8706 = CIRCLE ( 'NONE', #8563, 17.66249999999999787 ) ;
#8708 = EDGE_CURVE ( 'NONE', #4405, #4422, #8372, .T. ) ;
#8709 = ADVANCED_FACE ( 'NONE', ( #6354 ), #438, .F. ) ;
#8710 = DIRECTION ( 'NONE',  ( -0.000000000000000000, -0.000000000000000000, -1.000000000000000000 ) ) ;
#8711 = CARTESIAN_POINT ( 'NONE',  ( 1.555301434917138038E-15, -25.39999999999999503, 76.19999999999998863 ) ) ;
#8712 = DIRECTION ( 'NONE',  ( 0.000000000000000000, 0.000000000000000000, -1.000000000000000000 ) ) ;
#8713 = EDGE_LOOP ( 'NONE', ( #7211, #7196, #266, #1697 ) ) ;
#8714 = ORIENTED_EDGE ( 'NONE', *, *, #4379, .F. ) ;
#8715 = CIRCLE ( 'NONE', #4895, 2.499999999999988454 ) ;
#8716 = ORIENTED_EDGE ( 'NONE', *, *, #2688, .T. ) ;
#8717 = DIRECTION ( 'NONE',  ( 0.000000000000000000, 0.000000000000000000, 1.000000000000000000 ) ) ;
#8718 = DIRECTION ( 'NONE',  ( 0.000000000000000000, -0.000000000000000000, -1.000000000000000000 ) ) ;
#8719 = CYLINDRICAL_SURFACE ( 'NONE', #2575, 17.66250000000000497 ) ;
#8720 = VERTEX_POINT ( 'NONE', #6601 ) ;
#8721 = DIRECTION ( 'NONE',  ( 0.000000000000000000, -1.000000000000000000, 0.000000000000000000 ) ) ;
#8722 = ORIENTED_EDGE ( 'NONE', *, *, #8054, .T. ) ;
#8723 = AXIS2_PLACEMENT_3D ( 'NONE', #6292, #2921, #5008 ) ;
#8724 = CARTESIAN_POINT ( 'NONE',  ( 12.70000000000000107, -12.33648634558010748, 49.57476971111923802 ) ) ;
#8725 = ORIENTED_EDGE ( 'NONE', *, *, #36, .T. ) ;
#8726 = EDGE_LOOP ( 'NONE', ( #6191, #3316, #1011, #8083 ) ) ;
#8727 = VECTOR ( 'NONE', #8353, 1000.000000000000000 ) ;
#8728 = CARTESIAN_POINT ( 'NONE',  ( -9.525000000000002132, -12.69999999999999929, 116.7999999999999829 ) ) ;
#8729 = PERSON_AND_ORGANIZATION ( #2922, #5816 ) ;
#8730 = EDGE_LOOP ( 'NONE', ( #6817, #5887, #4365, #1951 ) ) ;
#8731 = DIRECTION ( 'NONE',  ( -1.000000000000000000, 0.000000000000000000, 0.000000000000000000 ) ) ;
#8732 = VERTEX_POINT ( 'NONE', #6686 ) ;
#8733 = DIRECTION ( 'NONE',  ( 0.000000000000000000, 0.000000000000000000, 1.000000000000000000 ) ) ;
#8734 = ORIENTED_EDGE ( 'NONE', *, *, #3670, .F. ) ;
#8735 = AXIS2_PLACEMENT_3D ( 'NONE', #5931, #6556, #6509 ) ;
#8736 = ORIENTED_EDGE ( 'NONE', *, *, #2194, .F. ) ;
#8737 = DIRECTION ( 'NONE',  ( -1.000000000000000000, 0.000000000000000000, 0.000000000000000000 ) ) ;
#8738 = EDGE_CURVE ( 'NONE', #3491, #8691, #7094, .T. ) ;
#8739 = AXIS2_PLACEMENT_3D ( 'NONE', #1633, #2827, #7527 ) ;
#8740 = AXIS2_PLACEMENT_3D ( 'NONE', #4110, #8233, #1579 ) ;
#8741 = CARTESIAN_POINT ( 'NONE',  ( 12.70000000000000107, -5.371240620587821368, 51.35291568658563932 ) ) ;
#8742 = DIRECTION ( 'NONE',  ( 1.000000000000000000, 0.000000000000000000, 0.000000000000000000 ) ) ;
#8743 = ORIENTED_EDGE ( 'NONE', *, *, #1326, .T. ) ;
#8744 = CARTESIAN_POINT ( 'NONE',  ( 1.861463134703975514E-15, 25.40000000000000213, 73.70000000000000284 ) ) ;
#8745 = CARTESIAN_POINT ( 'NONE',  ( -9.525000000000000355, 12.33648634557998314, 100.3747697111193986 ) ) ;
#8746 = AXIS2_PLACEMENT_3D ( 'NONE', #1976, #5259, #1353 ) ;
#8747 = AXIS2_PLACEMENT_3D ( 'NONE', #4776, #4819, #6274 ) ;
#8748 = ORIENTED_EDGE ( 'NONE', *, *, #2469, .T. ) ;
#8749 = EDGE_CURVE ( 'NONE', #977, #7345, #7797, .T. ) ;
#8750 = EDGE_LOOP ( 'NONE', ( #6035, #7276, #3728, #8042 ) ) ;
#8751 = CARTESIAN_POINT ( 'NONE',  ( 9.525000000000000355, 11.15407434219237004, 100.0426721981581153 ) ) ;
#8752 = CARTESIAN_POINT ( 'NONE',  ( -9.525000000000000355, 15.22687436074368783, 84.81162436304023799 ) ) ;
#8753 = CARTESIAN_POINT ( 'NONE',  ( 9.525000000000000355, 16.22354728284504333, 91.16214363188798586 ) ) ;
#8754 = FACE_OUTER_BOUND ( 'NONE', #5852, .T. ) ;
#8755 = CYLINDRICAL_SURFACE ( 'NONE', #7937, 2.080499999999998906 ) ;
#8756 = ORIENTED_EDGE ( 'NONE', *, *, #1647, .T. ) ;
#8757 = EDGE_LOOP ( 'NONE', ( #5881, #4159, #2818, #6864 ) ) ;
#8758 = CIRCLE ( 'NONE', #7626, 2.499999999999988454 ) ;
#8759 = EDGE_CURVE ( 'NONE', #7167, #7299, #4121, .T. ) ;
#8760 = EDGE_CURVE ( 'NONE', #6474, #7440, #437, .T. ) ;
#8761 = EDGE_CURVE ( 'NONE', #4572, #5436, #721, .T. ) ;
#8762 = EDGE_CURVE ( 'NONE', #4503, #1386, #6524, .T. ) ;
#8763 = EDGE_LOOP ( 'NONE', ( #6100, #6559, #7644, #1891 ) ) ;
#8764 = LINE ( 'NONE', #2018, #3304 ) ;
#8765 = CARTESIAN_POINT ( 'NONE',  ( -12.69999999999999751, 16.22512784221258997, 81.92080715599162488 ) ) ;
#8766 = DIRECTION ( 'NONE',  ( -0.000000000000000000, 1.000000000000000000, -0.000000000000000000 ) ) ;
#8767 = VERTEX_POINT ( 'NONE', #1986 ) ;
#8768 = CARTESIAN_POINT ( 'NONE',  ( 12.70000000000000107, 10.07084749364666365, 75.98106772950217191 ) ) ;
#8769 = ORIENTED_EDGE ( 'NONE', *, *, #2687, .F. ) ;
#8770 = DIRECTION ( 'NONE',  ( 1.000000000000000000, 0.000000000000000000, 0.000000000000000000 ) ) ;
#8771 = EDGE_LOOP ( 'NONE', ( #1364, #6787, #4387, #3996 ) ) ;
#8772 = VERTEX_POINT ( 'NONE', #1854 ) ;
#8773 = EDGE_CURVE ( 'NONE', #4683, #1415, #3977, .T. ) ;
#8774 = EDGE_CURVE ( 'NONE', #8691, #992, #150, .T. ) ;
#8775 = DIRECTION ( 'NONE',  ( 0.000000000000000000, 0.000000000000000000, 1.000000000000000000 ) ) ;
#8776 = CARTESIAN_POINT ( 'NONE',  ( 12.70000000000000107, 10.07084749364666365, 75.98106772950217191 ) ) ;
#8777 = DIRECTION ( 'NONE',  ( 0.000000000000000000, 0.000000000000000000, 1.000000000000000000 ) ) ;
#8778 = ORIENTED_EDGE ( 'NONE', *, *, #1722, .F. ) ;
#8779 = CARTESIAN_POINT ( 'NONE',  ( 12.70000000000000107, -1.802455207620986100, 104.1855954242718525 ) ) ;
#8780 = ORIENTED_EDGE ( 'NONE', *, *, #1926, .T. ) ;
#8781 = CARTESIAN_POINT ( 'NONE',  ( 12.70000000000000107, 3.577867169202164632E-15, 88.90000000000000568 ) ) ;
#8782 = VERTEX_POINT ( 'NONE', #5403 ) ;
#8783 = ORIENTED_EDGE ( 'NONE', *, *, #1556, .F. ) ;
#8784 = CARTESIAN_POINT ( 'NONE',  ( 1.555301434917138038E-15, 25.40000000000000213, 76.19999999999998863 ) ) ;
#8785 = AXIS2_PLACEMENT_3D ( 'NONE', #6966, #7879, #2269 ) ;
#8786 = CARTESIAN_POINT ( 'NONE',  ( 0.000000000000000000, 22.22500000000000142, 12.69999999999999929 ) ) ;
#8787 = CYLINDRICAL_SURFACE ( 'NONE', #7261, 2.499999999999992006 ) ;
#8788 = DIRECTION ( 'NONE',  ( -1.000000000000000000, -0.000000000000000000, -0.000000000000000000 ) ) ;
#8789 = DIRECTION ( 'NONE',  ( -1.000000000000000000, -0.000000000000000000, -0.000000000000000000 ) ) ;
#8790 = AXIS2_PLACEMENT_3D ( 'NONE', #8051, #8770, #5261 ) ;
#8791 = ORIENTED_EDGE ( 'NONE', *, *, #8087, .F. ) ;
#8792 = CARTESIAN_POINT ( 'NONE',  ( -12.69999999999999751, -16.22512784221249404, 81.92080715599139751 ) ) ;
#8793 = CARTESIAN_POINT ( 'NONE',  ( 12.70000000000000107, -10.07084749364648069, 78.06156772950203049 ) ) ;
ENDSEC;
END-ISO-10303-21;
